JvmtiExport can_access_local_variables 0
JvmtiExport can_hotswap_or_post_breakpoint 0
JvmtiExport can_post_on_exceptions 0
# 197 ciObject found
ciInstanceKlass java/lang/Cloneable 1 0 7 100 1 100 1 1 1
instanceKlass javax/swing/JTable$ModelChange
instanceKlass javax/swing/text/DefaultHighlighter$HighlightInfo
instanceKlass java/text/BreakIterator$BreakIteratorCache
instanceKlass sun/text/SupplementaryCharacterData
instanceKlass sun/text/CompactByteArray
instanceKlass sun/util/resources/BreakIteratorResourceBundle$$Lambda$901+0x0000000801281478
instanceKlass sun/util/resources/Bundles$2
instanceKlass sun/util/locale/provider/JRELocaleProviderAdapter$$Lambda$900+0x00000008012806e0
instanceKlass java/time/temporal/TemporalQueries$7
instanceKlass java/time/temporal/TemporalQueries$6
instanceKlass java/time/temporal/TemporalQueries$5
instanceKlass java/time/temporal/TemporalQueries$4
instanceKlass java/time/temporal/TemporalQueries$3
instanceKlass java/time/temporal/TemporalQueries$2
instanceKlass java/time/temporal/TemporalQueries$1
instanceKlass java/time/temporal/TemporalQuery
instanceKlass java/time/temporal/TemporalQueries
instanceKlass java/util/regex/Pattern$$Lambda$899+0x0000000801280488
instanceKlass java/util/regex/Pattern$$Lambda$898+0x00000008011efd48
instanceKlass java/time/Period
instanceKlass java/time/chrono/ChronoPeriod
instanceKlass java/time/ZonedDateTime
instanceKlass java/time/chrono/ChronoZonedDateTime
instanceKlass sun/font/StandardGlyphVector$GlyphStrike
instanceKlass sun/font/FontSubstitution
instanceKlass java/awt/font/GlyphVector
instanceKlass com/sun/webkit/WebPage$$Lambda$897+0x000000080126c2e8
instanceKlass com/sun/webkit/Disposer$DisposerRunnable
instanceKlass java/text/FieldPosition$Delegate
instanceKlass kepegawaian/DlgJadwal$4
instanceKlass kepegawaian/DlgJadwal$3
instanceKlass kepegawaian/DlgJadwal$38
instanceKlass kepegawaian/DlgJadwal$35
instanceKlass kepegawaian/DlgJadwal$27
instanceKlass kepegawaian/DlgJadwal$23
instanceKlass kepegawaian/DlgJadwal$21
instanceKlass kepegawaian/DlgJadwal$18
instanceKlass kepegawaian/DlgJadwal$16
instanceKlass kepegawaian/DlgJadwal$14
instanceKlass kepegawaian/DlgJadwal$12
instanceKlass kepegawaian/DlgJadwal$10
instanceKlass kepegawaian/DlgJadwal$8
instanceKlass com/sun/javafx/application/PlatformImpl$$Lambda$896+0x000000080126bad0
instanceKlass javax/swing/text/JTextComponent$InputMethodRequestsHandler
instanceKlass sun/awt/geom/Edge
instanceKlass sun/awt/geom/ChainEnd
instanceKlass sun/awt/geom/CurveLink
instanceKlass sun/awt/geom/AreaOp$1
instanceKlass sun/awt/geom/AreaOp
instanceKlass sun/awt/geom/Curve
instanceKlass java/awt/geom/Area
instanceKlass javafx/embed/swing/JFXPanel$HostContainer$$Lambda$895+0x000000080126b8b0
instanceKlass com/sun/prism/impl/BufferUtil$$Lambda$894+0x000000080126b698
instanceKlass com/sun/prism/impl/BufferUtil
instanceKlass com/sun/prism/d3d/D3DContext$1
instanceKlass com/sun/prism/impl/BaseGraphicsResource
instanceKlass com/sun/prism/shader/Solid_TextureRGB_Loader
instanceKlass com/sun/prism/d3d/D3DResourceFactory$$Lambda$893+0x000000080126a780
instanceKlass com/sun/prism/impl/ps/BaseShaderContext$1
instanceKlass com/sun/prism/MultiTexture
instanceKlass com/sun/prism/PrinterGraphics
instanceKlass com/sun/webkit/graphics/WCStroke
instanceKlass com/sun/javafx/webkit/prism/WCGraphicsPrismContext$ContextState
instanceKlass com/sun/javafx/webkit/prism/WCGraphicsPrismContext$$Lambda$892+0x00000008012692e8
instanceKlass com/sun/webkit/graphics/WCGradient
instanceKlass com/sun/javafx/webkit/prism/WCGraphicsPrismContext$Layer
instanceKlass com/sun/javafx/geom/transform/Affine3D$1
instanceKlass com/sun/prism/impl/ps/BaseShaderGraphics$$Lambda$891+0x0000000801267240
instanceKlass com/sun/prism/impl/Disposer$Target
instanceKlass com/sun/prism/impl/Disposer
instanceKlass com/sun/prism/impl/PrismTrace
instanceKlass com/sun/prism/d3d/D3DResource$D3DRecord
instanceKlass com/sun/prism/impl/Disposer$Record
instanceKlass com/sun/prism/impl/BaseTexture
instanceKlass com/sun/prism/d3d/D3DContextSource
instanceKlass com/sun/prism/ReadbackRenderTarget
instanceKlass com/sun/prism/d3d/D3DRenderTarget
instanceKlass com/sun/prism/impl/BaseResourcePool$WeakLinkedList
instanceKlass com/sun/prism/impl/BaseResourcePool$$Lambda$890+0x0000000801262da8
instanceKlass com/sun/prism/impl/BaseResourcePool$$Lambda$889+0x0000000801262b90
instanceKlass com/sun/prism/impl/BaseResourcePool$$Lambda$888+0x0000000801262978
instanceKlass com/sun/prism/impl/BaseResourcePool$$Lambda$887+0x0000000801262760
instanceKlass com/sun/prism/impl/BaseResourcePool$$Lambda$886+0x0000000801262548
instanceKlass com/sun/prism/impl/BaseResourcePool$$Lambda$885+0x0000000801262330
instanceKlass java/lang/invoke/LambdaForm$DMH+0x0000000801253840
instanceKlass com/sun/prism/impl/ManagedResource
instanceKlass com/sun/prism/impl/BaseResourcePool$Predicate
instanceKlass com/sun/prism/impl/BaseResourcePool
instanceKlass javafx/scene/web/WebEngine$PulseTimer$$Lambda$884+0x00000008012610f0
instanceKlass javafx/embed/swing/JFXPanel$HostContainer$$Lambda$883+0x0000000801260ed0
instanceKlass com/sun/javafx/embed/swing/SwingCursors$1
instanceKlass com/sun/javafx/embed/swing/SwingCursors
instanceKlass com/sun/javafx/cursor/CursorFrame
instanceKlass com/sun/javafx/geom/Path2D$SVGParser
instanceKlass com/sun/javafx/geom/PathIterator
instanceKlass com/sun/javafx/sg/prism/EffectFilter
instanceKlass com/sun/scenario/effect/GaussianShadow$1
instanceKlass com/sun/javafx/tk/Toolkit$1
instanceKlass com/sun/scenario/effect/impl/state/LinearConvolveRenderState
instanceKlass com/sun/scenario/effect/Color4f
instanceKlass com/sun/scenario/effect/impl/state/LinearConvolveKernel
instanceKlass com/sun/scenario/effect/impl/state/RenderState
instanceKlass java/lang/invoke/LambdaForm$MH+0x0000000801254440
instanceKlass java/lang/invoke/LambdaForm$DMH+0x0000000801254040
instanceKlass java/lang/invoke/LambdaForm$MH+0x0000000801254c40
instanceKlass java/lang/invoke/LambdaForm$MH+0x0000000801254840
instanceKlass java/lang/invoke/LambdaForm$MH+0x0000000801255440
instanceKlass java/lang/invoke/LambdaForm$MH+0x0000000801255040
instanceKlass java/lang/invoke/LambdaForm$MH+0x0000000801255c40
instanceKlass java/lang/invoke/LambdaForm$MH+0x0000000801255840
instanceKlass java/lang/invoke/LambdaForm$MH+0x0000000801256440
instanceKlass java/lang/invoke/LambdaForm$MH+0x0000000801256040
instanceKlass java/lang/invoke/LambdaForm$MH+0x0000000801256c40
instanceKlass java/lang/invoke/LambdaForm$MH+0x0000000801256840
instanceKlass com/sun/javafx/collections/VetoableListDecorator$ModCountAccessorImpl
instanceKlass com/sun/javafx/collections/VetoableListDecorator$VetoableIteratorDecorator
instanceKlass com/sun/scenario/effect/impl/state/AccessHelper
instanceKlass com/sun/scenario/effect/Effect$$Lambda$882+0x000000080125af48
instanceKlass com/sun/scenario/effect/impl/state/AccessHelper$StateAccessor
instanceKlass javafx/scene/effect/Effect$2
instanceKlass com/sun/javafx/scene/traversal/TabOrderHelper
instanceKlass com/sun/javafx/tk/Toolkit$$Lambda$881+0x0000000801259f50
instanceKlass java/lang/invoke/LambdaForm$MH+0x0000000801257440
instanceKlass java/lang/invoke/LambdaForm$DMH+0x0000000801257040
instanceKlass javafx/animation/AnimationTimer$AnimationTimerReceiver$$Lambda$880+0x0000000801259d30
instanceKlass com/sun/scenario/animation/AnimationPulse$PulseData$$Lambda$879+0x0000000801259b18
instanceKlass com/sun/scenario/animation/AnimationPulse$PulseData$$Lambda$878+0x0000000801259900
instanceKlass com/sun/scenario/animation/AnimationPulse$PulseData$$Lambda$877+0x00000008012596e8
instanceKlass com/sun/scenario/animation/AnimationPulse$PulseData$$Lambda$876+0x00000008012594d0
instanceKlass com/sun/scenario/animation/AnimationPulse$PulseData$$Lambda$875+0x00000008012592b8
instanceKlass com/sun/scenario/animation/AnimationPulse$PulseData$$Lambda$874+0x00000008012590a0
instanceKlass com/sun/scenario/animation/AnimationPulse$PulseData$$Lambda$873+0x0000000801258e88
instanceKlass com/sun/scenario/animation/AnimationPulse$PulseData$$Lambda$872+0x0000000801258c70
instanceKlass java/lang/invoke/LambdaForm$DMH+0x0000000801257c40
instanceKlass java/lang/invoke/LambdaForm$DMH+0x0000000801257840
instanceKlass com/sun/scenario/animation/AnimationPulse$PulseData
instanceKlass com/sun/scenario/animation/AnimationPulse$PulseData$Accessor
instanceKlass com/sun/scenario/animation/AnimationPulse$AnimationPulseHolder
instanceKlass com/sun/scenario/animation/AnimationPulse
instanceKlass com/sun/scenario/animation/AnimationPulseMBean
instanceKlass jdk/jfr/FlightRecorder
instanceKlass com/sun/javafx/logging/PulseLogger$$Lambda$871+0x0000000801246fd8
instanceKlass com/sun/javafx/logging/PrintLogger$PulseData
instanceKlass com/sun/javafx/logging/PrintLogger$$Lambda$870+0x0000000801246bb8
instanceKlass com/sun/javafx/logging/PrintLogger$$Lambda$869+0x00000008012469a0
instanceKlass com/sun/javafx/logging/Logger
instanceKlass com/sun/javafx/logging/PulseLogger
instanceKlass com/sun/javafx/tk/quantum/EmbeddedScene$$Lambda$868+0x0000000801245cb8
instanceKlass javafx/embed/swing/JFXPanel$HostContainer$$Lambda$867+0x0000000801245a98
instanceKlass bridging/INACBGHybrid$3$$Lambda$866+0x000000080114f2b8
instanceKlass bridging/INACBGHybrid$3$$Lambda$865+0x000000080114f098
instanceKlass java/lang/invoke/LambdaForm$MH+0x0000000801251c40
instanceKlass java/lang/invoke/LambdaForm$DMH+0x0000000801251840
instanceKlass java/lang/invoke/LambdaForm$MH+0x0000000801251440
instanceKlass java/lang/invoke/LambdaForm$MH+0x0000000801251040
instanceKlass java/lang/invoke/LambdaForm$MH+0x0000000801250c40
instanceKlass java/lang/invoke/LambdaForm$BMH+0x0000000801250840
instanceKlass java/lang/invoke/LambdaForm$DMH+0x0000000801250440
instanceKlass java/lang/invoke/LambdaForm$MH+0x0000000801250040
instanceKlass java/lang/invoke/LambdaForm$MH+0x000000080124fc40
instanceKlass java/lang/invoke/LambdaForm$MH+0x000000080124f840
instanceKlass java/lang/invoke/LambdaForm$MH+0x000000080124f440
instanceKlass java/lang/invoke/LambdaForm$MH+0x000000080124f040
instanceKlass java/lang/invoke/LambdaForm$MH+0x000000080124ec40
instanceKlass java/lang/invoke/LambdaForm$MH+0x000000080124e840
instanceKlass java/lang/invoke/LambdaForm$MH+0x000000080124e440
instanceKlass java/lang/invoke/LambdaForm$MH+0x000000080124e040
instanceKlass java/lang/invoke/LambdaForm$MH+0x000000080124dc40
instanceKlass java/lang/invoke/LambdaForm$MH+0x000000080124d840
instanceKlass java/lang/invoke/LambdaForm$MH+0x000000080124d440
instanceKlass java/lang/invoke/LambdaForm$MH+0x000000080124d040
instanceKlass java/lang/invoke/LambdaForm$MH+0x000000080124cc40
instanceKlass java/lang/invoke/LambdaForm$MH+0x000000080124c840
instanceKlass java/lang/invoke/LambdaForm$MH+0x000000080124c440
instanceKlass java/lang/invoke/LambdaForm$MH+0x000000080124c040
instanceKlass java/lang/invoke/LambdaForm$MH+0x000000080124bc40
instanceKlass java/lang/invoke/LambdaForm$MH+0x000000080124b840
instanceKlass javafx/scene/web/DirectoryLock$Descriptor
instanceKlass sun/nio/ch/FileKey
instanceKlass sun/nio/ch/FileLockTable
instanceKlass java/nio/channels/FileLock
instanceKlass java/nio/file/attribute/PosixFilePermissions$1
instanceKlass java/util/RegularEnumSet$EnumSetIterator
instanceKlass java/nio/file/attribute/PosixFilePermissions
instanceKlass javafx/scene/web/DirectoryLock
instanceKlass java/util/Formatter$FixedString
instanceKlass java/lang/invoke/LambdaForm$MH+0x000000080124b440
instanceKlass java/lang/invoke/LambdaForm$MH+0x000000080124b040
instanceKlass java/lang/invoke/LambdaForm$MH+0x000000080124ac40
instanceKlass java/lang/invoke/LambdaForm$MH+0x000000080124a840
instanceKlass java/lang/invoke/LambdaForm$MH+0x000000080124a440
instanceKlass java/lang/invoke/LambdaForm$MH+0x000000080124a040
instanceKlass java/lang/invoke/LambdaForm$MH+0x0000000801249c40
instanceKlass java/lang/invoke/LambdaForm$MH+0x0000000801249840
instanceKlass java/lang/invoke/LambdaForm$MH+0x0000000801249440
instanceKlass java/lang/invoke/LambdaForm$MH+0x0000000801249040
instanceKlass java/lang/invoke/LambdaForm$MH+0x0000000801248c40
instanceKlass com/sun/glass/ui/win/WinApplication$$Lambda$864+0x0000000801245470
instanceKlass com/sun/javafx/tk/Toolkit$$Lambda$863+0x0000000801245250
instanceKlass com/sun/javafx/tk/quantum/EmbeddedStage$$Lambda$862+0x0000000801245030
instanceKlass com/sun/javafx/tk/quantum/EmbeddedStage$$Lambda$861+0x0000000801244e10
instanceKlass javafx/embed/swing/JFXPanel$HostContainer$$Lambda$860+0x0000000801244bf0
instanceKlass java/lang/invoke/LambdaForm$MH+0x0000000801248840
instanceKlass java/lang/invoke/LambdaForm$DMH+0x0000000801248440
instanceKlass java/lang/invoke/LambdaForm$DMH+0x0000000801248040
instanceKlass javafx/embed/swing/JFXPanel$HostContainer$$Lambda$859+0x00000008012449d0
instanceKlass java/lang/invoke/LambdaForm$DMH+0x0000000800e18c40
instanceKlass com/sun/javafx/util/TempState
instanceKlass javafx/scene/Parent$5
instanceKlass javafx/scene/shape/SVGPath$1
instanceKlass com/sun/javafx/scene/shape/SVGPathHelper$SVGPathAccessor
instanceKlass com/sun/scenario/effect/EffectHelper
instanceKlass javafx/scene/effect/Effect$1
instanceKlass com/sun/scenario/effect/EffectHelper$EffectAccessor
instanceKlass com/sun/javafx/css/BitSet$1
instanceKlass javafx/scene/control/SkinBase$StyleableProperties
instanceKlass com/sun/javafx/scene/control/Logging
instanceKlass javafx/scene/control/skin/ScrollBarSkin$$Lambda$858+0x000000080123ced8
instanceKlass javafx/scene/control/skin/ScrollBarSkin$$Lambda$857+0x000000080123cca8
instanceKlass com/sun/javafx/scene/control/LambdaMultiplePropertyChangeListenerHandler$$Lambda$856+0x000000080123ca80
instanceKlass java/lang/invoke/LambdaForm$DMH+0x0000000800e18840
instanceKlass javafx/beans/value/WeakChangeListener
instanceKlass com/sun/javafx/scene/control/LambdaMultiplePropertyChangeListenerHandler$$Lambda$855+0x000000080123c628
instanceKlass com/sun/javafx/scene/control/LambdaMultiplePropertyChangeListenerHandler$$Lambda$854+0x000000080123c400
instanceKlass com/sun/javafx/scene/control/LambdaMultiplePropertyChangeListenerHandler
instanceKlass javafx/scene/control/skin/ScrollBarSkin$$Lambda$853+0x000000080123bfc8
instanceKlass javafx/scene/layout/StackPane$StyleableProperties
instanceKlass com/sun/javafx/binding/ExpressionHelperBase$$Lambda$852+0x000000080123b328
instanceKlass javafx/scene/control/skin/ScrollBarSkin$$Lambda$851+0x000000080123b108
instanceKlass javafx/scene/control/skin/ScrollBarSkin$$Lambda$850+0x000000080123aee8
instanceKlass javafx/scene/control/skin/ScrollBarSkin$$Lambda$849+0x000000080123acc8
instanceKlass javafx/scene/control/skin/ScrollBarSkin$$Lambda$848+0x000000080123aaa8
instanceKlass javafx/scene/control/skin/ScrollBarSkin$$Lambda$847+0x000000080123a888
instanceKlass javafx/scene/control/skin/ScrollBarSkin$$Lambda$846+0x000000080123a668
instanceKlass javafx/scene/control/skin/ScrollBarSkin$$Lambda$845+0x000000080123a448
instanceKlass javafx/scene/control/skin/ScrollBarSkin$$Lambda$844+0x000000080123a228
instanceKlass javafx/scene/control/skin/ScrollBarSkin$$Lambda$843+0x000000080123a008
instanceKlass javafx/scene/control/skin/ScrollBarSkin$$Lambda$842+0x0000000801239de8
instanceKlass javafx/scene/control/skin/ScrollBarSkin$$Lambda$841+0x0000000801239bc8
instanceKlass com/sun/javafx/scene/control/Properties
instanceKlass javafx/scene/layout/StackPane$$Lambda$840+0x00000008012397b0
instanceKlass javafx/scene/layout/Pane$1
instanceKlass com/sun/javafx/scene/layout/PaneHelper$PaneAccessor
instanceKlass com/sun/javafx/scene/control/behavior/ScrollBarBehavior$$Lambda$839+0x0000000801238b10
instanceKlass com/sun/javafx/scene/control/behavior/ScrollBarBehavior$$Lambda$838+0x00000008012388f0
instanceKlass com/sun/javafx/scene/control/behavior/ScrollBarBehavior$$Lambda$837+0x00000008012386d0
instanceKlass com/sun/javafx/scene/control/behavior/ScrollBarBehavior$$Lambda$836+0x00000008012384b0
instanceKlass com/sun/javafx/scene/control/behavior/ScrollBarBehavior$$Lambda$835+0x0000000801238260
instanceKlass com/sun/javafx/scene/control/behavior/BehaviorBase$$Lambda$834+0x0000000801238040
instanceKlass com/sun/javafx/scene/control/inputmap/InputMap$$Lambda$833+0x0000000801237d70
instanceKlass java/util/AbstractList$RandomAccessSpliterator
instanceKlass com/sun/javafx/scene/control/behavior/ScrollBarBehavior$$Lambda$832+0x0000000801237b50
instanceKlass com/sun/javafx/scene/control/behavior/ScrollBarBehavior$$Lambda$831+0x0000000801237930
instanceKlass com/sun/javafx/scene/control/behavior/ScrollBarBehavior$$Lambda$830+0x0000000801237710
instanceKlass com/sun/javafx/scene/control/behavior/ScrollBarBehavior$$Lambda$829+0x00000008012374f0
instanceKlass com/sun/javafx/scene/control/behavior/ScrollBarBehavior$$Lambda$828+0x00000008012372a0
instanceKlass com/sun/javafx/scene/control/inputmap/InputMap$$Lambda$827+0x0000000801237068
instanceKlass com/sun/javafx/scene/control/inputmap/InputMap$$Lambda$826+0x0000000801236e48
instanceKlass com/sun/javafx/embed/swing/SwingDnD$$Lambda$825+0x0000000801236c28
instanceKlass com/sun/javafx/scene/control/inputmap/InputMap$$Lambda$824+0x00000008012367b0
instanceKlass com/sun/javafx/embed/HostDragStartListener
instanceKlass com/sun/javafx/scene/control/behavior/ScrollBarBehavior$$Lambda$823+0x0000000801236398
instanceKlass java/awt/dnd/DropTargetAdapter
instanceKlass java/awt/dnd/DragSourceAdapter
instanceKlass java/awt/dnd/DragSourceMotionListener
instanceKlass com/sun/javafx/scene/control/inputmap/KeyBinding
instanceKlass com/sun/javafx/scene/control/behavior/ScrollBarBehavior$$Lambda$822+0x0000000801235648
instanceKlass com/sun/javafx/scene/control/inputmap/InputMap$Mapping
instanceKlass com/sun/javafx/scene/control/inputmap/InputMap$$Lambda$821+0x0000000801234e08
instanceKlass com/sun/javafx/scene/control/inputmap/InputMap$$Lambda$820+0x0000000801234be8
instanceKlass com/sun/javafx/scene/control/inputmap/InputMap
instanceKlass com/sun/javafx/scene/control/behavior/BehaviorBase
instanceKlass javafx/scene/control/SkinBase$$Lambda$819+0x0000000801233eb8
instanceKlass javafx/scene/control/SkinBase
instanceKlass javafx/scene/layout/BackgroundFill
instanceKlass javafx/scene/paint/Stop
instanceKlass java/awt/image/PixelGrabber
instanceKlass com/sun/javafx/css/StyleCacheEntry
instanceKlass javafx/css/Style
instanceKlass javafx/css/Match
instanceKlass java/awt/Cursor$$Lambda$818+0x00000008011e9148
instanceKlass com/sun/javafx/css/CalculatedValue
instanceKlass com/sun/javafx/css/StyleCacheEntry$Key
instanceKlass com/sun/javafx/css/StyleCache
instanceKlass java/awt/Cursor$$Lambda$817+0x00000008011e8f30
instanceKlass java/awt/dnd/DragSource
instanceKlass com/sun/javafx/embed/swing/SwingDnD$DnDTransferable
instanceKlass javafx/scene/web/WebView$StyleableProperties
instanceKlass java/awt/dnd/DragGestureRecognizer
instanceKlass java/awt/dnd/DragSourceListener
instanceKlass com/sun/javafx/embed/swing/SwingDnD
instanceKlass javafx/scene/Node$20
instanceKlass javafx/embed/swing/JFXPanel$HostContainer$$Lambda$816+0x000000080122b5f8
instanceKlass javafx/scene/Scene$InputMethodRequestsDelegate
instanceKlass javafx/scene/Scene$DropTargetListener
instanceKlass com/sun/javafx/scene/transform/TransformUtils
instanceKlass javafx/scene/Node$NodeTransformation
instanceKlass javafx/scene/Camera$$Lambda$815+0x0000000801224ff8
instanceKlass javafx/scene/ParallelCamera$1
instanceKlass javafx/scene/Camera$1
instanceKlass com/sun/javafx/scene/ParallelCameraHelper$ParallelCameraAccessor
instanceKlass com/sun/javafx/scene/CameraHelper$CameraAccessor
instanceKlass com/sun/javafx/geom/Point2D
instanceKlass com/sun/scenario/effect/Effect
instanceKlass javafx/scene/Scene$ScenePeerPaintListener
instanceKlass javafx/scene/Scene$ScenePeerListener
instanceKlass com/sun/javafx/tk/quantum/GlassScene$$Lambda$814+0x000000080121f870
instanceKlass com/sun/prism/impl/QueuedPixelSource
instanceKlass com/sun/javafx/geom/DirtyRegionContainer
instanceKlass com/sun/javafx/geom/DirtyRegionPool
instanceKlass com/sun/javafx/geom/Rectangle
instanceKlass com/sun/javafx/sg/prism/NodePath
instanceKlass com/sun/prism/PixelSource
instanceKlass com/sun/prism/paint/Paint
instanceKlass com/sun/javafx/tk/quantum/ViewPainter
instanceKlass com/sun/javafx/tk/quantum/GlassSceneDnDEventHandler
instanceKlass com/sun/javafx/embed/EmbeddedSceneDTInterface
instanceKlass com/sun/javafx/embed/EmbeddedSceneDSInterface
instanceKlass com/sun/javafx/tk/quantum/EmbeddedSceneDnD
instanceKlass javafx/scene/image/PixelFormat
instanceKlass com/sun/prism/PresentableState
instanceKlass com/sun/glass/ui/ClipboardAssistance
instanceKlass com/sun/javafx/embed/EmbeddedSceneInterface
instanceKlass com/sun/javafx/stage/WindowPeerListener
instanceKlass com/sun/javafx/tk/quantum/GlassStage$$Lambda$813+0x000000080121a3f8
instanceKlass com/sun/javafx/tk/quantum/GlassStage$$Lambda$812+0x000000080121a1d8
instanceKlass com/sun/javafx/tk/quantum/GlassStage$$Lambda$811+0x0000000801219fc0
instanceKlass javafx/scene/input/KeyCombination$Modifier
instanceKlass com/sun/javafx/tk/quantum/GlassStage
instanceKlass com/sun/javafx/embed/EmbeddedStageInterface
instanceKlass com/sun/javafx/event/EventUtil
instanceKlass javafx/scene/Scene$KeyHandler$$Lambda$810+0x0000000801218258
instanceKlass javafx/scene/Scene$KeyHandler
instanceKlass com/sun/javafx/event/EventDispatchChainImpl
instanceKlass com/sun/javafx/tk/TKStageListener
instanceKlass javafx/stage/Window$TKBoundsConfigurator
instanceKlass com/sun/javafx/stage/EmbeddedWindow$1
instanceKlass com/sun/javafx/stage/WindowHelper
instanceKlass javafx/stage/Window$1
instanceKlass com/sun/javafx/stage/EmbeddedWindowHelper$EmbeddedWindowAccessor
instanceKlass com/sun/javafx/stage/WindowHelper$WindowAccessor
instanceKlass javafx/css/converter/CursorConverter$Holder
instanceKlass javafx/scene/Node$StyleableProperties
instanceKlass javafx/scene/layout/BorderWidths
instanceKlass com/sun/javafx/scene/layout/region/BorderImageSlices
instanceKlass javafx/scene/layout/Border
instanceKlass javafx/scene/layout/BackgroundSize
instanceKlass javafx/scene/layout/BackgroundPosition
instanceKlass com/sun/javafx/scene/layout/region/RepeatStruct
instanceKlass javafx/scene/layout/CornerRadii
instanceKlass javafx/scene/layout/Background
instanceKlass javafx/scene/layout/Region$StyleableProperties
instanceKlass javafx/scene/control/Control$StyleableProperties
instanceKlass javafx/scene/control/ScrollBar$StyleableProperties
instanceKlass com/sun/javafx/css/StyleCache$Key
instanceKlass javafx/scene/CssStyleHelper$CacheContainer
instanceKlass com/sun/javafx/css/StyleMap$$Lambda$809+0x00000008012086b0
instanceKlass com/sun/javafx/css/CascadingStyle
instanceKlass com/sun/javafx/css/StyleMap
instanceKlass com/sun/javafx/css/StyleManager$Cache$Key
instanceKlass com/sun/javafx/css/StyleManager$Cache
instanceKlass com/sun/javafx/css/StyleManager$Key
instanceKlass java/lang/ClassLoader$$Lambda$808+0x00000008011e85e8
instanceKlass com/sun/javafx/css/StyleManager$$Lambda$807+0x00000008012079a0
instanceKlass com/sun/javafx/css/StyleManager$CacheContainer
instanceKlass javafx/css/converter/FontConverter$FontStyleConverter$Holder
instanceKlass javafx/css/converter/FontConverter$Holder
instanceKlass com/sun/javafx/scene/text/FontHelper
instanceKlass javafx/scene/text/Font$1
instanceKlass com/sun/javafx/scene/text/FontHelper$FontAccessor
instanceKlass com/sun/javafx/util/Logging
instanceKlass javafx/css/CssMetaData
instanceKlass javafx/scene/CssStyleHelper
instanceKlass javafx/scene/Scene$ClickCounter
instanceKlass javafx/scene/Scene$ClickGenerator
instanceKlass javafx/scene/Scene$MouseHandler$1
instanceKlass com/sun/javafx/event/EventQueue
instanceKlass javafx/scene/Scene$MouseHandler
instanceKlass com/sun/javafx/scene/traversal/TraversalEngine$BaseEngineContext
instanceKlass com/sun/javafx/scene/traversal/ContainerTabOrder
instanceKlass com/sun/javafx/scene/traversal/Algorithm
instanceKlass com/sun/javafx/scene/traversal/TraversalContext
instanceKlass javafx/scene/Scene$TouchMap
instanceKlass javafx/scene/Scene$TouchGesture
instanceKlass javafx/scene/Scene$TargetWrapper
instanceKlass javafx/scene/Scene$ScenePulseListener
instanceKlass javafx/scene/SceneAntialiasing
instanceKlass javafx/scene/Scene$$Lambda$806+0x0000000801201520
instanceKlass com/sun/javafx/scene/SceneHelper
instanceKlass javafx/scene/Scene$2
instanceKlass com/sun/javafx/tk/TKDropTargetListener
instanceKlass com/sun/javafx/tk/TKScenePaintListener
instanceKlass com/sun/javafx/tk/TKSceneListener
instanceKlass com/sun/javafx/scene/SceneHelper$SceneAccessor
instanceKlass com/sun/javafx/perf/PerformanceTracker$SceneAccessor
instanceKlass com/sun/javafx/scene/traversal/TraversalEngine
instanceKlass bridging/INACBGHybrid$3$2
instanceKlass bridging/INACBGHybrid$3$$Lambda$805+0x000000080114ec48
instanceKlass bridging/INACBGHybrid$3$$Lambda$804+0x000000080114ea28
instanceKlass bridging/INACBGHybrid$3$$Lambda$803+0x000000080114e808
instanceKlass bridging/INACBGHybrid$3$$Lambda$802+0x000000080114e5e8
instanceKlass bridging/INACBGHybrid$3$$Lambda$801+0x000000080114e3c8
instanceKlass sun/invoke/util/VerifyAccess$1
instanceKlass bridging/INACBGHybrid$3$1
instanceKlass javafx/scene/web/WebView$$Lambda$800+0x00000008011f1960
instanceKlass javafx/scene/web/WebView$$Lambda$799+0x00000008011f1740
instanceKlass javafx/scene/Node$MiscProperties
instanceKlass com/sun/javafx/webkit/InputMethodClientImpl
instanceKlass com/sun/javafx/scene/input/ExtendedInputMethodRequests
instanceKlass com/sun/webkit/InputMethodClient
instanceKlass javafx/scene/web/WebView$$Lambda$798+0x00000008011e5f10
instanceKlass javafx/scene/web/WebView$$Lambda$797+0x00000008011e5cf0
instanceKlass javafx/scene/web/WebView$$Lambda$796+0x00000008011e5ad0
instanceKlass com/sun/javafx/scene/EventHandlerProperties
instanceKlass javafx/scene/web/WebView$$Lambda$795+0x00000008011e52d8
instanceKlass javafx/scene/web/WebView$$Lambda$794+0x00000008011e4e70
instanceKlass javafx/scene/web/WebView$$Lambda$793+0x00000008011e4798
instanceKlass javafx/scene/web/WebView$$Lambda$792+0x00000008011e4578
instanceKlass javafx/event/WeakEventHandler
instanceKlass com/sun/javafx/event/CompositeEventHandler$EventProcessorRecord
instanceKlass com/sun/javafx/event/CompositeEventHandler
instanceKlass com/sun/javafx/event/BasicEventDispatcher
instanceKlass javafx/geometry/Insets
instanceKlass javafx/scene/layout/Region$$Lambda$791+0x00000008011e17e8
instanceKlass com/sun/javafx/webkit/theme/ScrollBarWidget$1
instanceKlass javafx/scene/control/Control$$Lambda$790+0x00000008011e1130
instanceKlass com/sun/javafx/css/StyleManager$RefList
instanceKlass javafx/css/converter/FontConverter$FontWeightConverter$Holder
instanceKlass javafx/css/converter/StringConverter$Holder
instanceKlass javafx/css/converter/FontConverter$FontSizeConverter$Holder
instanceKlass javafx/css/converter/EffectConverter$Holder
instanceKlass javafx/scene/effect/Effect
instanceKlass com/sun/javafx/scene/layout/region/Margins
instanceKlass com/sun/javafx/scene/layout/region/Margins$Holder
instanceKlass javafx/css/converter/BooleanConverter$Holder
instanceKlass javafx/css/converter/SizeConverter$Holder
instanceKlass javafx/css/converter/InsetsConverter$Holder
instanceKlass com/sun/javafx/css/SelectorPartitioning$Slot
instanceKlass com/sun/javafx/css/SelectorPartitioning$Partition
instanceKlass javafx/css/converter/PaintConverter$Holder
instanceKlass javafx/css/converter/StopConverter$Holder
instanceKlass javafx/css/converter/LadderConverter$Holder
instanceKlass javafx/css/converter/DeriveColorConverter$Holder
instanceKlass javafx/css/converter/URLConverter$Holder
instanceKlass javafx/css/StyleConverter
instanceKlass javafx/css/Size
instanceKlass javafx/css/ParsedValue
instanceKlass javafx/css/Declaration
instanceKlass javafx/css/Rule$Observables
instanceKlass com/sun/javafx/css/SelectorPartitioning$$Lambda$789+0x00000008011d31d8
instanceKlass com/sun/javafx/css/SelectorPartitioning$PartitionKey
instanceKlass com/sun/javafx/css/SelectorPartitioning
instanceKlass com/sun/javafx/css/StyleManager$StylesheetContainer
instanceKlass javafx/collections/ModifiableObservableListBase$SubObservableList
instanceKlass javafx/css/StyleClass
instanceKlass javafx/css/Selector
instanceKlass javafx/css/Rule
instanceKlass javafx/css/StyleConverter$StringStore
instanceKlass jdk/internal/jimage/ImageBufferCache$2
instanceKlass jdk/internal/jimage/ImageBufferCache
instanceKlass sun/net/www/protocol/jrt/JavaRuntimeURLConnection$$Lambda$788+0x0000000801176ea0
instanceKlass javafx/css/Stylesheet
instanceKlass javafx/geometry/Point2D
instanceKlass javafx/scene/text/Font
instanceKlass com/sun/javafx/scene/text/TextLine
instanceKlass com/sun/javafx/scene/text/GlyphList
instanceKlass com/sun/javafx/text/PrismTextLayout
instanceKlass com/sun/javafx/scene/text/TextLayout
instanceKlass com/sun/javafx/text/PrismTextLayoutFactory
instanceKlass javafx/scene/text/Text$$Lambda$787+0x00000008011cd490
instanceKlass javafx/scene/text/Text$$Lambda$786+0x00000008011cd270
instanceKlass javafx/beans/WeakInvalidationListener
instanceKlass javafx/scene/paint/Paint$1
instanceKlass com/sun/javafx/tk/Toolkit$PaintAccessor
instanceKlass javafx/scene/text/Text$1
instanceKlass javafx/scene/shape/Shape$1
instanceKlass com/sun/javafx/scene/text/TextSpan
instanceKlass com/sun/javafx/scene/shape/TextHelper$TextAccessor
instanceKlass com/sun/javafx/scene/shape/ShapeHelper$ShapeAccessor
instanceKlass com/sun/javafx/beans/event/AbstractNotifyListener
instanceKlass com/sun/javafx/scene/control/skin/Utils
instanceKlass com/sun/javafx/css/StyleManager$$Lambda$785+0x00000008011c28f8
instanceKlass com/sun/javafx/css/StyleManager$ImageCache
instanceKlass com/sun/javafx/css/StyleManager$InstanceHolder
instanceKlass com/sun/javafx/css/StyleManager
instanceKlass com/sun/javafx/application/PlatformImpl$$Lambda$784+0x00000008011c20c8
instanceKlass com/sun/javafx/application/PlatformImpl$$Lambda$783+0x00000008011c1eb0
instanceKlass com/sun/javafx/tk/quantum/QuantumToolkit$6
instanceKlass com/sun/javafx/application/PlatformImpl$2
instanceKlass com/sun/javafx/application/PlatformImpl$$Lambda$782+0x00000008011c1038
instanceKlass javafx/application/Application
instanceKlass javafx/scene/control/Control$1
instanceKlass com/sun/javafx/geom/Vec2d
instanceKlass javafx/scene/layout/Region$1
instanceKlass com/sun/javafx/webkit/theme/ScrollBarWidgetHelper$ScrollBarWidgetAccessor
instanceKlass javafx/scene/control/Skin
instanceKlass com/sun/javafx/scene/control/ControlHelper$ControlAccessor
instanceKlass com/sun/javafx/scene/layout/RegionHelper$RegionAccessor
instanceKlass com/sun/javafx/webkit/theme/RenderThemeImpl$ViewListener$1
instanceKlass javafx/scene/web/WebEngine$PulseTimer$$Lambda$781+0x00000008011b79a0
instanceKlass com/sun/javafx/tk/TKPulseListener
instanceKlass javafx/animation/AnimationTimer$AnimationTimerReceiver
instanceKlass javafx/animation/AnimationTimer
instanceKlass javafx/scene/web/WebEngine$PulseTimer
instanceKlass javafx/scene/web/WebEngine$SelfDisposer
instanceKlass javafx/scene/web/WebHistory$$Lambda$780+0x00000008011b6b00
instanceKlass com/sun/webkit/event/WCChangeEvent
instanceKlass com/sun/webkit/event/WCChangeListener
instanceKlass com/sun/webkit/BackForwardList$1
instanceKlass com/sun/webkit/BackForwardList
instanceKlass javafx/beans/value/ObservableIntegerValue
instanceKlass javafx/beans/value/WritableIntegerValue
instanceKlass javafx/scene/web/WebHistory
instanceKlass javafx/scene/web/WebEngine$PageLoadListener
instanceKlass com/sun/webkit/Disposer$$Lambda$779+0x00000008011adbc0
instanceKlass com/sun/webkit/Disposer
instanceKlass com/sun/webkit/WebPage$$Lambda$778+0x00000008011ad790
instanceKlass com/sun/javafx/font/directwrite/DWRITE_GLYPH_METRICS
instanceKlass com/sun/javafx/font/directwrite/DWRITE_GLYPH_RUN
instanceKlass com/sun/javafx/font/directwrite/RECT
instanceKlass com/sun/javafx/font/directwrite/D2D1_MATRIX_3X2_F
instanceKlass com/sun/javafx/font/directwrite/D2D1_COLOR_F
instanceKlass com/sun/javafx/font/directwrite/DWGlyph
instanceKlass com/sun/javafx/font/CMap
instanceKlass com/sun/javafx/font/Glyph
instanceKlass com/sun/javafx/font/PrismMetrics
instanceKlass com/sun/javafx/font/WindowsFontMap$FamilyDescription
instanceKlass com/sun/javafx/font/WindowsFontMap
instanceKlass com/sun/javafx/font/Disposer$1
instanceKlass com/sun/javafx/font/Disposer
instanceKlass com/sun/javafx/font/CompositeStrikeDisposer
instanceKlass com/sun/javafx/font/Metrics
instanceKlass com/sun/javafx/font/CompositeStrike
instanceKlass com/sun/javafx/font/FontStrikeDesc
instanceKlass com/sun/javafx/font/PrismFont
instanceKlass com/sun/javafx/font/PrismFontFactory$TTFilter
instanceKlass com/sun/javafx/font/PrismFontFactory$$Lambda$777+0x00000008011a92c0
instanceKlass com/sun/javafx/font/PrismCompositeFontResource
instanceKlass com/sun/javafx/font/PrismFontFile$DirectoryEntry
instanceKlass com/sun/javafx/font/FontFileReader$Buffer
instanceKlass com/sun/javafx/font/FontFileReader$$Lambda$776+0x00000008011a79b0
instanceKlass com/sun/javafx/font/FontFileReader
instanceKlass com/sun/javafx/font/PrismFontStrike
instanceKlass com/sun/javafx/font/DisposerRecord
instanceKlass com/sun/javafx/font/CharToGlyphMapper
instanceKlass com/sun/javafx/font/FontStrike
instanceKlass com/sun/javafx/font/LogicalFont
instanceKlass com/sun/javafx/font/CompositeFontResource
instanceKlass com/sun/javafx/font/directwrite/IUnknown
instanceKlass com/sun/javafx/font/directwrite/OS$$Lambda$775+0x00000008011a5288
instanceKlass com/sun/javafx/font/directwrite/OS
instanceKlass com/sun/javafx/text/GlyphLayout
instanceKlass com/sun/javafx/font/PrismFontFile
instanceKlass com/sun/javafx/font/FontConstants
instanceKlass com/sun/javafx/font/PrismFontFactory$$Lambda$774+0x00000008011a3c70
instanceKlass com/sun/javafx/font/FontResource
instanceKlass com/sun/javafx/font/PGFont
instanceKlass com/sun/javafx/font/PrismFontFactory
instanceKlass com/sun/webkit/graphics/WCPoint
instanceKlass com/sun/webkit/network/NetworkContext$$Lambda$773+0x00000008011a2ec0
instanceKlass com/sun/webkit/network/ByteBufferAllocator
instanceKlass com/sun/webkit/network/ByteBufferPool
instanceKlass java/lang/Runtime$VersionPattern
instanceKlass com/sun/webkit/network/NetworkContext$$Lambda$772+0x00000008011a28a8
instanceKlass com/sun/webkit/network/NetworkContext$URLLoaderThreadFactory
instanceKlass com/sun/webkit/network/URLLoaderBase
instanceKlass com/sun/webkit/network/NetworkContext
instanceKlass com/sun/webkit/Timer$$Lambda$771+0x00000008011a1800
instanceKlass com/sun/webkit/Timer
instanceKlass com/sun/webkit/MainThread
instanceKlass com/sun/javafx/webkit/theme/ScrollBarThemeImpl$$Lambda$770+0x00000008011a0b70
instanceKlass com/sun/javafx/webkit/theme/RenderThemeImpl$ViewListener
instanceKlass com/sun/javafx/webkit/theme/RenderThemeImpl$$Lambda$769+0x000000080119eee8
instanceKlass com/sun/javafx/webkit/theme/RenderThemeImpl$Pool$Notifier
instanceKlass com/sun/javafx/webkit/theme/RenderThemeImpl$Pool
instanceKlass com/sun/webkit/graphics/WCRectangle
instanceKlass com/sun/webkit/WebPage$RenderFrame
instanceKlass javafx/scene/web/WebEngine$InspectorClientImpl
instanceKlass com/sun/javafx/util/WeakReferenceQueue$1
instanceKlass com/sun/javafx/util/WeakReferenceQueue
instanceKlass javafx/scene/input/DataFormat
instanceKlass com/sun/javafx/webkit/UIClientImpl$FileExtensionInfo
instanceKlass com/sun/javafx/webkit/UIClientImpl
instanceKlass com/sun/javafx/webkit/WebPageClientImpl$$Lambda$768+0x000000080119ce78
instanceKlass com/sun/javafx/webkit/WebPageClientImpl
instanceKlass com/sun/webkit/network/CookieStore
instanceKlass com/sun/webkit/WebPage$$Lambda$767+0x000000080119c7d8
instanceKlass com/sun/webkit/WCWidget
instanceKlass java/net/CookieHandler
instanceKlass javafx/scene/web/WebEngine$$Lambda$766+0x000000080119bf00
instanceKlass javafx/scene/web/PopupFeatures
instanceKlass javafx/scene/web/WebEngine$DebuggerImpl
instanceKlass javafx/scene/web/WebEngine$LoadWorker
instanceKlass com/sun/webkit/Pasteboard
instanceKlass com/sun/webkit/ContextMenu
instanceKlass com/sun/webkit/PopupMenu
instanceKlass com/sun/javafx/webkit/theme/RenderThemeImpl$FormControl
instanceKlass com/sun/javafx/webkit/theme/RenderThemeImpl$Widget
instanceKlass java/util/concurrent/RunnableScheduledFuture
instanceKlass java/util/concurrent/ScheduledFuture
instanceKlass java/util/concurrent/ScheduledExecutorService
instanceKlass javafx/scene/Cursor
instanceKlass com/sun/media/jfxmedia/events/PlayerTimeListener
instanceKlass com/sun/media/jfxmedia/events/BufferListener
instanceKlass com/sun/media/jfxmedia/events/VideoTrackSizeListener
instanceKlass com/sun/media/jfxmedia/events/MediaErrorListener
instanceKlass com/sun/media/jfxmedia/events/PlayerStateListener
instanceKlass com/sun/webkit/graphics/WCImageDecoder
instanceKlass com/sun/prism/ResourceFactoryListener
instanceKlass com/sun/webkit/graphics/WCFontCustomPlatformData
instanceKlass com/sun/webkit/graphics/WCGraphicsContext
instanceKlass javafx/scene/control/Skinnable
instanceKlass com/sun/javafx/logging/PlatformLogger$1
instanceKlass com/sun/webkit/perf/PerfLogger$$Lambda$765+0x0000000801191a98
instanceKlass com/sun/webkit/perf/PerfLogger$$Lambda$764+0x0000000801191800
instanceKlass java/lang/invoke/LambdaForm$DMH+0x0000000800e19440
instanceKlass com/sun/webkit/perf/PerfLogger
instanceKlass javafx/scene/web/WebEngine$$Lambda$763+0x0000000801191160
instanceKlass com/sun/webkit/WebPage
instanceKlass com/sun/javafx/webkit/Accessor$PageAccessor
instanceKlass com/sun/javafx/scene/web/Debugger
instanceKlass javafx/concurrent/Worker
instanceKlass com/sun/webkit/Utilities
instanceKlass com/sun/webkit/graphics/Ref
instanceKlass com/sun/webkit/EventLoop
instanceKlass com/sun/webkit/CursorManager
instanceKlass com/sun/webkit/graphics/WCGraphicsManager
instanceKlass com/sun/javafx/webkit/theme/Renderer
instanceKlass com/sun/webkit/Invoker
instanceKlass com/sun/webkit/DisposerRecord
instanceKlass com/sun/webkit/LoadListenerClient
instanceKlass com/sun/webkit/WebPageClient
instanceKlass com/sun/webkit/UIClient
instanceKlass com/sun/webkit/InspectorClient
instanceKlass com/sun/webkit/ThemeClient
instanceKlass com/sun/javafx/webkit/Accessor
instanceKlass javafx/beans/binding/NumberBinding
instanceKlass java/awt/Polygon$PolygonPathIterator
instanceKlass java/awt/Polygon
instanceKlass com/sun/javafx/collections/VetoableListDecorator$$Lambda$762+0x00000008011843d8
instanceKlass com/sun/javafx/collections/VetoableListDecorator$ModCountAccessor
instanceKlass com/sun/javafx/collections/VetoableListDecorator
instanceKlass javafx/collections/SetChangeListener
instanceKlass com/sun/javafx/collections/TrackableObservableList$$Lambda$761+0x0000000801182050
instanceKlass javafx/scene/Node$$Lambda$760+0x0000000801180538
instanceKlass javafx/stage/Window
instanceKlass javafx/scene/Node$$Lambda$759+0x0000000801180040
instanceKlass java/lang/invoke/LambdaForm$DMH+0x0000000800e19040
instanceKlass javafx/scene/Node$$Lambda$758+0x000000080117fda8
instanceKlass javafx/scene/Node$$Lambda$757+0x000000080117fb88
instanceKlass javafx/scene/web/WebView$11
instanceKlass java/util/WeakHashMap$HashIterator
instanceKlass javafx/event/EventType
instanceKlass javafx/event/Event$$Lambda$756+0x000000080117e3a8
instanceKlass javafx/event/EventDispatchChain
instanceKlass javafx/scene/Parent$1
instanceKlass javafx/scene/PropertyHelper$$Lambda$755+0x000000080117d3c8
instanceKlass javafx/scene/PropertyHelper
instanceKlass javafx/scene/input/InputMethodRequests
instanceKlass com/sun/java/scene/web/WebViewHelper$WebViewAccessor
instanceKlass com/sun/javafx/scene/ParentHelper$ParentAccessor
instanceKlass bridging/INACBGHybrid$$Lambda$754+0x000000080114df78
instanceKlass javafx/beans/value/ChangeListener
instanceKlass bridging/INACBGHybrid$3
instanceKlass com/sun/javafx/application/PlatformImpl$$Lambda$753+0x0000000800f8e140
instanceKlass javafx/embed/swing/JFXPanel$$Lambda$752+0x0000000800f8df20
instanceKlass javafx/embed/swing/JFXPanel$$Lambda$751+0x0000000800f8dd00
instanceKlass java/awt/KeyboardFocusManager$4
instanceKlass java/awt/Window$1DisposeAction
instanceKlass sun/awt/SunToolkit$1
instanceKlass java/awt/KeyboardFocusManager$2
instanceKlass sun/swing/ImageCache$Entry
instanceKlass sun/swing/ImageCache
instanceKlass sun/swing/CachedPainter
instanceKlass java/awt/Dialog$$Lambda$750+0x0000000801170bb8
instanceKlass java/lang/invoke/LambdaForm$DMH+0x0000000800e19c40
instanceKlass java/awt/Dialog$$Lambda$749+0x0000000801170998
instanceKlass java/awt/ModalEventFilter$1
instanceKlass java/awt/peer/FileDialogPeer
instanceKlass sun/awt/util/IdentityLinkedList$ListItr
instanceKlass java/awt/Dialog$1
instanceKlass sun/awt/util/IdentityLinkedList$Entry
instanceKlass javax/swing/JOptionPane$1
instanceKlass java/awt/GridBagLayoutInfo
instanceKlass javax/sound/sampled/LineListener
instanceKlass javax/swing/plaf/basic/BasicOptionPaneUI$Handler
instanceKlass javax/swing/plaf/basic/BasicOptionPaneUI$2
instanceKlass javax/swing/plaf/basic/BasicOptionPaneUI$ButtonActionListener
instanceKlass javax/swing/plaf/basic/BasicOptionPaneUI$ButtonFactory
instanceKlass javax/swing/plaf/basic/BasicOptionPaneUI$ButtonAreaLayout
instanceKlass javax/swing/JComponent$ActionStandin
instanceKlass javax/swing/JComponent$IntVector
instanceKlass javax/swing/JComponent$KeyboardState
instanceKlass sun/awt/DebugSettings
instanceKlass javax/swing/Popup
instanceKlass sun/awt/ModalExclude
instanceKlass javax/swing/PopupFactory$1
instanceKlass sun/swing/SwingAccessor$PopupFactoryAccessor
instanceKlass javax/swing/PopupFactory
instanceKlass javax/swing/plaf/basic/BasicToolTipUI$PropertyChangeHandler
instanceKlass org/jdesktop/animation/timing/Animator$1
instanceKlass sun/java2d/pipe/RegionSpanIterator
instanceKlass sun/java2d/pipe/ShapeSpanIterator
instanceKlass sun/java2d/pipe/SpanIterator
instanceKlass java/awt/geom/RoundRectIterator
instanceKlass java/awt/LightweightDispatcher$2
instanceKlass java/text/AttributedString$AttributedStringIterator
instanceKlass java/text/AttributedCharacterIterator
instanceKlass java/text/AttributedString
instanceKlass sun/awt/im/CompositionAreaHandler
instanceKlass java/awt/KeyboardFocusManager$3
instanceKlass java/security/DomainCombiner
instanceKlass javax/swing/RepaintManager$3
instanceKlass jdk/swing/interop/SwingInterOpUtils
instanceKlass java/awt/LightweightDispatcher$1
instanceKlass java/awt/Container$MouseEventTargetFilter
instanceKlass java/awt/Container$EventTargetFilter
instanceKlass java/awt/KeyboardFocusManager$LightweightFocusRequest
instanceKlass java/awt/DefaultKeyboardFocusManager$TypeAheadMarker
instanceKlass java/awt/KeyboardFocusManager$HeavyweightFocusRequest
instanceKlass sun/awt/KeyboardFocusManagerPeerImpl$KfmAccessor
instanceKlass java/awt/image/ImageFilter
instanceKlass sun/awt/image/OffScreenImageSource
instanceKlass java/awt/image/FilteredImageSource
instanceKlass sun/java2d/loops/ProcessPath$Edge
instanceKlass sun/java2d/loops/ProcessPath$ActiveEdgeList
instanceKlass sun/java2d/loops/ProcessPath$Point
instanceKlass sun/java2d/loops/ProcessPath$FillData
instanceKlass sun/java2d/loops/ProcessPath$ProcessHandler
instanceKlass sun/java2d/loops/ProcessPath$1
instanceKlass sun/java2d/loops/ProcessPath$EndSubPathHandler
instanceKlass sun/java2d/loops/ProcessPath
instanceKlass java/awt/geom/RectIterator
instanceKlass sun/java2d/d3d/D3DPaints
instanceKlass java/lang/FdLibm
instanceKlass java/lang/FdLibm$Cbrt
instanceKlass sun/java2d/marlin/DHelpers
instanceKlass java/awt/geom/Path2D$Iterator
instanceKlass sun/java2d/cmm/CMSManager
instanceKlass java/io/RandomAccessFile$1
instanceKlass sun/font/SunFontManager$4
instanceKlass sun/java2d/loops/FontInfo
instanceKlass java/awt/PrintGraphics
instanceKlass java/awt/print/PrinterGraphics
instanceKlass sun/swing/MenuItemLayoutHelper$ColumnAlignment
instanceKlass sun/swing/MenuItemLayoutHelper$LayoutResult
instanceKlass sun/swing/MenuItemLayoutHelper$RectSize
instanceKlass sun/java2d/marlin/ArrayCacheConst
instanceKlass sun/java2d/marlin/DDasher$LengthIterator
instanceKlass sun/java2d/marlin/DDasher
instanceKlass sun/java2d/marlin/DStroker
instanceKlass sun/java2d/marlin/Renderer
instanceKlass sun/awt/geom/PathConsumer2D
instanceKlass sun/java2d/marlin/MarlinTileGenerator
instanceKlass sun/java2d/pipe/AATileGenerator
instanceKlass sun/java2d/marlin/DRenderer
instanceKlass sun/java2d/marlin/MarlinRenderer
instanceKlass sun/java2d/marlin/OffHeapArray$$Lambda$748+0x0000000801157a28
instanceKlass sun/java2d/marlin/OffHeapArray
instanceKlass sun/java2d/marlin/MarlinCache
instanceKlass sun/java2d/marlin/IntArrayCache$Reference
instanceKlass sun/java2d/marlin/DHelpers$IndexStack
instanceKlass sun/java2d/marlin/DTransformingPathConsumer2D$PathClipFilter
instanceKlass sun/java2d/marlin/ByteArrayCache$Reference
instanceKlass sun/java2d/marlin/DoubleArrayCache$Reference
instanceKlass sun/java2d/marlin/DHelpers$PolyStack
instanceKlass sun/java2d/marlin/DTransformingPathConsumer2D$ClosedPathDetector
instanceKlass sun/java2d/marlin/DTransformingPathConsumer2D$PathTracer
instanceKlass sun/java2d/marlin/DTransformingPathConsumer2D$DeltaTransformFilter
instanceKlass sun/java2d/marlin/DTransformingPathConsumer2D$DeltaScaleFilter
instanceKlass sun/java2d/marlin/DTransformingPathConsumer2D$Path2DWrapper
instanceKlass sun/java2d/marlin/DTransformingPathConsumer2D
instanceKlass sun/java2d/marlin/DTransformingPathConsumer2D$CurveClipSplitter
instanceKlass sun/java2d/marlin/DTransformingPathConsumer2D$CurveBasicMonotonizer
instanceKlass sun/java2d/marlin/DMarlinRenderingEngine$NormalizingPathIterator
instanceKlass java/awt/geom/PathIterator
instanceKlass sun/java2d/marlin/DRendererContext$PathConsumer2DAdapter
instanceKlass sun/java2d/marlin/ByteArrayCache
instanceKlass sun/java2d/marlin/DoubleArrayCache
instanceKlass sun/java2d/marlin/IntArrayCache
instanceKlass sun/java2d/marlin/DPathSimplifier
instanceKlass sun/java2d/marlin/DCollinearSimplifier
instanceKlass sun/java2d/marlin/DPathConsumer2D
instanceKlass sun/java2d/marlin/DCurve
instanceKlass sun/java2d/marlin/IRendererContext
instanceKlass sun/java2d/ReentrantContext
instanceKlass sun/awt/SunGraphicsCallback
instanceKlass sun/java2d/d3d/D3DScreenUpdateManager$$Lambda$747+0x0000000801152258
instanceKlass sun/java2d/pipe/BufferedPaints
instanceKlass sun/java2d/d3d/D3DSurfaceData$1
instanceKlass sun/java2d/d3d/D3DSurfaceData$1Status
instanceKlass javax/swing/RepaintManager$4
instanceKlass java/awt/Cursor$CursorDisposer
instanceKlass java/awt/event/MouseEvent$1
instanceKlass sun/awt/AWTAccessor$MouseEventAccessor
instanceKlass java/awt/SplashScreen
instanceKlass com/mysql/jdbc/Blob
instanceKlass com/mysql/jdbc/OutputStreamWatcher
instanceKlass java/awt/GraphicsDevice$1
instanceKlass fungsi/akses
instanceKlass java/net/InetAddress$CachedLocalHost
instanceKlass java/util/concurrent/atomic/Striped64$1
instanceKlass java/net/InetAddress$CachedAddresses
instanceKlass sun/net/InetAddressCachePolicy$2
instanceKlass sun/net/InetAddressCachePolicy$1
instanceKlass sun/net/InetAddressCachePolicy
instanceKlass java/net/InetAddress$NameServiceAddresses
instanceKlass java/net/InetAddress$Addresses
instanceKlass java/util/concurrent/ConcurrentSkipListMap$Iter
instanceKlass simrskhanza/frmUtama$1
instanceKlass simrskhanza/frmUtama$$Lambda$746+0x000000080114c880
instanceKlass simrskhanza/frmUtama$$Lambda$745+0x000000080114c660
instanceKlass simrskhanza/frmUtama$$Lambda$744+0x000000080114c440
instanceKlass simrskhanza/frmUtama$$Lambda$743+0x000000080114c220
instanceKlass simrskhanza/frmUtama$$Lambda$742+0x000000080114c000
instanceKlass simrskhanza/frmUtama$$Lambda$741+0x000000080114bde0
instanceKlass simrskhanza/frmUtama$$Lambda$740+0x000000080114bbc0
instanceKlass simrskhanza/frmUtama$$Lambda$739+0x000000080114b9a0
instanceKlass simrskhanza/frmUtama$$Lambda$738+0x000000080114b780
instanceKlass simrskhanza/frmUtama$$Lambda$737+0x000000080114b560
instanceKlass simrskhanza/frmUtama$$Lambda$736+0x000000080114b340
instanceKlass simrskhanza/frmUtama$$Lambda$735+0x000000080114b120
instanceKlass simrskhanza/frmUtama$$Lambda$734+0x000000080114af00
instanceKlass simrskhanza/frmUtama$$Lambda$733+0x000000080114ace0
instanceKlass simrskhanza/frmUtama$$Lambda$732+0x000000080114aac0
instanceKlass simrskhanza/frmUtama$$Lambda$731+0x000000080114a8a0
instanceKlass simrskhanza/frmUtama$$Lambda$730+0x000000080114a680
instanceKlass simrskhanza/frmUtama$$Lambda$729+0x000000080114a460
instanceKlass simrskhanza/frmUtama$$Lambda$728+0x000000080114a240
instanceKlass simrskhanza/frmUtama$$Lambda$727+0x000000080114a020
instanceKlass simrskhanza/frmUtama$$Lambda$726+0x0000000801149e00
instanceKlass simrskhanza/frmUtama$$Lambda$725+0x0000000801149be0
instanceKlass simrskhanza/frmUtama$$Lambda$724+0x00000008011499c0
instanceKlass simrskhanza/frmUtama$$Lambda$723+0x00000008011497a0
instanceKlass simrskhanza/frmUtama$$Lambda$722+0x0000000801149580
instanceKlass simrskhanza/frmUtama$$Lambda$721+0x0000000801149360
instanceKlass simrskhanza/frmUtama$$Lambda$720+0x0000000801149140
instanceKlass simrskhanza/frmUtama$$Lambda$719+0x0000000801148f20
instanceKlass simrskhanza/frmUtama$$Lambda$718+0x0000000801148d00
instanceKlass simrskhanza/frmUtama$$Lambda$717+0x0000000801148ae0
instanceKlass simrskhanza/frmUtama$$Lambda$716+0x00000008011488c0
instanceKlass simrskhanza/frmUtama$$Lambda$715+0x00000008011486a0
instanceKlass simrskhanza/frmUtama$$Lambda$714+0x0000000801148480
instanceKlass simrskhanza/frmUtama$$Lambda$713+0x0000000801148260
instanceKlass simrskhanza/frmUtama$$Lambda$712+0x0000000801148040
instanceKlass simrskhanza/frmUtama$$Lambda$711+0x0000000801147da0
instanceKlass simrskhanza/frmUtama$$Lambda$710+0x0000000801147b80
instanceKlass simrskhanza/frmUtama$$Lambda$709+0x0000000801147960
instanceKlass simrskhanza/frmUtama$$Lambda$708+0x0000000801147740
instanceKlass simrskhanza/frmUtama$$Lambda$707+0x0000000801147520
instanceKlass simrskhanza/frmUtama$$Lambda$706+0x0000000801147300
instanceKlass simrskhanza/frmUtama$$Lambda$705+0x00000008011470e0
instanceKlass simrskhanza/frmUtama$$Lambda$704+0x0000000801146ec0
instanceKlass simrskhanza/frmUtama$$Lambda$703+0x0000000801146ca0
instanceKlass simrskhanza/frmUtama$$Lambda$702+0x0000000801146a80
instanceKlass simrskhanza/frmUtama$$Lambda$701+0x0000000801146860
instanceKlass simrskhanza/frmUtama$$Lambda$700+0x0000000801146640
instanceKlass simrskhanza/frmUtama$$Lambda$699+0x0000000801146420
instanceKlass simrskhanza/frmUtama$$Lambda$698+0x0000000801146200
instanceKlass simrskhanza/frmUtama$$Lambda$697+0x0000000801145fe0
instanceKlass simrskhanza/frmUtama$$Lambda$696+0x0000000801145dc0
instanceKlass simrskhanza/frmUtama$$Lambda$695+0x0000000801145ba0
instanceKlass simrskhanza/frmUtama$$Lambda$694+0x0000000801145980
instanceKlass simrskhanza/frmUtama$$Lambda$693+0x0000000801145760
instanceKlass simrskhanza/frmUtama$$Lambda$692+0x0000000801145540
instanceKlass simrskhanza/frmUtama$$Lambda$691+0x0000000801145320
instanceKlass simrskhanza/frmUtama$$Lambda$690+0x0000000801145100
instanceKlass simrskhanza/frmUtama$$Lambda$689+0x0000000801144ee0
instanceKlass simrskhanza/frmUtama$$Lambda$688+0x0000000801144cc0
instanceKlass simrskhanza/frmUtama$$Lambda$687+0x0000000801144aa0
instanceKlass simrskhanza/frmUtama$$Lambda$686+0x0000000801144880
instanceKlass simrskhanza/frmUtama$$Lambda$685+0x0000000801144660
instanceKlass simrskhanza/frmUtama$$Lambda$684+0x0000000801144440
instanceKlass simrskhanza/frmUtama$$Lambda$683+0x0000000801144220
instanceKlass simrskhanza/frmUtama$$Lambda$682+0x0000000801144000
instanceKlass simrskhanza/frmUtama$$Lambda$681+0x0000000801143de0
instanceKlass simrskhanza/frmUtama$$Lambda$680+0x0000000801143bc0
instanceKlass simrskhanza/frmUtama$$Lambda$679+0x00000008011439a0
instanceKlass simrskhanza/frmUtama$$Lambda$678+0x0000000801143780
instanceKlass simrskhanza/frmUtama$$Lambda$677+0x0000000801143560
instanceKlass simrskhanza/frmUtama$$Lambda$676+0x0000000801143340
instanceKlass simrskhanza/frmUtama$$Lambda$675+0x0000000801143120
instanceKlass simrskhanza/frmUtama$$Lambda$674+0x0000000801142f00
instanceKlass simrskhanza/frmUtama$$Lambda$673+0x0000000801142ce0
instanceKlass simrskhanza/frmUtama$$Lambda$672+0x0000000801142ac0
instanceKlass simrskhanza/frmUtama$$Lambda$671+0x00000008011428a0
instanceKlass simrskhanza/frmUtama$$Lambda$670+0x0000000801142680
instanceKlass simrskhanza/frmUtama$$Lambda$669+0x0000000801142460
instanceKlass simrskhanza/frmUtama$$Lambda$668+0x0000000801142240
instanceKlass simrskhanza/frmUtama$$Lambda$667+0x0000000801142020
instanceKlass simrskhanza/frmUtama$$Lambda$666+0x0000000801141e00
instanceKlass simrskhanza/frmUtama$$Lambda$665+0x0000000801141be0
instanceKlass simrskhanza/frmUtama$$Lambda$664+0x00000008011419c0
instanceKlass simrskhanza/frmUtama$$Lambda$663+0x00000008011417a0
instanceKlass simrskhanza/frmUtama$$Lambda$662+0x0000000801141580
instanceKlass simrskhanza/frmUtama$$Lambda$661+0x0000000801141360
instanceKlass simrskhanza/frmUtama$$Lambda$660+0x0000000801141140
instanceKlass simrskhanza/frmUtama$$Lambda$659+0x0000000801140f20
instanceKlass simrskhanza/frmUtama$$Lambda$658+0x0000000801140d00
instanceKlass simrskhanza/frmUtama$$Lambda$657+0x0000000801140ae0
instanceKlass simrskhanza/frmUtama$$Lambda$656+0x00000008011408c0
instanceKlass simrskhanza/frmUtama$$Lambda$655+0x00000008011406a0
instanceKlass simrskhanza/frmUtama$$Lambda$654+0x0000000801140480
instanceKlass simrskhanza/frmUtama$$Lambda$653+0x0000000801140260
instanceKlass simrskhanza/frmUtama$$Lambda$652+0x0000000801140040
instanceKlass simrskhanza/frmUtama$$Lambda$651+0x000000080113fda0
instanceKlass simrskhanza/frmUtama$$Lambda$650+0x000000080113fb80
instanceKlass simrskhanza/frmUtama$$Lambda$649+0x000000080113f960
instanceKlass simrskhanza/frmUtama$$Lambda$648+0x000000080113f740
instanceKlass simrskhanza/frmUtama$$Lambda$647+0x000000080113f520
instanceKlass simrskhanza/frmUtama$$Lambda$646+0x000000080113f300
instanceKlass simrskhanza/frmUtama$$Lambda$645+0x000000080113f0e0
instanceKlass simrskhanza/frmUtama$$Lambda$644+0x000000080113eec0
instanceKlass simrskhanza/frmUtama$$Lambda$643+0x000000080113eca0
instanceKlass simrskhanza/frmUtama$$Lambda$642+0x000000080113ea80
instanceKlass simrskhanza/frmUtama$$Lambda$641+0x000000080113e860
instanceKlass simrskhanza/frmUtama$$Lambda$640+0x000000080113e640
instanceKlass simrskhanza/frmUtama$$Lambda$639+0x000000080113e420
instanceKlass sun/awt/image/JPEGImageDecoder$1
instanceKlass simrskhanza/frmUtama$$Lambda$638+0x000000080113e200
instanceKlass simrskhanza/frmUtama$$Lambda$637+0x000000080113dfe0
instanceKlass simrskhanza/frmUtama$$Lambda$636+0x000000080113ddc0
instanceKlass simrskhanza/frmUtama$$Lambda$635+0x000000080113dba0
instanceKlass simrskhanza/frmUtama$$Lambda$634+0x000000080113d980
instanceKlass simrskhanza/frmUtama$$Lambda$633+0x000000080113d760
instanceKlass simrskhanza/frmUtama$$Lambda$632+0x000000080113d540
instanceKlass simrskhanza/frmUtama$$Lambda$631+0x000000080113d320
instanceKlass simrskhanza/frmUtama$$Lambda$630+0x000000080113d100
instanceKlass simrskhanza/frmUtama$$Lambda$629+0x000000080113cee0
instanceKlass simrskhanza/frmUtama$$Lambda$628+0x000000080113ccc0
instanceKlass simrskhanza/frmUtama$$Lambda$627+0x000000080113caa0
instanceKlass simrskhanza/frmUtama$$Lambda$626+0x000000080113c880
instanceKlass simrskhanza/frmUtama$$Lambda$625+0x000000080113c660
instanceKlass simrskhanza/frmUtama$$Lambda$624+0x000000080113c440
instanceKlass simrskhanza/frmUtama$$Lambda$623+0x000000080113c220
instanceKlass simrskhanza/frmUtama$$Lambda$622+0x000000080113c000
instanceKlass simrskhanza/frmUtama$$Lambda$621+0x000000080113bde0
instanceKlass simrskhanza/frmUtama$$Lambda$620+0x000000080113bbc0
instanceKlass simrskhanza/frmUtama$$Lambda$619+0x000000080113b9a0
instanceKlass simrskhanza/frmUtama$$Lambda$618+0x000000080113b780
instanceKlass simrskhanza/frmUtama$$Lambda$617+0x000000080113b560
instanceKlass simrskhanza/frmUtama$$Lambda$616+0x000000080113b340
instanceKlass simrskhanza/frmUtama$$Lambda$615+0x000000080113b120
instanceKlass simrskhanza/frmUtama$$Lambda$614+0x000000080113af00
instanceKlass simrskhanza/frmUtama$$Lambda$613+0x000000080113ace0
instanceKlass simrskhanza/frmUtama$$Lambda$612+0x000000080113aac0
instanceKlass simrskhanza/frmUtama$$Lambda$611+0x000000080113a8a0
instanceKlass simrskhanza/frmUtama$$Lambda$610+0x000000080113a680
instanceKlass simrskhanza/frmUtama$$Lambda$609+0x000000080113a460
instanceKlass simrskhanza/frmUtama$$Lambda$608+0x000000080113a240
instanceKlass simrskhanza/frmUtama$$Lambda$607+0x000000080113a020
instanceKlass simrskhanza/frmUtama$$Lambda$606+0x0000000801139e00
instanceKlass simrskhanza/frmUtama$$Lambda$605+0x0000000801139be0
instanceKlass simrskhanza/frmUtama$$Lambda$604+0x00000008011399c0
instanceKlass simrskhanza/frmUtama$$Lambda$603+0x00000008011397a0
instanceKlass simrskhanza/frmUtama$$Lambda$602+0x0000000801139580
instanceKlass simrskhanza/frmUtama$$Lambda$601+0x0000000801139360
instanceKlass simrskhanza/frmUtama$$Lambda$600+0x0000000801139140
instanceKlass simrskhanza/frmUtama$$Lambda$599+0x0000000801138f20
instanceKlass simrskhanza/frmUtama$$Lambda$598+0x0000000801138d00
instanceKlass simrskhanza/frmUtama$$Lambda$597+0x0000000801138ae0
instanceKlass simrskhanza/frmUtama$$Lambda$596+0x00000008011388c0
instanceKlass simrskhanza/frmUtama$$Lambda$595+0x00000008011386a0
instanceKlass simrskhanza/frmUtama$$Lambda$594+0x0000000801138480
instanceKlass simrskhanza/frmUtama$$Lambda$593+0x0000000801138260
instanceKlass simrskhanza/frmUtama$$Lambda$592+0x0000000801138040
instanceKlass simrskhanza/frmUtama$$Lambda$591+0x0000000801137da0
instanceKlass simrskhanza/frmUtama$$Lambda$590+0x0000000801137b80
instanceKlass simrskhanza/frmUtama$$Lambda$589+0x0000000801137960
instanceKlass simrskhanza/frmUtama$$Lambda$588+0x0000000801137740
instanceKlass simrskhanza/frmUtama$$Lambda$587+0x0000000801137520
instanceKlass simrskhanza/frmUtama$$Lambda$586+0x0000000801137300
instanceKlass simrskhanza/frmUtama$$Lambda$585+0x00000008011370e0
instanceKlass simrskhanza/frmUtama$$Lambda$584+0x0000000801136ec0
instanceKlass simrskhanza/frmUtama$$Lambda$583+0x0000000801136ca0
instanceKlass simrskhanza/frmUtama$$Lambda$582+0x0000000801136a80
instanceKlass simrskhanza/frmUtama$$Lambda$581+0x0000000801136860
instanceKlass simrskhanza/frmUtama$$Lambda$580+0x0000000801136640
instanceKlass simrskhanza/frmUtama$$Lambda$579+0x0000000801136420
instanceKlass simrskhanza/frmUtama$$Lambda$578+0x0000000801136200
instanceKlass simrskhanza/frmUtama$$Lambda$577+0x0000000801135fe0
instanceKlass simrskhanza/frmUtama$$Lambda$576+0x0000000801135dc0
instanceKlass simrskhanza/frmUtama$$Lambda$575+0x0000000801135ba0
instanceKlass simrskhanza/frmUtama$$Lambda$574+0x0000000801135980
instanceKlass simrskhanza/frmUtama$$Lambda$573+0x0000000801135760
instanceKlass simrskhanza/frmUtama$$Lambda$572+0x0000000801135540
instanceKlass simrskhanza/frmUtama$$Lambda$571+0x0000000801135320
instanceKlass simrskhanza/frmUtama$$Lambda$570+0x0000000801135100
instanceKlass simrskhanza/frmUtama$$Lambda$569+0x0000000801134ee0
instanceKlass simrskhanza/frmUtama$$Lambda$568+0x0000000801134cc0
instanceKlass simrskhanza/frmUtama$$Lambda$567+0x0000000801134aa0
instanceKlass simrskhanza/frmUtama$$Lambda$566+0x0000000801134880
instanceKlass simrskhanza/frmUtama$$Lambda$565+0x0000000801134660
instanceKlass simrskhanza/frmUtama$$Lambda$564+0x0000000801134440
instanceKlass simrskhanza/frmUtama$$Lambda$563+0x0000000801134220
instanceKlass simrskhanza/frmUtama$$Lambda$562+0x0000000801134000
instanceKlass simrskhanza/frmUtama$$Lambda$561+0x0000000801133de0
instanceKlass simrskhanza/frmUtama$$Lambda$560+0x0000000801133bc0
instanceKlass simrskhanza/frmUtama$$Lambda$559+0x00000008011339a0
instanceKlass simrskhanza/frmUtama$$Lambda$558+0x0000000801133780
instanceKlass simrskhanza/frmUtama$$Lambda$557+0x0000000801133560
instanceKlass simrskhanza/frmUtama$$Lambda$556+0x0000000801133340
instanceKlass simrskhanza/frmUtama$$Lambda$555+0x0000000801133120
instanceKlass simrskhanza/frmUtama$$Lambda$554+0x0000000801132f00
instanceKlass simrskhanza/frmUtama$$Lambda$553+0x0000000801132ce0
instanceKlass simrskhanza/frmUtama$$Lambda$552+0x0000000801132ac0
instanceKlass simrskhanza/frmUtama$$Lambda$551+0x00000008011328a0
instanceKlass simrskhanza/frmUtama$$Lambda$550+0x0000000801132680
instanceKlass simrskhanza/frmUtama$$Lambda$549+0x0000000801132460
instanceKlass simrskhanza/frmUtama$$Lambda$548+0x0000000801132240
instanceKlass simrskhanza/frmUtama$$Lambda$547+0x0000000801132020
instanceKlass simrskhanza/frmUtama$$Lambda$546+0x0000000801131e00
instanceKlass simrskhanza/frmUtama$$Lambda$545+0x0000000801131be0
instanceKlass simrskhanza/frmUtama$$Lambda$544+0x00000008011319c0
instanceKlass simrskhanza/frmUtama$$Lambda$543+0x00000008011317a0
instanceKlass simrskhanza/frmUtama$$Lambda$542+0x0000000801131580
instanceKlass simrskhanza/frmUtama$$Lambda$541+0x0000000801131360
instanceKlass simrskhanza/frmUtama$$Lambda$540+0x0000000801131140
instanceKlass simrskhanza/frmUtama$$Lambda$539+0x0000000801130f20
instanceKlass simrskhanza/frmUtama$$Lambda$538+0x0000000801130d00
instanceKlass simrskhanza/frmUtama$$Lambda$537+0x0000000801130ae0
instanceKlass simrskhanza/frmUtama$$Lambda$536+0x00000008011308c0
instanceKlass simrskhanza/frmUtama$$Lambda$535+0x00000008011306a0
instanceKlass simrskhanza/frmUtama$$Lambda$534+0x0000000801130480
instanceKlass simrskhanza/frmUtama$$Lambda$533+0x0000000801130260
instanceKlass simrskhanza/frmUtama$$Lambda$532+0x000000080103fde0
instanceKlass simrskhanza/frmUtama$$Lambda$531+0x0000000801130040
instanceKlass simrskhanza/frmUtama$$Lambda$530+0x000000080112fda0
instanceKlass simrskhanza/frmUtama$$Lambda$529+0x000000080112fb80
instanceKlass simrskhanza/frmUtama$$Lambda$528+0x000000080112f960
instanceKlass simrskhanza/frmUtama$$Lambda$527+0x000000080112f740
instanceKlass simrskhanza/frmUtama$$Lambda$526+0x000000080112f520
instanceKlass simrskhanza/frmUtama$$Lambda$525+0x000000080112f300
instanceKlass simrskhanza/frmUtama$$Lambda$524+0x000000080112f0e0
instanceKlass simrskhanza/frmUtama$$Lambda$523+0x000000080112eec0
instanceKlass simrskhanza/frmUtama$$Lambda$522+0x000000080112eca0
instanceKlass simrskhanza/frmUtama$$Lambda$521+0x000000080112ea80
instanceKlass simrskhanza/frmUtama$$Lambda$520+0x000000080112e860
instanceKlass simrskhanza/frmUtama$$Lambda$519+0x000000080112e640
instanceKlass simrskhanza/frmUtama$$Lambda$518+0x000000080112e420
instanceKlass simrskhanza/frmUtama$$Lambda$517+0x000000080112e200
instanceKlass simrskhanza/frmUtama$$Lambda$516+0x000000080112dfe0
instanceKlass simrskhanza/frmUtama$$Lambda$515+0x000000080112ddc0
instanceKlass simrskhanza/frmUtama$$Lambda$514+0x000000080112dba0
instanceKlass simrskhanza/frmUtama$$Lambda$513+0x000000080112d980
instanceKlass simrskhanza/frmUtama$$Lambda$512+0x000000080112d760
instanceKlass simrskhanza/frmUtama$$Lambda$511+0x000000080112d540
instanceKlass simrskhanza/frmUtama$$Lambda$510+0x000000080112d320
instanceKlass simrskhanza/frmUtama$$Lambda$509+0x000000080112d100
instanceKlass simrskhanza/frmUtama$$Lambda$508+0x000000080112cee0
instanceKlass simrskhanza/frmUtama$$Lambda$507+0x000000080112ccc0
instanceKlass simrskhanza/frmUtama$$Lambda$506+0x000000080112caa0
instanceKlass simrskhanza/frmUtama$$Lambda$505+0x000000080112c880
instanceKlass simrskhanza/frmUtama$$Lambda$504+0x000000080112c660
instanceKlass simrskhanza/frmUtama$$Lambda$503+0x000000080112c440
instanceKlass simrskhanza/frmUtama$$Lambda$502+0x000000080112c220
instanceKlass simrskhanza/frmUtama$$Lambda$501+0x000000080112c000
instanceKlass simrskhanza/frmUtama$$Lambda$500+0x000000080112bde0
instanceKlass simrskhanza/frmUtama$$Lambda$499+0x000000080112bbc0
instanceKlass simrskhanza/frmUtama$$Lambda$498+0x000000080112b9a0
instanceKlass simrskhanza/frmUtama$$Lambda$497+0x000000080112b780
instanceKlass simrskhanza/frmUtama$$Lambda$496+0x000000080112b560
instanceKlass simrskhanza/frmUtama$$Lambda$495+0x000000080112b340
instanceKlass simrskhanza/frmUtama$$Lambda$494+0x000000080112b120
instanceKlass simrskhanza/frmUtama$$Lambda$493+0x000000080112af00
instanceKlass simrskhanza/frmUtama$$Lambda$492+0x000000080112ace0
instanceKlass simrskhanza/frmUtama$$Lambda$491+0x000000080112aac0
instanceKlass simrskhanza/frmUtama$$Lambda$490+0x000000080112a8a0
instanceKlass simrskhanza/frmUtama$$Lambda$489+0x000000080112a680
instanceKlass simrskhanza/frmUtama$$Lambda$488+0x000000080112a460
instanceKlass simrskhanza/frmUtama$$Lambda$487+0x000000080112a240
instanceKlass simrskhanza/frmUtama$$Lambda$486+0x000000080112a020
instanceKlass simrskhanza/frmUtama$$Lambda$485+0x0000000801129e00
instanceKlass simrskhanza/frmUtama$$Lambda$484+0x0000000801129be0
instanceKlass simrskhanza/frmUtama$$Lambda$483+0x00000008011299c0
instanceKlass simrskhanza/frmUtama$$Lambda$482+0x00000008011297a0
instanceKlass simrskhanza/frmUtama$$Lambda$481+0x0000000801129580
instanceKlass simrskhanza/frmUtama$$Lambda$480+0x0000000801129360
instanceKlass simrskhanza/frmUtama$$Lambda$479+0x0000000801129140
instanceKlass simrskhanza/frmUtama$$Lambda$478+0x0000000801128f20
instanceKlass simrskhanza/frmUtama$$Lambda$477+0x0000000801128d00
instanceKlass simrskhanza/frmUtama$$Lambda$476+0x0000000801128ae0
instanceKlass simrskhanza/frmUtama$$Lambda$475+0x00000008011288c0
instanceKlass simrskhanza/frmUtama$$Lambda$474+0x00000008011286a0
instanceKlass simrskhanza/frmUtama$$Lambda$473+0x0000000801128480
instanceKlass simrskhanza/frmUtama$$Lambda$472+0x0000000801128260
instanceKlass simrskhanza/frmUtama$$Lambda$471+0x0000000801128040
instanceKlass simrskhanza/frmUtama$$Lambda$470+0x0000000801127da0
instanceKlass simrskhanza/frmUtama$$Lambda$469+0x0000000801127b80
instanceKlass simrskhanza/frmUtama$$Lambda$468+0x0000000801127960
instanceKlass simrskhanza/frmUtama$$Lambda$467+0x0000000801127740
instanceKlass simrskhanza/frmUtama$$Lambda$466+0x0000000801127520
instanceKlass simrskhanza/frmUtama$$Lambda$465+0x0000000801127300
instanceKlass simrskhanza/frmUtama$$Lambda$464+0x00000008011270e0
instanceKlass simrskhanza/frmUtama$$Lambda$463+0x0000000801126ec0
instanceKlass simrskhanza/frmUtama$$Lambda$462+0x0000000801126ca0
instanceKlass simrskhanza/frmUtama$$Lambda$461+0x0000000801126a80
instanceKlass simrskhanza/frmUtama$$Lambda$460+0x0000000801126860
instanceKlass simrskhanza/frmUtama$$Lambda$459+0x0000000801126640
instanceKlass simrskhanza/frmUtama$$Lambda$458+0x0000000801126420
instanceKlass simrskhanza/frmUtama$$Lambda$457+0x0000000801126200
instanceKlass simrskhanza/frmUtama$$Lambda$456+0x0000000801125fe0
instanceKlass simrskhanza/frmUtama$$Lambda$455+0x0000000801125dc0
instanceKlass simrskhanza/frmUtama$$Lambda$454+0x0000000801125ba0
instanceKlass simrskhanza/frmUtama$$Lambda$453+0x0000000801125980
instanceKlass simrskhanza/frmUtama$$Lambda$452+0x0000000801125760
instanceKlass simrskhanza/frmUtama$$Lambda$451+0x0000000801125540
instanceKlass simrskhanza/frmUtama$$Lambda$450+0x0000000801125320
instanceKlass simrskhanza/frmUtama$$Lambda$449+0x0000000801125100
instanceKlass simrskhanza/frmUtama$$Lambda$448+0x0000000801124ee0
instanceKlass simrskhanza/frmUtama$$Lambda$447+0x0000000801124cc0
instanceKlass simrskhanza/frmUtama$$Lambda$446+0x0000000801124aa0
instanceKlass simrskhanza/frmUtama$$Lambda$445+0x0000000801124880
instanceKlass simrskhanza/frmUtama$$Lambda$444+0x0000000801124660
instanceKlass simrskhanza/frmUtama$$Lambda$443+0x0000000801124440
instanceKlass simrskhanza/frmUtama$$Lambda$442+0x0000000801124220
instanceKlass simrskhanza/frmUtama$$Lambda$441+0x0000000801124000
instanceKlass simrskhanza/frmUtama$$Lambda$440+0x0000000801123de0
instanceKlass simrskhanza/frmUtama$$Lambda$439+0x0000000801123bc0
instanceKlass simrskhanza/frmUtama$$Lambda$438+0x00000008011239a0
instanceKlass simrskhanza/frmUtama$$Lambda$437+0x0000000801123780
instanceKlass simrskhanza/frmUtama$$Lambda$436+0x0000000801123560
instanceKlass simrskhanza/frmUtama$$Lambda$435+0x0000000801123340
instanceKlass simrskhanza/frmUtama$$Lambda$434+0x0000000801123120
instanceKlass simrskhanza/frmUtama$$Lambda$433+0x0000000801122f00
instanceKlass simrskhanza/frmUtama$$Lambda$432+0x0000000801122ce0
instanceKlass simrskhanza/frmUtama$$Lambda$431+0x0000000801122ac0
instanceKlass simrskhanza/frmUtama$$Lambda$430+0x00000008011228a0
instanceKlass simrskhanza/frmUtama$$Lambda$429+0x0000000801122680
instanceKlass simrskhanza/frmUtama$$Lambda$428+0x0000000801122460
instanceKlass simrskhanza/frmUtama$$Lambda$427+0x0000000801122240
instanceKlass simrskhanza/frmUtama$$Lambda$426+0x0000000801122020
instanceKlass simrskhanza/frmUtama$$Lambda$425+0x0000000801121e00
instanceKlass simrskhanza/frmUtama$$Lambda$424+0x0000000801121be0
instanceKlass simrskhanza/frmUtama$$Lambda$423+0x00000008011219c0
instanceKlass simrskhanza/frmUtama$$Lambda$422+0x00000008011217a0
instanceKlass simrskhanza/frmUtama$$Lambda$421+0x0000000801121580
instanceKlass simrskhanza/frmUtama$$Lambda$420+0x0000000801121360
instanceKlass simrskhanza/frmUtama$$Lambda$419+0x0000000801121140
instanceKlass simrskhanza/frmUtama$$Lambda$418+0x0000000801120f20
instanceKlass simrskhanza/frmUtama$$Lambda$417+0x0000000801120d00
instanceKlass simrskhanza/frmUtama$$Lambda$416+0x0000000801120ae0
instanceKlass simrskhanza/frmUtama$$Lambda$415+0x00000008011208c0
instanceKlass simrskhanza/frmUtama$$Lambda$414+0x00000008011206a0
instanceKlass simrskhanza/frmUtama$$Lambda$413+0x0000000801120480
instanceKlass simrskhanza/frmUtama$$Lambda$412+0x0000000801120260
instanceKlass simrskhanza/frmUtama$$Lambda$411+0x0000000801120040
instanceKlass simrskhanza/frmUtama$$Lambda$410+0x000000080111fda0
instanceKlass simrskhanza/frmUtama$$Lambda$409+0x000000080111fb80
instanceKlass simrskhanza/frmUtama$$Lambda$408+0x000000080111f960
instanceKlass simrskhanza/frmUtama$$Lambda$407+0x000000080111f740
instanceKlass simrskhanza/frmUtama$$Lambda$406+0x000000080111f520
instanceKlass simrskhanza/frmUtama$$Lambda$405+0x000000080111f300
instanceKlass simrskhanza/frmUtama$$Lambda$404+0x000000080111f0e0
instanceKlass simrskhanza/frmUtama$$Lambda$403+0x000000080111eec0
instanceKlass simrskhanza/frmUtama$$Lambda$402+0x000000080111eca0
instanceKlass simrskhanza/frmUtama$$Lambda$401+0x000000080111ea80
instanceKlass simrskhanza/frmUtama$$Lambda$400+0x000000080111e860
instanceKlass simrskhanza/frmUtama$$Lambda$399+0x000000080111e640
instanceKlass simrskhanza/frmUtama$$Lambda$398+0x000000080111e420
instanceKlass simrskhanza/frmUtama$$Lambda$397+0x000000080111e200
instanceKlass simrskhanza/frmUtama$$Lambda$396+0x000000080111dfe0
instanceKlass simrskhanza/frmUtama$$Lambda$395+0x000000080111ddc0
instanceKlass simrskhanza/frmUtama$$Lambda$394+0x000000080111dba0
instanceKlass simrskhanza/frmUtama$$Lambda$393+0x000000080111d980
instanceKlass simrskhanza/frmUtama$$Lambda$392+0x000000080111d760
instanceKlass simrskhanza/frmUtama$$Lambda$391+0x000000080111d540
instanceKlass simrskhanza/frmUtama$$Lambda$390+0x000000080111d320
instanceKlass simrskhanza/frmUtama$$Lambda$389+0x000000080111d100
instanceKlass simrskhanza/frmUtama$$Lambda$388+0x000000080111cee0
instanceKlass simrskhanza/frmUtama$$Lambda$387+0x000000080111ccc0
instanceKlass simrskhanza/frmUtama$$Lambda$386+0x000000080111caa0
instanceKlass simrskhanza/frmUtama$$Lambda$385+0x000000080111c880
instanceKlass simrskhanza/frmUtama$$Lambda$384+0x000000080111c660
instanceKlass simrskhanza/frmUtama$$Lambda$383+0x000000080111c440
instanceKlass simrskhanza/frmUtama$$Lambda$382+0x000000080111c220
instanceKlass simrskhanza/frmUtama$$Lambda$381+0x000000080111c000
instanceKlass simrskhanza/frmUtama$$Lambda$380+0x000000080111bde0
instanceKlass simrskhanza/frmUtama$$Lambda$379+0x000000080111bbc0
instanceKlass simrskhanza/frmUtama$$Lambda$378+0x000000080111b9a0
instanceKlass simrskhanza/frmUtama$$Lambda$377+0x000000080111b780
instanceKlass simrskhanza/frmUtama$$Lambda$376+0x000000080111b560
instanceKlass simrskhanza/frmUtama$$Lambda$375+0x000000080111b340
instanceKlass simrskhanza/frmUtama$$Lambda$374+0x000000080111b120
instanceKlass simrskhanza/frmUtama$$Lambda$373+0x000000080111af00
instanceKlass simrskhanza/frmUtama$$Lambda$372+0x000000080111ace0
instanceKlass simrskhanza/frmUtama$$Lambda$371+0x000000080111aac0
instanceKlass simrskhanza/frmUtama$$Lambda$370+0x000000080111a8a0
instanceKlass simrskhanza/frmUtama$$Lambda$369+0x000000080111a680
instanceKlass simrskhanza/frmUtama$$Lambda$368+0x000000080111a460
instanceKlass simrskhanza/frmUtama$$Lambda$367+0x000000080111a240
instanceKlass simrskhanza/frmUtama$$Lambda$366+0x000000080111a020
instanceKlass simrskhanza/frmUtama$$Lambda$365+0x0000000801119e00
instanceKlass simrskhanza/frmUtama$$Lambda$364+0x0000000801119be0
instanceKlass simrskhanza/frmUtama$$Lambda$363+0x00000008011199c0
instanceKlass simrskhanza/frmUtama$$Lambda$362+0x00000008011197a0
instanceKlass simrskhanza/frmUtama$$Lambda$361+0x0000000801119580
instanceKlass simrskhanza/frmUtama$$Lambda$360+0x0000000801119360
instanceKlass simrskhanza/frmUtama$$Lambda$359+0x0000000801119140
instanceKlass simrskhanza/frmUtama$$Lambda$358+0x0000000801118f20
instanceKlass simrskhanza/frmUtama$$Lambda$357+0x0000000801118d00
instanceKlass simrskhanza/frmUtama$$Lambda$356+0x0000000801118ae0
instanceKlass simrskhanza/frmUtama$$Lambda$355+0x00000008011188c0
instanceKlass simrskhanza/frmUtama$$Lambda$354+0x00000008011186a0
instanceKlass simrskhanza/frmUtama$$Lambda$353+0x0000000801118480
instanceKlass simrskhanza/frmUtama$$Lambda$352+0x0000000801118260
instanceKlass simrskhanza/frmUtama$$Lambda$351+0x0000000801118040
instanceKlass simrskhanza/frmUtama$$Lambda$350+0x0000000801117da0
instanceKlass simrskhanza/frmUtama$$Lambda$349+0x0000000801117b80
instanceKlass simrskhanza/frmUtama$$Lambda$348+0x0000000801117960
instanceKlass simrskhanza/frmUtama$$Lambda$347+0x0000000801117740
instanceKlass simrskhanza/frmUtama$$Lambda$346+0x0000000801117520
instanceKlass simrskhanza/frmUtama$$Lambda$345+0x0000000801117300
instanceKlass simrskhanza/frmUtama$$Lambda$344+0x00000008011170e0
instanceKlass simrskhanza/frmUtama$$Lambda$343+0x0000000801116ec0
instanceKlass simrskhanza/frmUtama$$Lambda$342+0x0000000801116ca0
instanceKlass simrskhanza/frmUtama$$Lambda$341+0x0000000801116a80
instanceKlass simrskhanza/frmUtama$$Lambda$340+0x0000000801116860
instanceKlass simrskhanza/frmUtama$$Lambda$339+0x0000000801116640
instanceKlass simrskhanza/frmUtama$$Lambda$338+0x0000000801116420
instanceKlass simrskhanza/frmUtama$$Lambda$337+0x0000000801116200
instanceKlass simrskhanza/frmUtama$$Lambda$336+0x0000000801115fe0
instanceKlass simrskhanza/frmUtama$$Lambda$335+0x0000000801115dc0
instanceKlass simrskhanza/frmUtama$$Lambda$334+0x0000000801115ba0
instanceKlass simrskhanza/frmUtama$$Lambda$333+0x0000000801115980
instanceKlass simrskhanza/frmUtama$$Lambda$332+0x0000000801115760
instanceKlass simrskhanza/frmUtama$$Lambda$331+0x0000000801115540
instanceKlass simrskhanza/frmUtama$$Lambda$330+0x0000000801115320
instanceKlass simrskhanza/frmUtama$$Lambda$329+0x0000000801115100
instanceKlass simrskhanza/frmUtama$$Lambda$328+0x0000000801114ee0
instanceKlass simrskhanza/frmUtama$$Lambda$327+0x0000000801114cc0
instanceKlass simrskhanza/frmUtama$$Lambda$326+0x0000000801114aa0
instanceKlass simrskhanza/frmUtama$$Lambda$325+0x0000000801114880
instanceKlass simrskhanza/frmUtama$$Lambda$324+0x0000000801114660
instanceKlass simrskhanza/frmUtama$$Lambda$323+0x0000000801114440
instanceKlass simrskhanza/frmUtama$$Lambda$322+0x0000000801114220
instanceKlass simrskhanza/frmUtama$$Lambda$321+0x0000000801114000
instanceKlass simrskhanza/frmUtama$$Lambda$320+0x0000000801113de0
instanceKlass simrskhanza/frmUtama$$Lambda$319+0x0000000801113bc0
instanceKlass simrskhanza/frmUtama$$Lambda$318+0x00000008011139a0
instanceKlass simrskhanza/frmUtama$$Lambda$317+0x0000000801113780
instanceKlass simrskhanza/frmUtama$$Lambda$316+0x0000000801113560
instanceKlass simrskhanza/frmUtama$$Lambda$315+0x0000000801113340
instanceKlass simrskhanza/frmUtama$$Lambda$314+0x0000000801113120
instanceKlass simrskhanza/frmUtama$$Lambda$313+0x0000000801112f00
instanceKlass simrskhanza/frmUtama$$Lambda$312+0x0000000801112ce0
instanceKlass simrskhanza/frmUtama$$Lambda$311+0x0000000801112ac0
instanceKlass simrskhanza/frmUtama$$Lambda$310+0x00000008011128a0
instanceKlass simrskhanza/frmUtama$$Lambda$309+0x0000000801112680
instanceKlass simrskhanza/frmUtama$$Lambda$308+0x0000000801112460
instanceKlass simrskhanza/frmUtama$$Lambda$307+0x0000000801112240
instanceKlass simrskhanza/frmUtama$$Lambda$306+0x0000000801112020
instanceKlass simrskhanza/frmUtama$$Lambda$305+0x0000000801111e00
instanceKlass simrskhanza/frmUtama$$Lambda$304+0x0000000801111be0
instanceKlass simrskhanza/frmUtama$$Lambda$303+0x00000008011119c0
instanceKlass simrskhanza/frmUtama$$Lambda$302+0x00000008011117a0
instanceKlass simrskhanza/frmUtama$$Lambda$301+0x0000000801111580
instanceKlass simrskhanza/frmUtama$$Lambda$300+0x0000000801111360
instanceKlass simrskhanza/frmUtama$$Lambda$299+0x0000000801111140
instanceKlass simrskhanza/frmUtama$$Lambda$298+0x0000000801110f20
instanceKlass simrskhanza/frmUtama$$Lambda$297+0x0000000801110d00
instanceKlass simrskhanza/frmUtama$$Lambda$296+0x0000000801110ae0
instanceKlass simrskhanza/frmUtama$$Lambda$295+0x00000008011108c0
instanceKlass simrskhanza/frmUtama$$Lambda$294+0x00000008011106a0
instanceKlass simrskhanza/frmUtama$$Lambda$293+0x0000000801110480
instanceKlass simrskhanza/frmUtama$$Lambda$292+0x0000000801110260
instanceKlass simrskhanza/frmUtama$$Lambda$291+0x0000000801110040
instanceKlass simrskhanza/frmUtama$$Lambda$290+0x000000080110fd88
instanceKlass simrskhanza/frmUtama$$Lambda$289+0x000000080110fb68
instanceKlass simrskhanza/frmUtama$$Lambda$288+0x000000080110f948
instanceKlass simrskhanza/frmUtama$$Lambda$287+0x000000080110f728
instanceKlass simrskhanza/frmUtama$$Lambda$286+0x000000080110f508
instanceKlass simrskhanza/frmUtama$$Lambda$285+0x000000080110f2e8
instanceKlass simrskhanza/frmUtama$$Lambda$284+0x000000080110f0c8
instanceKlass simrskhanza/frmUtama$$Lambda$283+0x000000080110eea8
instanceKlass simrskhanza/frmUtama$$Lambda$282+0x000000080110ec88
instanceKlass simrskhanza/frmUtama$$Lambda$281+0x000000080110ea68
instanceKlass simrskhanza/frmUtama$$Lambda$280+0x000000080110e848
instanceKlass simrskhanza/frmUtama$$Lambda$279+0x000000080110e628
instanceKlass simrskhanza/frmUtama$$Lambda$278+0x000000080110e408
instanceKlass simrskhanza/frmUtama$$Lambda$277+0x000000080110e1e8
instanceKlass simrskhanza/frmUtama$$Lambda$276+0x000000080110dfc8
instanceKlass simrskhanza/frmUtama$$Lambda$275+0x000000080110dda8
instanceKlass simrskhanza/frmUtama$$Lambda$274+0x000000080110db88
instanceKlass simrskhanza/frmUtama$$Lambda$273+0x000000080110d968
instanceKlass simrskhanza/frmUtama$$Lambda$272+0x000000080110d748
instanceKlass simrskhanza/frmUtama$$Lambda$271+0x000000080110d528
instanceKlass simrskhanza/frmUtama$$Lambda$270+0x000000080110d308
instanceKlass simrskhanza/frmUtama$$Lambda$269+0x000000080110d0e8
instanceKlass simrskhanza/frmUtama$$Lambda$268+0x000000080110cec8
instanceKlass simrskhanza/frmUtama$$Lambda$267+0x000000080110cca8
instanceKlass simrskhanza/frmUtama$$Lambda$266+0x000000080110ca88
instanceKlass simrskhanza/frmUtama$$Lambda$265+0x000000080110c868
instanceKlass simrskhanza/frmUtama$$Lambda$264+0x000000080110c648
instanceKlass simrskhanza/frmUtama$$Lambda$263+0x000000080110c428
instanceKlass simrskhanza/frmUtama$$Lambda$262+0x000000080110c208
instanceKlass simrskhanza/frmUtama$$Lambda$261+0x000000080110bfe8
instanceKlass simrskhanza/frmUtama$$Lambda$260+0x000000080110bdc8
instanceKlass simrskhanza/frmUtama$$Lambda$259+0x000000080110bba8
instanceKlass simrskhanza/frmUtama$$Lambda$258+0x000000080110b988
instanceKlass simrskhanza/frmUtama$$Lambda$257+0x000000080110b768
instanceKlass simrskhanza/frmUtama$$Lambda$256+0x000000080110b548
instanceKlass simrskhanza/frmUtama$$Lambda$255+0x000000080110b328
instanceKlass simrskhanza/frmUtama$$Lambda$254+0x000000080110b108
instanceKlass simrskhanza/frmUtama$$Lambda$253+0x000000080110aee8
instanceKlass simrskhanza/frmUtama$534
instanceKlass simrskhanza/frmUtama$532
instanceKlass simrskhanza/frmUtama$531
instanceKlass simrskhanza/frmUtama$530
instanceKlass simrskhanza/frmUtama$529
instanceKlass simrskhanza/frmUtama$528
instanceKlass simrskhanza/frmUtama$527
instanceKlass simrskhanza/frmUtama$526
instanceKlass simrskhanza/frmUtama$525
instanceKlass simrskhanza/frmUtama$524
instanceKlass simrskhanza/frmUtama$523
instanceKlass simrskhanza/frmUtama$522
instanceKlass simrskhanza/frmUtama$521
instanceKlass simrskhanza/frmUtama$520
instanceKlass simrskhanza/frmUtama$519
instanceKlass simrskhanza/frmUtama$518
instanceKlass simrskhanza/frmUtama$517
instanceKlass simrskhanza/frmUtama$516
instanceKlass simrskhanza/frmUtama$515
instanceKlass simrskhanza/frmUtama$514
instanceKlass simrskhanza/frmUtama$513
instanceKlass simrskhanza/frmUtama$512
instanceKlass simrskhanza/frmUtama$511
instanceKlass simrskhanza/frmUtama$510
instanceKlass simrskhanza/frmUtama$509
instanceKlass simrskhanza/frmUtama$508
instanceKlass simrskhanza/frmUtama$507
instanceKlass simrskhanza/frmUtama$506
instanceKlass simrskhanza/frmUtama$505
instanceKlass simrskhanza/frmUtama$504
instanceKlass simrskhanza/frmUtama$503
instanceKlass simrskhanza/frmUtama$502
instanceKlass simrskhanza/frmUtama$501
instanceKlass simrskhanza/frmUtama$500
instanceKlass simrskhanza/frmUtama$499
instanceKlass simrskhanza/frmUtama$498
instanceKlass simrskhanza/frmUtama$497
instanceKlass simrskhanza/frmUtama$496
instanceKlass simrskhanza/frmUtama$495
instanceKlass simrskhanza/frmUtama$494
instanceKlass simrskhanza/frmUtama$493
instanceKlass simrskhanza/frmUtama$492
instanceKlass simrskhanza/frmUtama$491
instanceKlass simrskhanza/frmUtama$490
instanceKlass simrskhanza/frmUtama$489
instanceKlass simrskhanza/frmUtama$488
instanceKlass simrskhanza/frmUtama$487
instanceKlass javax/accessibility/AccessibleText
instanceKlass simrskhanza/frmUtama$485
instanceKlass simrskhanza/frmUtama$484
instanceKlass simrskhanza/frmUtama$483
instanceKlass simrskhanza/frmUtama$482
instanceKlass simrskhanza/frmUtama$481
instanceKlass simrskhanza/frmUtama$480
instanceKlass simrskhanza/frmUtama$479
instanceKlass simrskhanza/frmUtama$478
instanceKlass simrskhanza/frmUtama$477
instanceKlass simrskhanza/frmUtama$476
instanceKlass simrskhanza/frmUtama$475
instanceKlass simrskhanza/frmUtama$474
instanceKlass simrskhanza/frmUtama$472
instanceKlass simrskhanza/frmUtama$470
instanceKlass simrskhanza/frmUtama$469
instanceKlass simrskhanza/frmUtama$468
instanceKlass simrskhanza/frmUtama$467
instanceKlass simrskhanza/frmUtama$466
instanceKlass simrskhanza/frmUtama$465
instanceKlass simrskhanza/frmUtama$464
instanceKlass simrskhanza/frmUtama$463
instanceKlass simrskhanza/frmUtama$462
instanceKlass simrskhanza/frmUtama$461
instanceKlass simrskhanza/frmUtama$460
instanceKlass simrskhanza/frmUtama$459
instanceKlass simrskhanza/frmUtama$458
instanceKlass simrskhanza/frmUtama$457
instanceKlass simrskhanza/frmUtama$456
instanceKlass simrskhanza/frmUtama$455
instanceKlass simrskhanza/frmUtama$454
instanceKlass simrskhanza/frmUtama$453
instanceKlass simrskhanza/frmUtama$452
instanceKlass simrskhanza/frmUtama$451
instanceKlass simrskhanza/frmUtama$450
instanceKlass simrskhanza/frmUtama$449
instanceKlass simrskhanza/frmUtama$448
instanceKlass simrskhanza/frmUtama$447
instanceKlass simrskhanza/frmUtama$446
instanceKlass simrskhanza/frmUtama$445
instanceKlass simrskhanza/frmUtama$444
instanceKlass simrskhanza/frmUtama$443
instanceKlass simrskhanza/frmUtama$442
instanceKlass simrskhanza/frmUtama$441
instanceKlass simrskhanza/frmUtama$440
instanceKlass simrskhanza/frmUtama$439
instanceKlass simrskhanza/frmUtama$438
instanceKlass simrskhanza/frmUtama$437
instanceKlass simrskhanza/frmUtama$436
instanceKlass simrskhanza/frmUtama$435
instanceKlass simrskhanza/frmUtama$434
instanceKlass simrskhanza/frmUtama$433
instanceKlass simrskhanza/frmUtama$432
instanceKlass simrskhanza/frmUtama$431
instanceKlass simrskhanza/frmUtama$430
instanceKlass simrskhanza/frmUtama$429
instanceKlass simrskhanza/frmUtama$428
instanceKlass simrskhanza/frmUtama$427
instanceKlass simrskhanza/frmUtama$426
instanceKlass simrskhanza/frmUtama$425
instanceKlass simrskhanza/frmUtama$424
instanceKlass simrskhanza/frmUtama$423
instanceKlass simrskhanza/frmUtama$422
instanceKlass simrskhanza/frmUtama$421
instanceKlass simrskhanza/frmUtama$420
instanceKlass simrskhanza/frmUtama$419
instanceKlass simrskhanza/frmUtama$418
instanceKlass simrskhanza/frmUtama$417
instanceKlass simrskhanza/frmUtama$416
instanceKlass simrskhanza/frmUtama$415
instanceKlass simrskhanza/frmUtama$414
instanceKlass simrskhanza/frmUtama$413
instanceKlass simrskhanza/frmUtama$412
instanceKlass simrskhanza/frmUtama$411
instanceKlass simrskhanza/frmUtama$410
instanceKlass simrskhanza/frmUtama$409
instanceKlass simrskhanza/frmUtama$408
instanceKlass simrskhanza/frmUtama$407
instanceKlass simrskhanza/frmUtama$406
instanceKlass simrskhanza/frmUtama$405
instanceKlass simrskhanza/frmUtama$404
instanceKlass simrskhanza/frmUtama$403
instanceKlass simrskhanza/frmUtama$402
instanceKlass simrskhanza/frmUtama$401
instanceKlass simrskhanza/frmUtama$400
instanceKlass simrskhanza/frmUtama$399
instanceKlass simrskhanza/frmUtama$398
instanceKlass simrskhanza/frmUtama$397
instanceKlass simrskhanza/frmUtama$396
instanceKlass simrskhanza/frmUtama$395
instanceKlass simrskhanza/frmUtama$394
instanceKlass simrskhanza/frmUtama$393
instanceKlass simrskhanza/frmUtama$392
instanceKlass simrskhanza/frmUtama$391
instanceKlass simrskhanza/frmUtama$390
instanceKlass simrskhanza/frmUtama$389
instanceKlass simrskhanza/frmUtama$388
instanceKlass simrskhanza/frmUtama$387
instanceKlass simrskhanza/frmUtama$386
instanceKlass simrskhanza/frmUtama$385
instanceKlass simrskhanza/frmUtama$384
instanceKlass simrskhanza/frmUtama$383
instanceKlass simrskhanza/frmUtama$382
instanceKlass simrskhanza/frmUtama$381
instanceKlass simrskhanza/frmUtama$380
instanceKlass simrskhanza/frmUtama$379
instanceKlass simrskhanza/frmUtama$378
instanceKlass simrskhanza/frmUtama$377
instanceKlass simrskhanza/frmUtama$376
instanceKlass simrskhanza/frmUtama$375
instanceKlass simrskhanza/frmUtama$374
instanceKlass simrskhanza/frmUtama$373
instanceKlass simrskhanza/frmUtama$372
instanceKlass simrskhanza/frmUtama$371
instanceKlass simrskhanza/frmUtama$370
instanceKlass simrskhanza/frmUtama$369
instanceKlass simrskhanza/frmUtama$368
instanceKlass simrskhanza/frmUtama$367
instanceKlass simrskhanza/frmUtama$366
instanceKlass simrskhanza/frmUtama$365
instanceKlass simrskhanza/frmUtama$364
instanceKlass simrskhanza/frmUtama$363
instanceKlass simrskhanza/frmUtama$362
instanceKlass simrskhanza/frmUtama$361
instanceKlass simrskhanza/frmUtama$360
instanceKlass simrskhanza/frmUtama$359
instanceKlass simrskhanza/frmUtama$358
instanceKlass simrskhanza/frmUtama$357
instanceKlass simrskhanza/frmUtama$356
instanceKlass simrskhanza/frmUtama$355
instanceKlass simrskhanza/frmUtama$354
instanceKlass simrskhanza/frmUtama$353
instanceKlass simrskhanza/frmUtama$352
instanceKlass simrskhanza/frmUtama$351
instanceKlass simrskhanza/frmUtama$350
instanceKlass simrskhanza/frmUtama$349
instanceKlass simrskhanza/frmUtama$348
instanceKlass simrskhanza/frmUtama$347
instanceKlass simrskhanza/frmUtama$346
instanceKlass simrskhanza/frmUtama$345
instanceKlass simrskhanza/frmUtama$344
instanceKlass simrskhanza/frmUtama$343
instanceKlass simrskhanza/frmUtama$342
instanceKlass simrskhanza/frmUtama$341
instanceKlass simrskhanza/frmUtama$340
instanceKlass simrskhanza/frmUtama$339
instanceKlass simrskhanza/frmUtama$338
instanceKlass simrskhanza/frmUtama$337
instanceKlass simrskhanza/frmUtama$336
instanceKlass simrskhanza/frmUtama$335
instanceKlass simrskhanza/frmUtama$334
instanceKlass simrskhanza/frmUtama$333
instanceKlass simrskhanza/frmUtama$332
instanceKlass simrskhanza/frmUtama$331
instanceKlass simrskhanza/frmUtama$330
instanceKlass simrskhanza/frmUtama$329
instanceKlass simrskhanza/frmUtama$328
instanceKlass simrskhanza/frmUtama$327
instanceKlass simrskhanza/frmUtama$326
instanceKlass simrskhanza/frmUtama$325
instanceKlass simrskhanza/frmUtama$324
instanceKlass simrskhanza/frmUtama$323
instanceKlass simrskhanza/frmUtama$322
instanceKlass simrskhanza/frmUtama$321
instanceKlass simrskhanza/frmUtama$320
instanceKlass simrskhanza/frmUtama$319
instanceKlass simrskhanza/frmUtama$318
instanceKlass simrskhanza/frmUtama$317
instanceKlass simrskhanza/frmUtama$316
instanceKlass simrskhanza/frmUtama$315
instanceKlass simrskhanza/frmUtama$314
instanceKlass simrskhanza/frmUtama$313
instanceKlass simrskhanza/frmUtama$312
instanceKlass simrskhanza/frmUtama$311
instanceKlass simrskhanza/frmUtama$310
instanceKlass simrskhanza/frmUtama$309
instanceKlass simrskhanza/frmUtama$308
instanceKlass simrskhanza/frmUtama$307
instanceKlass simrskhanza/frmUtama$306
instanceKlass simrskhanza/frmUtama$305
instanceKlass simrskhanza/frmUtama$304
instanceKlass simrskhanza/frmUtama$303
instanceKlass simrskhanza/frmUtama$302
instanceKlass simrskhanza/frmUtama$301
instanceKlass simrskhanza/frmUtama$300
instanceKlass simrskhanza/frmUtama$299
instanceKlass simrskhanza/frmUtama$298
instanceKlass simrskhanza/frmUtama$297
instanceKlass simrskhanza/frmUtama$296
instanceKlass simrskhanza/frmUtama$295
instanceKlass simrskhanza/frmUtama$294
instanceKlass simrskhanza/frmUtama$293
instanceKlass simrskhanza/frmUtama$292
instanceKlass simrskhanza/frmUtama$291
instanceKlass simrskhanza/frmUtama$290
instanceKlass simrskhanza/frmUtama$289
instanceKlass simrskhanza/frmUtama$288
instanceKlass simrskhanza/frmUtama$287
instanceKlass simrskhanza/frmUtama$286
instanceKlass simrskhanza/frmUtama$285
instanceKlass simrskhanza/frmUtama$284
instanceKlass simrskhanza/frmUtama$283
instanceKlass simrskhanza/frmUtama$282
instanceKlass simrskhanza/frmUtama$281
instanceKlass simrskhanza/frmUtama$280
instanceKlass simrskhanza/frmUtama$279
instanceKlass simrskhanza/frmUtama$278
instanceKlass simrskhanza/frmUtama$277
instanceKlass simrskhanza/frmUtama$276
instanceKlass simrskhanza/frmUtama$275
instanceKlass simrskhanza/frmUtama$274
instanceKlass simrskhanza/frmUtama$273
instanceKlass simrskhanza/frmUtama$272
instanceKlass simrskhanza/frmUtama$271
instanceKlass simrskhanza/frmUtama$270
instanceKlass simrskhanza/frmUtama$269
instanceKlass simrskhanza/frmUtama$268
instanceKlass simrskhanza/frmUtama$267
instanceKlass simrskhanza/frmUtama$266
instanceKlass simrskhanza/frmUtama$265
instanceKlass simrskhanza/frmUtama$264
instanceKlass simrskhanza/frmUtama$263
instanceKlass simrskhanza/frmUtama$262
instanceKlass simrskhanza/frmUtama$261
instanceKlass simrskhanza/frmUtama$260
instanceKlass simrskhanza/frmUtama$259
instanceKlass simrskhanza/frmUtama$258
instanceKlass simrskhanza/frmUtama$257
instanceKlass simrskhanza/frmUtama$256
instanceKlass simrskhanza/frmUtama$255
instanceKlass simrskhanza/frmUtama$254
instanceKlass simrskhanza/frmUtama$253
instanceKlass simrskhanza/frmUtama$252
instanceKlass simrskhanza/frmUtama$251
instanceKlass simrskhanza/frmUtama$250
instanceKlass simrskhanza/frmUtama$249
instanceKlass simrskhanza/frmUtama$248
instanceKlass simrskhanza/frmUtama$247
instanceKlass simrskhanza/frmUtama$246
instanceKlass simrskhanza/frmUtama$245
instanceKlass simrskhanza/frmUtama$244
instanceKlass simrskhanza/frmUtama$243
instanceKlass simrskhanza/frmUtama$242
instanceKlass simrskhanza/frmUtama$241
instanceKlass simrskhanza/frmUtama$240
instanceKlass simrskhanza/frmUtama$239
instanceKlass simrskhanza/frmUtama$238
instanceKlass simrskhanza/frmUtama$237
instanceKlass simrskhanza/frmUtama$236
instanceKlass simrskhanza/frmUtama$235
instanceKlass simrskhanza/frmUtama$234
instanceKlass simrskhanza/frmUtama$233
instanceKlass simrskhanza/frmUtama$232
instanceKlass simrskhanza/frmUtama$231
instanceKlass simrskhanza/frmUtama$230
instanceKlass simrskhanza/frmUtama$229
instanceKlass simrskhanza/frmUtama$228
instanceKlass simrskhanza/frmUtama$227
instanceKlass simrskhanza/frmUtama$226
instanceKlass simrskhanza/frmUtama$225
instanceKlass simrskhanza/frmUtama$224
instanceKlass simrskhanza/frmUtama$223
instanceKlass simrskhanza/frmUtama$222
instanceKlass simrskhanza/frmUtama$221
instanceKlass simrskhanza/frmUtama$220
instanceKlass simrskhanza/frmUtama$219
instanceKlass simrskhanza/frmUtama$218
instanceKlass simrskhanza/frmUtama$217
instanceKlass simrskhanza/frmUtama$216
instanceKlass simrskhanza/frmUtama$215
instanceKlass simrskhanza/frmUtama$214
instanceKlass simrskhanza/frmUtama$213
instanceKlass simrskhanza/frmUtama$212
instanceKlass simrskhanza/frmUtama$211
instanceKlass simrskhanza/frmUtama$210
instanceKlass simrskhanza/frmUtama$209
instanceKlass simrskhanza/frmUtama$208
instanceKlass simrskhanza/frmUtama$207
instanceKlass simrskhanza/frmUtama$206
instanceKlass simrskhanza/frmUtama$205
instanceKlass simrskhanza/frmUtama$204
instanceKlass simrskhanza/frmUtama$203
instanceKlass simrskhanza/frmUtama$202
instanceKlass simrskhanza/frmUtama$201
instanceKlass simrskhanza/frmUtama$200
instanceKlass simrskhanza/frmUtama$199
instanceKlass simrskhanza/frmUtama$198
instanceKlass simrskhanza/frmUtama$197
instanceKlass simrskhanza/frmUtama$196
instanceKlass simrskhanza/frmUtama$195
instanceKlass simrskhanza/frmUtama$194
instanceKlass simrskhanza/frmUtama$193
instanceKlass simrskhanza/frmUtama$192
instanceKlass simrskhanza/frmUtama$191
instanceKlass simrskhanza/frmUtama$190
instanceKlass simrskhanza/frmUtama$189
instanceKlass simrskhanza/frmUtama$188
instanceKlass simrskhanza/frmUtama$187
instanceKlass simrskhanza/frmUtama$186
instanceKlass simrskhanza/frmUtama$185
instanceKlass simrskhanza/frmUtama$184
instanceKlass simrskhanza/frmUtama$183
instanceKlass simrskhanza/frmUtama$182
instanceKlass simrskhanza/frmUtama$181
instanceKlass simrskhanza/frmUtama$180
instanceKlass simrskhanza/frmUtama$179
instanceKlass simrskhanza/frmUtama$178
instanceKlass simrskhanza/frmUtama$177
instanceKlass simrskhanza/frmUtama$176
instanceKlass simrskhanza/frmUtama$175
instanceKlass simrskhanza/frmUtama$174
instanceKlass simrskhanza/frmUtama$173
instanceKlass simrskhanza/frmUtama$172
instanceKlass simrskhanza/frmUtama$171
instanceKlass simrskhanza/frmUtama$170
instanceKlass simrskhanza/frmUtama$169
instanceKlass simrskhanza/frmUtama$168
instanceKlass simrskhanza/frmUtama$167
instanceKlass simrskhanza/frmUtama$166
instanceKlass simrskhanza/frmUtama$165
instanceKlass simrskhanza/frmUtama$164
instanceKlass simrskhanza/frmUtama$163
instanceKlass simrskhanza/frmUtama$162
instanceKlass simrskhanza/frmUtama$161
instanceKlass simrskhanza/frmUtama$160
instanceKlass simrskhanza/frmUtama$159
instanceKlass simrskhanza/frmUtama$158
instanceKlass simrskhanza/frmUtama$157
instanceKlass simrskhanza/frmUtama$156
instanceKlass simrskhanza/frmUtama$155
instanceKlass simrskhanza/frmUtama$154
instanceKlass simrskhanza/frmUtama$153
instanceKlass simrskhanza/frmUtama$152
instanceKlass simrskhanza/frmUtama$151
instanceKlass simrskhanza/frmUtama$150
instanceKlass simrskhanza/frmUtama$149
instanceKlass simrskhanza/frmUtama$148
instanceKlass simrskhanza/frmUtama$147
instanceKlass simrskhanza/frmUtama$146
instanceKlass simrskhanza/frmUtama$145
instanceKlass simrskhanza/frmUtama$144
instanceKlass simrskhanza/frmUtama$143
instanceKlass simrskhanza/frmUtama$142
instanceKlass simrskhanza/frmUtama$141
instanceKlass simrskhanza/frmUtama$140
instanceKlass simrskhanza/frmUtama$139
instanceKlass simrskhanza/frmUtama$138
instanceKlass simrskhanza/frmUtama$137
instanceKlass simrskhanza/frmUtama$136
instanceKlass simrskhanza/frmUtama$135
instanceKlass simrskhanza/frmUtama$134
instanceKlass simrskhanza/frmUtama$133
instanceKlass simrskhanza/frmUtama$132
instanceKlass simrskhanza/frmUtama$131
instanceKlass simrskhanza/frmUtama$130
instanceKlass simrskhanza/frmUtama$129
instanceKlass simrskhanza/frmUtama$128
instanceKlass simrskhanza/frmUtama$127
instanceKlass simrskhanza/frmUtama$126
instanceKlass simrskhanza/frmUtama$125
instanceKlass simrskhanza/frmUtama$124
instanceKlass simrskhanza/frmUtama$123
instanceKlass simrskhanza/frmUtama$122
instanceKlass simrskhanza/frmUtama$121
instanceKlass simrskhanza/frmUtama$120
instanceKlass simrskhanza/frmUtama$119
instanceKlass simrskhanza/frmUtama$118
instanceKlass simrskhanza/frmUtama$117
instanceKlass simrskhanza/frmUtama$116
instanceKlass simrskhanza/frmUtama$115
instanceKlass simrskhanza/frmUtama$114
instanceKlass simrskhanza/frmUtama$113
instanceKlass simrskhanza/frmUtama$112
instanceKlass simrskhanza/frmUtama$111
instanceKlass simrskhanza/frmUtama$110
instanceKlass simrskhanza/frmUtama$109
instanceKlass simrskhanza/frmUtama$108
instanceKlass simrskhanza/frmUtama$107
instanceKlass simrskhanza/frmUtama$106
instanceKlass simrskhanza/frmUtama$105
instanceKlass simrskhanza/frmUtama$104
instanceKlass simrskhanza/frmUtama$103
instanceKlass simrskhanza/frmUtama$102
instanceKlass simrskhanza/frmUtama$101
instanceKlass simrskhanza/frmUtama$100
instanceKlass simrskhanza/frmUtama$99
instanceKlass simrskhanza/frmUtama$98
instanceKlass simrskhanza/frmUtama$97
instanceKlass simrskhanza/frmUtama$96
instanceKlass simrskhanza/frmUtama$95
instanceKlass simrskhanza/frmUtama$94
instanceKlass simrskhanza/frmUtama$93
instanceKlass simrskhanza/frmUtama$92
instanceKlass simrskhanza/frmUtama$91
instanceKlass simrskhanza/frmUtama$90
instanceKlass simrskhanza/frmUtama$89
instanceKlass simrskhanza/frmUtama$88
instanceKlass simrskhanza/frmUtama$87
instanceKlass simrskhanza/frmUtama$86
instanceKlass simrskhanza/frmUtama$85
instanceKlass simrskhanza/frmUtama$84
instanceKlass simrskhanza/frmUtama$83
instanceKlass simrskhanza/frmUtama$82
instanceKlass simrskhanza/frmUtama$81
instanceKlass simrskhanza/frmUtama$80
instanceKlass simrskhanza/frmUtama$79
instanceKlass simrskhanza/frmUtama$78
instanceKlass simrskhanza/frmUtama$77
instanceKlass simrskhanza/frmUtama$76
instanceKlass simrskhanza/frmUtama$75
instanceKlass simrskhanza/frmUtama$74
instanceKlass simrskhanza/frmUtama$73
instanceKlass simrskhanza/frmUtama$72
instanceKlass simrskhanza/frmUtama$71
instanceKlass simrskhanza/frmUtama$70
instanceKlass simrskhanza/frmUtama$69
instanceKlass simrskhanza/frmUtama$68
instanceKlass simrskhanza/frmUtama$67
instanceKlass simrskhanza/frmUtama$66
instanceKlass simrskhanza/frmUtama$65
instanceKlass simrskhanza/frmUtama$64
instanceKlass simrskhanza/frmUtama$63
instanceKlass simrskhanza/frmUtama$62
instanceKlass simrskhanza/frmUtama$61
instanceKlass simrskhanza/frmUtama$60
instanceKlass simrskhanza/frmUtama$59
instanceKlass simrskhanza/frmUtama$58
instanceKlass simrskhanza/frmUtama$57
instanceKlass simrskhanza/frmUtama$56
instanceKlass simrskhanza/frmUtama$55
instanceKlass simrskhanza/frmUtama$54
instanceKlass simrskhanza/frmUtama$53
instanceKlass simrskhanza/frmUtama$52
instanceKlass simrskhanza/frmUtama$51
instanceKlass simrskhanza/frmUtama$50
instanceKlass simrskhanza/frmUtama$49
instanceKlass simrskhanza/frmUtama$48
instanceKlass simrskhanza/frmUtama$47
instanceKlass simrskhanza/frmUtama$46
instanceKlass simrskhanza/frmUtama$45
instanceKlass simrskhanza/frmUtama$44
instanceKlass simrskhanza/frmUtama$43
instanceKlass simrskhanza/frmUtama$42
instanceKlass simrskhanza/frmUtama$41
instanceKlass simrskhanza/frmUtama$40
instanceKlass simrskhanza/frmUtama$39
instanceKlass simrskhanza/frmUtama$38
instanceKlass simrskhanza/frmUtama$37
instanceKlass simrskhanza/frmUtama$36
instanceKlass simrskhanza/frmUtama$35
instanceKlass simrskhanza/frmUtama$34
instanceKlass simrskhanza/frmUtama$33
instanceKlass simrskhanza/frmUtama$32
instanceKlass simrskhanza/frmUtama$31
instanceKlass simrskhanza/frmUtama$30
instanceKlass simrskhanza/frmUtama$29
instanceKlass simrskhanza/frmUtama$28
instanceKlass simrskhanza/frmUtama$27
instanceKlass simrskhanza/frmUtama$26
instanceKlass simrskhanza/frmUtama$25
instanceKlass simrskhanza/frmUtama$24
instanceKlass simrskhanza/frmUtama$23
instanceKlass simrskhanza/frmUtama$22
instanceKlass simrskhanza/frmUtama$21
instanceKlass simrskhanza/frmUtama$20
instanceKlass simrskhanza/frmUtama$19
instanceKlass simrskhanza/frmUtama$18
instanceKlass simrskhanza/frmUtama$17
instanceKlass simrskhanza/frmUtama$16
instanceKlass simrskhanza/frmUtama$15
instanceKlass simrskhanza/frmUtama$14
instanceKlass simrskhanza/frmUtama$13
instanceKlass simrskhanza/frmUtama$12
instanceKlass sun/java2d/pipe/AlphaPaintPipe$TileContext
instanceKlass java/awt/GradientPaintContext
instanceKlass java/awt/PaintContext
instanceKlass java/awt/GradientPaint
instanceKlass sun/awt/image/BufImgSurfaceData$ICMColorData
instanceKlass usu/util/GraphicsUtilities
instanceKlass simrskhanza/frmUtama$11
instanceKlass simrskhanza/frmUtama$9
instanceKlass simrskhanza/frmUtama$8
instanceKlass simrskhanza/frmUtama$7
instanceKlass simrskhanza/frmUtama$6
instanceKlass simrskhanza/frmUtama$4
instanceKlass javax/swing/DebugGraphicsInfo
instanceKlass javax/swing/plaf/basic/BasicMenuBarUI$Handler
instanceKlass java/beans/NameGenerator
instanceKlass java/lang/annotation/Documented
instanceKlass java/lang/Deprecated
instanceKlass java/beans/Transient
instanceKlass java/lang/reflect/TypeVariable
instanceKlass sun/reflect/generics/tree/ClassSignature
instanceKlass sun/reflect/generics/tree/Signature
instanceKlass sun/reflect/generics/tree/FormalTypeParameter
instanceKlass sun/reflect/generics/repository/AbstractRepository
instanceKlass com/sun/beans/WeakCache
instanceKlass com/sun/beans/TypeResolver
instanceKlass com/sun/beans/introspect/MethodInfo$MethodOrder
instanceKlass java/awt/Event
instanceKlass javax/swing/InputVerifier
instanceKlass com/sun/beans/introspect/MethodInfo
instanceKlass com/sun/beans/util/Cache$Ref
instanceKlass com/sun/beans/introspect/ClassInfo
instanceKlass java/beans/Introspector$1
instanceKlass jdk/internal/access/JavaBeansAccess
instanceKlass java/beans/Introspector
instanceKlass java/beans/MethodRef
instanceKlass java/beans/FeatureDescriptor
instanceKlass org/jdesktop/animation/timing/interpolation/KeyInterpolators
instanceKlass org/jdesktop/animation/timing/interpolation/KeyTimes
instanceKlass java/awt/geom/CubicCurve2D
instanceKlass java/awt/geom/QuadCurve2D
instanceKlass java/awt/geom/Line2D
instanceKlass org/jdesktop/animation/timing/interpolation/Evaluator
instanceKlass org/jdesktop/animation/timing/interpolation/KeyValues
instanceKlass org/jdesktop/animation/timing/interpolation/KeyFrames
instanceKlass org/jdesktop/animation/timing/TimingTargetAdapter
instanceKlass org/jdesktop/animation/timing/Animator$TimerTarget
instanceKlass org/jdesktop/animation/timing/interpolation/LinearInterpolator
instanceKlass org/jdesktop/animation/timing/TimingSource
instanceKlass org/jdesktop/animation/timing/interpolation/Interpolator
instanceKlass org/jdesktop/animation/timing/TimingEventListener
instanceKlass org/jdesktop/animation/timing/Animator
instanceKlass org/jdesktop/animation/timing/TimingTarget
instanceKlass bridging/INACBGCariCoderNIK$9
instanceKlass bridging/INACBGCariCoderNIK$7
instanceKlass bridging/INACBGCariCoderNIK$5
instanceKlass bridging/INACBGHybrid$2
instanceKlass bridging/INACBGHybrid$1
instanceKlass bridging/INACBGHybrid$$Lambda$252+0x00000008010abb80
instanceKlass bridging/INACBGHybrid$4
instanceKlass bridging/INACBGPerawatanCorona$24
instanceKlass bridging/INACBGPerawatanCorona$22
instanceKlass bridging/INACBGPerawatanCorona$20
instanceKlass bridging/INACBGPerawatanCorona$17
instanceKlass bridging/INACBGPerawatanCorona$15
instanceKlass bridging/INACBGPerawatanCorona$13
instanceKlass bridging/INACBGPerawatanCorona$11
instanceKlass bridging/INACBGPerawatanCorona$9
instanceKlass bridging/INACBGPerawatanCorona$7
instanceKlass bridging/INACBGPerawatanCorona$4
instanceKlass bridging/INACBGPerawatanCorona$3
instanceKlass simrskhanza/DlgReg$17
instanceKlass simrskhanza/DlgReg$16
instanceKlass simrskhanza/DlgReg$15
instanceKlass simrskhanza/DlgReg$14
instanceKlass simrskhanza/DlgReg$13
instanceKlass simrskhanza/DlgReg$12
instanceKlass simrskhanza/DlgReg$11
instanceKlass simrskhanza/DlgReg$10
instanceKlass simrskhanza/DlgReg$9
instanceKlass simrskhanza/DlgReg$8
instanceKlass simrskhanza/DlgReg$7
instanceKlass simrskhanza/DlgReg$6
instanceKlass simrskhanza/DlgReg$5
instanceKlass simrskhanza/DlgReg$4
instanceKlass simrskhanza/DlgReg$349
instanceKlass simrskhanza/DlgReg$342
instanceKlass simrskhanza/DlgReg$341
instanceKlass simrskhanza/DlgReg$339
instanceKlass simrskhanza/DlgReg$337
instanceKlass simrskhanza/DlgReg$336
instanceKlass simrskhanza/DlgReg$334
instanceKlass simrskhanza/DlgReg$330
instanceKlass simrskhanza/DlgReg$329
instanceKlass simrskhanza/DlgReg$320
instanceKlass simrskhanza/DlgReg$318
instanceKlass simrskhanza/DlgReg$317
instanceKlass simrskhanza/DlgReg$315
instanceKlass simrskhanza/DlgReg$312
instanceKlass simrskhanza/DlgReg$310
instanceKlass simrskhanza/DlgReg$308
instanceKlass simrskhanza/DlgReg$306
instanceKlass simrskhanza/DlgReg$304
instanceKlass simrskhanza/DlgReg$302
instanceKlass simrskhanza/DlgReg$300
instanceKlass simrskhanza/DlgReg$295
instanceKlass simrskhanza/DlgReg$294
instanceKlass simrskhanza/DlgReg$293
instanceKlass simrskhanza/DlgReg$292
instanceKlass simrskhanza/DlgReg$291
instanceKlass simrskhanza/DlgReg$290
instanceKlass simrskhanza/DlgReg$289
instanceKlass simrskhanza/DlgReg$288
instanceKlass simrskhanza/DlgReg$287
instanceKlass simrskhanza/DlgReg$286
instanceKlass simrskhanza/DlgReg$285
instanceKlass simrskhanza/DlgReg$284
instanceKlass simrskhanza/DlgReg$283
instanceKlass simrskhanza/DlgReg$282
instanceKlass simrskhanza/DlgReg$281
instanceKlass simrskhanza/DlgReg$280
instanceKlass simrskhanza/DlgReg$279
instanceKlass simrskhanza/DlgReg$278
instanceKlass simrskhanza/DlgReg$277
instanceKlass simrskhanza/DlgReg$276
instanceKlass simrskhanza/DlgReg$275
instanceKlass simrskhanza/DlgReg$274
instanceKlass simrskhanza/DlgReg$273
instanceKlass simrskhanza/DlgReg$272
instanceKlass simrskhanza/DlgReg$271
instanceKlass simrskhanza/DlgReg$270
instanceKlass simrskhanza/DlgReg$269
instanceKlass simrskhanza/DlgReg$268
instanceKlass simrskhanza/DlgReg$267
instanceKlass simrskhanza/DlgReg$266
instanceKlass simrskhanza/DlgReg$265
instanceKlass simrskhanza/DlgReg$264
instanceKlass simrskhanza/DlgReg$263
instanceKlass simrskhanza/DlgReg$262
instanceKlass simrskhanza/DlgReg$261
instanceKlass simrskhanza/DlgReg$260
instanceKlass simrskhanza/DlgReg$258
instanceKlass simrskhanza/DlgReg$257
instanceKlass simrskhanza/DlgReg$255
instanceKlass simrskhanza/DlgReg$253
instanceKlass simrskhanza/DlgReg$250
instanceKlass simrskhanza/DlgReg$248
instanceKlass simrskhanza/DlgReg$247
instanceKlass simrskhanza/DlgReg$246
instanceKlass simrskhanza/DlgReg$245
instanceKlass simrskhanza/DlgReg$244
instanceKlass simrskhanza/DlgReg$243
instanceKlass simrskhanza/DlgReg$242
instanceKlass simrskhanza/DlgReg$241
instanceKlass simrskhanza/DlgReg$240
instanceKlass simrskhanza/DlgReg$239
instanceKlass simrskhanza/DlgReg$238
instanceKlass simrskhanza/DlgReg$237
instanceKlass simrskhanza/DlgReg$236
instanceKlass simrskhanza/DlgReg$235
instanceKlass simrskhanza/DlgReg$234
instanceKlass simrskhanza/DlgReg$233
instanceKlass simrskhanza/DlgReg$232
instanceKlass simrskhanza/DlgReg$231
instanceKlass simrskhanza/DlgReg$230
instanceKlass simrskhanza/DlgReg$229
instanceKlass simrskhanza/DlgReg$228
instanceKlass simrskhanza/DlgReg$227
instanceKlass simrskhanza/DlgReg$226
instanceKlass simrskhanza/DlgReg$225
instanceKlass simrskhanza/DlgReg$224
instanceKlass simrskhanza/DlgReg$223
instanceKlass simrskhanza/DlgReg$222
instanceKlass simrskhanza/DlgReg$221
instanceKlass simrskhanza/DlgReg$220
instanceKlass simrskhanza/DlgReg$219
instanceKlass simrskhanza/DlgReg$218
instanceKlass simrskhanza/DlgReg$217
instanceKlass simrskhanza/DlgReg$216
instanceKlass simrskhanza/DlgReg$215
instanceKlass simrskhanza/DlgReg$214
instanceKlass simrskhanza/DlgReg$213
instanceKlass simrskhanza/DlgReg$212
instanceKlass simrskhanza/DlgReg$211
instanceKlass simrskhanza/DlgReg$210
instanceKlass simrskhanza/DlgReg$209
instanceKlass simrskhanza/DlgReg$208
instanceKlass simrskhanza/DlgReg$207
instanceKlass simrskhanza/DlgReg$206
instanceKlass simrskhanza/DlgReg$205
instanceKlass simrskhanza/DlgReg$204
instanceKlass simrskhanza/DlgReg$203
instanceKlass simrskhanza/DlgReg$202
instanceKlass simrskhanza/DlgReg$201
instanceKlass simrskhanza/DlgReg$200
instanceKlass simrskhanza/DlgReg$199
instanceKlass simrskhanza/DlgReg$198
instanceKlass simrskhanza/DlgReg$197
instanceKlass simrskhanza/DlgReg$196
instanceKlass simrskhanza/DlgReg$195
instanceKlass simrskhanza/DlgReg$194
instanceKlass simrskhanza/DlgReg$193
instanceKlass simrskhanza/DlgReg$192
instanceKlass simrskhanza/DlgReg$191
instanceKlass simrskhanza/DlgReg$190
instanceKlass simrskhanza/DlgReg$189
instanceKlass simrskhanza/DlgReg$188
instanceKlass simrskhanza/DlgReg$187
instanceKlass simrskhanza/DlgReg$186
instanceKlass simrskhanza/DlgReg$185
instanceKlass simrskhanza/DlgReg$184
instanceKlass simrskhanza/DlgReg$183
instanceKlass simrskhanza/DlgReg$182
instanceKlass simrskhanza/DlgReg$181
instanceKlass simrskhanza/DlgReg$180
instanceKlass simrskhanza/DlgReg$179
instanceKlass simrskhanza/DlgReg$178
instanceKlass simrskhanza/DlgReg$177
instanceKlass simrskhanza/DlgReg$176
instanceKlass simrskhanza/DlgReg$175
instanceKlass simrskhanza/DlgReg$174
instanceKlass simrskhanza/DlgReg$173
instanceKlass simrskhanza/DlgReg$172
instanceKlass simrskhanza/DlgReg$171
instanceKlass simrskhanza/DlgReg$170
instanceKlass simrskhanza/DlgReg$169
instanceKlass simrskhanza/DlgReg$168
instanceKlass simrskhanza/DlgReg$167
instanceKlass simrskhanza/DlgReg$166
instanceKlass simrskhanza/DlgReg$165
instanceKlass simrskhanza/DlgReg$164
instanceKlass simrskhanza/DlgReg$163
instanceKlass simrskhanza/DlgReg$162
instanceKlass simrskhanza/DlgReg$161
instanceKlass simrskhanza/DlgReg$160
instanceKlass simrskhanza/DlgReg$159
instanceKlass simrskhanza/DlgReg$158
instanceKlass simrskhanza/DlgReg$157
instanceKlass simrskhanza/DlgReg$156
instanceKlass simrskhanza/DlgReg$155
instanceKlass simrskhanza/DlgReg$154
instanceKlass simrskhanza/DlgReg$153
instanceKlass simrskhanza/DlgReg$152
instanceKlass simrskhanza/DlgReg$151
instanceKlass simrskhanza/DlgReg$150
instanceKlass simrskhanza/DlgReg$149
instanceKlass simrskhanza/DlgReg$148
instanceKlass simrskhanza/DlgReg$147
instanceKlass simrskhanza/DlgReg$146
instanceKlass simrskhanza/DlgReg$145
instanceKlass simrskhanza/DlgReg$144
instanceKlass simrskhanza/DlgReg$143
instanceKlass simrskhanza/DlgReg$142
instanceKlass simrskhanza/DlgReg$141
instanceKlass simrskhanza/DlgReg$140
instanceKlass simrskhanza/DlgReg$139
instanceKlass simrskhanza/DlgReg$138
instanceKlass simrskhanza/DlgReg$137
instanceKlass simrskhanza/DlgReg$136
instanceKlass simrskhanza/DlgReg$135
instanceKlass simrskhanza/DlgReg$134
instanceKlass simrskhanza/DlgReg$133
instanceKlass simrskhanza/DlgReg$132
instanceKlass simrskhanza/DlgReg$131
instanceKlass simrskhanza/DlgReg$130
instanceKlass simrskhanza/DlgReg$129
instanceKlass simrskhanza/DlgReg$128
instanceKlass simrskhanza/DlgReg$127
instanceKlass simrskhanza/DlgReg$126
instanceKlass simrskhanza/DlgReg$125
instanceKlass simrskhanza/DlgReg$124
instanceKlass simrskhanza/DlgReg$123
instanceKlass simrskhanza/DlgReg$122
instanceKlass simrskhanza/DlgReg$121
instanceKlass simrskhanza/DlgReg$120
instanceKlass simrskhanza/DlgReg$119
instanceKlass simrskhanza/DlgReg$118
instanceKlass simrskhanza/DlgReg$117
instanceKlass simrskhanza/DlgReg$116
instanceKlass simrskhanza/DlgReg$115
instanceKlass simrskhanza/DlgReg$114
instanceKlass simrskhanza/DlgReg$113
instanceKlass simrskhanza/DlgReg$112
instanceKlass simrskhanza/DlgReg$111
instanceKlass simrskhanza/DlgReg$110
instanceKlass simrskhanza/DlgReg$109
instanceKlass simrskhanza/DlgReg$108
instanceKlass simrskhanza/DlgReg$107
instanceKlass simrskhanza/DlgReg$106
instanceKlass simrskhanza/DlgReg$105
instanceKlass simrskhanza/DlgReg$104
instanceKlass simrskhanza/DlgReg$103
instanceKlass simrskhanza/DlgReg$102
instanceKlass simrskhanza/DlgReg$101
instanceKlass simrskhanza/DlgReg$100
instanceKlass simrskhanza/DlgReg$99
instanceKlass simrskhanza/DlgReg$98
instanceKlass simrskhanza/DlgReg$97
instanceKlass simrskhanza/DlgReg$96
instanceKlass simrskhanza/DlgReg$95
instanceKlass simrskhanza/DlgReg$94
instanceKlass simrskhanza/DlgReg$93
instanceKlass simrskhanza/DlgReg$92
instanceKlass simrskhanza/DlgReg$91
instanceKlass simrskhanza/DlgReg$90
instanceKlass simrskhanza/DlgReg$89
instanceKlass simrskhanza/DlgReg$88
instanceKlass simrskhanza/DlgReg$87
instanceKlass simrskhanza/DlgReg$86
instanceKlass simrskhanza/DlgReg$85
instanceKlass simrskhanza/DlgReg$84
instanceKlass simrskhanza/DlgReg$83
instanceKlass simrskhanza/DlgReg$82
instanceKlass simrskhanza/DlgReg$81
instanceKlass simrskhanza/DlgReg$80
instanceKlass simrskhanza/DlgReg$79
instanceKlass simrskhanza/DlgReg$78
instanceKlass simrskhanza/DlgReg$77
instanceKlass simrskhanza/DlgReg$76
instanceKlass simrskhanza/DlgReg$75
instanceKlass simrskhanza/DlgReg$74
instanceKlass simrskhanza/DlgReg$73
instanceKlass simrskhanza/DlgReg$72
instanceKlass simrskhanza/DlgReg$71
instanceKlass simrskhanza/DlgReg$70
instanceKlass simrskhanza/DlgReg$69
instanceKlass simrskhanza/DlgReg$68
instanceKlass simrskhanza/DlgReg$67
instanceKlass simrskhanza/DlgReg$66
instanceKlass simrskhanza/DlgReg$65
instanceKlass simrskhanza/DlgReg$64
instanceKlass simrskhanza/DlgReg$63
instanceKlass simrskhanza/DlgReg$62
instanceKlass simrskhanza/DlgReg$61
instanceKlass simrskhanza/DlgReg$60
instanceKlass simrskhanza/DlgReg$59
instanceKlass simrskhanza/DlgReg$58
instanceKlass simrskhanza/DlgReg$57
instanceKlass simrskhanza/DlgReg$56
instanceKlass simrskhanza/DlgReg$55
instanceKlass simrskhanza/DlgReg$54
instanceKlass simrskhanza/DlgReg$53
instanceKlass simrskhanza/DlgReg$52
instanceKlass simrskhanza/DlgReg$51
instanceKlass simrskhanza/DlgReg$50
instanceKlass simrskhanza/DlgReg$49
instanceKlass simrskhanza/DlgReg$48
instanceKlass simrskhanza/DlgReg$47
instanceKlass simrskhanza/DlgReg$46
instanceKlass simrskhanza/DlgReg$45
instanceKlass simrskhanza/DlgReg$44
instanceKlass simrskhanza/DlgReg$43
instanceKlass simrskhanza/DlgReg$42
instanceKlass simrskhanza/DlgReg$41
instanceKlass simrskhanza/DlgReg$40
instanceKlass simrskhanza/DlgReg$39
instanceKlass simrskhanza/DlgReg$38
instanceKlass simrskhanza/DlgReg$37
instanceKlass simrskhanza/DlgReg$36
instanceKlass simrskhanza/DlgReg$35
instanceKlass simrskhanza/DlgReg$34
instanceKlass simrskhanza/DlgReg$33
instanceKlass simrskhanza/DlgReg$32
instanceKlass simrskhanza/DlgReg$31
instanceKlass simrskhanza/DlgReg$30
instanceKlass simrskhanza/DlgReg$29
instanceKlass simrskhanza/DlgReg$28
instanceKlass simrskhanza/DlgReg$27
instanceKlass simrskhanza/DlgReg$26
instanceKlass simrskhanza/DlgReg$25
instanceKlass simrskhanza/DlgReg$24
instanceKlass simrskhanza/DlgReg$23
instanceKlass simrskhanza/DlgReg$22
instanceKlass simrskhanza/DlgReg$21
instanceKlass simrskhanza/DlgReg$20
instanceKlass simrskhanza/DlgReg$19
instanceKlass simrskhanza/DlgReg$18
instanceKlass simrskhanza/DlgRujukMasuk$4
instanceKlass simrskhanza/DlgRujukMasuk$45
instanceKlass simrskhanza/DlgRujukMasuk$40
instanceKlass simrskhanza/DlgRujukMasuk$35
instanceKlass simrskhanza/DlgRujukMasuk$33
instanceKlass simrskhanza/DlgRujukMasuk$30
instanceKlass simrskhanza/DlgRujukMasuk$28
instanceKlass simrskhanza/DlgRujukMasuk$26
instanceKlass simrskhanza/DlgRujukMasuk$24
instanceKlass simrskhanza/DlgRujukMasuk$22
instanceKlass simrskhanza/DlgRujukMasuk$20
instanceKlass simrskhanza/DlgRujukMasuk$18
instanceKlass simrskhanza/DlgRujukMasuk$15
instanceKlass simrskhanza/DlgRujukMasuk$14
instanceKlass simrskhanza/DlgRujukMasuk$13
instanceKlass simrskhanza/DlgRujukMasuk$12
instanceKlass simrskhanza/DlgRujukMasuk$10
instanceKlass simrskhanza/DlgRujukMasuk$8
instanceKlass laporan/DlgCariPenyakit$12
instanceKlass laporan/DlgCariPenyakit$11
instanceKlass laporan/DlgCariPenyakit$9
instanceKlass laporan/DlgCariPenyakit$7
instanceKlass laporan/DlgPenyakit$32
instanceKlass laporan/DlgPenyakit$28
instanceKlass laporan/DlgPenyakit$21
instanceKlass laporan/DlgPenyakit$19
instanceKlass laporan/DlgPenyakit$16
instanceKlass laporan/DlgPenyakit$14
instanceKlass laporan/DlgPenyakit$12
instanceKlass laporan/DlgPenyakit$10
instanceKlass laporan/DlgPenyakit$8
instanceKlass laporan/DlgPenyakit$6
instanceKlass laporan/DlgKtgPenyakit$21
instanceKlass laporan/DlgKtgPenyakit$19
instanceKlass laporan/DlgKtgPenyakit$16
instanceKlass laporan/DlgKtgPenyakit$14
instanceKlass laporan/DlgKtgPenyakit$12
instanceKlass laporan/DlgKtgPenyakit$10
instanceKlass laporan/DlgKtgPenyakit$8
instanceKlass laporan/DlgKtgPenyakit$6
instanceKlass simrskhanza/DlgCariPoli2$12
instanceKlass simrskhanza/DlgCariPoli2$11
instanceKlass simrskhanza/DlgCariPoli2$9
instanceKlass simrskhanza/DlgCariPoli2$7
instanceKlass kepegawaian/DlgCariDokter2$12
instanceKlass kepegawaian/DlgCariDokter2$11
instanceKlass kepegawaian/DlgCariDokter2$9
instanceKlass kepegawaian/DlgCariDokter2$7
instanceKlass simrskhanza/DlgPasien$42
instanceKlass simrskhanza/DlgPasien$41
instanceKlass simrskhanza/DlgPasien$40
instanceKlass simrskhanza/DlgPasien$39
instanceKlass simrskhanza/DlgPasien$38
instanceKlass simrskhanza/DlgPasien$37
instanceKlass simrskhanza/DlgPasien$36
instanceKlass simrskhanza/DlgPasien$35
instanceKlass simrskhanza/DlgPasien$34
instanceKlass simrskhanza/DlgPasien$33
instanceKlass simrskhanza/DlgPasien$32
instanceKlass simrskhanza/DlgPasien$31
instanceKlass simrskhanza/DlgPasien$30
instanceKlass simrskhanza/DlgPasien$29
instanceKlass simrskhanza/DlgPasien$28
instanceKlass simrskhanza/DlgPasien$27
instanceKlass simrskhanza/DlgPasien$26
instanceKlass simrskhanza/DlgPasien$25
instanceKlass simrskhanza/DlgPasien$24
instanceKlass simrskhanza/DlgPasien$23
instanceKlass simrskhanza/DlgPasien$22
instanceKlass simrskhanza/DlgPasien$21
instanceKlass simrskhanza/DlgPasien$20
instanceKlass simrskhanza/DlgPasien$19
instanceKlass simrskhanza/DlgPasien$18
instanceKlass simrskhanza/DlgPasien$17
instanceKlass simrskhanza/DlgPasien$16
instanceKlass simrskhanza/DlgPasien$15
instanceKlass simrskhanza/DlgPasien$14
instanceKlass simrskhanza/DlgPasien$13
instanceKlass simrskhanza/DlgPasien$12
instanceKlass simrskhanza/DlgPasien$11
instanceKlass simrskhanza/DlgPasien$10
instanceKlass simrskhanza/DlgPasien$9
instanceKlass simrskhanza/DlgPasien$8
instanceKlass simrskhanza/DlgPasien$7
instanceKlass simrskhanza/DlgPasien$6
instanceKlass simrskhanza/DlgPasien$5
instanceKlass simrskhanza/DlgPasien$234
instanceKlass simrskhanza/DlgPasien$233
instanceKlass simrskhanza/DlgPasien$232
instanceKlass simrskhanza/DlgPasien$231
instanceKlass simrskhanza/DlgPasien$223
instanceKlass simrskhanza/DlgPasien$219
instanceKlass simrskhanza/DlgPasien$218
instanceKlass simrskhanza/DlgPasien$211
instanceKlass simrskhanza/DlgPasien$210
instanceKlass simrskhanza/DlgPasien$209
instanceKlass simrskhanza/DlgPasien$208
instanceKlass simrskhanza/DlgPasien$207
instanceKlass simrskhanza/DlgPasien$206
instanceKlass simrskhanza/DlgPasien$205
instanceKlass simrskhanza/DlgPasien$204
instanceKlass simrskhanza/DlgPasien$203
instanceKlass simrskhanza/DlgPasien$202
instanceKlass simrskhanza/DlgPasien$201
instanceKlass simrskhanza/DlgPasien$199
instanceKlass simrskhanza/DlgPasien$197
instanceKlass simrskhanza/DlgPasien$195
instanceKlass simrskhanza/DlgPasien$191
instanceKlass simrskhanza/DlgPasien$190
instanceKlass simrskhanza/DlgPasien$185
instanceKlass simrskhanza/DlgPasien$184
instanceKlass simrskhanza/DlgPasien$180
instanceKlass simrskhanza/DlgPasien$171
instanceKlass simrskhanza/DlgPasien$170
instanceKlass simrskhanza/DlgPasien$169
instanceKlass simrskhanza/DlgPasien$168
instanceKlass simrskhanza/DlgPasien$158
instanceKlass simrskhanza/DlgPasien$151
instanceKlass simrskhanza/DlgPasien$150
instanceKlass simrskhanza/DlgPasien$141
instanceKlass simrskhanza/DlgPasien$134
instanceKlass simrskhanza/DlgPasien$130
instanceKlass simrskhanza/DlgPasien$128
instanceKlass simrskhanza/DlgPasien$126
instanceKlass simrskhanza/DlgPasien$124
instanceKlass simrskhanza/DlgPasien$122
instanceKlass simrskhanza/DlgPasien$120
instanceKlass simrskhanza/DlgPasien$118
instanceKlass simrskhanza/DlgPasien$114
instanceKlass simrskhanza/DlgPasien$112
instanceKlass simrskhanza/DlgPasien$111
instanceKlass simrskhanza/DlgPasien$110
instanceKlass simrskhanza/DlgPasien$109
instanceKlass simrskhanza/DlgPasien$108
instanceKlass simrskhanza/DlgPasien$107
instanceKlass simrskhanza/DlgPasien$106
instanceKlass simrskhanza/DlgPasien$104
instanceKlass simrskhanza/DlgPasien$103
instanceKlass simrskhanza/DlgPasien$102
instanceKlass simrskhanza/DlgPasien$101
instanceKlass simrskhanza/DlgPasien$100
instanceKlass simrskhanza/DlgPasien$99
instanceKlass simrskhanza/DlgPasien$98
instanceKlass simrskhanza/DlgPasien$97
instanceKlass simrskhanza/DlgPasien$96
instanceKlass simrskhanza/DlgPasien$95
instanceKlass simrskhanza/DlgPasien$94
instanceKlass simrskhanza/DlgPasien$93
instanceKlass simrskhanza/DlgPasien$92
instanceKlass simrskhanza/DlgPasien$91
instanceKlass simrskhanza/DlgPasien$90
instanceKlass simrskhanza/DlgPasien$89
instanceKlass simrskhanza/DlgPasien$88
instanceKlass simrskhanza/DlgPasien$87
instanceKlass simrskhanza/DlgPasien$86
instanceKlass simrskhanza/DlgPasien$85
instanceKlass simrskhanza/DlgPasien$84
instanceKlass simrskhanza/DlgPasien$83
instanceKlass simrskhanza/DlgPasien$82
instanceKlass simrskhanza/DlgPasien$81
instanceKlass simrskhanza/DlgPasien$80
instanceKlass simrskhanza/DlgPasien$79
instanceKlass simrskhanza/DlgPasien$78
instanceKlass simrskhanza/DlgPasien$77
instanceKlass simrskhanza/DlgPasien$76
instanceKlass simrskhanza/DlgPasien$75
instanceKlass simrskhanza/DlgPasien$74
instanceKlass simrskhanza/DlgPasien$73
instanceKlass simrskhanza/DlgPasien$72
instanceKlass simrskhanza/DlgPasien$71
instanceKlass simrskhanza/DlgPasien$70
instanceKlass simrskhanza/DlgPasien$69
instanceKlass simrskhanza/DlgPasien$68
instanceKlass simrskhanza/DlgPasien$67
instanceKlass simrskhanza/DlgPasien$66
instanceKlass simrskhanza/DlgPasien$65
instanceKlass simrskhanza/DlgPasien$64
instanceKlass simrskhanza/DlgPasien$63
instanceKlass simrskhanza/DlgPasien$62
instanceKlass simrskhanza/DlgPasien$61
instanceKlass simrskhanza/DlgPasien$60
instanceKlass simrskhanza/DlgPasien$59
instanceKlass simrskhanza/DlgPasien$58
instanceKlass simrskhanza/DlgPasien$57
instanceKlass simrskhanza/DlgPasien$56
instanceKlass simrskhanza/DlgPasien$55
instanceKlass simrskhanza/DlgPasien$54
instanceKlass simrskhanza/DlgPasien$53
instanceKlass simrskhanza/DlgPasien$52
instanceKlass simrskhanza/DlgPasien$51
instanceKlass simrskhanza/DlgPasien$50
instanceKlass simrskhanza/DlgPasien$49
instanceKlass simrskhanza/DlgPasien$48
instanceKlass simrskhanza/DlgPasien$47
instanceKlass simrskhanza/DlgPasien$46
instanceKlass simrskhanza/DlgPasien$45
instanceKlass simrskhanza/DlgPasien$44
instanceKlass simrskhanza/DlgPasien$43
instanceKlass bridging/YaskiReferensiKelurahan$4
instanceKlass bridging/YaskiReferensiKelurahan$3
instanceKlass bridging/YaskiReferensiKelurahan$9
instanceKlass bridging/YaskiReferensiKelurahan$8
instanceKlass bridging/YaskiReferensiKelurahan$6
instanceKlass bridging/YaskiReferensiKecamatan$4
instanceKlass bridging/YaskiReferensiKecamatan$3
instanceKlass bridging/YaskiReferensiKecamatan$9
instanceKlass bridging/YaskiReferensiKecamatan$8
instanceKlass bridging/YaskiReferensiKecamatan$6
instanceKlass bridging/YaskiReferensiKabupaten$4
instanceKlass bridging/YaskiReferensiKabupaten$3
instanceKlass bridging/YaskiReferensiKabupaten$9
instanceKlass bridging/YaskiReferensiKabupaten$8
instanceKlass bridging/YaskiReferensiKabupaten$6
instanceKlass bridging/YaskiReferensiPropinsi$6
instanceKlass bridging/YaskiReferensiPropinsi$4
instanceKlass simrskhanza/DlgJabatanPolri$18
instanceKlass simrskhanza/DlgJabatanPolri$16
instanceKlass simrskhanza/DlgJabatanPolri$14
instanceKlass simrskhanza/DlgJabatanPolri$12
instanceKlass simrskhanza/DlgJabatanPolri$10
instanceKlass simrskhanza/DlgJabatanPolri$8
instanceKlass simrskhanza/DlgPangkatPolri$18
instanceKlass simrskhanza/DlgPangkatPolri$16
instanceKlass simrskhanza/DlgPangkatPolri$14
instanceKlass simrskhanza/DlgPangkatPolri$12
instanceKlass simrskhanza/DlgPangkatPolri$10
instanceKlass simrskhanza/DlgPangkatPolri$8
instanceKlass simrskhanza/DlgSatuanPolri$18
instanceKlass simrskhanza/DlgSatuanPolri$16
instanceKlass simrskhanza/DlgSatuanPolri$14
instanceKlass simrskhanza/DlgSatuanPolri$12
instanceKlass simrskhanza/DlgSatuanPolri$10
instanceKlass simrskhanza/DlgSatuanPolri$8
instanceKlass simrskhanza/DlgGolonganPolri$18
instanceKlass simrskhanza/DlgGolonganPolri$16
instanceKlass simrskhanza/DlgGolonganPolri$14
instanceKlass simrskhanza/DlgGolonganPolri$12
instanceKlass simrskhanza/DlgGolonganPolri$10
instanceKlass simrskhanza/DlgGolonganPolri$8
instanceKlass simrskhanza/DlgJabatanTNI$18
instanceKlass simrskhanza/DlgJabatanTNI$16
instanceKlass simrskhanza/DlgJabatanTNI$14
instanceKlass simrskhanza/DlgJabatanTNI$12
instanceKlass simrskhanza/DlgJabatanTNI$10
instanceKlass simrskhanza/DlgJabatanTNI$8
instanceKlass simrskhanza/DlgPangkatTNI$18
instanceKlass simrskhanza/DlgPangkatTNI$16
instanceKlass simrskhanza/DlgPangkatTNI$14
instanceKlass simrskhanza/DlgPangkatTNI$12
instanceKlass simrskhanza/DlgPangkatTNI$10
instanceKlass simrskhanza/DlgPangkatTNI$8
instanceKlass simrskhanza/DlgSatuanTNI$18
instanceKlass simrskhanza/DlgSatuanTNI$16
instanceKlass simrskhanza/DlgSatuanTNI$14
instanceKlass simrskhanza/DlgSatuanTNI$12
instanceKlass simrskhanza/DlgSatuanTNI$10
instanceKlass simrskhanza/DlgSatuanTNI$8
instanceKlass simrskhanza/DlgGolonganTNI$18
instanceKlass simrskhanza/DlgGolonganTNI$16
instanceKlass simrskhanza/DlgGolonganTNI$14
instanceKlass simrskhanza/DlgGolonganTNI$12
instanceKlass simrskhanza/DlgGolonganTNI$10
instanceKlass simrskhanza/DlgGolonganTNI$8
instanceKlass simrskhanza/DlgCariSuku$12
instanceKlass simrskhanza/DlgCariSuku$11
instanceKlass simrskhanza/DlgCariSuku$9
instanceKlass simrskhanza/DlgCariSuku$7
instanceKlass simrskhanza/DlgCariCacatFisik$12
instanceKlass simrskhanza/DlgCariCacatFisik$11
instanceKlass simrskhanza/DlgCariCacatFisik$9
instanceKlass simrskhanza/DlgCariCacatFisik$7
instanceKlass simrskhanza/DlgCariBahasa$12
instanceKlass simrskhanza/DlgCariBahasa$11
instanceKlass simrskhanza/DlgCariBahasa$9
instanceKlass simrskhanza/DlgCariBahasa$7
instanceKlass simrskhanza/DlgCariPerusahaan$12
instanceKlass simrskhanza/DlgCariPerusahaan$11
instanceKlass simrskhanza/DlgCariPerusahaan$9
instanceKlass simrskhanza/DlgCariPerusahaan$7
instanceKlass simrskhanza/DlgKelurahan$18
instanceKlass simrskhanza/DlgKelurahan$16
instanceKlass simrskhanza/DlgKelurahan$14
instanceKlass simrskhanza/DlgKelurahan$12
instanceKlass simrskhanza/DlgKelurahan$10
instanceKlass simrskhanza/DlgKelurahan$8
instanceKlass simrskhanza/DlgKecamatan$18
instanceKlass simrskhanza/DlgKecamatan$16
instanceKlass simrskhanza/DlgKecamatan$14
instanceKlass simrskhanza/DlgKecamatan$12
instanceKlass simrskhanza/DlgKecamatan$10
instanceKlass simrskhanza/DlgKecamatan$8
instanceKlass simrskhanza/DlgPropinsi$18
instanceKlass simrskhanza/DlgPropinsi$16
instanceKlass simrskhanza/DlgPropinsi$14
instanceKlass simrskhanza/DlgPropinsi$12
instanceKlass simrskhanza/DlgPropinsi$10
instanceKlass simrskhanza/DlgPropinsi$8
instanceKlass simrskhanza/DlgKabupaten$18
instanceKlass simrskhanza/DlgKabupaten$16
instanceKlass simrskhanza/DlgKabupaten$14
instanceKlass simrskhanza/DlgKabupaten$12
instanceKlass simrskhanza/DlgKabupaten$10
instanceKlass simrskhanza/DlgKabupaten$8
instanceKlass org/jfree/data/general/PieDataset
instanceKlass org/jfree/data/KeyedValues
instanceKlass org/jfree/data/Values
instanceKlass org/jfree/data/category/CategoryDataset
instanceKlass org/jfree/data/general/Dataset
instanceKlass org/jfree/data/KeyedValues2D
instanceKlass org/jfree/data/Values2D
instanceKlass simrskhanza/DlgKasirRalan$10
instanceKlass simrskhanza/DlgKasirRalan$9
instanceKlass simrskhanza/DlgKasirRalan$8
instanceKlass simrskhanza/DlgKasirRalan$7
instanceKlass simrskhanza/DlgKasirRalan$6
instanceKlass simrskhanza/DlgKasirRalan$5
instanceKlass simrskhanza/DlgKasirRalan$335
instanceKlass simrskhanza/DlgKasirRalan$333
instanceKlass simrskhanza/DlgKasirRalan$331
instanceKlass simrskhanza/DlgKasirRalan$329
instanceKlass simrskhanza/DlgKasirRalan$327
instanceKlass simrskhanza/DlgKasirRalan$325
instanceKlass simrskhanza/DlgKasirRalan$322
instanceKlass simrskhanza/DlgKasirRalan$313
instanceKlass simrskhanza/DlgKasirRalan$312
instanceKlass simrskhanza/DlgKasirRalan$311
instanceKlass simrskhanza/DlgKasirRalan$310
instanceKlass simrskhanza/DlgKasirRalan$308
instanceKlass simrskhanza/DlgKasirRalan$306
instanceKlass simrskhanza/DlgKasirRalan$304
instanceKlass simrskhanza/DlgKasirRalan$302
instanceKlass simrskhanza/DlgKasirRalan$300
instanceKlass simrskhanza/DlgKasirRalan$299
instanceKlass simrskhanza/DlgKasirRalan$298
instanceKlass simrskhanza/DlgKasirRalan$297
instanceKlass simrskhanza/DlgKasirRalan$296
instanceKlass simrskhanza/DlgKasirRalan$295
instanceKlass simrskhanza/DlgKasirRalan$294
instanceKlass simrskhanza/DlgKasirRalan$293
instanceKlass simrskhanza/DlgKasirRalan$290
instanceKlass simrskhanza/DlgKasirRalan$289
instanceKlass simrskhanza/DlgKasirRalan$288
instanceKlass simrskhanza/DlgKasirRalan$287
instanceKlass simrskhanza/DlgKasirRalan$286
instanceKlass simrskhanza/DlgKasirRalan$285
instanceKlass simrskhanza/DlgKasirRalan$284
instanceKlass simrskhanza/DlgKasirRalan$283
instanceKlass simrskhanza/DlgKasirRalan$282
instanceKlass simrskhanza/DlgKasirRalan$281
instanceKlass simrskhanza/DlgKasirRalan$280
instanceKlass simrskhanza/DlgKasirRalan$279
instanceKlass simrskhanza/DlgKasirRalan$278
instanceKlass simrskhanza/DlgKasirRalan$277
instanceKlass simrskhanza/DlgKasirRalan$276
instanceKlass simrskhanza/DlgKasirRalan$275
instanceKlass simrskhanza/DlgKasirRalan$274
instanceKlass simrskhanza/DlgKasirRalan$273
instanceKlass simrskhanza/DlgKasirRalan$272
instanceKlass simrskhanza/DlgKasirRalan$271
instanceKlass simrskhanza/DlgKasirRalan$270
instanceKlass simrskhanza/DlgKasirRalan$269
instanceKlass simrskhanza/DlgKasirRalan$268
instanceKlass simrskhanza/DlgKasirRalan$267
instanceKlass simrskhanza/DlgKasirRalan$266
instanceKlass simrskhanza/DlgKasirRalan$265
instanceKlass simrskhanza/DlgKasirRalan$264
instanceKlass simrskhanza/DlgKasirRalan$263
instanceKlass simrskhanza/DlgKasirRalan$262
instanceKlass simrskhanza/DlgKasirRalan$261
instanceKlass simrskhanza/DlgKasirRalan$260
instanceKlass simrskhanza/DlgKasirRalan$259
instanceKlass simrskhanza/DlgKasirRalan$258
instanceKlass simrskhanza/DlgKasirRalan$257
instanceKlass simrskhanza/DlgKasirRalan$256
instanceKlass simrskhanza/DlgKasirRalan$255
instanceKlass simrskhanza/DlgKasirRalan$254
instanceKlass simrskhanza/DlgKasirRalan$253
instanceKlass simrskhanza/DlgKasirRalan$252
instanceKlass simrskhanza/DlgKasirRalan$251
instanceKlass simrskhanza/DlgKasirRalan$249
instanceKlass simrskhanza/DlgKasirRalan$248
instanceKlass simrskhanza/DlgKasirRalan$247
instanceKlass simrskhanza/DlgKasirRalan$245
instanceKlass simrskhanza/DlgKasirRalan$244
instanceKlass simrskhanza/DlgKasirRalan$242
instanceKlass simrskhanza/DlgKasirRalan$239
instanceKlass simrskhanza/DlgKasirRalan$237
instanceKlass simrskhanza/DlgKasirRalan$235
instanceKlass simrskhanza/DlgKasirRalan$233
instanceKlass simrskhanza/DlgKasirRalan$231
instanceKlass simrskhanza/DlgKasirRalan$228
instanceKlass simrskhanza/DlgKasirRalan$227
instanceKlass simrskhanza/DlgKasirRalan$226
instanceKlass simrskhanza/DlgKasirRalan$225
instanceKlass simrskhanza/DlgKasirRalan$224
instanceKlass simrskhanza/DlgKasirRalan$223
instanceKlass simrskhanza/DlgKasirRalan$222
instanceKlass simrskhanza/DlgKasirRalan$221
instanceKlass simrskhanza/DlgKasirRalan$220
instanceKlass simrskhanza/DlgKasirRalan$219
instanceKlass simrskhanza/DlgKasirRalan$218
instanceKlass simrskhanza/DlgKasirRalan$217
instanceKlass simrskhanza/DlgKasirRalan$216
instanceKlass simrskhanza/DlgKasirRalan$215
instanceKlass simrskhanza/DlgKasirRalan$214
instanceKlass simrskhanza/DlgKasirRalan$213
instanceKlass simrskhanza/DlgKasirRalan$212
instanceKlass simrskhanza/DlgKasirRalan$211
instanceKlass simrskhanza/DlgKasirRalan$210
instanceKlass simrskhanza/DlgKasirRalan$209
instanceKlass simrskhanza/DlgKasirRalan$208
instanceKlass simrskhanza/DlgKasirRalan$207
instanceKlass simrskhanza/DlgKasirRalan$206
instanceKlass simrskhanza/DlgKasirRalan$205
instanceKlass simrskhanza/DlgKasirRalan$204
instanceKlass simrskhanza/DlgKasirRalan$203
instanceKlass simrskhanza/DlgKasirRalan$202
instanceKlass simrskhanza/DlgKasirRalan$201
instanceKlass simrskhanza/DlgKasirRalan$200
instanceKlass simrskhanza/DlgKasirRalan$199
instanceKlass simrskhanza/DlgKasirRalan$198
instanceKlass simrskhanza/DlgKasirRalan$197
instanceKlass simrskhanza/DlgKasirRalan$196
instanceKlass simrskhanza/DlgKasirRalan$195
instanceKlass simrskhanza/DlgKasirRalan$194
instanceKlass simrskhanza/DlgKasirRalan$193
instanceKlass simrskhanza/DlgKasirRalan$192
instanceKlass simrskhanza/DlgKasirRalan$191
instanceKlass simrskhanza/DlgKasirRalan$190
instanceKlass simrskhanza/DlgKasirRalan$189
instanceKlass simrskhanza/DlgKasirRalan$188
instanceKlass simrskhanza/DlgKasirRalan$187
instanceKlass simrskhanza/DlgKasirRalan$186
instanceKlass simrskhanza/DlgKasirRalan$185
instanceKlass simrskhanza/DlgKasirRalan$184
instanceKlass simrskhanza/DlgKasirRalan$183
instanceKlass simrskhanza/DlgKasirRalan$182
instanceKlass simrskhanza/DlgKasirRalan$181
instanceKlass simrskhanza/DlgKasirRalan$180
instanceKlass simrskhanza/DlgKasirRalan$179
instanceKlass simrskhanza/DlgKasirRalan$178
instanceKlass simrskhanza/DlgKasirRalan$177
instanceKlass simrskhanza/DlgKasirRalan$176
instanceKlass simrskhanza/DlgKasirRalan$175
instanceKlass simrskhanza/DlgKasirRalan$174
instanceKlass simrskhanza/DlgKasirRalan$173
instanceKlass simrskhanza/DlgKasirRalan$172
instanceKlass simrskhanza/DlgKasirRalan$171
instanceKlass simrskhanza/DlgKasirRalan$170
instanceKlass simrskhanza/DlgKasirRalan$169
instanceKlass simrskhanza/DlgKasirRalan$168
instanceKlass simrskhanza/DlgKasirRalan$167
instanceKlass simrskhanza/DlgKasirRalan$166
instanceKlass simrskhanza/DlgKasirRalan$165
instanceKlass simrskhanza/DlgKasirRalan$164
instanceKlass simrskhanza/DlgKasirRalan$163
instanceKlass simrskhanza/DlgKasirRalan$162
instanceKlass simrskhanza/DlgKasirRalan$161
instanceKlass simrskhanza/DlgKasirRalan$160
instanceKlass simrskhanza/DlgKasirRalan$159
instanceKlass simrskhanza/DlgKasirRalan$158
instanceKlass simrskhanza/DlgKasirRalan$157
instanceKlass simrskhanza/DlgKasirRalan$156
instanceKlass simrskhanza/DlgKasirRalan$155
instanceKlass simrskhanza/DlgKasirRalan$154
instanceKlass simrskhanza/DlgKasirRalan$153
instanceKlass simrskhanza/DlgKasirRalan$152
instanceKlass simrskhanza/DlgKasirRalan$151
instanceKlass simrskhanza/DlgKasirRalan$150
instanceKlass simrskhanza/DlgKasirRalan$149
instanceKlass simrskhanza/DlgKasirRalan$148
instanceKlass simrskhanza/DlgKasirRalan$147
instanceKlass simrskhanza/DlgKasirRalan$146
instanceKlass simrskhanza/DlgKasirRalan$145
instanceKlass simrskhanza/DlgKasirRalan$144
instanceKlass simrskhanza/DlgKasirRalan$143
instanceKlass simrskhanza/DlgKasirRalan$142
instanceKlass simrskhanza/DlgKasirRalan$141
instanceKlass simrskhanza/DlgKasirRalan$140
instanceKlass simrskhanza/DlgKasirRalan$139
instanceKlass simrskhanza/DlgKasirRalan$138
instanceKlass simrskhanza/DlgKasirRalan$137
instanceKlass simrskhanza/DlgKasirRalan$136
instanceKlass simrskhanza/DlgKasirRalan$135
instanceKlass simrskhanza/DlgKasirRalan$134
instanceKlass simrskhanza/DlgKasirRalan$133
instanceKlass simrskhanza/DlgKasirRalan$132
instanceKlass simrskhanza/DlgKasirRalan$131
instanceKlass simrskhanza/DlgKasirRalan$130
instanceKlass simrskhanza/DlgKasirRalan$129
instanceKlass simrskhanza/DlgKasirRalan$128
instanceKlass simrskhanza/DlgKasirRalan$127
instanceKlass simrskhanza/DlgKasirRalan$126
instanceKlass simrskhanza/DlgKasirRalan$125
instanceKlass simrskhanza/DlgKasirRalan$124
instanceKlass simrskhanza/DlgKasirRalan$123
instanceKlass simrskhanza/DlgKasirRalan$122
instanceKlass simrskhanza/DlgKasirRalan$121
instanceKlass simrskhanza/DlgKasirRalan$120
instanceKlass simrskhanza/DlgKasirRalan$119
instanceKlass simrskhanza/DlgKasirRalan$118
instanceKlass simrskhanza/DlgKasirRalan$117
instanceKlass simrskhanza/DlgKasirRalan$116
instanceKlass simrskhanza/DlgKasirRalan$115
instanceKlass simrskhanza/DlgKasirRalan$114
instanceKlass simrskhanza/DlgKasirRalan$113
instanceKlass simrskhanza/DlgKasirRalan$112
instanceKlass simrskhanza/DlgKasirRalan$111
instanceKlass simrskhanza/DlgKasirRalan$110
instanceKlass simrskhanza/DlgKasirRalan$109
instanceKlass simrskhanza/DlgKasirRalan$108
instanceKlass simrskhanza/DlgKasirRalan$107
instanceKlass simrskhanza/DlgKasirRalan$106
instanceKlass simrskhanza/DlgKasirRalan$105
instanceKlass simrskhanza/DlgKasirRalan$104
instanceKlass simrskhanza/DlgKasirRalan$103
instanceKlass simrskhanza/DlgKasirRalan$102
instanceKlass simrskhanza/DlgKasirRalan$101
instanceKlass simrskhanza/DlgKasirRalan$100
instanceKlass simrskhanza/DlgKasirRalan$99
instanceKlass simrskhanza/DlgKasirRalan$98
instanceKlass simrskhanza/DlgKasirRalan$97
instanceKlass simrskhanza/DlgKasirRalan$96
instanceKlass simrskhanza/DlgKasirRalan$95
instanceKlass simrskhanza/DlgKasirRalan$94
instanceKlass simrskhanza/DlgKasirRalan$93
instanceKlass simrskhanza/DlgKasirRalan$92
instanceKlass simrskhanza/DlgKasirRalan$91
instanceKlass simrskhanza/DlgKasirRalan$90
instanceKlass simrskhanza/DlgKasirRalan$89
instanceKlass simrskhanza/DlgKasirRalan$88
instanceKlass simrskhanza/DlgKasirRalan$87
instanceKlass simrskhanza/DlgKasirRalan$86
instanceKlass simrskhanza/DlgKasirRalan$85
instanceKlass simrskhanza/DlgKasirRalan$84
instanceKlass simrskhanza/DlgKasirRalan$83
instanceKlass simrskhanza/DlgKasirRalan$82
instanceKlass simrskhanza/DlgKasirRalan$81
instanceKlass simrskhanza/DlgKasirRalan$80
instanceKlass simrskhanza/DlgKasirRalan$79
instanceKlass simrskhanza/DlgKasirRalan$78
instanceKlass simrskhanza/DlgKasirRalan$77
instanceKlass simrskhanza/DlgKasirRalan$76
instanceKlass simrskhanza/DlgKasirRalan$75
instanceKlass simrskhanza/DlgKasirRalan$74
instanceKlass simrskhanza/DlgKasirRalan$73
instanceKlass simrskhanza/DlgKasirRalan$72
instanceKlass simrskhanza/DlgKasirRalan$71
instanceKlass simrskhanza/DlgKasirRalan$70
instanceKlass simrskhanza/DlgKasirRalan$69
instanceKlass simrskhanza/DlgKasirRalan$68
instanceKlass simrskhanza/DlgKasirRalan$67
instanceKlass simrskhanza/DlgKasirRalan$66
instanceKlass simrskhanza/DlgKasirRalan$65
instanceKlass simrskhanza/DlgKasirRalan$64
instanceKlass simrskhanza/DlgKasirRalan$63
instanceKlass simrskhanza/DlgKasirRalan$62
instanceKlass simrskhanza/DlgKasirRalan$61
instanceKlass simrskhanza/DlgKasirRalan$60
instanceKlass simrskhanza/DlgKasirRalan$59
instanceKlass simrskhanza/DlgKasirRalan$58
instanceKlass simrskhanza/DlgKasirRalan$57
instanceKlass simrskhanza/DlgKasirRalan$56
instanceKlass simrskhanza/DlgKasirRalan$55
instanceKlass simrskhanza/DlgKasirRalan$54
instanceKlass simrskhanza/DlgKasirRalan$53
instanceKlass simrskhanza/DlgKasirRalan$52
instanceKlass simrskhanza/DlgKasirRalan$51
instanceKlass simrskhanza/DlgKasirRalan$50
instanceKlass simrskhanza/DlgKasirRalan$49
instanceKlass simrskhanza/DlgKasirRalan$48
instanceKlass simrskhanza/DlgKasirRalan$47
instanceKlass simrskhanza/DlgKasirRalan$46
instanceKlass simrskhanza/DlgKasirRalan$45
instanceKlass simrskhanza/DlgKasirRalan$44
instanceKlass simrskhanza/DlgKasirRalan$43
instanceKlass simrskhanza/DlgKasirRalan$42
instanceKlass simrskhanza/DlgKasirRalan$41
instanceKlass simrskhanza/DlgKasirRalan$40
instanceKlass simrskhanza/DlgKasirRalan$39
instanceKlass simrskhanza/DlgKasirRalan$38
instanceKlass simrskhanza/DlgKasirRalan$37
instanceKlass simrskhanza/DlgKasirRalan$36
instanceKlass simrskhanza/DlgKasirRalan$35
instanceKlass simrskhanza/DlgKasirRalan$34
instanceKlass simrskhanza/DlgKasirRalan$33
instanceKlass simrskhanza/DlgKasirRalan$32
instanceKlass simrskhanza/DlgKasirRalan$31
instanceKlass simrskhanza/DlgKasirRalan$30
instanceKlass simrskhanza/DlgKasirRalan$29
instanceKlass simrskhanza/DlgKasirRalan$28
instanceKlass simrskhanza/DlgKasirRalan$27
instanceKlass simrskhanza/DlgKasirRalan$26
instanceKlass simrskhanza/DlgKasirRalan$25
instanceKlass simrskhanza/DlgKasirRalan$24
instanceKlass simrskhanza/DlgKasirRalan$23
instanceKlass simrskhanza/DlgKasirRalan$22
instanceKlass simrskhanza/DlgKasirRalan$21
instanceKlass simrskhanza/DlgKasirRalan$20
instanceKlass simrskhanza/DlgKasirRalan$19
instanceKlass simrskhanza/DlgKasirRalan$18
instanceKlass simrskhanza/DlgKasirRalan$17
instanceKlass simrskhanza/DlgKasirRalan$16
instanceKlass simrskhanza/DlgKasirRalan$15
instanceKlass simrskhanza/DlgKasirRalan$14
instanceKlass simrskhanza/DlgKasirRalan$13
instanceKlass simrskhanza/DlgKasirRalan$12
instanceKlass simrskhanza/DlgKasirRalan$11
instanceKlass simrskhanza/DlgRawatJalan$288
instanceKlass simrskhanza/DlgRawatJalan$26
instanceKlass simrskhanza/DlgRawatJalan$25
instanceKlass simrskhanza/DlgRawatJalan$24
instanceKlass simrskhanza/DlgRawatJalan$23
instanceKlass simrskhanza/DlgRawatJalan$22
instanceKlass simrskhanza/DlgRawatJalan$21
instanceKlass simrskhanza/DlgRawatJalan$20
instanceKlass simrskhanza/DlgRawatJalan$19
instanceKlass simrskhanza/DlgRawatJalan$18
instanceKlass simrskhanza/DlgRawatJalan$17
instanceKlass simrskhanza/DlgRawatJalan$16
instanceKlass simrskhanza/DlgRawatJalan$15
instanceKlass simrskhanza/DlgRawatJalan$14
instanceKlass simrskhanza/DlgRawatJalan$13
instanceKlass simrskhanza/DlgRawatJalan$286
instanceKlass simrskhanza/DlgRawatJalan$285
instanceKlass simrskhanza/DlgRawatJalan$284
instanceKlass simrskhanza/DlgRawatJalan$283
instanceKlass simrskhanza/DlgRawatJalan$282
instanceKlass simrskhanza/DlgRawatJalan$281
instanceKlass simrskhanza/DlgRawatJalan$280
instanceKlass simrskhanza/DlgRawatJalan$279
instanceKlass simrskhanza/DlgRawatJalan$278
instanceKlass simrskhanza/DlgRawatJalan$277
instanceKlass simrskhanza/DlgRawatJalan$276
instanceKlass simrskhanza/DlgRawatJalan$275
instanceKlass simrskhanza/DlgRawatJalan$274
instanceKlass simrskhanza/DlgRawatJalan$273
instanceKlass simrskhanza/DlgRawatJalan$272
instanceKlass simrskhanza/DlgRawatJalan$271
instanceKlass simrskhanza/DlgRawatJalan$270
instanceKlass simrskhanza/DlgRawatJalan$269
instanceKlass simrskhanza/DlgRawatJalan$268
instanceKlass simrskhanza/DlgRawatJalan$267
instanceKlass simrskhanza/DlgRawatJalan$266
instanceKlass simrskhanza/DlgRawatJalan$265
instanceKlass simrskhanza/DlgRawatJalan$264
instanceKlass simrskhanza/DlgRawatJalan$263
instanceKlass simrskhanza/DlgRawatJalan$262
instanceKlass simrskhanza/DlgRawatJalan$261
instanceKlass simrskhanza/DlgRawatJalan$260
instanceKlass simrskhanza/DlgRawatJalan$259
instanceKlass simrskhanza/DlgRawatJalan$258
instanceKlass simrskhanza/DlgRawatJalan$257
instanceKlass simrskhanza/DlgRawatJalan$256
instanceKlass simrskhanza/DlgRawatJalan$255
instanceKlass simrskhanza/DlgRawatJalan$254
instanceKlass simrskhanza/DlgRawatJalan$253
instanceKlass simrskhanza/DlgRawatJalan$252
instanceKlass simrskhanza/DlgRawatJalan$251
instanceKlass simrskhanza/DlgRawatJalan$250
instanceKlass simrskhanza/DlgRawatJalan$249
instanceKlass simrskhanza/DlgRawatJalan$248
instanceKlass simrskhanza/DlgRawatJalan$247
instanceKlass simrskhanza/DlgRawatJalan$246
instanceKlass simrskhanza/DlgRawatJalan$245
instanceKlass simrskhanza/DlgRawatJalan$244
instanceKlass simrskhanza/DlgRawatJalan$243
instanceKlass simrskhanza/DlgRawatJalan$242
instanceKlass simrskhanza/DlgRawatJalan$241
instanceKlass simrskhanza/DlgRawatJalan$240
instanceKlass simrskhanza/DlgRawatJalan$239
instanceKlass simrskhanza/DlgRawatJalan$238
instanceKlass simrskhanza/DlgRawatJalan$237
instanceKlass simrskhanza/DlgRawatJalan$236
instanceKlass simrskhanza/DlgRawatJalan$235
instanceKlass simrskhanza/DlgRawatJalan$234
instanceKlass simrskhanza/DlgRawatJalan$233
instanceKlass simrskhanza/DlgRawatJalan$232
instanceKlass simrskhanza/DlgRawatJalan$231
instanceKlass simrskhanza/DlgRawatJalan$230
instanceKlass simrskhanza/DlgRawatJalan$229
instanceKlass simrskhanza/DlgRawatJalan$228
instanceKlass simrskhanza/DlgRawatJalan$227
instanceKlass simrskhanza/DlgRawatJalan$226
instanceKlass simrskhanza/DlgRawatJalan$225
instanceKlass simrskhanza/DlgRawatJalan$224
instanceKlass simrskhanza/DlgRawatJalan$223
instanceKlass simrskhanza/DlgRawatJalan$222
instanceKlass simrskhanza/DlgRawatJalan$221
instanceKlass simrskhanza/DlgRawatJalan$220
instanceKlass simrskhanza/DlgRawatJalan$219
instanceKlass simrskhanza/DlgRawatJalan$218
instanceKlass simrskhanza/DlgRawatJalan$217
instanceKlass simrskhanza/DlgRawatJalan$216
instanceKlass simrskhanza/DlgRawatJalan$215
instanceKlass simrskhanza/DlgRawatJalan$214
instanceKlass simrskhanza/DlgRawatJalan$213
instanceKlass simrskhanza/DlgRawatJalan$212
instanceKlass simrskhanza/DlgRawatJalan$211
instanceKlass simrskhanza/DlgRawatJalan$210
instanceKlass simrskhanza/DlgRawatJalan$209
instanceKlass simrskhanza/DlgRawatJalan$208
instanceKlass simrskhanza/DlgRawatJalan$207
instanceKlass simrskhanza/DlgRawatJalan$206
instanceKlass simrskhanza/DlgRawatJalan$205
instanceKlass simrskhanza/DlgRawatJalan$204
instanceKlass simrskhanza/DlgRawatJalan$203
instanceKlass simrskhanza/DlgRawatJalan$202
instanceKlass simrskhanza/DlgRawatJalan$201
instanceKlass simrskhanza/DlgRawatJalan$200
instanceKlass simrskhanza/DlgRawatJalan$199
instanceKlass simrskhanza/DlgRawatJalan$198
instanceKlass simrskhanza/DlgRawatJalan$197
instanceKlass simrskhanza/DlgRawatJalan$196
instanceKlass simrskhanza/DlgRawatJalan$195
instanceKlass simrskhanza/DlgRawatJalan$194
instanceKlass simrskhanza/DlgRawatJalan$193
instanceKlass simrskhanza/DlgRawatJalan$192
instanceKlass simrskhanza/DlgRawatJalan$183
instanceKlass simrskhanza/DlgRawatJalan$182
instanceKlass simrskhanza/DlgRawatJalan$180
instanceKlass simrskhanza/DlgRawatJalan$178
instanceKlass simrskhanza/DlgRawatJalan$177
instanceKlass simrskhanza/DlgRawatJalan$175
instanceKlass simrskhanza/DlgRawatJalan$168
instanceKlass simrskhanza/DlgRawatJalan$165
instanceKlass simrskhanza/DlgRawatJalan$147
instanceKlass simrskhanza/DlgRawatJalan$123
instanceKlass simrskhanza/DlgRawatJalan$120
instanceKlass simrskhanza/DlgRawatJalan$119
instanceKlass simrskhanza/DlgRawatJalan$117
instanceKlass simrskhanza/DlgRawatJalan$115
instanceKlass simrskhanza/DlgRawatJalan$113
instanceKlass simrskhanza/DlgRawatJalan$111
instanceKlass simrskhanza/DlgRawatJalan$109
instanceKlass simrskhanza/DlgRawatJalan$107
instanceKlass simrskhanza/DlgRawatJalan$105
instanceKlass simrskhanza/DlgRawatJalan$103
instanceKlass simrskhanza/DlgRawatJalan$101
instanceKlass simrskhanza/DlgRawatJalan$99
instanceKlass simrskhanza/DlgRawatJalan$97
instanceKlass simrskhanza/DlgRawatJalan$96
instanceKlass simrskhanza/DlgRawatJalan$95
instanceKlass simrskhanza/DlgRawatJalan$90
instanceKlass simrskhanza/DlgRawatJalan$75
instanceKlass simrskhanza/DlgRawatJalan$68
instanceKlass simrskhanza/DlgRawatJalan$66
instanceKlass simrskhanza/DlgRawatJalan$60
instanceKlass simrskhanza/DlgRawatJalan$54
instanceKlass simrskhanza/DlgRawatJalan$50
instanceKlass simrskhanza/DlgRawatJalan$48
instanceKlass simrskhanza/DlgRawatJalan$46
instanceKlass simrskhanza/DlgRawatJalan$43
instanceKlass simrskhanza/DlgRawatJalan$41
instanceKlass simrskhanza/DlgRawatJalan$39
instanceKlass simrskhanza/DlgRawatJalan$37
instanceKlass simrskhanza/DlgRawatJalan$35
instanceKlass simrskhanza/DlgRawatJalan$33
instanceKlass simrskhanza/DlgRawatJalan$31
instanceKlass simrskhanza/DlgRawatJalan$29
instanceKlass simrskhanza/DlgRawatJalan$27
instanceKlass laporan/DlgDiagnosaPenyakitSoap$5
instanceKlass laporan/DlgDiagnosaPenyakitSoap$4
instanceKlass laporan/DlgDiagnosaPenyakitSoap$3
instanceKlass laporan/DlgDiagnosaPenyakitSoap$2
instanceKlass laporan/DlgDiagnosaPenyakitSoap$21
instanceKlass laporan/DlgDiagnosaPenyakitSoap$19
instanceKlass laporan/DlgDiagnosaPenyakitSoap$17
instanceKlass laporan/DlgDiagnosaPenyakitSoap$15
instanceKlass laporan/DlgDiagnosaPenyakitSoap$13
instanceKlass laporan/DlgDiagnosaPenyakitSoap$11
instanceKlass laporan/DlgDiagnosaPenyakitSoap$9
instanceKlass laporan/DlgDiagnosaPenyakitSoap$7
instanceKlass rekammedis/DlgMasterP$26
instanceKlass rekammedis/DlgMasterP$24
instanceKlass rekammedis/DlgMasterP$22
instanceKlass rekammedis/DlgMasterP$20
instanceKlass rekammedis/DlgMasterP$18
instanceKlass rekammedis/DlgMasterP$16
instanceKlass rekammedis/DlgMasterP$14
instanceKlass rekammedis/DlgMasterP$12
instanceKlass rekammedis/DlgMasterP$10
instanceKlass rekammedis/DlgMasterP$8
instanceKlass rekammedis/DlgMasterO$26
instanceKlass rekammedis/DlgMasterO$24
instanceKlass rekammedis/DlgMasterO$22
instanceKlass rekammedis/DlgMasterO$20
instanceKlass rekammedis/DlgMasterO$18
instanceKlass rekammedis/DlgMasterO$16
instanceKlass rekammedis/DlgMasterO$14
instanceKlass rekammedis/DlgMasterO$12
instanceKlass rekammedis/DlgMasterO$10
instanceKlass rekammedis/DlgMasterO$8
instanceKlass rekammedis/DlgMasterS$26
instanceKlass rekammedis/DlgMasterS$24
instanceKlass rekammedis/DlgMasterS$22
instanceKlass rekammedis/DlgMasterS$20
instanceKlass rekammedis/DlgMasterS$18
instanceKlass rekammedis/DlgMasterS$16
instanceKlass rekammedis/DlgMasterS$14
instanceKlass rekammedis/DlgMasterS$12
instanceKlass rekammedis/DlgMasterS$10
instanceKlass rekammedis/DlgMasterS$8
instanceKlass rekammedis/MasterCariTemplateSOAPIE$13
instanceKlass rekammedis/MasterCariTemplateSOAPIE$12
instanceKlass rekammedis/MasterCariTemplateSOAPIE$10
instanceKlass rekammedis/MasterCariTemplateSOAPIE$8
instanceKlass rekammedis/MasterCariTemplateSOAPIE$6
instanceKlass com/sun/javafx/application/PlatformImpl$$Lambda$251+0x0000000800f8dae0
instanceKlass com/sun/glass/ui/InvokeLaterDispatcher$Future
instanceKlass java/util/concurrent/LinkedBlockingDeque$Node
instanceKlass com/sun/javafx/application/PlatformImpl$$Lambda$250+0x0000000800f8d690
instanceKlass javafx/application/Platform
instanceKlass javafx/embed/swing/SwingNode$2
instanceKlass javafx/embed/swing/SwingNode$1
instanceKlass com/sun/javafx/sg/prism/NGNode
instanceKlass com/sun/javafx/embed/swing/SwingNodeHelper$SwingNodeAccessor
instanceKlass javafx/event/EventHandler
instanceKlass javafx/scene/Node$$Lambda$249+0x0000000800f8c210
instanceKlass java/lang/invoke/LambdaForm$DMH+0x0000000800e1ac40
instanceKlass com/sun/javafx/scene/BoundsAccessor
instanceKlass javafx/collections/SetChangeListener$Change
instanceKlass com/sun/javafx/css/BitSet
instanceKlass javafx/css/PseudoClass
instanceKlass javafx/geometry/Point3D
instanceKlass com/sun/javafx/scene/transform/TransformHelper
instanceKlass javafx/scene/transform/Transform$1
instanceKlass javafx/event/EventDispatcher
instanceKlass com/sun/javafx/scene/transform/TransformHelper$TransformAccessor
instanceKlass javafx/scene/transform/Transform
instanceKlass javafx/scene/Node$1
instanceKlass com/sun/glass/ui/Accessible$EventHandler
instanceKlass javafx/beans/value/WritableDoubleValue
instanceKlass javafx/beans/value/WritableNumberValue
instanceKlass javafx/beans/binding/StringExpression
instanceKlass javafx/beans/value/ObservableStringValue
instanceKlass javafx/beans/value/WritableStringValue
instanceKlass javafx/css/StyleableProperty
instanceKlass com/sun/javafx/scene/NodeHelper$NodeAccessor
instanceKlass com/sun/javafx/scene/NodeHelper
instanceKlass javafx/embed/swing/JFXPanel$$Lambda$248+0x0000000800f769c8
instanceKlass javafx/embed/swing/JFXPanel$$Lambda$247+0x0000000800f767a8
instanceKlass javafx/embed/swing/JFXPanel$1
instanceKlass rekammedis/GambarOdontogram$$Lambda$246+0x0000000800f31f40
instanceKlass rekammedis/GambarOdontogram$6
instanceKlass rekammedis/GambarOdontogram$4
instanceKlass rekammedis/GambarOdontogram$2
instanceKlass javax/swing/plaf/basic/BasicProgressBarUI$Handler
instanceKlass javax/swing/JProgressBar$ModelListener
instanceKlass com/sun/scenario/animation/AbstractMasterTimer$MainLoop
instanceKlass com/sun/scenario/DelayedRunnable
instanceKlass com/sun/scenario/animation/shared/TimerReceiver
instanceKlass com/sun/scenario/animation/shared/PulseReceiver
instanceKlass com/sun/javafx/animation/TickCalculation
instanceKlass com/sun/scenario/animation/AbstractMasterTimer$$Lambda$245+0x0000000800f75558
instanceKlass javafx/embed/swing/JFXPanel$HostContainer
instanceKlass com/sun/scenario/Settings
instanceKlass javafx/collections/ListChangeBuilder$SubChange
instanceKlass javafx/geometry/Rectangle2D
instanceKlass javafx/stage/Screen$$Lambda$244+0x0000000800f74a18
instanceKlass com/sun/javafx/tk/TKScreenConfigurationListener
instanceKlass com/sun/javafx/binding/ExpressionHelperBase
instanceKlass javafx/collections/WeakListChangeListener
instanceKlass javafx/beans/WeakListener
instanceKlass javafx/collections/FXCollections$UnmodifiableObservableListImpl$$Lambda$243+0x0000000800f73710
instanceKlass javafx/collections/ListChangeListener
instanceKlass javafx/collections/ListChangeBuilder
instanceKlass javafx/collections/ListChangeListener$Change
instanceKlass javafx/util/Callback
instanceKlass com/sun/javafx/collections/SortableList
instanceKlass javafx/collections/FXCollections$EmptyObservableList$1
instanceKlass javafx/collections/ObservableIntegerArray
instanceKlass javafx/collections/ObservableFloatArray
instanceKlass javafx/collections/ObservableArray
instanceKlass javafx/collections/ObservableSet
instanceKlass javafx/collections/ObservableList
instanceKlass javafx/collections/ObservableMap
instanceKlass javafx/collections/FXCollections
instanceKlass javafx/stage/Screen
instanceKlass com/sun/javafx/tk/quantum/QuantumToolkit$$Lambda$242+0x0000000800f6ddc0
instanceKlass com/sun/javafx/tk/quantum/QuantumToolkit$$Lambda$241+0x0000000800f6dba0
instanceKlass com/sun/prism/impl/ps/BaseShaderContext$State
instanceKlass com/sun/javafx/geom/Vec3d
instanceKlass com/sun/prism/impl/VertexBuffer
instanceKlass com/sun/javafx/geom/BaseBounds
instanceKlass com/sun/javafx/geom/transform/GeneralTransform3D
instanceKlass com/sun/javafx/geom/transform/BaseTransform
instanceKlass com/sun/javafx/geom/transform/CanTransformVec3d
instanceKlass com/sun/prism/MaskTextureGraphics
instanceKlass com/sun/prism/ReadbackGraphics
instanceKlass com/sun/prism/ps/ShaderGraphics
instanceKlass com/sun/prism/impl/BaseGraphics
instanceKlass com/sun/prism/RectShadowGraphics
instanceKlass com/sun/prism/Graphics
instanceKlass com/sun/prism/impl/BaseContext
instanceKlass com/sun/prism/ps/Shader
instanceKlass com/sun/prism/MeshView
instanceKlass com/sun/prism/Mesh
instanceKlass com/sun/prism/Presentable
instanceKlass com/sun/prism/RTTexture
instanceKlass com/sun/prism/RenderTarget
instanceKlass com/sun/prism/Surface
instanceKlass com/sun/prism/Texture
instanceKlass com/sun/prism/PhongMaterial
instanceKlass com/sun/prism/Material
instanceKlass com/sun/prism/impl/TextureResourcePool
instanceKlass com/sun/prism/impl/ResourcePool
instanceKlass com/sun/prism/shape/ShapeRep
instanceKlass java/util/concurrent/Executors$RunnableAdapter
instanceKlass com/sun/javafx/tk/quantum/QuantumRenderer$$Lambda$240+0x0000000800f65fc0
instanceKlass com/sun/javafx/tk/quantum/QuantumRenderer$$Lambda$239+0x0000000800f65da0
instanceKlass com/sun/glass/ui/Screen$$Lambda$238+0x0000000800f656c0
instanceKlass com/sun/glass/ui/win/WinApplication$$Lambda$237+0x0000000800f654a0
instanceKlass java/lang/invoke/LambdaForm$DMH+0x0000000800e1a840
instanceKlass java/lang/invoke/LambdaForm$MH+0x0000000800e1b440
instanceKlass java/lang/invoke/LambdaForm$DMH+0x0000000800e1b040
instanceKlass java/lang/invoke/LambdaForm$DMH+0x0000000800e1bc40
instanceKlass com/sun/glass/ui/win/WinApplication$$Lambda$236+0x0000000800f65280
instanceKlass com/sun/glass/ui/win/WinApplication$$Lambda$235+0x0000000800f65068
instanceKlass com/sun/glass/ui/win/WinApplication$$Lambda$234+0x0000000800f64e50
instanceKlass com/sun/glass/ui/Application$$Lambda$233+0x0000000800f64c30
instanceKlass java/util/concurrent/BlockingDeque
instanceKlass com/sun/glass/ui/win/WinApplication$$Lambda$232+0x0000000800f64790
instanceKlass com/sun/glass/ui/win/WinApplication$1
instanceKlass com/sun/glass/ui/View
instanceKlass com/sun/glass/ui/Pixels
instanceKlass com/sun/glass/ui/Cursor
instanceKlass com/sun/glass/ui/Accessible
instanceKlass com/sun/glass/ui/Timer
instanceKlass com/sun/glass/ui/Window
instanceKlass com/sun/glass/ui/GlassRobot
instanceKlass com/sun/glass/ui/delegate/MenuItemDelegate
instanceKlass com/sun/glass/ui/delegate/ClipboardDelegate
instanceKlass com/sun/glass/ui/delegate/MenuBarDelegate
instanceKlass com/sun/glass/ui/delegate/MenuDelegate
instanceKlass com/sun/glass/ui/InvokeLaterDispatcher$InvokeLaterSubmitter
instanceKlass com/sun/glass/ui/Platform$$Lambda$231+0x0000000800f60240
instanceKlass com/sun/glass/ui/Platform
instanceKlass com/sun/glass/ui/PlatformFactory
instanceKlass com/sun/javafx/tk/quantum/QuantumToolkit$$Lambda$230+0x0000000800f5faf8
instanceKlass com/sun/javafx/application/PlatformImpl$$Lambda$229+0x0000000800f5f8d8
instanceKlass com/sun/javafx/tk/quantum/QuantumToolkit$$Lambda$228+0x0000000800f5f6b8
instanceKlass com/sun/javafx/tk/quantum/PaintCollector$$Lambda$227+0x0000000800f5f428
instanceKlass java/lang/invoke/LambdaForm$DMH+0x0000000800e1b840
instanceKlass com/sun/javafx/tk/quantum/GlassScene
instanceKlass com/sun/javafx/tk/TKScene
instanceKlass com/sun/javafx/tk/quantum/PaintCollector
instanceKlass com/sun/javafx/tk/CompletionListener
instanceKlass com/sun/glass/ui/Application$$Lambda$226+0x0000000800f5e850
instanceKlass com/sun/glass/ui/Application
instanceKlass com/sun/glass/ui/View$Capability
instanceKlass com/sun/glass/ui/Screen
instanceKlass com/sun/prism/impl/BaseResourceFactory
instanceKlass com/sun/prism/ps/ShaderFactory
instanceKlass com/sun/prism/d3d/D3DPipeline$$Lambda$225+0x0000000800f5be00
instanceKlass com/sun/prism/ResourceFactory
instanceKlass com/sun/prism/GraphicsResource
instanceKlass com/sun/javafx/font/FontFactory
instanceKlass com/sun/prism/GraphicsPipeline
instanceKlass com/sun/javafx/tk/quantum/QuantumRenderer$QuantumThreadFactory$$Lambda$224+0x0000000800f5b0d8
instanceKlass com/sun/javafx/tk/quantum/QuantumRenderer$QuantumThreadFactory$$Lambda$223+0x0000000800f5aeb8
instanceKlass com/sun/javafx/tk/quantum/QuantumRenderer$PipelineRunnable
instanceKlass com/sun/javafx/tk/quantum/QuantumRenderer$QuantumThreadFactory
instanceKlass com/sun/javafx/tk/quantum/QuantumRenderer$$Lambda$222+0x0000000800f5a840
instanceKlass com/sun/javafx/tk/quantum/GlassSystemMenu$$Lambda$221+0x0000000800f5a230
instanceKlass javafx/scene/input/KeyCombination
instanceKlass com/sun/glass/ui/Menu$EventHandler
instanceKlass com/sun/javafx/menu/MenuItemBase
instanceKlass com/sun/glass/ui/MenuItem$Callback
instanceKlass com/sun/javafx/tk/quantum/GlassSystemMenu
instanceKlass com/sun/prism/impl/PrismSettings$$Lambda$220+0x0000000800f58b20
instanceKlass com/sun/prism/impl/PrismSettings
instanceKlass com/sun/javafx/tk/quantum/PerformanceTrackerHelper$1
instanceKlass com/sun/javafx/tk/quantum/PerformanceTrackerHelper
instanceKlass com/sun/javafx/tk/quantum/QuantumToolkit$PulseTask
instanceKlass com/sun/javafx/geom/PathConsumer2D
instanceKlass com/sun/javafx/geom/Shape
instanceKlass com/sun/prism/BasicStroke
instanceKlass com/sun/javafx/tk/quantum/QuantumToolkit$3
instanceKlass com/sun/javafx/tk/quantum/QuantumToolkit$$Lambda$219+0x0000000800f56000
instanceKlass com/sun/javafx/tk/quantum/QuantumToolkit$$Lambda$218+0x0000000800f55de8
instanceKlass com/sun/javafx/tk/quantum/QuantumToolkit$$Lambda$217+0x0000000800f55bd0
instanceKlass com/sun/javafx/tk/quantum/QuantumToolkit$$Lambda$216+0x0000000800f559b8
instanceKlass com/sun/javafx/tk/quantum/QuantumToolkit$$Lambda$215+0x0000000800f557a0
instanceKlass com/sun/javafx/tk/quantum/QuantumToolkit$$Lambda$214+0x0000000800f55588
instanceKlass com/sun/javafx/tk/quantum/QuantumToolkit$$Lambda$213+0x0000000800f55370
instanceKlass com/sun/javafx/tk/quantum/QuantumToolkit$$Lambda$212+0x0000000800f55158
instanceKlass com/sun/javafx/tk/quantum/QuantumToolkit$$Lambda$211+0x0000000800f54f40
instanceKlass com/sun/javafx/tk/FontLoader
instanceKlass com/sun/javafx/tk/TKSystemMenu
instanceKlass com/sun/scenario/animation/AbstractMasterTimer
instanceKlass com/sun/scenario/effect/FilterContext
instanceKlass com/sun/scenario/effect/Filterable
instanceKlass com/sun/scenario/effect/LockableResource
instanceKlass com/sun/javafx/tk/AppletWindow
instanceKlass com/sun/javafx/runtime/async/AbstractAsyncOperation
instanceKlass com/sun/javafx/runtime/async/AsyncOperation
instanceKlass com/sun/glass/ui/Screen$EventHandler
instanceKlass com/sun/javafx/scene/text/TextLayoutFactory
instanceKlass javafx/scene/shape/PathElement
instanceKlass com/sun/javafx/tk/TKStage
instanceKlass com/sun/javafx/tk/PlatformImage
instanceKlass com/sun/javafx/tk/ImageLoader
instanceKlass com/sun/glass/ui/Application$EventHandler
instanceKlass com/sun/javafx/tk/ScreenConfigurationAccessor
instanceKlass com/sun/javafx/perf/PerformanceTracker
instanceKlass java/lang/StrictMath
instanceKlass java/lang/StackStreamFactory$FrameBuffer
instanceKlass java/lang/StackStreamFactory$1
instanceKlass java/lang/StackStreamFactory
instanceKlass com/sun/glass/utils/NativeLibLoader$$Lambda$210+0x0000000800f4f950
instanceKlass com/sun/glass/utils/NativeLibLoader$$Lambda$209+0x0000000800f4f738
instanceKlass java/text/BreakIterator
instanceKlass com/sun/glass/utils/NativeLibLoader
instanceKlass com/sun/javafx/PlatformUtil$$Lambda$208+0x0000000800f4f320
instanceKlass com/sun/javafx/PlatformUtil$$Lambda$207+0x0000000800f4f108
instanceKlass com/sun/javafx/PlatformUtil$$Lambda$206+0x0000000800f4eef0
instanceKlass com/sun/javafx/PlatformUtil$$Lambda$205+0x0000000800f4ecd8
instanceKlass com/sun/javafx/PlatformUtil
instanceKlass javax/swing/text/GlyphView$GlyphPainter
instanceKlass java/lang/invoke/LambdaForm$MH+0x0000000800e1c440
instanceKlass java/lang/invoke/LambdaForm$MH+0x0000000800e1c040
instanceKlass java/lang/invoke/LambdaForm$MH+0x0000000800e1cc40
instanceKlass java/lang/invoke/LambdaForm$MH+0x0000000800e1c840
instanceKlass java/lang/invoke/LambdaForm$MH+0x0000000800e1d440
instanceKlass com/sun/javafx/runtime/VersionInfo
instanceKlass com/sun/javafx/tk/Toolkit$$Lambda$204+0x0000000800f4e6c0
instanceKlass java/util/regex/Pattern$$Lambda$203+0x0000000800f41be8
instanceKlass java/util/regex/CharPredicates$$Lambda$202+0x0000000800f41968
instanceKlass javafx/scene/image/Image$1
instanceKlass javafx/beans/binding/NumberExpressionBase
instanceKlass javafx/beans/binding/NumberExpression
instanceKlass javafx/beans/value/ObservableDoubleValue
instanceKlass javafx/beans/value/ObservableNumberValue
instanceKlass javafx/scene/image/PixelReader
instanceKlass com/sun/javafx/tk/Toolkit$ImageAccessor
instanceKlass javafx/geometry/Bounds
instanceKlass com/sun/javafx/util/Utils
instanceKlass javafx/scene/image/Image
instanceKlass com/sun/javafx/tk/Toolkit$$Lambda$201+0x0000000800f4a750
instanceKlass javafx/animation/Interpolatable
instanceKlass javafx/scene/paint/Paint
instanceKlass com/sun/javafx/tk/TKClipboard
instanceKlass com/sun/javafx/tk/Toolkit
instanceKlass com/sun/javafx/application/PlatformImpl$1
instanceKlass com/sun/javafx/application/PlatformImpl$$Lambda$200+0x0000000800f495b8
instanceKlass com/sun/javafx/application/PlatformImpl$$Lambda$199+0x0000000800f493a0
instanceKlass com/sun/javafx/application/PlatformImpl$$Lambda$198+0x0000000800f49188
instanceKlass javafx/beans/InvalidationListener
instanceKlass javafx/beans/value/WritableObjectValue
instanceKlass javafx/beans/binding/Binding
instanceKlass javafx/beans/binding/ObjectExpression
instanceKlass javafx/beans/value/ObservableObjectValue
instanceKlass java/util/concurrent/CountDownLatch
instanceKlass com/sun/javafx/tk/TKListener
instanceKlass javax/swing/RepaintManager$2$1
instanceKlass javafx/beans/binding/BooleanExpression
instanceKlass javafx/beans/value/ObservableBooleanValue
instanceKlass javafx/beans/value/WritableBooleanValue
instanceKlass javafx/beans/property/Property
instanceKlass javafx/beans/value/WritableValue
instanceKlass javafx/beans/property/ReadOnlyProperty
instanceKlass javafx/beans/value/ObservableValue
instanceKlass javafx/beans/Observable
instanceKlass com/sun/javafx/application/PlatformImpl
instanceKlass javafx/embed/swing/JFXPanel$$Lambda$197+0x0000000800f3afb0
instanceKlass java/awt/WaitDispatchSupport$4
instanceKlass java/awt/WaitDispatchSupport$2
instanceKlass javafx/embed/swing/JFXPanel$$Lambda$196+0x0000000800f3ad90
instanceKlass java/awt/WaitDispatchSupport$1
instanceKlass java/awt/WaitDispatchSupport$5
instanceKlass java/awt/WaitDispatchSupport
instanceKlass javafx/embed/swing/JFXPanel$$Lambda$195+0x0000000800f3ab70
instanceKlass com/sun/javafx/embed/swing/newimpl/JFXPanelInteropN
instanceKlass javafx/embed/swing/JFXPanel$$Lambda$194+0x0000000800f3a728
instanceKlass java/awt/SecondaryLoop
instanceKlass javafx/scene/Scene
instanceKlass jdk/internal/logger/DefaultLoggerFinder$1
instanceKlass com/sun/javafx/logging/PlatformLogger
instanceKlass com/sun/javafx/application/PlatformImpl$FinishListener
instanceKlass com/sun/javafx/embed/HostInterface
instanceKlass javafx/scene/web/WebEngine
instanceKlass javafx/scene/Node
instanceKlass javafx/css/Styleable
instanceKlass javafx/event/EventTarget
instanceKlass simrskhanza/DlgKamarInap$20
instanceKlass simrskhanza/DlgKamarInap$19
instanceKlass simrskhanza/DlgKamarInap$18
instanceKlass simrskhanza/DlgKamarInap$17
instanceKlass simrskhanza/DlgKamarInap$16
instanceKlass simrskhanza/DlgKamarInap$15
instanceKlass simrskhanza/DlgKamarInap$14
instanceKlass simrskhanza/DlgKamarInap$13
instanceKlass simrskhanza/DlgKamarInap$12
instanceKlass simrskhanza/DlgKamarInap$11
instanceKlass simrskhanza/DlgKamarInap$10
instanceKlass simrskhanza/DlgKamarInap$9
instanceKlass simrskhanza/DlgKamarInap$8
instanceKlass simrskhanza/DlgKamarInap$7
instanceKlass simrskhanza/DlgKamarInap$6
instanceKlass simrskhanza/DlgKamarInap$5
instanceKlass simrskhanza/DlgKamarInap$4
instanceKlass simrskhanza/DlgKamarInap$3
instanceKlass simrskhanza/DlgKamarInap$319
instanceKlass simrskhanza/DlgKamarInap$317
instanceKlass simrskhanza/DlgKamarInap$315
instanceKlass simrskhanza/DlgKamarInap$313
instanceKlass simrskhanza/DlgKamarInap$311
instanceKlass simrskhanza/DlgKamarInap$309
instanceKlass simrskhanza/DlgKamarInap$307
instanceKlass simrskhanza/DlgKamarInap$305
instanceKlass simrskhanza/DlgKamarInap$303
instanceKlass simrskhanza/DlgKamarInap$298
instanceKlass simrskhanza/DlgKamarInap$296
instanceKlass simrskhanza/DlgKamarInap$293
instanceKlass simrskhanza/DlgKamarInap$291
instanceKlass simrskhanza/DlgKamarInap$289
instanceKlass simrskhanza/DlgKamarInap$287
instanceKlass simrskhanza/DlgKamarInap$285
instanceKlass simrskhanza/DlgKamarInap$283
instanceKlass simrskhanza/DlgKamarInap$280
instanceKlass simrskhanza/DlgKamarInap$277
instanceKlass simrskhanza/DlgKamarInap$275
instanceKlass simrskhanza/DlgKamarInap$273
instanceKlass simrskhanza/DlgKamarInap$271
instanceKlass simrskhanza/DlgKamarInap$269
instanceKlass simrskhanza/DlgKamarInap$266
instanceKlass simrskhanza/DlgKamarInap$265
instanceKlass simrskhanza/DlgKamarInap$263
instanceKlass simrskhanza/DlgKamarInap$262
instanceKlass simrskhanza/DlgKamarInap$261
instanceKlass simrskhanza/DlgKamarInap$260
instanceKlass simrskhanza/DlgKamarInap$259
instanceKlass simrskhanza/DlgKamarInap$258
instanceKlass simrskhanza/DlgKamarInap$257
instanceKlass simrskhanza/DlgKamarInap$256
instanceKlass simrskhanza/DlgKamarInap$254
instanceKlass simrskhanza/DlgKamarInap$253
instanceKlass simrskhanza/DlgKamarInap$252
instanceKlass simrskhanza/DlgKamarInap$250
instanceKlass simrskhanza/DlgKamarInap$249
instanceKlass simrskhanza/DlgKamarInap$247
instanceKlass simrskhanza/DlgKamarInap$245
instanceKlass simrskhanza/DlgKamarInap$243
instanceKlass simrskhanza/DlgKamarInap$239
instanceKlass simrskhanza/DlgKamarInap$238
instanceKlass simrskhanza/DlgKamarInap$237
instanceKlass simrskhanza/DlgKamarInap$236
instanceKlass simrskhanza/DlgKamarInap$235
instanceKlass simrskhanza/DlgKamarInap$234
instanceKlass simrskhanza/DlgKamarInap$233
instanceKlass simrskhanza/DlgKamarInap$232
instanceKlass simrskhanza/DlgKamarInap$231
instanceKlass simrskhanza/DlgKamarInap$230
instanceKlass simrskhanza/DlgKamarInap$229
instanceKlass simrskhanza/DlgKamarInap$228
instanceKlass simrskhanza/DlgKamarInap$227
instanceKlass simrskhanza/DlgKamarInap$226
instanceKlass simrskhanza/DlgKamarInap$225
instanceKlass simrskhanza/DlgKamarInap$224
instanceKlass simrskhanza/DlgKamarInap$223
instanceKlass simrskhanza/DlgKamarInap$222
instanceKlass simrskhanza/DlgKamarInap$221
instanceKlass simrskhanza/DlgKamarInap$220
instanceKlass simrskhanza/DlgKamarInap$219
instanceKlass simrskhanza/DlgKamarInap$218
instanceKlass simrskhanza/DlgKamarInap$217
instanceKlass simrskhanza/DlgKamarInap$216
instanceKlass simrskhanza/DlgKamarInap$215
instanceKlass simrskhanza/DlgKamarInap$214
instanceKlass simrskhanza/DlgKamarInap$213
instanceKlass simrskhanza/DlgKamarInap$212
instanceKlass simrskhanza/DlgKamarInap$211
instanceKlass simrskhanza/DlgKamarInap$210
instanceKlass simrskhanza/DlgKamarInap$209
instanceKlass simrskhanza/DlgKamarInap$208
instanceKlass simrskhanza/DlgKamarInap$207
instanceKlass simrskhanza/DlgKamarInap$206
instanceKlass simrskhanza/DlgKamarInap$205
instanceKlass simrskhanza/DlgKamarInap$204
instanceKlass simrskhanza/DlgKamarInap$203
instanceKlass simrskhanza/DlgKamarInap$202
instanceKlass simrskhanza/DlgKamarInap$201
instanceKlass simrskhanza/DlgKamarInap$200
instanceKlass simrskhanza/DlgKamarInap$199
instanceKlass simrskhanza/DlgKamarInap$198
instanceKlass simrskhanza/DlgKamarInap$197
instanceKlass simrskhanza/DlgKamarInap$196
instanceKlass simrskhanza/DlgKamarInap$195
instanceKlass simrskhanza/DlgKamarInap$194
instanceKlass simrskhanza/DlgKamarInap$193
instanceKlass simrskhanza/DlgKamarInap$192
instanceKlass simrskhanza/DlgKamarInap$191
instanceKlass simrskhanza/DlgKamarInap$190
instanceKlass simrskhanza/DlgKamarInap$189
instanceKlass simrskhanza/DlgKamarInap$188
instanceKlass simrskhanza/DlgKamarInap$187
instanceKlass simrskhanza/DlgKamarInap$186
instanceKlass simrskhanza/DlgKamarInap$185
instanceKlass simrskhanza/DlgKamarInap$184
instanceKlass simrskhanza/DlgKamarInap$183
instanceKlass simrskhanza/DlgKamarInap$182
instanceKlass simrskhanza/DlgKamarInap$181
instanceKlass simrskhanza/DlgKamarInap$180
instanceKlass simrskhanza/DlgKamarInap$179
instanceKlass simrskhanza/DlgKamarInap$178
instanceKlass simrskhanza/DlgKamarInap$177
instanceKlass simrskhanza/DlgKamarInap$176
instanceKlass simrskhanza/DlgKamarInap$175
instanceKlass simrskhanza/DlgKamarInap$174
instanceKlass simrskhanza/DlgKamarInap$173
instanceKlass simrskhanza/DlgKamarInap$172
instanceKlass simrskhanza/DlgKamarInap$171
instanceKlass simrskhanza/DlgKamarInap$170
instanceKlass simrskhanza/DlgKamarInap$169
instanceKlass simrskhanza/DlgKamarInap$168
instanceKlass simrskhanza/DlgKamarInap$167
instanceKlass simrskhanza/DlgKamarInap$166
instanceKlass simrskhanza/DlgKamarInap$165
instanceKlass simrskhanza/DlgKamarInap$164
instanceKlass simrskhanza/DlgKamarInap$163
instanceKlass simrskhanza/DlgKamarInap$162
instanceKlass simrskhanza/DlgKamarInap$161
instanceKlass simrskhanza/DlgKamarInap$160
instanceKlass simrskhanza/DlgKamarInap$159
instanceKlass simrskhanza/DlgKamarInap$158
instanceKlass simrskhanza/DlgKamarInap$157
instanceKlass simrskhanza/DlgKamarInap$156
instanceKlass simrskhanza/DlgKamarInap$155
instanceKlass simrskhanza/DlgKamarInap$154
instanceKlass simrskhanza/DlgKamarInap$153
instanceKlass simrskhanza/DlgKamarInap$152
instanceKlass simrskhanza/DlgKamarInap$151
instanceKlass simrskhanza/DlgKamarInap$150
instanceKlass simrskhanza/DlgKamarInap$149
instanceKlass simrskhanza/DlgKamarInap$148
instanceKlass simrskhanza/DlgKamarInap$147
instanceKlass simrskhanza/DlgKamarInap$146
instanceKlass simrskhanza/DlgKamarInap$145
instanceKlass simrskhanza/DlgKamarInap$144
instanceKlass simrskhanza/DlgKamarInap$143
instanceKlass simrskhanza/DlgKamarInap$142
instanceKlass simrskhanza/DlgKamarInap$141
instanceKlass simrskhanza/DlgKamarInap$140
instanceKlass simrskhanza/DlgKamarInap$139
instanceKlass simrskhanza/DlgKamarInap$138
instanceKlass simrskhanza/DlgKamarInap$137
instanceKlass simrskhanza/DlgKamarInap$136
instanceKlass simrskhanza/DlgKamarInap$135
instanceKlass simrskhanza/DlgKamarInap$134
instanceKlass simrskhanza/DlgKamarInap$133
instanceKlass simrskhanza/DlgKamarInap$132
instanceKlass simrskhanza/DlgKamarInap$131
instanceKlass simrskhanza/DlgKamarInap$130
instanceKlass simrskhanza/DlgKamarInap$129
instanceKlass simrskhanza/DlgKamarInap$128
instanceKlass simrskhanza/DlgKamarInap$127
instanceKlass simrskhanza/DlgKamarInap$126
instanceKlass simrskhanza/DlgKamarInap$125
instanceKlass simrskhanza/DlgKamarInap$124
instanceKlass simrskhanza/DlgKamarInap$123
instanceKlass simrskhanza/DlgKamarInap$122
instanceKlass simrskhanza/DlgKamarInap$121
instanceKlass simrskhanza/DlgKamarInap$120
instanceKlass simrskhanza/DlgKamarInap$119
instanceKlass simrskhanza/DlgKamarInap$118
instanceKlass simrskhanza/DlgKamarInap$117
instanceKlass simrskhanza/DlgKamarInap$116
instanceKlass simrskhanza/DlgKamarInap$115
instanceKlass simrskhanza/DlgKamarInap$114
instanceKlass simrskhanza/DlgKamarInap$113
instanceKlass simrskhanza/DlgKamarInap$112
instanceKlass simrskhanza/DlgKamarInap$111
instanceKlass simrskhanza/DlgKamarInap$110
instanceKlass simrskhanza/DlgKamarInap$109
instanceKlass simrskhanza/DlgKamarInap$108
instanceKlass simrskhanza/DlgKamarInap$107
instanceKlass simrskhanza/DlgKamarInap$106
instanceKlass simrskhanza/DlgKamarInap$105
instanceKlass simrskhanza/DlgKamarInap$104
instanceKlass simrskhanza/DlgKamarInap$103
instanceKlass simrskhanza/DlgKamarInap$102
instanceKlass simrskhanza/DlgKamarInap$101
instanceKlass simrskhanza/DlgKamarInap$100
instanceKlass simrskhanza/DlgKamarInap$99
instanceKlass simrskhanza/DlgKamarInap$98
instanceKlass simrskhanza/DlgKamarInap$97
instanceKlass simrskhanza/DlgKamarInap$96
instanceKlass simrskhanza/DlgKamarInap$95
instanceKlass simrskhanza/DlgKamarInap$94
instanceKlass simrskhanza/DlgKamarInap$93
instanceKlass simrskhanza/DlgKamarInap$92
instanceKlass simrskhanza/DlgKamarInap$91
instanceKlass simrskhanza/DlgKamarInap$90
instanceKlass simrskhanza/DlgKamarInap$89
instanceKlass simrskhanza/DlgKamarInap$88
instanceKlass simrskhanza/DlgKamarInap$87
instanceKlass simrskhanza/DlgKamarInap$86
instanceKlass simrskhanza/DlgKamarInap$85
instanceKlass simrskhanza/DlgKamarInap$84
instanceKlass simrskhanza/DlgKamarInap$83
instanceKlass simrskhanza/DlgKamarInap$82
instanceKlass simrskhanza/DlgKamarInap$81
instanceKlass simrskhanza/DlgKamarInap$80
instanceKlass simrskhanza/DlgKamarInap$79
instanceKlass simrskhanza/DlgKamarInap$78
instanceKlass simrskhanza/DlgKamarInap$77
instanceKlass simrskhanza/DlgKamarInap$76
instanceKlass simrskhanza/DlgKamarInap$75
instanceKlass simrskhanza/DlgKamarInap$74
instanceKlass simrskhanza/DlgKamarInap$73
instanceKlass simrskhanza/DlgKamarInap$72
instanceKlass simrskhanza/DlgKamarInap$71
instanceKlass simrskhanza/DlgKamarInap$70
instanceKlass simrskhanza/DlgKamarInap$69
instanceKlass simrskhanza/DlgKamarInap$68
instanceKlass simrskhanza/DlgKamarInap$67
instanceKlass simrskhanza/DlgKamarInap$66
instanceKlass simrskhanza/DlgKamarInap$65
instanceKlass simrskhanza/DlgKamarInap$64
instanceKlass simrskhanza/DlgKamarInap$63
instanceKlass simrskhanza/DlgKamarInap$62
instanceKlass simrskhanza/DlgKamarInap$61
instanceKlass simrskhanza/DlgKamarInap$60
instanceKlass simrskhanza/DlgKamarInap$59
instanceKlass simrskhanza/DlgKamarInap$58
instanceKlass simrskhanza/DlgKamarInap$57
instanceKlass simrskhanza/DlgKamarInap$53
instanceKlass simrskhanza/DlgKamarInap$51
instanceKlass simrskhanza/DlgKamarInap$48
instanceKlass simrskhanza/DlgKamarInap$46
instanceKlass simrskhanza/DlgKamarInap$44
instanceKlass simrskhanza/DlgKamarInap$40
instanceKlass simrskhanza/DlgKamarInap$38
instanceKlass simrskhanza/DlgKamarInap$36
instanceKlass simrskhanza/DlgKamarInap$33
instanceKlass simrskhanza/DlgKamarInap$31
instanceKlass simrskhanza/DlgKamarInap$29
instanceKlass simrskhanza/DlgKamarInap$27
instanceKlass simrskhanza/DlgKamarInap$25
instanceKlass surat/SuratKonsul$8
instanceKlass surat/SuratKonsul$7
instanceKlass surat/SuratKonsul$6
instanceKlass surat/SuratKonsul$5
instanceKlass surat/SuratKonsul$4
instanceKlass surat/SuratKonsul$3
instanceKlass surat/SuratKonsul$61
instanceKlass surat/SuratKonsul$59
instanceKlass surat/SuratKonsul$56
instanceKlass surat/SuratKonsul$53
instanceKlass surat/SuratKonsul$52
instanceKlass surat/SuratKonsul$50
instanceKlass surat/SuratKonsul$44
instanceKlass surat/SuratKonsul$43
instanceKlass surat/SuratKonsul$41
instanceKlass surat/SuratKonsul$37
instanceKlass surat/SuratKonsul$35
instanceKlass surat/SuratKonsul$33
instanceKlass surat/SuratKonsul$30
instanceKlass surat/SuratKonsul$28
instanceKlass surat/SuratKonsul$25
instanceKlass surat/SuratKonsul$23
instanceKlass surat/SuratKonsul$21
instanceKlass surat/SuratKonsul$19
instanceKlass surat/SuratKonsul$17
instanceKlass surat/SuratKonsul$15
instanceKlass surat/SuratKonsul$13
instanceKlass surat/SuratKonsul$9
instanceKlass javax/swing/plaf/basic/BasicRadioButtonUI$KeyHandler
instanceKlass javax/swing/plaf/metal/MetalIconFactory$RadioButtonIcon
instanceKlass simrskhanza/DlgCariPoli3$12
instanceKlass simrskhanza/DlgCariPoli3$11
instanceKlass simrskhanza/DlgCariPoli3$9
instanceKlass simrskhanza/DlgCariPoli3$7
instanceKlass kepegawaian/DlgCariDokter3$12
instanceKlass kepegawaian/DlgCariDokter3$11
instanceKlass kepegawaian/DlgCariDokter3$9
instanceKlass kepegawaian/DlgCariDokter3$7
instanceKlass laporan/DlgDiagnosaPenyakit$5
instanceKlass laporan/DlgDiagnosaPenyakit$4
instanceKlass laporan/DlgDiagnosaPenyakit$3
instanceKlass laporan/DlgDiagnosaPenyakit$2
instanceKlass laporan/DlgDiagnosaPenyakit$20
instanceKlass laporan/DlgDiagnosaPenyakit$17
instanceKlass laporan/DlgDiagnosaPenyakit$15
instanceKlass laporan/DlgDiagnosaPenyakit$13
instanceKlass laporan/DlgDiagnosaPenyakit$11
instanceKlass laporan/DlgDiagnosaPenyakit$9
instanceKlass laporan/DlgDiagnosaPenyakit$7
instanceKlass laporan/PanelDiagnosa$15
instanceKlass laporan/PanelDiagnosa$14
instanceKlass laporan/PanelDiagnosa$12
instanceKlass laporan/PanelDiagnosa$11
instanceKlass laporan/PanelDiagnosa$8
instanceKlass laporan/PanelDiagnosa$7
instanceKlass keuangan/DlgBilingRanap$15
instanceKlass keuangan/DlgBilingRanap$14
instanceKlass keuangan/DlgBilingRanap$13
instanceKlass keuangan/DlgBilingRanap$12
instanceKlass keuangan/DlgBilingRanap$11
instanceKlass keuangan/DlgBilingRanap$10
instanceKlass keuangan/DlgBilingRanap$111
instanceKlass keuangan/DlgBilingRanap$109
instanceKlass keuangan/DlgBilingRanap$108
instanceKlass keuangan/DlgBilingRanap$107
instanceKlass keuangan/DlgBilingRanap$106
instanceKlass keuangan/DlgBilingRanap$105
instanceKlass keuangan/DlgBilingRanap$103
instanceKlass keuangan/DlgBilingRanap$100
instanceKlass keuangan/DlgBilingRanap$97
instanceKlass keuangan/DlgBilingRanap$94
instanceKlass keuangan/DlgBilingRanap$88
instanceKlass keuangan/DlgBilingRanap$86
instanceKlass keuangan/DlgBilingRanap$84
instanceKlass keuangan/DlgBilingRanap$82
instanceKlass keuangan/DlgBilingRanap$79
instanceKlass keuangan/DlgBilingRanap$76
instanceKlass keuangan/DlgBilingRanap$75
instanceKlass keuangan/DlgBilingRanap$74
instanceKlass keuangan/DlgBilingRanap$72
instanceKlass keuangan/DlgBilingRanap$71
instanceKlass keuangan/DlgBilingRanap$70
instanceKlass keuangan/DlgBilingRanap$69
instanceKlass keuangan/DlgBilingRanap$68
instanceKlass keuangan/DlgBilingRanap$67
instanceKlass keuangan/DlgBilingRanap$66
instanceKlass keuangan/DlgBilingRanap$65
instanceKlass keuangan/DlgBilingRanap$63
instanceKlass keuangan/DlgBilingRanap$62
instanceKlass keuangan/DlgBilingRanap$61
instanceKlass keuangan/DlgBilingRanap$60
instanceKlass keuangan/DlgBilingRanap$57
instanceKlass keuangan/DlgBilingRanap$55
instanceKlass keuangan/DlgBilingRanap$53
instanceKlass keuangan/DlgBilingRanap$51
instanceKlass keuangan/DlgBilingRanap$50
instanceKlass keuangan/DlgBilingRanap$49
instanceKlass keuangan/DlgBilingRanap$48
instanceKlass keuangan/DlgBilingRanap$47
instanceKlass keuangan/DlgBilingRanap$46
instanceKlass keuangan/DlgBilingRanap$45
instanceKlass keuangan/DlgBilingRanap$44
instanceKlass keuangan/DlgBilingRanap$43
instanceKlass keuangan/DlgBilingRanap$42
instanceKlass keuangan/DlgBilingRanap$41
instanceKlass keuangan/DlgBilingRanap$40
instanceKlass keuangan/DlgBilingRanap$39
instanceKlass keuangan/DlgBilingRanap$38
instanceKlass keuangan/DlgBilingRanap$37
instanceKlass keuangan/DlgBilingRanap$36
instanceKlass keuangan/DlgBilingRanap$35
instanceKlass keuangan/DlgBilingRanap$34
instanceKlass keuangan/DlgBilingRanap$33
instanceKlass keuangan/DlgBilingRanap$32
instanceKlass keuangan/DlgBilingRanap$31
instanceKlass keuangan/DlgBilingRanap$30
instanceKlass keuangan/DlgBilingRanap$29
instanceKlass keuangan/DlgBilingRanap$28
instanceKlass keuangan/DlgBilingRanap$27
instanceKlass keuangan/DlgBilingRanap$26
instanceKlass keuangan/DlgBilingRanap$25
instanceKlass keuangan/DlgBilingRanap$24
instanceKlass keuangan/DlgBilingRanap$23
instanceKlass keuangan/DlgBilingRanap$22
instanceKlass keuangan/DlgBilingRanap$21
instanceKlass keuangan/DlgBilingRanap$20
instanceKlass keuangan/DlgBilingRanap$19
instanceKlass keuangan/DlgBilingRanap$18
instanceKlass keuangan/DlgBilingRanap$17
instanceKlass keuangan/DlgBilingRanap$16
instanceKlass keuangan/DlgDeposit$40
instanceKlass keuangan/DlgDeposit$4
instanceKlass keuangan/DlgDeposit$3
instanceKlass keuangan/DlgDeposit$38
instanceKlass keuangan/DlgDeposit$34
instanceKlass keuangan/DlgDeposit$31
instanceKlass keuangan/DlgDeposit$24
instanceKlass keuangan/DlgDeposit$22
instanceKlass keuangan/DlgDeposit$19
instanceKlass keuangan/DlgDeposit$17
instanceKlass keuangan/DlgDeposit$15
instanceKlass keuangan/DlgDeposit$13
instanceKlass keuangan/DlgDeposit$11
instanceKlass keuangan/DlgDeposit$9
instanceKlass keuangan/DlgDeposit$5
instanceKlass simrskhanza/DlgRawatInap$259
instanceKlass simrskhanza/DlgRawatInap$17
instanceKlass simrskhanza/DlgRawatInap$16
instanceKlass simrskhanza/DlgRawatInap$15
instanceKlass simrskhanza/DlgRawatInap$14
instanceKlass simrskhanza/DlgRawatInap$13
instanceKlass simrskhanza/DlgRawatInap$12
instanceKlass simrskhanza/DlgRawatInap$11
instanceKlass simrskhanza/DlgRawatInap$10
instanceKlass simrskhanza/DlgRawatInap$9
instanceKlass simrskhanza/DlgRawatInap$257
instanceKlass simrskhanza/DlgRawatInap$256
instanceKlass simrskhanza/DlgRawatInap$255
instanceKlass simrskhanza/DlgRawatInap$254
instanceKlass simrskhanza/DlgRawatInap$253
instanceKlass simrskhanza/DlgRawatInap$252
instanceKlass simrskhanza/DlgRawatInap$251
instanceKlass simrskhanza/DlgRawatInap$250
instanceKlass simrskhanza/DlgRawatInap$249
instanceKlass simrskhanza/DlgRawatInap$248
instanceKlass simrskhanza/DlgRawatInap$247
instanceKlass simrskhanza/DlgRawatInap$246
instanceKlass simrskhanza/DlgRawatInap$245
instanceKlass simrskhanza/DlgRawatInap$244
instanceKlass simrskhanza/DlgRawatInap$243
instanceKlass simrskhanza/DlgRawatInap$242
instanceKlass simrskhanza/DlgRawatInap$241
instanceKlass simrskhanza/DlgRawatInap$240
instanceKlass simrskhanza/DlgRawatInap$239
instanceKlass simrskhanza/DlgRawatInap$238
instanceKlass simrskhanza/DlgRawatInap$237
instanceKlass simrskhanza/DlgRawatInap$236
instanceKlass simrskhanza/DlgRawatInap$235
instanceKlass simrskhanza/DlgRawatInap$234
instanceKlass simrskhanza/DlgRawatInap$233
instanceKlass simrskhanza/DlgRawatInap$232
instanceKlass simrskhanza/DlgRawatInap$231
instanceKlass simrskhanza/DlgRawatInap$230
instanceKlass simrskhanza/DlgRawatInap$229
instanceKlass simrskhanza/DlgRawatInap$228
instanceKlass simrskhanza/DlgRawatInap$227
instanceKlass simrskhanza/DlgRawatInap$226
instanceKlass simrskhanza/DlgRawatInap$225
instanceKlass simrskhanza/DlgRawatInap$224
instanceKlass simrskhanza/DlgRawatInap$223
instanceKlass simrskhanza/DlgRawatInap$222
instanceKlass simrskhanza/DlgRawatInap$221
instanceKlass simrskhanza/DlgRawatInap$220
instanceKlass simrskhanza/DlgRawatInap$219
instanceKlass simrskhanza/DlgRawatInap$218
instanceKlass simrskhanza/DlgRawatInap$217
instanceKlass simrskhanza/DlgRawatInap$216
instanceKlass simrskhanza/DlgRawatInap$215
instanceKlass simrskhanza/DlgRawatInap$214
instanceKlass simrskhanza/DlgRawatInap$213
instanceKlass simrskhanza/DlgRawatInap$212
instanceKlass simrskhanza/DlgRawatInap$211
instanceKlass simrskhanza/DlgRawatInap$210
instanceKlass simrskhanza/DlgRawatInap$209
instanceKlass simrskhanza/DlgRawatInap$208
instanceKlass simrskhanza/DlgRawatInap$207
instanceKlass simrskhanza/DlgRawatInap$206
instanceKlass simrskhanza/DlgRawatInap$205
instanceKlass simrskhanza/DlgRawatInap$204
instanceKlass simrskhanza/DlgRawatInap$203
instanceKlass simrskhanza/DlgRawatInap$202
instanceKlass simrskhanza/DlgRawatInap$201
instanceKlass simrskhanza/DlgRawatInap$200
instanceKlass simrskhanza/DlgRawatInap$199
instanceKlass simrskhanza/DlgRawatInap$198
instanceKlass simrskhanza/DlgRawatInap$197
instanceKlass simrskhanza/DlgRawatInap$196
instanceKlass simrskhanza/DlgRawatInap$195
instanceKlass simrskhanza/DlgRawatInap$194
instanceKlass simrskhanza/DlgRawatInap$193
instanceKlass simrskhanza/DlgRawatInap$192
instanceKlass simrskhanza/DlgRawatInap$191
instanceKlass simrskhanza/DlgRawatInap$190
instanceKlass simrskhanza/DlgRawatInap$189
instanceKlass simrskhanza/DlgRawatInap$188
instanceKlass simrskhanza/DlgRawatInap$187
instanceKlass simrskhanza/DlgRawatInap$186
instanceKlass simrskhanza/DlgRawatInap$185
instanceKlass simrskhanza/DlgRawatInap$184
instanceKlass simrskhanza/DlgRawatInap$183
instanceKlass simrskhanza/DlgRawatInap$182
instanceKlass simrskhanza/DlgRawatInap$181
instanceKlass simrskhanza/DlgRawatInap$180
instanceKlass simrskhanza/DlgRawatInap$179
instanceKlass simrskhanza/DlgRawatInap$178
instanceKlass simrskhanza/DlgRawatInap$169
instanceKlass simrskhanza/DlgRawatInap$168
instanceKlass simrskhanza/DlgRawatInap$166
instanceKlass simrskhanza/DlgRawatInap$164
instanceKlass simrskhanza/DlgRawatInap$163
instanceKlass simrskhanza/DlgRawatInap$161
instanceKlass simrskhanza/DlgRawatInap$139
instanceKlass simrskhanza/DlgRawatInap$115
instanceKlass simrskhanza/DlgRawatInap$111
instanceKlass simrskhanza/DlgRawatInap$109
instanceKlass simrskhanza/DlgRawatInap$107
instanceKlass simrskhanza/DlgRawatInap$105
instanceKlass simrskhanza/DlgRawatInap$103
instanceKlass simrskhanza/DlgRawatInap$101
instanceKlass simrskhanza/DlgRawatInap$99
instanceKlass simrskhanza/DlgRawatInap$97
instanceKlass simrskhanza/DlgRawatInap$95
instanceKlass simrskhanza/DlgRawatInap$93
instanceKlass simrskhanza/DlgRawatInap$91
instanceKlass simrskhanza/DlgRawatInap$90
instanceKlass simrskhanza/DlgRawatInap$89
instanceKlass simrskhanza/DlgRawatInap$83
instanceKlass simrskhanza/DlgRawatInap$73
instanceKlass simrskhanza/DlgRawatInap$69
instanceKlass simrskhanza/DlgRawatInap$65
instanceKlass simrskhanza/DlgRawatInap$63
instanceKlass simrskhanza/DlgRawatInap$61
instanceKlass simrskhanza/DlgRawatInap$59
instanceKlass simrskhanza/DlgRawatInap$54
instanceKlass simrskhanza/DlgRawatInap$52
instanceKlass simrskhanza/DlgRawatInap$50
instanceKlass simrskhanza/DlgRawatInap$45
instanceKlass simrskhanza/DlgRawatInap$43
instanceKlass simrskhanza/DlgRawatInap$41
instanceKlass simrskhanza/DlgRawatInap$35
instanceKlass simrskhanza/DlgRawatInap$32
instanceKlass simrskhanza/DlgRawatInap$30
instanceKlass simrskhanza/DlgRawatInap$28
instanceKlass simrskhanza/DlgRawatInap$26
instanceKlass simrskhanza/DlgRawatInap$24
instanceKlass simrskhanza/DlgRawatInap$22
instanceKlass simrskhanza/DlgRawatInap$20
instanceKlass simrskhanza/DlgRawatInap$18
instanceKlass simrskhanza/DlgCariSoap$13
instanceKlass simrskhanza/DlgCariSoap$11
instanceKlass simrskhanza/DlgCariSoap$9
instanceKlass simrskhanza/DlgCariSoap$7
instanceKlass rekammedis/RMCari5SOAPTerakhir$10
instanceKlass rekammedis/RMCari5SOAPTerakhir$8
instanceKlass rekammedis/RMCari5SOAPTerakhir$6
instanceKlass kepegawaian/DlgCariPegawai2$11
instanceKlass kepegawaian/DlgCariPegawai2$9
instanceKlass kepegawaian/DlgCariPegawai2$7
instanceKlass keuangan/DlgCariPerawatanRanap2$6
instanceKlass keuangan/DlgCariPerawatanRanap2$5
instanceKlass keuangan/DlgCariPerawatanRanap2$4
instanceKlass keuangan/DlgCariPerawatanRanap2$3
instanceKlass keuangan/DlgCariPerawatanRanap2$31
instanceKlass keuangan/DlgCariPerawatanRanap2$29
instanceKlass keuangan/DlgCariPerawatanRanap2$26
instanceKlass keuangan/DlgCariPerawatanRanap2$25
instanceKlass keuangan/DlgCariPerawatanRanap2$24
instanceKlass keuangan/DlgCariPerawatanRanap2$22
instanceKlass keuangan/DlgCariPerawatanRanap2$20
instanceKlass keuangan/DlgCariPerawatanRanap2$17
instanceKlass keuangan/DlgCariPerawatanRanap2$14
instanceKlass keuangan/DlgCariPerawatanRanap2$10
instanceKlass keuangan/DlgCariPerawatanRanap2$9
instanceKlass keuangan/DlgCariPerawatanRanap2$8
instanceKlass keuangan/DlgCariPerawatanRanap2$7
instanceKlass keuangan/DlgCariPerawatanRanap$6
instanceKlass keuangan/DlgCariPerawatanRanap$5
instanceKlass keuangan/DlgCariPerawatanRanap$4
instanceKlass keuangan/DlgCariPerawatanRanap$3
instanceKlass keuangan/DlgCariPerawatanRanap$37
instanceKlass keuangan/DlgCariPerawatanRanap$35
instanceKlass keuangan/DlgCariPerawatanRanap$33
instanceKlass keuangan/DlgCariPerawatanRanap$31
instanceKlass keuangan/DlgCariPerawatanRanap$26
instanceKlass keuangan/DlgCariPerawatanRanap$25
instanceKlass keuangan/DlgCariPerawatanRanap$24
instanceKlass keuangan/DlgCariPerawatanRanap$22
instanceKlass keuangan/DlgCariPerawatanRanap$20
instanceKlass keuangan/DlgCariPerawatanRanap$17
instanceKlass keuangan/DlgCariPerawatanRanap$14
instanceKlass keuangan/DlgCariPerawatanRanap$10
instanceKlass keuangan/DlgCariPerawatanRanap$9
instanceKlass keuangan/DlgCariPerawatanRanap$8
instanceKlass keuangan/DlgCariPerawatanRanap$7
instanceKlass simrskhanza/DlgKtgPerawatan$19
instanceKlass simrskhanza/DlgKtgPerawatan$17
instanceKlass simrskhanza/DlgKtgPerawatan$14
instanceKlass simrskhanza/DlgKtgPerawatan$12
instanceKlass simrskhanza/DlgKtgPerawatan$10
instanceKlass simrskhanza/DlgKtgPerawatan$8
instanceKlass simrskhanza/DlgKtgPerawatan$6
instanceKlass kepegawaian/DlgCariPetugas$12
instanceKlass kepegawaian/DlgCariPetugas$11
instanceKlass kepegawaian/DlgCariPetugas$9
instanceKlass kepegawaian/DlgCariPetugas$7
instanceKlass javax/swing/Timer$1
instanceKlass inventory/DlgPemberianObat$40
instanceKlass inventory/DlgPemberianObat$8
instanceKlass inventory/DlgPemberianObat$7
instanceKlass inventory/DlgPemberianObat$6
instanceKlass inventory/DlgPemberianObat$5
instanceKlass inventory/DlgPemberianObat$4
instanceKlass inventory/DlgPemberianObat$3
instanceKlass inventory/DlgPemberianObat$38
instanceKlass inventory/DlgPemberianObat$37
instanceKlass inventory/DlgPemberianObat$36
instanceKlass inventory/DlgPemberianObat$32
instanceKlass inventory/DlgPemberianObat$27
instanceKlass inventory/DlgPemberianObat$24
instanceKlass inventory/DlgPemberianObat$21
instanceKlass inventory/DlgPemberianObat$19
instanceKlass inventory/DlgPemberianObat$17
instanceKlass inventory/DlgPemberianObat$15
instanceKlass inventory/DlgPemberianObat$11
instanceKlass inventory/DlgPemberianObat$10
instanceKlass inventory/DlgPemberianObat$9
instanceKlass simrskhanza/DlgCariPasien$11
instanceKlass simrskhanza/DlgCariPasien$9
instanceKlass simrskhanza/DlgCariPasien$7
instanceKlass inventory/DlgCariObat3$2
instanceKlass inventory/DlgCariObat3$15
instanceKlass inventory/DlgCariObat3$13
instanceKlass inventory/DlgCariObat3$12
instanceKlass inventory/DlgCariObat3$11
instanceKlass inventory/DlgCariObat3$10
instanceKlass inventory/DlgCariObat3$8
instanceKlass inventory/DlgCariObat2$8
instanceKlass inventory/DlgCariObat2$7
instanceKlass inventory/DlgCariObat2$6
instanceKlass inventory/DlgCariObat2$5
instanceKlass inventory/DlgCariObat2$46
instanceKlass inventory/DlgCariObat2$43
instanceKlass inventory/DlgCariObat2$39
instanceKlass inventory/DlgCariObat2$36
instanceKlass inventory/DlgCariObat2$34
instanceKlass inventory/DlgCariObat2$32
instanceKlass inventory/DlgCariObat2$31
instanceKlass inventory/DlgCariObat2$26
instanceKlass inventory/DlgCariObat2$25
instanceKlass inventory/DlgCariObat2$24
instanceKlass inventory/DlgCariObat2$23
instanceKlass inventory/DlgCariObat2$21
instanceKlass inventory/DlgCariObat2$20
instanceKlass inventory/DlgCariObat2$18
instanceKlass inventory/DlgCariObat2$16
instanceKlass inventory/DlgCariObat2$11
instanceKlass inventory/DlgCariObat2$10
instanceKlass inventory/DlgCariObat2$9
instanceKlass java/util/concurrent/TimeUnit$1
instanceKlass javax/swing/TimerQueue$DelayedTimer
instanceKlass java/util/concurrent/Delayed
instanceKlass inventory/DlgCariObat$45
instanceKlass inventory/DlgCariObat$8
instanceKlass inventory/DlgCariObat$7
instanceKlass inventory/DlgCariObat$6
instanceKlass inventory/DlgCariObat$5
instanceKlass inventory/DlgCariObat$42
instanceKlass inventory/DlgCariObat$38
instanceKlass inventory/DlgCariObat$35
instanceKlass inventory/DlgCariObat$33
instanceKlass inventory/DlgCariObat$28
instanceKlass inventory/DlgCariObat$26
instanceKlass inventory/DlgCariObat$25
instanceKlass inventory/DlgCariObat$24
instanceKlass inventory/DlgCariObat$23
instanceKlass inventory/DlgCariObat$22
instanceKlass inventory/DlgCariObat$20
instanceKlass inventory/DlgCariObat$19
instanceKlass inventory/DlgCariObat$17
instanceKlass inventory/DlgCariObat$15
instanceKlass inventory/DlgCariObat$11
instanceKlass inventory/DlgCariObat$10
instanceKlass inventory/DlgCariObat$9
instanceKlass bridging/ApiPcare
instanceKlass inventory/riwayatobat
instanceKlass inventory/DlgCariMetodeRacik$12
instanceKlass inventory/DlgCariMetodeRacik$11
instanceKlass inventory/DlgCariMetodeRacik$9
instanceKlass inventory/DlgCariMetodeRacik$7
instanceKlass inventory/DlgCariAturanPakai$12
instanceKlass inventory/DlgCariAturanPakai$11
instanceKlass inventory/DlgCariAturanPakai$9
instanceKlass inventory/DlgCariAturanPakai$7
instanceKlass simrskhanza/DlgCariReg$9
instanceKlass simrskhanza/DlgCariReg$7
instanceKlass simrskhanza/DlgCariReg$5
instanceKlass keuangan/DlgKamar$3
instanceKlass keuangan/DlgKamar$35
instanceKlass keuangan/DlgKamar$30
instanceKlass keuangan/DlgKamar$28
instanceKlass keuangan/DlgKamar$26
instanceKlass keuangan/DlgKamar$23
instanceKlass keuangan/DlgKamar$21
instanceKlass keuangan/DlgKamar$18
instanceKlass keuangan/DlgKamar$16
instanceKlass keuangan/DlgKamar$14
instanceKlass keuangan/DlgKamar$12
instanceKlass keuangan/DlgKamar$10
instanceKlass keuangan/DlgKamar$8
instanceKlass keuangan/DlgKamar$4
instanceKlass simrskhanza/DlgCariBangsal$12
instanceKlass simrskhanza/DlgCariBangsal$11
instanceKlass simrskhanza/DlgCariBangsal$9
instanceKlass simrskhanza/DlgCariBangsal$7
instanceKlass simrskhanza/DlgIKBBayi$4
instanceKlass simrskhanza/DlgIKBBayi$120
instanceKlass javax/swing/Autoscroller
instanceKlass simrskhanza/DlgIKBBayi$116
instanceKlass jdk/internal/access/foreign/MemorySegmentProxy
instanceKlass simrskhanza/DlgIKBBayi$114
instanceKlass simrskhanza/DlgIKBBayi$92
instanceKlass simrskhanza/DlgIKBBayi$84
instanceKlass simrskhanza/DlgIKBBayi$82
instanceKlass simrskhanza/DlgIKBBayi$80
instanceKlass simrskhanza/DlgIKBBayi$78
instanceKlass simrskhanza/DlgIKBBayi$76
instanceKlass simrskhanza/DlgIKBBayi$74
instanceKlass simrskhanza/DlgIKBBayi$72
instanceKlass simrskhanza/DlgIKBBayi$70
instanceKlass simrskhanza/DlgIKBBayi$59
instanceKlass simrskhanza/DlgIKBBayi$51
instanceKlass simrskhanza/DlgIKBBayi$44
instanceKlass simrskhanza/DlgIKBBayi$37
instanceKlass simrskhanza/DlgIKBBayi$34
instanceKlass simrskhanza/DlgIKBBayi$31
instanceKlass simrskhanza/DlgIKBBayi$28
instanceKlass simrskhanza/DlgIKBBayi$26
instanceKlass simrskhanza/DlgIKBBayi$25
instanceKlass simrskhanza/DlgIKBBayi$24
instanceKlass simrskhanza/DlgIKBBayi$23
instanceKlass simrskhanza/DlgIKBBayi$22
instanceKlass simrskhanza/DlgIKBBayi$21
instanceKlass simrskhanza/DlgIKBBayi$20
instanceKlass simrskhanza/DlgIKBBayi$19
instanceKlass simrskhanza/DlgIKBBayi$18
instanceKlass simrskhanza/DlgIKBBayi$17
instanceKlass simrskhanza/DlgIKBBayi$16
instanceKlass simrskhanza/DlgIKBBayi$15
instanceKlass simrskhanza/DlgIKBBayi$14
instanceKlass simrskhanza/DlgIKBBayi$13
instanceKlass simrskhanza/DlgIKBBayi$12
instanceKlass simrskhanza/DlgIKBBayi$11
instanceKlass simrskhanza/DlgIKBBayi$10
instanceKlass simrskhanza/DlgIKBBayi$9
instanceKlass simrskhanza/DlgIKBBayi$8
instanceKlass simrskhanza/DlgIKBBayi$7
instanceKlass simrskhanza/DlgIKBBayi$6
instanceKlass simrskhanza/DlgIKBBayi$5
instanceKlass javax/swing/plaf/metal/MetalIconFactory$MenuArrowIcon
instanceKlass javax/swing/JMenu$MenuChangeListener
instanceKlass bridging/DUKCAPILJakartaPostLahir
instanceKlass org/codehaus/jackson/map/ser/BeanSerializerModifier
instanceKlass org/codehaus/jackson/map/Serializers
instanceKlass org/codehaus/jackson/map/ser/std/StdJdkSerializers
instanceKlass org/codehaus/jackson/map/util/Provider
instanceKlass org/codehaus/jackson/map/SerializerFactory$Config
instanceKlass org/codehaus/jackson/map/ResolvableSerializer
instanceKlass org/codehaus/jackson/map/deser/ValueInstantiators
instanceKlass org/codehaus/jackson/map/AbstractTypeResolver
instanceKlass org/codehaus/jackson/map/deser/BeanDeserializerModifier
instanceKlass org/codehaus/jackson/map/KeyDeserializers
instanceKlass org/codehaus/jackson/map/ext/OptionalHandlerFactory
instanceKlass org/codehaus/jackson/map/deser/std/PrimitiveArrayDeserializers
instanceKlass java/lang/Byte$ByteCache
instanceKlass org/codehaus/jackson/map/type/ClassKey
instanceKlass org/codehaus/jackson/map/deser/StdDeserializers
instanceKlass org/codehaus/jackson/map/Deserializers
instanceKlass org/codehaus/jackson/map/DeserializerFactory$Config
instanceKlass org/codehaus/jackson/map/deser/SettableBeanProperty
instanceKlass org/codehaus/jackson/map/BeanProperty
instanceKlass org/codehaus/jackson/map/util/Named
instanceKlass org/codehaus/jackson/map/ResolvableDeserializer
instanceKlass org/codehaus/jackson/map/type/TypeBindings
instanceKlass org/codehaus/jackson/map/KeyDeserializer
instanceKlass org/codehaus/jackson/map/deser/std/StdKeyDeserializers
instanceKlass org/codehaus/jackson/map/DeserializerFactory
instanceKlass org/codehaus/jackson/map/JsonDeserializer
instanceKlass org/codehaus/jackson/map/util/RootNameLookup
instanceKlass org/codehaus/jackson/map/ser/impl/SerializerCache
instanceKlass org/codehaus/jackson/schema/SchemaAware
instanceKlass org/codehaus/jackson/map/JsonSerializer
instanceKlass org/codehaus/jackson/node/JsonNodeFactory
instanceKlass org/codehaus/jackson/map/MapperConfig$Base
instanceKlass org/codehaus/jackson/map/type/TypeParser
instanceKlass org/codehaus/jackson/map/type/TypeFactory
instanceKlass org/codehaus/jackson/sym/Name
instanceKlass org/codehaus/jackson/sym/BytesToNameCanonicalizer
instanceKlass org/codehaus/jackson/sym/CharsToNameCanonicalizer$Bucket
instanceKlass org/codehaus/jackson/sym/CharsToNameCanonicalizer
instanceKlass org/codehaus/jackson/annotate/JacksonAnnotation
instanceKlass sun/reflect/annotation/AnnotationParser$$Lambda$193+0x0000000800e11db8
instanceKlass org/codehaus/jackson/annotate/JsonAutoDetect
instanceKlass org/codehaus/jackson/map/introspect/VisibilityChecker$Std
instanceKlass org/codehaus/jackson/map/introspect/BasicClassIntrospector$MinimalMethodFilter
instanceKlass org/codehaus/jackson/map/introspect/BasicClassIntrospector$SetterMethodFilter
instanceKlass org/codehaus/jackson/map/introspect/BasicClassIntrospector$GetterMethodFilter
instanceKlass org/codehaus/jackson/map/introspect/AnnotationMap
instanceKlass org/codehaus/jackson/map/util/Annotations
instanceKlass org/codehaus/jackson/map/introspect/Annotated
instanceKlass org/codehaus/jackson/map/introspect/MethodFilter
instanceKlass org/codehaus/jackson/map/BeanDescription
instanceKlass org/codehaus/jackson/map/MapperConfig
instanceKlass org/codehaus/jackson/map/ClassIntrospector$MixInResolver
instanceKlass org/codehaus/jackson/map/SerializerFactory
instanceKlass org/codehaus/jackson/map/DeserializerProvider
instanceKlass org/codehaus/jackson/map/SerializerProvider
instanceKlass org/codehaus/jackson/JsonFactory
instanceKlass org/codehaus/jackson/map/introspect/VisibilityChecker
instanceKlass org/codehaus/jackson/map/AnnotationIntrospector
instanceKlass org/codehaus/jackson/map/ClassIntrospector
instanceKlass org/codehaus/jackson/type/JavaType
instanceKlass org/codehaus/jackson/map/DeserializationContext
instanceKlass org/codehaus/jackson/PrettyPrinter
instanceKlass org/codehaus/jackson/map/jsontype/TypeResolverBuilder
instanceKlass org/codehaus/jackson/map/jsontype/SubtypeResolver
instanceKlass org/codehaus/jackson/map/JsonSerializableWithType
instanceKlass org/codehaus/jackson/map/JsonSerializable
instanceKlass org/codehaus/jackson/JsonNode
instanceKlass org/codehaus/jackson/map/MapperConfig$ConfigFeature
instanceKlass org/codehaus/jackson/JsonParser
instanceKlass org/codehaus/jackson/map/Module$SetupContext
instanceKlass org/springframework/http/converter/FormHttpMessageConverter
instanceKlass org/xml/sax/helpers/LocatorImpl
instanceKlass org/xml/sax/Locator
instanceKlass javax/xml/transform/SourceLocator
instanceKlass org/apache/xml/utils/DefaultErrorHandler
instanceKlass org/xml/sax/ErrorHandler
instanceKlass javax/xml/transform/ErrorListener
instanceKlass javax/xml/transform/sax/TemplatesHandler
instanceKlass org/xml/sax/ext/DeclHandler
instanceKlass javax/xml/transform/sax/TransformerHandler
instanceKlass org/xml/sax/DTDHandler
instanceKlass org/xml/sax/ext/LexicalHandler
instanceKlass javax/xml/transform/Transformer
instanceKlass org/xml/sax/XMLFilter
instanceKlass org/xml/sax/XMLReader
instanceKlass org/xml/sax/InputSource
instanceKlass javax/xml/parsers/SAXParserFactory
instanceKlass org/apache/xml/utils/DOMHelper
instanceKlass org/xml/sax/ContentHandler
instanceKlass sun/security/util/ManifestEntryVerifier
instanceKlass javax/xml/transform/FactoryFinder$1
instanceKlass jdk/xml/internal/SecuritySupport$$Lambda$192+0x0000000800dfe5c0
instanceKlass javax/xml/transform/FactoryFinder$$Lambda$191+0x0000000800dfe3a0
instanceKlass jdk/xml/internal/SecuritySupport$$Lambda$190+0x0000000800dfe180
instanceKlass jdk/xml/internal/SecuritySupport
instanceKlass javax/xml/transform/FactoryFinder
instanceKlass javax/xml/transform/TransformerFactory
instanceKlass javax/xml/transform/Source
instanceKlass javax/xml/transform/Result
instanceKlass javax/activation/FileTypeMap
instanceKlass org/springframework/core/io/Resource
instanceKlass org/springframework/core/io/InputStreamSource
instanceKlass java/nio/charset/Charset$1
instanceKlass sun/nio/cs/CharsetMapping$Entry
instanceKlass sun/nio/cs/CharsetMapping$1
instanceKlass sun/nio/cs/CharsetMapping$4
instanceKlass sun/nio/cs/CharsetMapping$3
instanceKlass sun/nio/cs/CharsetMapping$2
instanceKlass sun/nio/cs/CharsetMapping
instanceKlass sun/nio/cs/ext/SJIS_0213$1
instanceKlass sun/nio/cs/DoubleByte
instanceKlass sun/nio/cs/ext/AbstractCharsetProvider$1
instanceKlass sun/util/PreHashedMap$1$1
instanceKlass sun/nio/cs/StandardCharsets$1
instanceKlass java/nio/charset/Charset$3
instanceKlass java/util/AbstractMap$SimpleImmutableEntry
instanceKlass org/springframework/http/MediaType$2
instanceKlass org/springframework/http/MediaType$1
instanceKlass org/springframework/util/CollectionUtils
instanceKlass org/springframework/util/StringUtils
instanceKlass org/springframework/http/MediaType
instanceKlass org/springframework/http/converter/AbstractHttpMessageConverter
instanceKlass org/springframework/http/converter/HttpMessageConverter
instanceKlass org/springframework/web/client/DefaultResponseErrorHandler
instanceKlass org/springframework/web/client/RestTemplate$HeadersExtractor
instanceKlass org/springframework/http/client/ClientHttpRequest
instanceKlass org/springframework/http/HttpOutputMessage
instanceKlass org/springframework/http/HttpRequest
instanceKlass org/springframework/http/HttpMessage
instanceKlass org/springframework/http/client/SimpleClientHttpRequestFactory
instanceKlass org/apache/log4j/spi/LoggingEvent
instanceKlass org/codehaus/jackson/JsonGenerator
instanceKlass org/codehaus/jackson/ObjectCodec
instanceKlass org/codehaus/jackson/Versioned
instanceKlass javax/xml/bind/Binder
instanceKlass org/springframework/util/Assert
instanceKlass org/apache/log4j/CategoryKey
instanceKlass org/apache/log4j/helpers/LogLog
instanceKlass org/apache/log4j/helpers/Loader
instanceKlass org/apache/log4j/spi/Configurator
instanceKlass org/apache/log4j/helpers/OptionConverter
instanceKlass org/apache/log4j/spi/DefaultRepositorySelector
instanceKlass org/apache/log4j/DefaultCategoryFactory
instanceKlass org/apache/log4j/or/DefaultRenderer
instanceKlass org/apache/log4j/or/ObjectRenderer
instanceKlass org/apache/log4j/or/RendererMap
instanceKlass org/apache/log4j/spi/LoggerFactory
instanceKlass org/apache/log4j/Hierarchy
instanceKlass org/apache/log4j/spi/RendererSupport
instanceKlass org/apache/log4j/spi/RepositorySelector
instanceKlass org/apache/log4j/spi/LoggerRepository
instanceKlass org/apache/log4j/LogManager
instanceKlass org/apache/log4j/Priority
instanceKlass org/apache/commons/logging/impl/Log4JLogger
instanceKlass org/apache/commons/logging/Log
instanceKlass org/apache/log4j/Category
instanceKlass org/apache/log4j/spi/AppenderAttachable
instanceKlass org/apache/commons/logging/impl/LogFactoryImpl$1
instanceKlass org/apache/commons/logging/LogFactory$2
instanceKlass org/apache/commons/logging/LogFactory$3
instanceKlass java/lang/WeakPairMap$$Lambda$189+0x0000000800ddba60
instanceKlass java/lang/Module$$Lambda$188+0x0000000800ddb838
instanceKlass java/lang/module/ModuleDescriptor$Builder$$Lambda$187+0x0000000800ddaf48
instanceKlass java/lang/module/ModuleDescriptor$Builder
instanceKlass java/lang/reflect/Proxy$ProxyBuilder$$Lambda$186+0x0000000800ddad20
instanceKlass java/lang/reflect/AccessibleObject$$Lambda$185+0x0000000800dda720
instanceKlass org/apache/commons/logging/LogFactory$1
instanceKlass org/apache/commons/logging/LogFactory
instanceKlass org/springframework/util/ClassUtils
instanceKlass org/springframework/web/client/ResponseErrorHandler
instanceKlass org/springframework/web/util/UriTemplate
instanceKlass org/springframework/web/client/ResponseExtractor
instanceKlass org/springframework/web/client/RequestCallback
instanceKlass org/springframework/http/client/support/HttpAccessor
instanceKlass org/springframework/web/client/RestOperations
instanceKlass bridging/DUKCAPILJakartaCekNik
instanceKlass kepegawaian/DlgCariPegawai$11
instanceKlass kepegawaian/DlgCariPegawai$9
instanceKlass kepegawaian/DlgCariPegawai$7
instanceKlass java/time/Instant
instanceKlass java/time/LocalTime
instanceKlass java/time/zone/ZoneOffsetTransition
instanceKlass java/time/LocalDateTime
instanceKlass java/time/chrono/ChronoLocalDateTime
instanceKlass java/time/zone/ZoneOffsetTransitionRule
instanceKlass java/time/zone/ZoneRules
instanceKlass java/time/zone/Ser
instanceKlass java/time/zone/ZoneRulesProvider$1
instanceKlass java/time/zone/ZoneRulesProvider
instanceKlass java/time/ZoneId
instanceKlass java/time/Clock
instanceKlass java/time/temporal/ValueRange
instanceKlass java/time/Duration
instanceKlass java/time/temporal/TemporalAmount
instanceKlass java/time/temporal/TemporalUnit
instanceKlass java/time/temporal/TemporalField
instanceKlass java/time/LocalDate
instanceKlass java/time/chrono/ChronoLocalDate
instanceKlass java/time/temporal/TemporalAdjuster
instanceKlass java/time/temporal/Temporal
instanceKlass java/time/temporal/TemporalAccessor
instanceKlass keuangan/DlgBilingRalan$12
instanceKlass keuangan/DlgBilingRalan$11
instanceKlass keuangan/DlgBilingRalan$10
instanceKlass keuangan/DlgBilingRalan$9
instanceKlass javax/swing/plaf/metal/MetalUtils
instanceKlass keuangan/DlgBilingRalan$108
instanceKlass keuangan/DlgBilingRalan$106
instanceKlass keuangan/DlgBilingRalan$104
instanceKlass keuangan/DlgBilingRalan$102
instanceKlass keuangan/DlgBilingRalan$100
instanceKlass keuangan/DlgBilingRalan$98
instanceKlass keuangan/DlgBilingRalan$96
instanceKlass keuangan/DlgBilingRalan$93
instanceKlass keuangan/DlgBilingRalan$90
instanceKlass keuangan/DlgBilingRalan$88
instanceKlass keuangan/DlgBilingRalan$87
instanceKlass keuangan/DlgBilingRalan$86
instanceKlass keuangan/DlgBilingRalan$85
instanceKlass keuangan/DlgBilingRalan$84
instanceKlass keuangan/DlgBilingRalan$83
instanceKlass keuangan/DlgBilingRalan$82
instanceKlass keuangan/DlgBilingRalan$81
instanceKlass keuangan/DlgBilingRalan$80
instanceKlass keuangan/DlgBilingRalan$79
instanceKlass keuangan/DlgBilingRalan$72
instanceKlass keuangan/DlgBilingRalan$69
instanceKlass keuangan/DlgBilingRalan$68
instanceKlass keuangan/DlgBilingRalan$67
instanceKlass keuangan/DlgBilingRalan$65
instanceKlass keuangan/DlgBilingRalan$64
instanceKlass keuangan/DlgBilingRalan$63
instanceKlass keuangan/DlgBilingRalan$62
instanceKlass keuangan/DlgBilingRalan$61
instanceKlass keuangan/DlgBilingRalan$60
instanceKlass keuangan/DlgBilingRalan$58
instanceKlass keuangan/DlgBilingRalan$56
instanceKlass keuangan/DlgBilingRalan$55
instanceKlass keuangan/DlgBilingRalan$54
instanceKlass keuangan/DlgBilingRalan$53
instanceKlass keuangan/DlgBilingRalan$52
instanceKlass keuangan/DlgBilingRalan$51
instanceKlass keuangan/DlgBilingRalan$48
instanceKlass keuangan/DlgBilingRalan$46
instanceKlass keuangan/DlgBilingRalan$44
instanceKlass keuangan/DlgBilingRalan$42
instanceKlass keuangan/DlgBilingRalan$38
instanceKlass keuangan/DlgBilingRalan$36
instanceKlass keuangan/DlgBilingRalan$35
instanceKlass keuangan/DlgBilingRalan$34
instanceKlass keuangan/DlgBilingRalan$33
instanceKlass keuangan/DlgBilingRalan$32
instanceKlass keuangan/DlgBilingRalan$31
instanceKlass keuangan/DlgBilingRalan$30
instanceKlass keuangan/DlgBilingRalan$29
instanceKlass keuangan/DlgBilingRalan$28
instanceKlass keuangan/DlgBilingRalan$27
instanceKlass keuangan/DlgBilingRalan$26
instanceKlass keuangan/DlgBilingRalan$25
instanceKlass keuangan/DlgBilingRalan$24
instanceKlass keuangan/DlgBilingRalan$23
instanceKlass keuangan/DlgBilingRalan$22
instanceKlass keuangan/DlgBilingRalan$21
instanceKlass keuangan/DlgBilingRalan$20
instanceKlass keuangan/DlgBilingRalan$19
instanceKlass keuangan/DlgBilingRalan$18
instanceKlass keuangan/DlgBilingRalan$17
instanceKlass keuangan/DlgBilingRalan$16
instanceKlass keuangan/DlgBilingRalan$15
instanceKlass javax/swing/plaf/basic/BasicTabbedPaneUI$Handler
instanceKlass javax/swing/plaf/basic/BasicTabbedPaneUI$TabbedPaneLayout
instanceKlass javax/swing/JTabbedPane$ModelListener
instanceKlass javax/accessibility/AccessibleRelationSet
instanceKlass javax/accessibility/AccessibleContext$1
instanceKlass sun/awt/AWTAccessor$AccessibleContextAccessor
instanceKlass javax/accessibility/AccessibleContext
instanceKlass javax/accessibility/AccessibleExtendedComponent
instanceKlass javax/accessibility/AccessibleComponent
instanceKlass javax/swing/text/GapContent$UndoPosRef
instanceKlass java/awt/GridBagConstraints
instanceKlass java/awt/GridBagLayout
instanceKlass javax/swing/text/DefaultCaret$1
instanceKlass javax/swing/TimerQueue$$Lambda$184+0x0000000800dc3430
instanceKlass javax/swing/TimerQueue
instanceKlass javax/swing/text/AbstractDocument$UndoRedoDocumentEvent
instanceKlass javax/swing/event/DocumentEvent$ElementChange
instanceKlass java/awt/GridLayout
instanceKlass javax/swing/plaf/basic/BasicMenuItemUI$Handler
instanceKlass javax/swing/event/MenuDragMouseListener
instanceKlass sun/swing/MenuItemLayoutHelper
instanceKlass javax/swing/plaf/basic/BasicGraphicsUtils
instanceKlass javax/swing/plaf/metal/MetalIconFactory$MenuItemArrowIcon
instanceKlass javax/swing/JMenuItem$MenuItemFocusListener
instanceKlass javax/swing/text/html/CSS$ShorthandBackgroundParser
instanceKlass javax/swing/text/html/CSS$ShorthandFontParser
instanceKlass java/util/Formattable
instanceKlass java/util/Formatter$Conversion
instanceKlass java/util/Formatter$Flags
instanceKlass java/util/Formatter$FormatSpecifier
instanceKlass java/util/Formatter$FormatString
instanceKlass java/util/regex/Pattern$BmpCharPredicate$$Lambda$183+0x0000000800dbf4f0
instanceKlass java/util/regex/Pattern$$Lambda$182+0x0000000800dbf270
instanceKlass java/util/regex/CharPredicates$$Lambda$181+0x0000000800dbeff0
instanceKlass java/util/regex/CharPredicates
instanceKlass java/util/Formatter
instanceKlass javax/swing/text/html/CSS$ShorthandBorderParser
instanceKlass javax/swing/text/TabableView
instanceKlass javax/swing/text/html/StyleSheet$1
instanceKlass javax/swing/text/html/CSSBorder$StrokePainter
instanceKlass javax/swing/text/html/CSSBorder$SolidPainter
instanceKlass javax/swing/text/html/CSSBorder$NullPainter
instanceKlass javax/swing/text/html/CSSBorder$BorderPainter
instanceKlass javax/swing/text/html/StyleSheet$BoxPainter
instanceKlass javax/swing/text/html/StyleSheet$SearchBuffer
instanceKlass javax/swing/text/html/MuxingAttributeSet
instanceKlass javax/swing/text/FlowView$FlowStrategy
instanceKlass javax/swing/text/DefaultStyledDocument$AbstractChangeHandler
instanceKlass javax/swing/text/html/parser/AttributeList
instanceKlass javax/swing/text/html/parser/ContentModel
instanceKlass javax/swing/text/html/parser/ParserDelegator$1
instanceKlass javax/swing/text/html/parser/Entity
instanceKlass javax/swing/text/html/parser/Element
instanceKlass javax/swing/text/html/parser/DTD
instanceKlass javax/swing/text/html/parser/DTDConstants
instanceKlass javax/swing/text/html/HTMLEditorKit$Parser
instanceKlass sun/swing/text/UndoableEditLockSupport
instanceKlass javax/swing/event/DocumentEvent$EventType
instanceKlass javax/swing/event/DocumentEvent
instanceKlass javax/swing/undo/AbstractUndoableEdit
instanceKlass javax/swing/undo/UndoableEdit
instanceKlass javax/swing/text/DefaultStyledDocument$ElementBuffer
instanceKlass javax/swing/text/html/CSS$ShorthandMarginParser
instanceKlass javax/swing/text/html/CSS$LengthUnit
instanceKlass javax/swing/text/html/CSSParser
instanceKlass javax/swing/text/html/StyleSheet$CssParser
instanceKlass javax/swing/text/html/CSSParser$CSSParserCallback
instanceKlass sun/awt/shell/Win32ShellFolder2$FolderDisposer$1
instanceKlass javax/swing/text/html/HTMLEditorKit$1
instanceKlass javax/swing/text/html/StyleSheet$SelectorMapping
instanceKlass javax/swing/text/html/CSS$CssValue
instanceKlass javax/swing/text/html/CSS$Value
instanceKlass javax/swing/text/html/CSS$Attribute
instanceKlass javax/swing/text/html/CSS
instanceKlass javax/swing/text/StyledEditorKit$AttributeTracker
instanceKlass javax/swing/text/html/HTML$Attribute
instanceKlass javax/swing/text/html/HTML
instanceKlass javax/swing/text/html/HTML$Tag
instanceKlass javax/swing/event/CaretListener
instanceKlass javax/swing/text/html/HTMLEditorKit$HTMLFactory
instanceKlass javax/swing/text/StyledEditorKit$StyledViewFactory
instanceKlass javax/swing/text/Utilities
instanceKlass javax/swing/text/SegmentCache
instanceKlass javax/swing/SizeRequirements
instanceKlass sun/swing/SwingUtilities2$KeyPair
instanceKlass simrskhanza/DlgCariCaraBayar$14
instanceKlass simrskhanza/DlgCariCaraBayar$13
instanceKlass simrskhanza/DlgCariCaraBayar$12
instanceKlass simrskhanza/DlgCariCaraBayar$11
instanceKlass simrskhanza/DlgCariCaraBayar$9
instanceKlass simrskhanza/DlgCariCaraBayar$7
instanceKlass javax/swing/text/StyledDocument
instanceKlass javax/swing/plaf/metal/MetalIconFactory$CheckBoxIcon
instanceKlass javax/swing/plaf/basic/BasicBorders
instanceKlass simrskhanza/DlgCariPoli$12
instanceKlass simrskhanza/DlgCariPoli$11
instanceKlass simrskhanza/DlgCariPoli$9
instanceKlass simrskhanza/DlgCariPoli$7
instanceKlass fungsi/batasInput
instanceKlass javax/swing/table/TableColumn
instanceKlass javax/swing/JTable$5
instanceKlass javax/swing/JTable$2
instanceKlass javax/swing/JTable$Resizable3
instanceKlass javax/swing/JTable$Resizable2
instanceKlass sun/awt/GlobalCursorManager$NativeUpdater
instanceKlass sun/awt/GlobalCursorManager
instanceKlass sun/java2d/StateTrackableDelegate$1
instanceKlass sun/java2d/d3d/D3DBlitLoops
instanceKlass sun/java2d/loops/ProcessPath$DrawHandler
instanceKlass sun/java2d/pipe/BufferedRenderPipe$AAParallelogramPipe
instanceKlass sun/java2d/pipe/BufferedRenderPipe
instanceKlass sun/java2d/pipe/hw/AccelSurface
instanceKlass javax/swing/RepaintManager$2
instanceKlass javax/swing/KeyboardManager$ComponentKeyStrokePair
instanceKlass java/util/LinkedList$ListItr
instanceKlass sun/awt/im/InputMethodAdapter
instanceKlass java/awt/im/spi/InputMethod
instanceKlass java/awt/im/spi/InputMethodContext
instanceKlass java/awt/im/InputMethodRequests
instanceKlass java/awt/im/InputContext
instanceKlass sun/awt/NullComponentPeer
instanceKlass sun/awt/LightweightPeerHolder
instanceKlass java/awt/peer/DialogPeer
instanceKlass java/awt/peer/LightweightPeer
instanceKlass sun/awt/im/ExecutableInputMethodManager$3
instanceKlass sun/awt/im/InputMethodLocator
instanceKlass sun/awt/windows/WInputMethodDescriptor
instanceKlass java/awt/im/spi/InputMethodDescriptor
instanceKlass sun/awt/im/InputMethodManager
instanceKlass java/lang/invoke/LambdaForm$MH+0x0000000800bfa440
instanceKlass java/lang/invoke/LambdaForm$MH+0x0000000800bfa040
instanceKlass java/lang/invoke/LambdaForm$MH+0x0000000800bfac40
instanceKlass java/lang/invoke/LambdaForm$MH+0x0000000800bfa840
instanceKlass java/lang/invoke/LambdaForm$MH+0x0000000800bfb440
instanceKlass java/lang/invoke/LambdaForm$MH+0x0000000800bfb040
instanceKlass java/lang/invoke/LambdaForm$MH+0x0000000800bfbc40
instanceKlass sun/awt/FontConfiguration$2
instanceKlass sun/awt/NativeLibLoader$1
instanceKlass sun/awt/NativeLibLoader
instanceKlass sun/awt/PlatformFont
instanceKlass java/awt/peer/FontPeer
instanceKlass sun/awt/windows/WComponentPeer$2
instanceKlass java/awt/SystemColor$$Lambda$180+0x0000000800d86b80
instanceKlass java/lang/invoke/LambdaForm$DMH+0x0000000800bfb840
instanceKlass sun/awt/AWTAccessor$SystemColorAccessor
instanceKlass javax/swing/SwingHeavyWeight
instanceKlass sun/java2d/StateTracker$2
instanceKlass sun/java2d/StateTracker$1
instanceKlass sun/java2d/StateTracker
instanceKlass sun/java2d/SurfaceDataProxy
instanceKlass sun/awt/image/SurfaceManager$FlushableCacheData
instanceKlass sun/java2d/DefaultDisposerRecord
instanceKlass sun/java2d/loops/GraphicsPrimitiveMgr$PrimitiveSpec
instanceKlass sun/java2d/loops/RenderLoops
instanceKlass sun/java2d/windows/GDIRenderer
instanceKlass sun/java2d/loops/GraphicsPrimitiveMgr$2
instanceKlass sun/java2d/loops/GraphicsPrimitiveMgr$1
instanceKlass sun/java2d/loops/GeneralRenderer
instanceKlass sun/java2d/loops/CustomComponent
instanceKlass sun/java2d/pipe/ValidatePipe
instanceKlass java/awt/BasicStroke
instanceKlass java/awt/Stroke
instanceKlass java/awt/AlphaComposite
instanceKlass sun/awt/ConstrainableGraphics
instanceKlass sun/java2d/loops/CompositeType
instanceKlass sun/java2d/loops/GraphicsPrimitiveMgr
instanceKlass sun/java2d/loops/GraphicsPrimitive
instanceKlass sun/java2d/loops/XORComposite
instanceKlass sun/java2d/d3d/D3DScreenUpdateManager$$Lambda$179+0x0000000800d7dc38
instanceKlass sun/java2d/d3d/D3DScreenUpdateManager$$Lambda$178+0x0000000800d7da18
instanceKlass sun/java2d/ScreenUpdateManager
instanceKlass sun/awt/im/InputMethodWindow
instanceKlass sun/awt/ExtendedKeyCodes
instanceKlass sun/awt/RepaintArea
instanceKlass sun/awt/windows/WWindowPeer$GuiDisposedListener
instanceKlass sun/awt/windows/WWindowPeer$ActiveWindowListener
instanceKlass java/awt/peer/CanvasPeer
instanceKlass java/awt/peer/PanelPeer
instanceKlass java/awt/peer/FramePeer
instanceKlass java/awt/peer/WindowPeer
instanceKlass java/awt/peer/ContainerPeer
instanceKlass kepegawaian/DlgCariDokter$12
instanceKlass kepegawaian/DlgCariDokter$11
instanceKlass sun/awt/image/PNGImageDecoder$Chromaticities
instanceKlass kepegawaian/DlgCariDokter$9
instanceKlass kepegawaian/DlgCariDokter$7
instanceKlass java/text/DontCareFieldPosition$1
instanceKlass java/text/Format$FieldDelegate
instanceKlass sun/net/www/MimeEntry
instanceKlass sun/net/www/MimeTable$DefaultInstanceHolder$1
instanceKlass sun/net/www/MimeTable$DefaultInstanceHolder
instanceKlass sun/net/www/MimeTable$1
instanceKlass sun/net/www/MimeTable
instanceKlass java/net/URLConnection$1
instanceKlass java/net/FileNameMap
instanceKlass sun/net/DefaultProgressMeteringPolicy
instanceKlass sun/net/ProgressMeteringPolicy
instanceKlass sun/net/ProgressMonitor
instanceKlass javax/swing/JTable$SortManager
instanceKlass sun/font/SunFontManager$5
instanceKlass sun/font/SunFontManager$FamilyDescription
instanceKlass javax/swing/border/TitledBorder$$Lambda$177+0x0000000800d73e88
instanceKlass javax/swing/border/TitledBorder$$Lambda$176+0x0000000800d73c68
instanceKlass java/awt/event/WindowAdapter
instanceKlass usu/widget/TextBox$1
instanceKlass usu/widget/text/DrafText
instanceKlass usu/widget/event/DrafTextEvent
instanceKlass usu/widget/event/DrafTextListener
instanceKlass javax/swing/plaf/basic/BasicTableUI$Handler
instanceKlass javax/swing/AbstractCellEditor
instanceKlass javax/swing/tree/TreeCellEditor
instanceKlass javax/swing/table/TableCellEditor
instanceKlass javax/swing/CellEditor
instanceKlass javax/swing/plaf/basic/BasicTableHeaderUI$MouseInputHandler
instanceKlass javax/swing/plaf/basic/BasicTableHeaderUI$1
instanceKlass sun/swing/table/DefaultTableCellHeaderRenderer$EmptyIcon
instanceKlass javax/swing/JTable$$Lambda$175+0x0000000800d44c68
instanceKlass javax/swing/JTable$$Lambda$174+0x0000000800d44a50
instanceKlass javax/swing/JTable$$Lambda$173+0x0000000800d44838
instanceKlass javax/swing/JTable$$Lambda$172+0x0000000800d44620
instanceKlass javax/swing/JTable$$Lambda$171+0x0000000800d44408
instanceKlass javax/swing/JTable$$Lambda$170+0x0000000800d441f0
instanceKlass javax/swing/JTable$$Lambda$169+0x0000000800d43fd8
instanceKlass javax/swing/JTable$$Lambda$168+0x0000000800d43dc0
instanceKlass javax/swing/JTable$$Lambda$167+0x0000000800d43ba8
instanceKlass javax/swing/JTable$$Lambda$166+0x0000000800d43990
instanceKlass javax/swing/JTable$$Lambda$165+0x0000000800d43778
instanceKlass javax/swing/table/DefaultTableColumnModel
instanceKlass javax/swing/table/TableColumnModel
instanceKlass java/awt/Composite
instanceKlass javax/swing/BorderFactory
instanceKlass com/fasterxml/jackson/databind/ser/BeanSerializerModifier
instanceKlass com/fasterxml/jackson/databind/ser/Serializers
instanceKlass com/fasterxml/jackson/databind/cfg/SerializerFactoryConfig
instanceKlass java/util/UUID
instanceKlass java/util/Currency
instanceKlass com/fasterxml/jackson/databind/ser/std/StdJdkSerializers
instanceKlass com/fasterxml/jackson/databind/ser/std/NumberSerializers
instanceKlass com/fasterxml/jackson/databind/deser/DeserializerCache
instanceKlass com/fasterxml/jackson/databind/KeyDeserializer
instanceKlass com/fasterxml/jackson/databind/deser/std/StdKeyDeserializers
instanceKlass com/fasterxml/jackson/databind/deser/KeyDeserializers
instanceKlass com/fasterxml/jackson/databind/deser/ValueInstantiators
instanceKlass com/fasterxml/jackson/databind/AbstractTypeResolver
instanceKlass com/fasterxml/jackson/databind/deser/BeanDeserializerModifier
instanceKlass com/fasterxml/jackson/databind/cfg/DeserializerFactoryConfig
instanceKlass com/fasterxml/jackson/databind/deser/Deserializers
instanceKlass com/fasterxml/jackson/annotation/ObjectIdGenerator
instanceKlass com/fasterxml/jackson/databind/deser/SettableBeanProperty
instanceKlass com/fasterxml/jackson/databind/BeanProperty
instanceKlass com/fasterxml/jackson/databind/introspect/BeanPropertyDefinition
instanceKlass com/fasterxml/jackson/databind/util/Named
instanceKlass com/fasterxml/jackson/databind/deser/ResolvableDeserializer
instanceKlass com/fasterxml/jackson/databind/deser/ContextualDeserializer
instanceKlass com/fasterxml/jackson/databind/JsonDeserializer
instanceKlass com/fasterxml/jackson/databind/ser/SerializerCache
instanceKlass com/fasterxml/jackson/databind/ser/ResolvableSerializer
instanceKlass com/fasterxml/jackson/databind/ser/ContextualSerializer
instanceKlass com/fasterxml/jackson/databind/jsonschema/SchemaAware
instanceKlass com/fasterxml/jackson/databind/JsonSerializer
instanceKlass com/fasterxml/jackson/databind/jsonFormatVisitors/JsonFormatVisitable
instanceKlass com/fasterxml/jackson/databind/node/JsonNodeFactory
instanceKlass com/fasterxml/jackson/databind/node/JsonNodeCreator
instanceKlass com/fasterxml/jackson/databind/cfg/ConfigFeature
instanceKlass com/fasterxml/jackson/databind/util/RootNameLookup
instanceKlass com/fasterxml/jackson/core/sym/BytesToNameCanonicalizer$TableInfo
instanceKlass java/util/concurrent/atomic/AtomicReference
instanceKlass com/fasterxml/jackson/core/sym/Name
instanceKlass com/fasterxml/jackson/core/sym/BytesToNameCanonicalizer
instanceKlass com/fasterxml/jackson/core/sym/CharsToNameCanonicalizer$Bucket
instanceKlass com/fasterxml/jackson/core/sym/CharsToNameCanonicalizer
instanceKlass com/fasterxml/jackson/core/Base64Variant
instanceKlass com/fasterxml/jackson/core/Base64Variants
instanceKlass java/util/stream/Collectors$$Lambda$164+0x0000000800d42000
instanceKlass java/util/stream/Collectors$$Lambda$163+0x0000000800d41dd0
instanceKlass java/util/stream/Collectors$$Lambda$162+0x0000000800d41bb8
instanceKlass sun/util/locale/provider/NumberFormatProviderImpl$$Lambda$161+0x0000000800d41980
instanceKlass sun/util/locale/provider/NumberFormatProviderImpl$$Lambda$160+0x0000000800d41748
instanceKlass sun/text/resources/PluralRules
instanceKlass sun/util/locale/provider/JRELocaleProviderAdapter$$Lambda$159+0x0000000800d41528
instanceKlass sun/util/locale/provider/JRELocaleProviderAdapter$$Lambda$158+0x0000000800d41308
instanceKlass java/text/DateFormatSymbols
instanceKlass com/fasterxml/jackson/databind/type/TypeParser
instanceKlass com/fasterxml/jackson/databind/type/TypeFactory
instanceKlass com/fasterxml/jackson/databind/cfg/BaseSettings
instanceKlass com/fasterxml/jackson/core/util/DefaultPrettyPrinter$Lf2SpacesIndenter
instanceKlass com/fasterxml/jackson/core/util/DefaultPrettyPrinter$FixedSpaceIndenter
instanceKlass com/fasterxml/jackson/core/io/SerializedString
instanceKlass com/fasterxml/jackson/core/SerializableString
instanceKlass com/fasterxml/jackson/core/util/DefaultPrettyPrinter$NopIndenter
instanceKlass com/fasterxml/jackson/core/util/DefaultPrettyPrinter$Indenter
instanceKlass com/fasterxml/jackson/core/util/DefaultPrettyPrinter
instanceKlass com/fasterxml/jackson/core/util/Instantiatable
instanceKlass java/lang/Class$AnnotationData
instanceKlass com/fasterxml/jackson/annotation/JacksonAnnotation
instanceKlass java/lang/reflect/Proxy$ProxyBuilder$1
instanceKlass jdk/internal/org/objectweb/asm/Edge
instanceKlass java/lang/reflect/ProxyGenerator$PrimitiveTypeInfo
instanceKlass java/lang/reflect/ProxyGenerator$$Lambda$157+0x0000000800d2fd80
instanceKlass java/lang/reflect/ProxyGenerator$$Lambda$156+0x0000000800d2fb48
instanceKlass java/lang/reflect/ProxyGenerator$ProxyMethod
instanceKlass java/lang/reflect/Proxy$$Lambda$155+0x0000000800d2f410
instanceKlass java/lang/PublicMethods
instanceKlass java/util/Collections$1
instanceKlass java/lang/reflect/Proxy$ProxyBuilder
instanceKlass java/lang/reflect/Proxy$$Lambda$154+0x0000000800d2e6c8
instanceKlass java/lang/reflect/Proxy
instanceKlass sun/reflect/annotation/AnnotationInvocationHandler
instanceKlass sun/reflect/annotation/AnnotationParser$1
instanceKlass java/lang/annotation/Target
instanceKlass java/lang/annotation/Inherited
instanceKlass java/lang/annotation/Retention
instanceKlass sun/reflect/annotation/ExceptionProxy
instanceKlass sun/reflect/annotation/AnnotationType$1
instanceKlass sun/reflect/annotation/AnnotationType
instanceKlass java/lang/reflect/GenericArrayType
instanceKlass sun/reflect/generics/visitor/Reifier
instanceKlass sun/reflect/generics/visitor/TypeTreeVisitor
instanceKlass sun/reflect/generics/factory/CoreReflectionFactory
instanceKlass sun/reflect/generics/factory/GenericsFactory
instanceKlass sun/reflect/generics/scope/AbstractScope
instanceKlass sun/reflect/generics/scope/Scope
instanceKlass sun/reflect/generics/tree/ClassTypeSignature
instanceKlass sun/reflect/generics/tree/SimpleClassTypeSignature
instanceKlass sun/reflect/generics/tree/FieldTypeSignature
instanceKlass sun/reflect/generics/tree/BaseType
instanceKlass sun/reflect/generics/tree/TypeSignature
instanceKlass sun/reflect/generics/tree/ReturnType
instanceKlass sun/reflect/generics/tree/TypeArgument
instanceKlass sun/reflect/generics/tree/TypeTree
instanceKlass sun/reflect/generics/tree/Tree
instanceKlass sun/reflect/generics/parser/SignatureParser
instanceKlass com/fasterxml/jackson/annotation/JsonAutoDetect
instanceKlass com/fasterxml/jackson/databind/introspect/VisibilityChecker$Std
instanceKlass com/fasterxml/jackson/databind/introspect/AnnotationMap
instanceKlass com/fasterxml/jackson/databind/util/Annotations
instanceKlass com/fasterxml/jackson/databind/introspect/Annotated
instanceKlass com/fasterxml/jackson/databind/BeanDescription
instanceKlass com/fasterxml/jackson/databind/Module$SetupContext
instanceKlass com/fasterxml/jackson/core/JsonParser
instanceKlass com/fasterxml/jackson/core/JsonGenerator
instanceKlass com/fasterxml/jackson/databind/JsonNode
instanceKlass com/fasterxml/jackson/core/TreeNode
instanceKlass com/fasterxml/jackson/databind/cfg/MapperConfig
instanceKlass com/fasterxml/jackson/databind/introspect/ClassIntrospector$MixInResolver
instanceKlass com/fasterxml/jackson/databind/jsontype/TypeResolverBuilder
instanceKlass com/fasterxml/jackson/core/PrettyPrinter
instanceKlass com/fasterxml/jackson/databind/introspect/VisibilityChecker
instanceKlass com/fasterxml/jackson/databind/AnnotationIntrospector
instanceKlass com/fasterxml/jackson/databind/introspect/ClassIntrospector
instanceKlass com/fasterxml/jackson/databind/JsonSerializable
instanceKlass com/fasterxml/jackson/core/type/ResolvedType
instanceKlass com/fasterxml/jackson/databind/ser/SerializerFactory
instanceKlass com/fasterxml/jackson/databind/deser/DeserializerFactory
instanceKlass com/fasterxml/jackson/databind/DatabindContext
instanceKlass com/fasterxml/jackson/databind/jsontype/SubtypeResolver
instanceKlass com/fasterxml/jackson/core/JsonFactory
instanceKlass com/fasterxml/jackson/core/ObjectCodec
instanceKlass com/fasterxml/jackson/core/Versioned
instanceKlass org/springframework/http/client/HttpComponentsClientHttpRequestFactory
instanceKlass org/springframework/beans/factory/DisposableBean
instanceKlass org/springframework/http/client/ClientHttpRequestFactory
instanceKlass org/apache/http/conn/scheme/SchemeSocketFactory
instanceKlass org/springframework/util/MultiValueMap
instanceKlass bridging/ApiBRI
instanceKlass keuangan/Jurnal
instanceKlass com/mysql/jdbc/PreparedStatement$BatchVisitor
instanceKlass com/mysql/jdbc/PreparedStatement$ParseInfo
instanceKlass java/sql/ParameterMetaData
instanceKlass com/mysql/jdbc/ParameterBindings
instanceKlass java/util/Collections$UnmodifiableMap$UnmodifiableEntrySet$UnmodifiableEntry
instanceKlass java/util/Collections$UnmodifiableMap$UnmodifiableEntrySet$1
instanceKlass com/mysql/jdbc/EscapeProcessor
instanceKlass java/awt/datatransfer/Transferable
instanceKlass javax/swing/event/CellEditorListener
instanceKlass javax/swing/event/TableColumnModelListener
instanceKlass javax/swing/table/TableCellRenderer
instanceKlass java/util/Calendar$Builder
instanceKlass sun/util/locale/provider/JRELocaleProviderAdapter$$Lambda$153+0x0000000800d13960
instanceKlass java/awt/Desktop
instanceKlass jxl/write/WritableCell
instanceKlass jxl/Cell
instanceKlass net/sf/jasperreports/engine/JRExporterParameter
instanceKlass javax/print/attribute/PrintRequestAttributeSet
instanceKlass javax/print/attribute/AttributeSet
instanceKlass javax/print/attribute/Attribute
instanceKlass net/sf/jasperreports/engine/JRDataSource
instanceKlass fungsi/validasi
instanceKlass java/lang/StringUTF16$CharsSpliterator
instanceKlass java/util/stream/Sink$ChainedInt
instanceKlass java/util/stream/FindOps$FindSink$OfInt$$Lambda$152+0x0000000800d12a50
instanceKlass java/util/stream/FindOps$FindSink$OfInt$$Lambda$151+0x0000000800d12808
instanceKlass java/util/stream/FindOps$FindSink$OfInt$$Lambda$150+0x0000000800d125f0
instanceKlass java/util/stream/FindOps$FindSink$OfInt$$Lambda$149+0x0000000800d123a8
instanceKlass java/util/function/Predicate
instanceKlass java/util/OptionalInt
instanceKlass java/util/stream/FindOps$FindOp
instanceKlass java/util/stream/Sink$OfInt
instanceKlass java/util/function/IntConsumer
instanceKlass java/util/stream/FindOps$FindSink
instanceKlass java/util/stream/FindOps
instanceKlass java/text/DecimalFormatSymbols$$Lambda$148+0x0000000800d12160
instanceKlass java/util/function/IntPredicate
instanceKlass java/util/stream/IntStream
instanceKlass java/lang/StringLatin1$CharsSpliterator
instanceKlass sun/util/resources/LocaleData$LocaleDataResourceBundleProvider
instanceKlass java/util/spi/ResourceBundleProvider
instanceKlass sun/util/locale/provider/JRELocaleProviderAdapter$$Lambda$147+0x0000000800d116a8
instanceKlass java/text/DecimalFormatSymbols
instanceKlass java/text/DigitList
instanceKlass fungsi/sekuel
instanceKlass com/mysql/jdbc/NetworkResources
instanceKlass com/mysql/jdbc/LicenseConfiguration
instanceKlass com/mysql/jdbc/ResultSetMetaData
instanceKlass jdk/internal/math/FDBigInteger
instanceKlass java/sql/ResultSetMetaData
instanceKlass com/mysql/jdbc/RowDataStatic
instanceKlass com/mysql/jdbc/Constants
instanceKlass com/mysql/jdbc/MysqlDefs
instanceKlass com/mysql/jdbc/Field
instanceKlass java/util/TimerTask
instanceKlass com/mysql/jdbc/SingleByteCharsetConverter
instanceKlass sun/nio/cs/Surrogate
instanceKlass sun/nio/cs/Surrogate$Parser
instanceKlass sun/security/provider/ByteArrayAccess
instanceKlass sun/security/util/MessageDigestSpi2
instanceKlass sun/security/jca/GetInstance$Instance
instanceKlass com/mysql/jdbc/Security
instanceKlass com/mysql/jdbc/authentication/MysqlClearPasswordPlugin
instanceKlass com/mysql/jdbc/authentication/MysqlNativePasswordPlugin
instanceKlass com/mysql/jdbc/authentication/MysqlOldPasswordPlugin
instanceKlass sun/net/NetHooks
instanceKlass sun/net/spi/DefaultProxySelector$3
instanceKlass sun/net/spi/DefaultProxySelector$NonProxyInfo
instanceKlass sun/net/spi/DefaultProxySelector$1
instanceKlass java/net/Proxy
instanceKlass java/net/ProxySelector
instanceKlass java/net/SocksSocketImpl$3
instanceKlass java/net/InetSocketAddress$InetSocketAddressHolder
instanceKlass sun/nio/ch/ExtendedSocketOption$1
instanceKlass sun/nio/ch/ExtendedSocketOption
instanceKlass sun/nio/ch/OptionKey
instanceKlass sun/nio/ch/SocketOptionRegistry$LazyInitialization
instanceKlass sun/nio/ch/SocketOptionRegistry$RegistryKey
instanceKlass sun/nio/ch/SocketOptionRegistry
instanceKlass java/net/NetworkInterface
instanceKlass java/net/StandardSocketOptions$StdSocketOption
instanceKlass java/net/StandardSocketOptions
instanceKlass sun/nio/ch/NioSocketImpl$$Lambda$146+0x0000000800d03158
instanceKlass jdk/net/ExtendedSocketOptions$PlatformSocketOptions$1
instanceKlass jdk/net/ExtendedSocketOptions$PlatformSocketOptions
instanceKlass jdk/net/ExtendedSocketOptions$ExtSocketOption
instanceKlass java/net/SocketOption
instanceKlass jdk/net/ExtendedSocketOptions
instanceKlass sun/net/ext/ExtendedSocketOptions
instanceKlass java/net/Inet6Address$Inet6AddressHolder
instanceKlass sun/nio/ch/Net$1
instanceKlass java/net/ProtocolFamily
instanceKlass sun/nio/ch/Net
instanceKlass java/net/SocksConsts
instanceKlass sun/net/PlatformSocketImpl
instanceKlass sun/net/NetProperties$1
instanceKlass sun/net/NetProperties
instanceKlass java/net/SocketImpl$$Lambda$145+0x0000000800d00040
instanceKlass java/net/SocketImpl
instanceKlass java/net/SocketOptions
instanceKlass java/net/Socket
instanceKlass java/net/InetAddress$PlatformNameService
instanceKlass java/net/InetAddress$NameService
instanceKlass java/net/Inet6AddressImpl
instanceKlass java/net/InetAddressImpl
instanceKlass java/net/InetAddressImplFactory
instanceKlass java/util/concurrent/ConcurrentSkipListMap$Node
instanceKlass java/util/concurrent/ConcurrentSkipListMap$Index
instanceKlass java/util/concurrent/ConcurrentNavigableMap
instanceKlass java/net/InetAddress$InetAddressHolder
instanceKlass java/net/InetAddress$1
instanceKlass jdk/internal/access/JavaNetInetAddressAccess
instanceKlass java/net/InetAddress
instanceKlass java/sql/DriverManager
instanceKlass com/mysql/jdbc/ResultSetImpl
instanceKlass com/mysql/jdbc/authentication/Sha256PasswordPlugin
instanceKlass com/mysql/jdbc/AuthenticationPlugin
instanceKlass com/mysql/jdbc/StreamingNotifiable
instanceKlass com/mysql/jdbc/Buffer
instanceKlass com/mysql/jdbc/MysqlIO
instanceKlass com/mysql/jdbc/RowData
instanceKlass com/mysql/jdbc/ResultSetRow
instanceKlass com/mysql/jdbc/DatabaseMetaData$IteratorWithCleanup
instanceKlass com/mysql/jdbc/DatabaseMetaData
instanceKlass java/io/Console
instanceKlass com/mysql/jdbc/TimeUtil
instanceKlass com/mysql/jdbc/log/LogFactory
instanceKlass sun/util/calendar/CalendarUtils
instanceKlass sun/util/calendar/CalendarDate
instanceKlass sun/util/resources/Bundles$CacheKeyReference
instanceKlass sun/util/resources/Bundles$CacheKey
instanceKlass sun/util/resources/Bundles
instanceKlass sun/util/resources/LocaleData$LocaleDataStrategy
instanceKlass sun/util/resources/Bundles$Strategy
instanceKlass sun/util/resources/LocaleData$1
instanceKlass sun/util/resources/LocaleData
instanceKlass sun/util/locale/provider/LocaleResources
instanceKlass sun/util/resources/provider/NonBaseLocaleDataMetaInfo
instanceKlass sun/util/locale/provider/JRELocaleProviderAdapter$$Lambda$144+0x0000000800cdeb88
instanceKlass sun/util/locale/provider/BaseLocaleDataMetaInfo
instanceKlass sun/util/locale/provider/JRELocaleProviderAdapter$$Lambda$143+0x0000000800cde718
instanceKlass sun/util/locale/provider/AvailableLanguageTags
instanceKlass sun/util/cldr/CLDRLocaleProviderAdapter$$Lambda$142+0x0000000800cde308
instanceKlass sun/util/resources/cldr/provider/CLDRLocaleDataMetaInfo
instanceKlass sun/util/cldr/CLDRLocaleProviderAdapter$1
instanceKlass sun/util/locale/StringTokenIterator
instanceKlass sun/util/locale/ParseStatus
instanceKlass sun/util/locale/LanguageTag
instanceKlass sun/util/cldr/CLDRBaseLocaleDataMetaInfo
instanceKlass sun/util/locale/provider/LocaleDataMetaInfo
instanceKlass sun/util/locale/provider/ResourceBundleBasedAdapter
instanceKlass sun/util/locale/provider/LocaleProviderAdapter$1
instanceKlass sun/util/locale/provider/LocaleProviderAdapter
instanceKlass sun/util/locale/provider/CalendarDataUtility$CalendarWeekParameterGetter
instanceKlass sun/util/locale/provider/LocaleServiceProviderPool$LocalizedObjectGetter
instanceKlass sun/util/locale/provider/LocaleServiceProviderPool
instanceKlass java/util/spi/LocaleServiceProvider
instanceKlass sun/util/locale/InternalLocaleBuilder$CaseInsensitiveChar
instanceKlass sun/util/locale/InternalLocaleBuilder
instanceKlass java/util/Locale$Builder
instanceKlass sun/util/locale/provider/CalendarDataUtility
instanceKlass java/util/zip/Checksum$1
instanceKlass java/util/zip/CRC32
instanceKlass java/util/zip/Checksum
instanceKlass sun/util/calendar/ZoneInfoFile$ZoneOffsetTransitionRule
instanceKlass sun/util/calendar/ZoneInfoFile$1
instanceKlass sun/util/calendar/ZoneInfoFile
instanceKlass java/util/TimeZone
instanceKlass sun/util/calendar/CalendarSystem
instanceKlass com/mysql/jdbc/Collation
instanceKlass sun/nio/cs/ArrayEncoder
instanceKlass sun/nio/cs/DelegatableDecoder
instanceKlass java/nio/charset/Charset$ExtendedProviderHolder$1
instanceKlass java/nio/charset/Charset$ExtendedProviderHolder
instanceKlass com/mysql/jdbc/MysqlCharset
instanceKlass com/mysql/jdbc/CharsetMapping
instanceKlass java/sql/SQLXML
instanceKlass java/sql/Blob
instanceKlass com/mysql/jdbc/JDBC4MySQLConnection
instanceKlass com/mysql/jdbc/log/NullLogger
instanceKlass java/util/Calendar
instanceKlass com/mysql/jdbc/ExceptionInterceptor
instanceKlass com/mysql/jdbc/StatementImpl
instanceKlass com/mysql/jdbc/Statement
instanceKlass com/mysql/jdbc/Wrapper
instanceKlass java/sql/CallableStatement
instanceKlass java/sql/DatabaseMetaData
instanceKlass java/sql/Savepoint
instanceKlass java/sql/PreparedStatement
instanceKlass java/sql/Statement
instanceKlass com/mysql/jdbc/StatementInterceptorV2
instanceKlass com/mysql/jdbc/Extension
instanceKlass com/mysql/jdbc/ResultSetInternalMethods
instanceKlass java/sql/ResultSet
instanceKlass com/mysql/jdbc/IterateBlock
instanceKlass com/mysql/jdbc/MySQLConnection
instanceKlass com/mysql/jdbc/Connection
instanceKlass com/mysql/jdbc/MultiHostConnectionProxy
instanceKlass java/lang/reflect/InvocationHandler
instanceKlass java/lang/StackTraceElement$HashedModules
instanceKlass java/lang/Throwable$PrintStreamOrWriter
instanceKlass java/sql/SQLType
instanceKlass java/sql/NClob
instanceKlass java/sql/Clob
instanceKlass com/mysql/jdbc/Util
instanceKlass java/net/URLEncoder
instanceKlass java/net/URLDecoder
instanceKlass java/math/MathContext
instanceKlass com/mysql/jdbc/StringUtils
instanceKlass sun/security/util/ArrayUtil$$Lambda$141+0x0000000800cd7d08
instanceKlass sun/security/util/ArrayUtil
instanceKlass org/apache/commons/codec/binary/BaseNCodec$Context
instanceKlass org/apache/commons/codec/Charsets
instanceKlass org/apache/commons/codec/binary/StringUtils
instanceKlass org/apache/commons/codec/binary/BaseNCodec
instanceKlass org/apache/commons/codec/BinaryDecoder
instanceKlass org/apache/commons/codec/Decoder
instanceKlass org/apache/commons/codec/BinaryEncoder
instanceKlass org/apache/commons/codec/Encoder
instanceKlass java/security/MessageDigestSpi
instanceKlass com/sun/crypto/provider/PKCS5Padding
instanceKlass com/sun/crypto/provider/Padding
instanceKlass com/sun/crypto/provider/FeedbackCipher
instanceKlass com/sun/crypto/provider/SymmetricCipher
instanceKlass com/sun/crypto/provider/AESConstants
instanceKlass com/sun/crypto/provider/CipherCore
instanceKlass javax/crypto/CipherSpi
instanceKlass java/util/regex/Pattern$TreeInfo
instanceKlass javax/crypto/ProviderVerifier
instanceKlass javax/crypto/JceSecurity$2
instanceKlass javax/crypto/JceSecurity$IdentityWrapper
instanceKlass java/net/spi/URLStreamHandlerProvider
instanceKlass java/net/URL$1
instanceKlass java/net/URL$2
instanceKlass java/util/Vector$1
instanceKlass javax/crypto/CryptoPolicyParser$CryptoPermissionEntry
instanceKlass javax/crypto/CryptoPolicyParser$GrantEntry
instanceKlass java/io/StreamTokenizer
instanceKlass javax/crypto/CryptoPolicyParser
instanceKlass java/nio/channels/Channels
instanceKlass sun/nio/ch/FileChannelImpl$Closer
instanceKlass sun/nio/fs/WindowsSecurityDescriptor
instanceKlass java/util/regex/IntHashSet
instanceKlass java/util/regex/Matcher
instanceKlass java/util/regex/MatchResult
instanceKlass sun/nio/fs/BasicFileAttributesHolder
instanceKlass sun/nio/fs/WindowsDirectoryStream$WindowsDirectoryIterator
instanceKlass java/nio/file/Files$1
instanceKlass java/nio/file/DirectoryStream$Filter
instanceKlass sun/nio/fs/WindowsFileSystem$2
instanceKlass java/nio/file/PathMatcher
instanceKlass java/util/regex/Pattern$CharPredicate$$Lambda$140+0x0000000800cd08c0
instanceKlass java/util/regex/ASCII
instanceKlass java/util/regex/Pattern$BitClass
instanceKlass java/util/regex/Pattern$$Lambda$139+0x0000000800cd0640
instanceKlass java/util/regex/Pattern$BmpCharPredicate
instanceKlass java/util/regex/Pattern$CharPredicate
instanceKlass java/util/regex/Pattern$Node
instanceKlass java/util/regex/Pattern
instanceKlass sun/nio/fs/Globs
instanceKlass sun/nio/fs/WindowsDirectoryStream
instanceKlass java/nio/file/DirectoryStream
instanceKlass sun/nio/fs/WindowsChannelFactory$Flags
instanceKlass sun/nio/fs/WindowsChannelFactory$1
instanceKlass sun/nio/fs/WindowsChannelFactory
instanceKlass sun/nio/fs/WindowsFileSystemProvider$1
instanceKlass javax/crypto/JceSecurity$1
instanceKlass sun/security/provider/AbstractDrbg$$Lambda$138+0x0000000800cce598
instanceKlass java/lang/invoke/LambdaForm$DMH+0x0000000800bfcc40
instanceKlass java/lang/invoke/LambdaForm$DMH+0x0000000800bfc840
instanceKlass sun/security/provider/EntropySource
instanceKlass sun/security/provider/AbstractDrbg
instanceKlass java/security/DrbgParameters$Instantiation
instanceKlass java/security/DrbgParameters
instanceKlass sun/security/provider/MoreDrbgParameters
instanceKlass sun/security/provider/DRBG$$Lambda$137+0x0000000800ccd088
instanceKlass java/security/SecureRandomSpi
instanceKlass java/security/SecureRandomParameters
instanceKlass java/util/AbstractList$Itr
instanceKlass java/util/Random
instanceKlass javax/crypto/JceSecurity
instanceKlass sun/security/ssl/SunJSSE$$Lambda$136+0x0000000800ccbc00
instanceKlass java/util/Collections$UnmodifiableCollection$1
instanceKlass java/security/spec/ECFieldF2m
instanceKlass sun/security/util/ObjectIdentifier
instanceKlass sun/security/util/ByteArrayTagOrder
instanceKlass sun/security/util/ByteArrayLexOrder
instanceKlass sun/security/util/DerEncoder
instanceKlass java/security/spec/ECParameterSpec
instanceKlass java/security/spec/ECPoint
instanceKlass java/security/spec/EllipticCurve
instanceKlass java/security/spec/ECFieldFp
instanceKlass java/security/spec/ECField
instanceKlass sun/security/util/CurveDB
instanceKlass sun/security/ec/SunEC$2
instanceKlass sun/security/pkcs11/SunPKCS11$Descriptor
instanceKlass javax/security/auth/Subject
instanceKlass javax/security/auth/callback/CallbackHandler
instanceKlass sun/security/mscapi/SunMSCAPI$2
instanceKlass sun/security/mscapi/SunMSCAPI$1
instanceKlass sun/security/smartcardio/SunPCSC$1
instanceKlass sun/security/jca/ProviderConfig$ProviderLoader
instanceKlass sun/security/jca/ProviderConfig$3
instanceKlass sun/security/rsa/SunRsaSignEntries
instanceKlass sun/security/util/KnownOIDs$$Lambda$135+0x0000000800cbe868
instanceKlass java/lang/invoke/LambdaForm$DMH+0x0000000800bfdc40
instanceKlass sun/security/util/SecurityProviderConstants
instanceKlass java/security/Provider$UString
instanceKlass java/security/Provider$Service
instanceKlass sun/security/provider/NativePRNG$NonBlocking
instanceKlass sun/security/provider/NativePRNG$Blocking
instanceKlass sun/security/provider/NativePRNG
instanceKlass sun/security/provider/SunEntries$1
instanceKlass sun/security/provider/SunEntries
instanceKlass sun/security/jca/ProviderList$ServiceList$1
instanceKlass sun/security/jca/ProviderList$2
instanceKlass jdk/internal/math/FloatingDecimal$ASCIIToBinaryBuffer
instanceKlass jdk/internal/math/FloatingDecimal$PreparedASCIIToBinaryBuffer
instanceKlass jdk/internal/math/FloatingDecimal$ASCIIToBinaryConverter
instanceKlass jdk/internal/math/FloatingDecimal$BinaryToASCIIBuffer
instanceKlass jdk/internal/math/FloatingDecimal$ExceptionalBinaryToASCIIBuffer
instanceKlass jdk/internal/math/FloatingDecimal$BinaryToASCIIConverter
instanceKlass jdk/internal/math/FloatingDecimal
instanceKlass java/security/Provider$EngineDescription
instanceKlass java/security/Provider$ServiceKey
instanceKlass sun/security/jca/ProviderConfig
instanceKlass sun/security/jca/ProviderList
instanceKlass sun/security/jca/Providers
instanceKlass sun/security/jca/GetInstance
instanceKlass sun/security/jca/ServiceId
instanceKlass javax/crypto/Cipher$Transform
instanceKlass javax/crypto/Cipher
instanceKlass javax/crypto/spec/SecretKeySpec
instanceKlass javax/crypto/SecretKey
instanceKlass javax/security/auth/Destroyable
instanceKlass java/security/spec/KeySpec
instanceKlass javax/crypto/spec/IvParameterSpec
instanceKlass java/security/Key
instanceKlass java/security/spec/AlgorithmParameterSpec
instanceKlass AESsecurity/EnkripsiAES
instanceKlass jdk/internal/util/xml/impl/Input
instanceKlass jdk/internal/org/xml/sax/InputSource
instanceKlass jdk/internal/util/xml/impl/Pair
instanceKlass jdk/internal/util/xml/impl/Attrs
instanceKlass jdk/internal/org/xml/sax/Attributes
instanceKlass jdk/internal/util/xml/impl/Parser
instanceKlass jdk/internal/org/xml/sax/Locator
instanceKlass jdk/internal/org/xml/sax/XMLReader
instanceKlass jdk/internal/util/xml/SAXParser
instanceKlass jdk/internal/org/xml/sax/helpers/DefaultHandler
instanceKlass jdk/internal/org/xml/sax/ErrorHandler
instanceKlass jdk/internal/org/xml/sax/ContentHandler
instanceKlass jdk/internal/org/xml/sax/DTDHandler
instanceKlass jdk/internal/org/xml/sax/EntityResolver
instanceKlass java/net/SocketAddress
instanceKlass com/mysql/jdbc/StandardSocketFactory
instanceKlass com/mysql/jdbc/SocketMetadata
instanceKlass com/mysql/jdbc/SocketFactory
instanceKlass com/mysql/jdbc/PerConnectionLRUFactory
instanceKlass java/util/Date
instanceKlass java/text/FieldPosition
instanceKlass java/util/Locale$1
instanceKlass java/text/Format
instanceKlass com/mysql/jdbc/PerVmServerConfigCacheFactory
instanceKlass com/mysql/jdbc/CacheAdapterFactory
instanceKlass java/util/concurrent/Executors$DelegatedExecutorService
instanceKlass com/mysql/jdbc/AbandonedConnectionCleanupThread$1
instanceKlass com/mysql/jdbc/AbandonedConnectionCleanupThread
instanceKlass java/sql/Connection
instanceKlass com/mysql/jdbc/NonRegisteringDriver
instanceKlass java/sql/Driver
instanceKlass com/mysql/jdbc/ConnectionPropertiesImpl$ConnectionProperty
instanceKlass com/mysql/jdbc/log/StandardLogger
instanceKlass com/mysql/jdbc/log/Log
instanceKlass java/util/concurrent/ConcurrentHashMap$MapEntry
instanceKlass java/util/Properties$EntrySet
instanceKlass sun/net/www/MessageHeader
instanceKlass sun/net/www/protocol/jar/JarFileFactory
instanceKlass sun/net/www/protocol/jar/URLJarFile$URLJarFileCloseController
instanceKlass java/net/URLConnection
instanceKlass java/util/ResourceBundle$Control$2
instanceKlass java/util/zip/ZipFile$ZipEntryIterator
instanceKlass java/util/stream/Collectors$$Lambda$134+0x0000000800c9f638
instanceKlass java/util/stream/Collectors$$Lambda$133+0x0000000800c9f3f8
instanceKlass java/util/stream/Collectors$$Lambda$132+0x0000000800c9f1d0
instanceKlass java/util/stream/Collectors$$Lambda$131+0x0000000800c9efb8
instanceKlass java/util/ResourceBundle$ResourceBundleControlProviderHolder$$Lambda$130+0x0000000800c9ed80
instanceKlass java/lang/invoke/LambdaForm$DMH+0x0000000800bfd840
instanceKlass java/util/ServiceLoader$ProviderSpliterator
instanceKlass java/util/spi/ResourceBundleControlProvider
instanceKlass java/util/ResourceBundle$ResourceBundleControlProviderHolder$$Lambda$129+0x0000000800c9e6d8
instanceKlass java/util/ResourceBundle$ResourceBundleControlProviderHolder
instanceKlass com/mysql/jdbc/Messages
instanceKlass javax/naming/RefAddr
instanceKlass com/mysql/jdbc/ConnectionPropertiesImpl
instanceKlass com/mysql/jdbc/ConnectionProperties
instanceKlass javax/naming/Referenceable
instanceKlass javax/sql/DataSource
instanceKlass java/sql/Wrapper
instanceKlass javax/sql/CommonDataSource
instanceKlass jdk/internal/module/ModulePatcher$PatchedModuleReader
instanceKlass fungsi/koneksiDB
instanceKlass javax/swing/LayoutComparator
instanceKlass javax/swing/RepaintManager$PaintManager
instanceKlass javax/swing/JRootPane$RootLayout
instanceKlass java/awt/Window$WindowDisposerRecord
instanceKlass java/awt/Frame$1
instanceKlass sun/awt/AWTAccessor$FrameAccessor
instanceKlass java/awt/Window$1
instanceKlass sun/awt/AWTAccessor$WindowAccessor
instanceKlass javax/swing/event/MenuListener
instanceKlass usu/widget/constan/BackgroundConstan
instanceKlass javax/swing/plaf/basic/BasicDirectoryModel$DoChangeContents
instanceKlass java/util/AbstractList$SubList$1
instanceKlass javax/swing/plaf/basic/BasicDirectoryModel$FilesLoader$1
instanceKlass java/util/Vector$Itr
instanceKlass sun/awt/shell/ShellFolder$1
instanceKlass java/awt/TrayIcon
instanceKlass java/awt/MenuComponent
instanceKlass javax/swing/plaf/basic/BasicDirectoryModel$FilesLoader
instanceKlass javax/swing/plaf/basic/BasicDirectoryModel$1
instanceKlass sun/awt/shell/Win32ShellFolder2$13
instanceKlass javax/swing/filechooser/WindowsFileSystemView$1
instanceKlass sun/awt/shell/Win32ShellFolder2$11
instanceKlass sun/awt/shell/Win32ShellFolder2$ColumnComparator$1
instanceKlass java/util/TimSort
instanceKlass sun/awt/shell/Win32ShellFolder2$18
instanceKlass sun/awt/shell/Win32ShellFolder2$5
instanceKlass sun/awt/shell/Win32ShellFolder2$9
instanceKlass sun/awt/shell/Win32ShellFolder2$4
instanceKlass sun/awt/shell/Win32ShellFolder2$2
instanceKlass sun/awt/shell/Win32ShellFolder2$12
instanceKlass sun/awt/shell/Win32ShellFolder2$ColumnComparator
instanceKlass sun/awt/shell/Win32ShellFolder2$16
instanceKlass sun/awt/shell/Win32ShellFolderManager2$1
instanceKlass sun/awt/shell/Win32ShellFolder2$8
instanceKlass sun/awt/shell/Win32ShellFolder2$10
instanceKlass sun/font/CMap
instanceKlass sun/font/FontScaler
instanceKlass sun/font/TrueTypeFont$DirectoryEntry
instanceKlass java/nio/DirectByteBuffer$Deallocator
instanceKlass sun/nio/ch/Util$BufferCache
instanceKlass sun/nio/ch/Util
instanceKlass sun/nio/ch/IOStatus
instanceKlass sun/nio/ch/NativeThread
instanceKlass java/nio/channels/spi/AbstractInterruptibleChannel$1
instanceKlass sun/nio/ch/Interruptible
instanceKlass sun/nio/ch/NativeDispatcher
instanceKlass sun/nio/ch/NativeThreadSet
instanceKlass sun/nio/ch/IOUtil
instanceKlass java/nio/file/attribute/FileAttribute
instanceKlass java/nio/channels/spi/AbstractInterruptibleChannel
instanceKlass java/nio/channels/InterruptibleChannel
instanceKlass java/nio/channels/ScatteringByteChannel
instanceKlass java/nio/channels/GatheringByteChannel
instanceKlass java/nio/channels/SeekableByteChannel
instanceKlass java/nio/channels/ByteChannel
instanceKlass java/nio/channels/WritableByteChannel
instanceKlass java/nio/channels/ReadableByteChannel
instanceKlass java/nio/channels/Channel
instanceKlass sun/font/TrueTypeFont$1
instanceKlass sun/font/TrueTypeFont$TTDisposerRecord
instanceKlass sun/font/StrikeCache$DisposableStrike
instanceKlass sun/font/FontStrikeDisposer
instanceKlass sun/java2d/Disposer$PollDisposable
instanceKlass sun/font/FontStrikeDesc
instanceKlass sun/font/FontDesignMetrics$MetricsKey
instanceKlass java/awt/GraphicsConfiguration
instanceKlass sun/awt/image/SurfaceManager$ProxiedGraphicsConfig
instanceKlass sun/java2d/pipe/hw/AccelGraphicsConfig
instanceKlass sun/java2d/pipe/hw/BufferedContextProvider
instanceKlass sun/java2d/pipe/BufferedContext
instanceKlass sun/java2d/pipe/hw/ContextCapabilities
instanceKlass sun/java2d/d3d/D3DGraphicsDevice$1
instanceKlass sun/java2d/d3d/D3DGraphicsDevice$1Result
instanceKlass sun/java2d/d3d/D3DRenderQueue$1
instanceKlass sun/java2d/pipe/RenderBuffer
instanceKlass sun/java2d/pipe/RenderQueue
instanceKlass java/awt/GraphicsDevice
instanceKlass sun/awt/Win32FontManager$2
instanceKlass java/lang/ProcessEnvironment$CheckedEntry
instanceKlass java/lang/ProcessEnvironment$CheckedEntrySet$1
instanceKlass java/lang/ProcessEnvironment$EntryComparator
instanceKlass java/lang/ProcessEnvironment$NameComparator
instanceKlass sun/font/SunFontManager$3
instanceKlass sun/font/FontFamily
instanceKlass sun/font/CompositeFontDescriptor
instanceKlass sun/font/SunFontManager$FontRegistrationInfo
instanceKlass java/lang/Short$ShortCache
instanceKlass sun/awt/FontDescriptor
instanceKlass sun/awt/FontConfiguration
instanceKlass sun/font/SunFontManager$2
instanceKlass sun/awt/Win32FontManager$1
instanceKlass sun/font/FontManagerFactory$1
instanceKlass sun/font/FontManagerFactory
instanceKlass sun/font/GlyphList
instanceKlass sun/font/StrikeCache$1
instanceKlass sun/font/StrikeCache
instanceKlass sun/font/FontStrike
instanceKlass sun/font/CharToGlyphMapper
instanceKlass java/awt/geom/Path2D
instanceKlass sun/font/StrikeMetrics
instanceKlass sun/font/Font2D
instanceKlass sun/font/FontManagerNativeLibrary$1
instanceKlass sun/font/FontManagerNativeLibrary
instanceKlass sun/font/SunFontManager$1
instanceKlass sun/font/SunFontManager$T1Filter
instanceKlass sun/font/SunFontManager$TTFilter
instanceKlass java/io/FilenameFilter
instanceKlass sun/font/Font2DHandle
instanceKlass sun/font/SunFontManager
instanceKlass sun/font/FontManagerForSGE
instanceKlass sun/font/FontManager
instanceKlass sun/java2d/FontSupport
instanceKlass java/awt/FontMetrics
instanceKlass sun/swing/FilePane$Handler
instanceKlass javax/swing/JList$ListSelectionHandler
instanceKlass javax/swing/plaf/basic/BasicFileChooserUI$Handler
instanceKlass sun/swing/FilePane$DetailsTableRowSorter$1
instanceKlass sun/swing/FilePane$DirectoriesFirstComparatorWrapper
instanceKlass javax/swing/RowSorter$SortKey
instanceKlass sun/swing/FilePane$DetailsTableRowSorter$2
instanceKlass javax/swing/DefaultRowSorter$ModelWrapper
instanceKlass javax/swing/table/TableRowSorter$ComparableComparator
instanceKlass javax/swing/RowSorter
instanceKlass sun/awt/shell/ShellFolderColumnInfo
instanceKlass javax/swing/table/AbstractTableModel
instanceKlass javax/swing/table/TableModel
instanceKlass javax/swing/event/RowSorterListener
instanceKlass javax/swing/event/TableModelListener
instanceKlass sun/swing/FilePane$5
instanceKlass jdk/internal/reflect/ClassDefiner$1
instanceKlass jdk/internal/reflect/ClassDefiner
instanceKlass jdk/internal/reflect/MethodAccessorGenerator$1
instanceKlass jdk/internal/reflect/Label$PatchInfo
instanceKlass jdk/internal/reflect/Label
instanceKlass jdk/internal/reflect/UTF8
instanceKlass jdk/internal/reflect/ClassFileAssembler
instanceKlass jdk/internal/reflect/ByteVectorImpl
instanceKlass jdk/internal/reflect/ByteVector
instanceKlass jdk/internal/reflect/ByteVectorFactory
instanceKlass jdk/internal/reflect/AccessorGenerator
instanceKlass jdk/internal/reflect/ClassFileConstants
instanceKlass javax/swing/plaf/metal/MetalFileChooserUI$5
instanceKlass javax/swing/plaf/metal/MetalFileChooserUI$ButtonAreaLayout
instanceKlass javax/swing/plaf/metal/MetalFileChooserUI$2
instanceKlass javax/swing/ButtonGroup
instanceKlass sun/awt/shell/Win32ShellFolder2$6
instanceKlass sun/awt/shell/Win32ShellFolder2$1
instanceKlass sun/awt/shell/Win32ShellFolder2$FolderDisposer
instanceKlass sun/awt/shell/Win32ShellFolderManager2$ComInvoker$$Lambda$128+0x0000000800c48040
instanceKlass java/lang/invoke/LambdaForm$DMH+0x0000000800bf8440
instanceKlass sun/awt/shell/Win32ShellFolderManager2$ComInvoker$1
instanceKlass java/util/concurrent/FutureTask$WaitNode
instanceKlass java/util/concurrent/FutureTask
instanceKlass java/util/concurrent/RunnableFuture
instanceKlass sun/awt/shell/Win32ShellFolder2$7
instanceKlass java/util/concurrent/Callable
instanceKlass sun/awt/shell/ShellFolder$4
instanceKlass sun/awt/shell/ShellFolder$3
instanceKlass sun/awt/shell/Win32ShellFolderManager2$ComInvoker$$Lambda$127+0x0000000800c46550
instanceKlass sun/awt/shell/Win32ShellFolderManager2$ComInvoker$$Lambda$126+0x0000000800c46330
instanceKlass java/util/concurrent/Executors$DefaultThreadFactory
instanceKlass java/util/concurrent/Executors
instanceKlass java/util/concurrent/LinkedBlockingQueue$Node
instanceKlass java/util/concurrent/BlockingQueue
instanceKlass java/util/concurrent/ThreadPoolExecutor$AbortPolicy
instanceKlass java/util/concurrent/RejectedExecutionHandler
instanceKlass sun/awt/shell/ShellFolder$Invoker
instanceKlass sun/awt/shell/ShellFolderManager
instanceKlass javax/swing/ActionPropertyChangeListener
instanceKlass javax/swing/plaf/metal/MetalFileChooserUI$IndentIcon
instanceKlass javax/swing/RootPaneContainer
instanceKlass javax/swing/WindowConstants
instanceKlass javax/swing/KeyboardManager
instanceKlass javax/swing/plaf/basic/BasicComboBoxUI$DefaultKeySelectionManager
instanceKlass javax/swing/JComboBox$KeySelectionManager
instanceKlass javax/swing/plaf/metal/MetalComboBoxIcon
instanceKlass javax/swing/plaf/basic/BasicComboBoxUI$Handler
instanceKlass javax/swing/plaf/basic/BasicComboBoxUI$PropertyChangeHandler
instanceKlass javax/swing/text/Segment
instanceKlass java/text/CharacterIterator
instanceKlass javax/swing/JTextField$ScrollRepainter
instanceKlass javax/swing/plaf/synth/SynthUI
instanceKlass javax/swing/plaf/synth/SynthConstants
instanceKlass java/util/Hashtable$Enumerator
instanceKlass javax/swing/text/JTextComponent$DefaultKeymap
instanceKlass javax/swing/text/Keymap
instanceKlass javax/swing/text/PlainView$2
instanceKlass javax/swing/text/PlainView$1
instanceKlass javax/swing/text/PlainView$FPMethodItem
instanceKlass javax/swing/text/TabExpander
instanceKlass javax/swing/text/StyleContext$KeyEnumeration
instanceKlass javax/swing/text/GapContent$StickyPosition
instanceKlass javax/swing/text/Position
instanceKlass javax/swing/text/AbstractDocument$1
instanceKlass javax/swing/text/AbstractDocument$AbstractElement
instanceKlass javax/swing/tree/TreeNode
instanceKlass javax/swing/text/Element
instanceKlass java/util/LinkedHashMap$LinkedHashIterator
instanceKlass java/util/Collections$3
instanceKlass javax/swing/text/StyleContext$SmallAttributeSet
instanceKlass javax/swing/text/StyleContext$NamedStyle
instanceKlass javax/swing/text/Style
instanceKlass javax/swing/text/SimpleAttributeSet$EmptyAttributeSet
instanceKlass javax/swing/text/SimpleAttributeSet
instanceKlass javax/swing/text/MutableAttributeSet
instanceKlass javax/swing/text/AttributeSet
instanceKlass javax/swing/text/StyleContext$FontKey
instanceKlass javax/swing/text/AttributeSet$ParagraphAttribute
instanceKlass javax/swing/text/AttributeSet$ColorAttribute
instanceKlass javax/swing/text/AttributeSet$FontAttribute
instanceKlass javax/swing/text/AttributeSet$CharacterAttribute
instanceKlass javax/swing/text/StyleConstants
instanceKlass javax/swing/text/StyleContext
instanceKlass javax/swing/text/AbstractDocument$AttributeContext
instanceKlass javax/swing/text/GapVector
instanceKlass javax/swing/text/AbstractDocument$Content
instanceKlass javax/swing/text/AbstractDocument
instanceKlass javax/swing/text/DefaultHighlighter$SafeDamager
instanceKlass javax/swing/text/LayeredHighlighter$LayerPainter
instanceKlass javax/swing/text/Highlighter$HighlightPainter
instanceKlass javax/swing/text/Highlighter$Highlight
instanceKlass javax/swing/text/LayeredHighlighter
instanceKlass javax/swing/text/Highlighter
instanceKlass javax/swing/text/Document
instanceKlass javax/swing/text/DefaultCaret$Handler
instanceKlass java/awt/datatransfer/ClipboardOwner
instanceKlass javax/swing/text/Caret
instanceKlass javax/swing/plaf/basic/BasicTextUI$UpdateHandler
instanceKlass javax/swing/event/DocumentListener
instanceKlass javax/swing/text/View
instanceKlass javax/swing/text/Position$Bias
instanceKlass javax/swing/text/EditorKit
instanceKlass javax/swing/text/ViewFactory
instanceKlass com/sun/beans/util/Cache$CacheEntry
instanceKlass com/sun/beans/util/Cache
instanceKlass javax/swing/text/JTextComponent$1
instanceKlass sun/swing/SwingAccessor$JTextComponentAccessor
instanceKlass java/util/concurrent/ForkJoinPool$WorkQueue
instanceKlass java/util/concurrent/ForkJoinPool$1
instanceKlass java/util/concurrent/ForkJoinPool$DefaultForkJoinWorkerThreadFactory
instanceKlass java/util/concurrent/ForkJoinPool$ForkJoinWorkerThreadFactory
instanceKlass java/util/concurrent/ForkJoinTask
instanceKlass java/util/concurrent/Future
instanceKlass javax/swing/plaf/basic/BasicComboBoxEditor
instanceKlass javax/swing/ComboBoxEditor
instanceKlass java/util/concurrent/AbstractExecutorService
instanceKlass java/util/concurrent/ExecutorService
instanceKlass java/util/concurrent/Executor
instanceKlass java/util/concurrent/locks/AbstractQueuedSynchronizer$Node
instanceKlass java/util/concurrent/ForkJoinPool$ManagedBlocker
instanceKlass java/awt/EventQueue$5
instanceKlass java/awt/EventQueue$4
instanceKlass sun/awt/dnd/SunDragSourceContextPeer
instanceKlass java/awt/dnd/peer/DragSourceContextPeer
instanceKlass javax/swing/plaf/metal/MetalScrollPaneUI$1
instanceKlass javax/swing/plaf/basic/BasicScrollPaneUI$Handler
instanceKlass java/awt/ModalEventFilter
instanceKlass java/awt/EventDispatchThread$HierarchyEventFilter
instanceKlass java/awt/EventFilter
instanceKlass java/awt/EventDispatchThread$1
instanceKlass java/awt/Conditional
instanceKlass java/awt/EventQueue$6
instanceKlass sun/awt/EventQueueItem
instanceKlass java/awt/SequencedEvent$2
instanceKlass java/awt/SequencedEvent$1
instanceKlass sun/awt/AWTAccessor$SequencedEventAccessor
instanceKlass java/awt/event/InvocationEvent$1
instanceKlass sun/awt/AWTAccessor$InvocationEventAccessor
instanceKlass java/awt/ActiveEvent
instanceKlass javax/swing/JComponent$$Lambda$125+0x0000000800c0f320
instanceKlass java/lang/invoke/VarHandle$AccessDescriptor
instanceKlass java/awt/event/ComponentAdapter
instanceKlass javax/swing/plaf/basic/BasicScrollBarUI$ScrollListener
instanceKlass javax/swing/plaf/basic/BasicScrollBarUI$Handler
instanceKlass javax/swing/plaf/basic/BasicScrollBarUI$PropertyChangeHandler
instanceKlass javax/swing/plaf/basic/BasicScrollBarUI$ModelListener
instanceKlass java/beans/VetoableChangeListener
instanceKlass javax/swing/plaf/basic/BasicButtonListener
instanceKlass javax/swing/plaf/metal/MetalBorders
instanceKlass javax/swing/AbstractButton$Handler
instanceKlass javax/swing/DefaultButtonModel
instanceKlass javax/swing/ButtonModel
instanceKlass javax/swing/plaf/metal/MetalBumps
instanceKlass javax/swing/DefaultBoundedRangeModel
instanceKlass javax/swing/BoundedRangeModel
instanceKlass javax/swing/JScrollBar$ModelListener
instanceKlass java/awt/Adjustable
instanceKlass javax/swing/ViewportLayout
instanceKlass javax/swing/ScrollPaneLayout
instanceKlass javax/swing/ScrollPaneConstants
instanceKlass javax/swing/plaf/basic/BasicComboPopup$Handler
instanceKlass java/awt/event/KeyEvent$1
instanceKlass sun/awt/AWTAccessor$KeyEventAccessor
instanceKlass jdk/internal/reflect/UnsafeFieldAccessorFactory
instanceKlass java/awt/VKCollection
instanceKlass java/lang/invoke/LambdaForm$MH+0x0000000800bf8040
instanceKlass javax/swing/InputMap
instanceKlass javax/swing/plaf/basic/BasicListUI$Handler
instanceKlass javax/swing/plaf/basic/DragRecognitionSupport$BeforeDrag
instanceKlass javax/swing/event/MouseInputListener
instanceKlass javax/swing/ListCellRenderer
instanceKlass java/util/BitSet
instanceKlass javax/swing/DefaultListSelectionModel
instanceKlass javax/swing/ListSelectionModel
instanceKlass java/awt/event/MouseMotionAdapter
instanceKlass javax/swing/ToolTipManager$stillInsideTimerAction
instanceKlass javax/swing/ToolTipManager$outsideTimerAction
instanceKlass javax/swing/Timer$DoPostEvent
instanceKlass javax/swing/ToolTipManager$insideTimerAction
instanceKlass javax/swing/Timer
instanceKlass java/awt/event/MouseAdapter
instanceKlass javax/swing/Scrollable
instanceKlass javax/swing/plaf/basic/BasicPopupMenuUI$MenuKeyboardHelper
instanceKlass javax/swing/MenuSelectionManager
instanceKlass javax/swing/plaf/basic/BasicPopupMenuUI$MouseGrabber
instanceKlass javax/swing/event/ChangeListener
instanceKlass javax/swing/plaf/basic/BasicPopupMenuUI$BasicMenuKeyListener
instanceKlass javax/swing/event/MenuKeyListener
instanceKlass javax/swing/plaf/basic/BasicPopupMenuUI$BasicPopupMenuListener
instanceKlass javax/swing/plaf/basic/BasicLookAndFeel$1
instanceKlass java/awt/Toolkit$SelectiveAWTEventListener
instanceKlass javax/swing/plaf/basic/BasicLookAndFeel$AWTEventHelper
instanceKlass javax/swing/DefaultSingleSelectionModel
instanceKlass javax/swing/SingleSelectionModel
instanceKlass javax/swing/plaf/basic/BasicComboPopup$EmptyListModelClass
instanceKlass javax/swing/plaf/basic/ComboPopup
instanceKlass javax/swing/plaf/basic/BasicComboBoxUI$ComboBoxLayoutManager
instanceKlass java/awt/Graphics
instanceKlass javax/swing/AncestorNotifier
instanceKlass javax/swing/JComboBox$1
instanceKlass javax/swing/event/AncestorListener
instanceKlass javax/swing/MutableComboBoxModel
instanceKlass javax/swing/ComboBoxModel
instanceKlass javax/swing/event/ListDataListener
instanceKlass javax/swing/plaf/basic/BasicHTML
instanceKlass javax/swing/plaf/metal/DefaultMetalTheme$FontDelegate$1
instanceKlass javax/swing/BoxLayout
instanceKlass java/awt/FlowLayout
instanceKlass javax/swing/ActionMap
instanceKlass java/awt/event/FocusAdapter
instanceKlass java/awt/event/KeyAdapter
instanceKlass javax/swing/plaf/metal/MetalFileChooserUI$MetalFileChooserUIAccessor
instanceKlass sun/swing/FilePane$FileChooserUIAccessor
instanceKlass sun/swing/FilePane$3
instanceKlass java/awt/Cursor$1
instanceKlass sun/awt/AWTAccessor$CursorAccessor
instanceKlass java/awt/Cursor
instanceKlass javax/swing/TransferHandler$TransferSupport
instanceKlass javax/swing/TransferHandler$DropHandler
instanceKlass java/awt/datatransfer/SystemFlavorMap$SoftCache
instanceKlass java/awt/datatransfer/SystemFlavorMap$$Lambda$124+0x0000000800bd9240
instanceKlass java/awt/datatransfer/DataFlavor
instanceKlass java/io/Externalizable
instanceKlass sun/awt/datatransfer/DesktopDatatransferServiceImpl
instanceKlass sun/datatransfer/DataFlavorUtil$DefaultDesktopDatatransferService
instanceKlass sun/datatransfer/DesktopDatatransferService
instanceKlass sun/datatransfer/DataFlavorUtil
instanceKlass java/awt/datatransfer/SystemFlavorMap
instanceKlass java/awt/datatransfer/FlavorTable
instanceKlass java/awt/datatransfer/FlavorMap
instanceKlass java/awt/dnd/DropTargetContext$1
instanceKlass sun/awt/AWTAccessor$DropTargetContextAccessor
instanceKlass java/awt/dnd/DropTargetContext
instanceKlass java/awt/dnd/DropTarget
instanceKlass java/awt/dnd/DropTargetListener
instanceKlass javax/swing/ClientPropertyKey$1
instanceKlass sun/awt/AWTAccessor$ClientPropertyKeyAccessor
instanceKlass javax/swing/plaf/metal/MetalIconFactory$FileChooserListViewIcon
instanceKlass javax/swing/plaf/metal/MetalIconFactory$FileChooserDetailViewIcon
instanceKlass javax/swing/plaf/metal/MetalIconFactory
instanceKlass java/awt/image/BufferedImage$1
instanceKlass java/awt/image/WritableRenderedImage
instanceKlass java/awt/image/RenderedImage
instanceKlass java/awt/image/SampleModel
instanceKlass java/awt/geom/Point2D
instanceKlass java/awt/image/DataBuffer$1
instanceKlass sun/awt/image/SunWritableRaster$DataStealer
instanceKlass java/awt/image/DataBuffer
instanceKlass java/awt/image/Raster
instanceKlass sun/awt/image/GifFrame
instanceKlass java/lang/invoke/LambdaForm$MH+0x0000000800bc7440
instanceKlass java/lang/invoke/LambdaForm$DMH+0x0000000800bc7040
instanceKlass java/lang/invoke/LambdaForm$DMH+0x0000000800bc7c40
instanceKlass sun/awt/image/ImageWatched$WeakLink$$Lambda$123+0x0000000800bd1e20
instanceKlass java/lang/invoke/LambdaForm$DMH+0x0000000800bc7840
instanceKlass sun/awt/image/ImageDecoder
instanceKlass java/awt/image/MultiResolutionImage
instanceKlass java/awt/MediaEntry
instanceKlass sun/awt/image/ImageFetcher$1
instanceKlass sun/awt/image/FetcherInfo
instanceKlass sun/awt/image/ImageConsumerQueue
instanceKlass sun/awt/image/ImageWatched$Link
instanceKlass sun/awt/image/ImageWatched
instanceKlass java/awt/image/ImageConsumer
instanceKlass sun/awt/image/NativeLibLoader$1
instanceKlass sun/awt/image/NativeLibLoader
instanceKlass sun/awt/image/InputStreamImageSource
instanceKlass sun/awt/image/ImageFetchable
instanceKlass java/awt/image/ImageProducer
instanceKlass java/awt/MediaTracker
instanceKlass javax/swing/ImageIcon$2
instanceKlass javax/swing/ImageIcon$1
instanceKlass javax/swing/ImageIcon
instanceKlass javax/swing/Icon
instanceKlass sun/swing/SwingUtilities2$$Lambda$122+0x0000000800bcbce0
instanceKlass javax/swing/AbstractListModel
instanceKlass javax/swing/ListModel
instanceKlass com/sun/java/swing/SwingUtilities3
instanceKlass javax/swing/RepaintManager$ProcessingRunnable
instanceKlass java/awt/geom/RectangularShape
instanceKlass java/awt/Shape
instanceKlass java/awt/BorderLayout
instanceKlass java/awt/LayoutManager2
instanceKlass javax/swing/filechooser/FileView
instanceKlass javax/swing/ArrayTable
instanceKlass sun/swing/UIAction
instanceKlass javax/swing/TransferHandler
instanceKlass javax/swing/event/ListSelectionListener
instanceKlass javax/swing/plaf/ComponentUI
instanceKlass javax/swing/filechooser/FileSystemView$$Lambda$121+0x0000000800badb60
instanceKlass java/lang/invoke/LambdaForm$DMH+0x0000000800bc4c40
instanceKlass javax/swing/filechooser/FileSystemView$$Lambda$120+0x0000000800bad6c8
instanceKlass java/lang/invoke/LambdaForm$DMH+0x0000000800bc4840
instanceKlass sun/util/ResourceBundleEnumeration
instanceKlass javax/swing/UIDefaults$1
instanceKlass javax/swing/UIManager$2
instanceKlass sun/awt/KeyboardFocusManagerPeerImpl
instanceKlass java/awt/peer/KeyboardFocusManagerPeer
instanceKlass javax/swing/KeyStroke$1
instanceKlass sun/swing/SwingAccessor$KeyStrokeAccessor
instanceKlass java/awt/AWTKeyStroke
instanceKlass java/awt/FocusTraversalPolicy
instanceKlass java/awt/DefaultKeyboardFocusManager$2
instanceKlass java/awt/DefaultKeyboardFocusManager$1
instanceKlass sun/awt/AWTAccessor$DefaultKeyboardFocusManagerAccessor
instanceKlass java/awt/KeyboardFocusManager$1
instanceKlass sun/awt/AWTAccessor$KeyboardFocusManagerAccessor
instanceKlass java/awt/KeyboardFocusManager
instanceKlass java/awt/KeyEventPostProcessor
instanceKlass java/awt/KeyEventDispatcher
instanceKlass sun/awt/PaintEventDispatcher
instanceKlass javax/swing/RepaintManager$1
instanceKlass sun/swing/SwingAccessor$RepaintManagerAccessor
instanceKlass javax/swing/RepaintManager$DisplayChangedHandler
instanceKlass javax/swing/RepaintManager
instanceKlass javax/swing/plaf/metal/OceanTheme$6
instanceKlass javax/swing/plaf/metal/OceanTheme$5
instanceKlass javax/swing/plaf/metal/OceanTheme$4
instanceKlass javax/swing/plaf/metal/OceanTheme$3
instanceKlass javax/swing/plaf/metal/OceanTheme$2
instanceKlass javax/swing/plaf/metal/OceanTheme$1
instanceKlass javax/swing/plaf/metal/OceanTheme$$Lambda$119+0x0000000800ba7490
instanceKlass sun/awt/SunDisplayChanger
instanceKlass sun/java2d/SurfaceManagerFactory
instanceKlass sun/java2d/windows/WindowsFlags$1
instanceKlass sun/java2d/windows/WindowsFlags
instanceKlass java/awt/GraphicsEnvironment$LocalGE
instanceKlass javax/swing/plaf/metal/MetalLookAndFeel$$Lambda$118+0x0000000800ba5e30
instanceKlass javax/swing/plaf/metal/MetalLookAndFeel$$Lambda$117+0x0000000800ba5c18
instanceKlass javax/swing/plaf/metal/MetalLookAndFeel$$Lambda$116+0x0000000800ba5a00
instanceKlass javax/swing/plaf/metal/MetalLookAndFeel$$Lambda$115+0x0000000800ba57e8
instanceKlass javax/swing/plaf/metal/MetalLookAndFeel$$Lambda$114+0x0000000800ba55d0
instanceKlass javax/swing/plaf/metal/MetalLookAndFeel$$Lambda$113+0x0000000800ba53b8
instanceKlass javax/swing/plaf/metal/MetalLookAndFeel$$Lambda$112+0x0000000800ba51a0
instanceKlass javax/swing/plaf/metal/MetalLookAndFeel$$Lambda$111+0x0000000800ba4f88
instanceKlass javax/swing/plaf/metal/MetalLookAndFeel$$Lambda$110+0x0000000800ba4d70
instanceKlass javax/swing/plaf/metal/MetalLookAndFeel$$Lambda$109+0x0000000800ba4b58
instanceKlass javax/swing/plaf/metal/MetalLookAndFeel$$Lambda$108+0x0000000800ba4940
instanceKlass javax/swing/plaf/metal/MetalLookAndFeel$$Lambda$107+0x0000000800ba4728
instanceKlass javax/swing/plaf/metal/MetalLookAndFeel$$Lambda$106+0x0000000800ba4510
instanceKlass javax/swing/plaf/metal/MetalLookAndFeel$$Lambda$105+0x0000000800ba42f8
instanceKlass javax/swing/plaf/metal/MetalLookAndFeel$$Lambda$104+0x0000000800ba40e0
instanceKlass javax/swing/plaf/metal/MetalLookAndFeel$$Lambda$103+0x0000000800ba3ec8
instanceKlass javax/swing/plaf/metal/MetalLookAndFeel$$Lambda$102+0x0000000800ba3cb0
instanceKlass javax/swing/plaf/metal/MetalLookAndFeel$$Lambda$101+0x0000000800ba3a98
instanceKlass javax/swing/plaf/metal/MetalLookAndFeel$$Lambda$100+0x0000000800ba3880
instanceKlass javax/swing/plaf/metal/MetalLookAndFeel$$Lambda$99+0x0000000800ba3668
instanceKlass javax/swing/plaf/metal/MetalLookAndFeel$$Lambda$98+0x0000000800ba3450
instanceKlass javax/swing/plaf/metal/MetalLookAndFeel$$Lambda$97+0x0000000800ba3238
instanceKlass javax/swing/plaf/metal/MetalLookAndFeel$$Lambda$96+0x0000000800ba3020
instanceKlass javax/swing/plaf/metal/MetalLookAndFeel$$Lambda$95+0x0000000800ba2e08
instanceKlass javax/swing/plaf/metal/MetalLookAndFeel$$Lambda$94+0x0000000800ba2bf0
instanceKlass javax/swing/plaf/metal/MetalLookAndFeel$$Lambda$93+0x0000000800ba29d8
instanceKlass javax/swing/plaf/metal/MetalLookAndFeel$$Lambda$92+0x0000000800ba27c0
instanceKlass javax/swing/plaf/metal/MetalLookAndFeel$$Lambda$91+0x0000000800ba25a8
instanceKlass javax/swing/plaf/metal/MetalLookAndFeel$$Lambda$90+0x0000000800ba2390
instanceKlass javax/swing/plaf/metal/MetalLookAndFeel$$Lambda$89+0x0000000800ba2178
instanceKlass javax/swing/plaf/metal/MetalLookAndFeel$$Lambda$88+0x0000000800ba1f60
instanceKlass javax/swing/plaf/metal/MetalLookAndFeel$$Lambda$87+0x0000000800ba1d48
instanceKlass javax/swing/plaf/metal/MetalLookAndFeel$$Lambda$86+0x0000000800ba1b30
instanceKlass javax/swing/plaf/metal/MetalLookAndFeel$$Lambda$85+0x0000000800ba1918
instanceKlass javax/swing/plaf/metal/MetalLookAndFeel$$Lambda$84+0x0000000800ba1700
instanceKlass javax/swing/plaf/metal/MetalLookAndFeel$$Lambda$83+0x0000000800ba14e8
instanceKlass javax/swing/plaf/metal/MetalLookAndFeel$$Lambda$82+0x0000000800ba12d0
instanceKlass javax/swing/plaf/metal/MetalLookAndFeel$$Lambda$81+0x0000000800ba10b8
instanceKlass javax/swing/plaf/metal/MetalLookAndFeel$$Lambda$80+0x0000000800ba0ea0
instanceKlass javax/swing/plaf/metal/MetalLookAndFeel$$Lambda$79+0x0000000800ba0c88
instanceKlass javax/swing/plaf/metal/MetalLookAndFeel$$Lambda$78+0x0000000800ba0a70
instanceKlass javax/swing/plaf/metal/MetalLookAndFeel$$Lambda$77+0x0000000800ba0858
instanceKlass javax/swing/plaf/metal/MetalLookAndFeel$FontActiveValue
instanceKlass javax/swing/plaf/metal/MetalLookAndFeel$$Lambda$76+0x0000000800ba0410
instanceKlass javax/swing/plaf/metal/MetalLookAndFeel$$Lambda$75+0x0000000800ba01f0
instanceKlass javax/swing/plaf/metal/MetalLookAndFeel$$Lambda$74+0x0000000800b9ffd0
instanceKlass javax/swing/plaf/metal/MetalLookAndFeel$$Lambda$73+0x0000000800b9fdb0
instanceKlass javax/swing/plaf/metal/MetalLookAndFeel$$Lambda$72+0x0000000800b9fb98
instanceKlass javax/swing/plaf/metal/MetalLookAndFeel$$Lambda$71+0x0000000800b9f980
instanceKlass javax/swing/plaf/metal/MetalLookAndFeel$$Lambda$70+0x0000000800b9f768
instanceKlass javax/swing/plaf/metal/MetalLookAndFeel$$Lambda$69+0x0000000800b9f550
instanceKlass javax/swing/plaf/metal/MetalLookAndFeel$$Lambda$68+0x0000000800b9f338
instanceKlass javax/swing/plaf/metal/MetalLookAndFeel$$Lambda$67+0x0000000800b9f118
instanceKlass javax/swing/plaf/metal/MetalLookAndFeel$$Lambda$66+0x0000000800b9ef00
instanceKlass javax/swing/plaf/metal/MetalLookAndFeel$$Lambda$65+0x0000000800b9ece8
instanceKlass javax/swing/plaf/metal/MetalLookAndFeel$$Lambda$64+0x0000000800b9ead0
instanceKlass javax/swing/plaf/metal/MetalLookAndFeel$$Lambda$63+0x0000000800b9e8b8
instanceKlass javax/swing/plaf/metal/MetalLookAndFeel$$Lambda$62+0x0000000800b9e6a0
instanceKlass javax/swing/plaf/metal/MetalLookAndFeel$$Lambda$61+0x0000000800b9e488
instanceKlass java/lang/Character$CharacterCache
instanceKlass javax/swing/plaf/basic/BasicLookAndFeel$$Lambda$60+0x0000000800b9e080
instanceKlass javax/swing/plaf/basic/BasicLookAndFeel$$Lambda$59+0x0000000800b9de68
instanceKlass javax/swing/plaf/basic/BasicLookAndFeel$$Lambda$58+0x0000000800b9dc50
instanceKlass javax/swing/plaf/basic/BasicLookAndFeel$$Lambda$57+0x0000000800b9da38
instanceKlass javax/swing/plaf/basic/BasicLookAndFeel$$Lambda$56+0x0000000800b9d820
instanceKlass javax/swing/plaf/basic/BasicLookAndFeel$$Lambda$55+0x0000000800b9d608
instanceKlass javax/swing/UIDefaults$LazyInputMap
instanceKlass javax/swing/plaf/basic/BasicLookAndFeel$$Lambda$54+0x0000000800b9d1c8
instanceKlass javax/swing/plaf/basic/BasicLookAndFeel$$Lambda$53+0x0000000800b9cfb0
instanceKlass javax/swing/plaf/basic/BasicLookAndFeel$$Lambda$52+0x0000000800b9cd98
instanceKlass javax/swing/plaf/basic/BasicLookAndFeel$$Lambda$51+0x0000000800b9cb80
instanceKlass javax/swing/plaf/basic/BasicLookAndFeel$$Lambda$50+0x0000000800b9c968
instanceKlass javax/swing/plaf/basic/BasicLookAndFeel$$Lambda$49+0x0000000800b9c750
instanceKlass javax/swing/plaf/basic/BasicLookAndFeel$$Lambda$48+0x0000000800b9c538
instanceKlass java/lang/invoke/LambdaForm$DMH+0x0000000800bc4440
instanceKlass javax/swing/plaf/basic/BasicLookAndFeel$$Lambda$47+0x0000000800b9c0e8
instanceKlass javax/swing/plaf/basic/BasicLookAndFeel$$Lambda$46+0x0000000800b9bed0
instanceKlass javax/swing/plaf/basic/BasicLookAndFeel$$Lambda$45+0x0000000800b9bcb8
instanceKlass javax/swing/plaf/basic/BasicLookAndFeel$$Lambda$44+0x0000000800b9baa0
instanceKlass javax/swing/plaf/basic/BasicLookAndFeel$$Lambda$43+0x0000000800b9b888
instanceKlass javax/swing/plaf/basic/BasicLookAndFeel$$Lambda$42+0x0000000800b9b670
instanceKlass javax/swing/plaf/basic/BasicLookAndFeel$$Lambda$41+0x0000000800b9b458
instanceKlass javax/swing/plaf/basic/BasicLookAndFeel$$Lambda$40+0x0000000800b9b240
instanceKlass javax/swing/plaf/basic/BasicLookAndFeel$2
instanceKlass javax/swing/plaf/basic/BasicLookAndFeel$$Lambda$39+0x0000000800b9ae00
instanceKlass java/lang/invoke/LambdaForm$MH+0x0000000800bc4040
instanceKlass java/lang/invoke/LambdaForm$DMH+0x0000000800bc3c40
instanceKlass java/lang/invoke/LambdaForm$DMH+0x0000000800bc3840
instanceKlass sun/swing/SwingUtilities2$$Lambda$38+0x0000000800b9abe0
instanceKlass java/lang/invoke/LambdaForm$DMH+0x0000000800bc3440
instanceKlass javax/swing/plaf/basic/BasicLookAndFeel$$Lambda$37+0x0000000800b9a9c8
instanceKlass javax/swing/plaf/basic/BasicLookAndFeel$$Lambda$36+0x0000000800b9a7b0
instanceKlass javax/swing/plaf/basic/BasicLookAndFeel$$Lambda$35+0x0000000800b9a598
instanceKlass java/lang/invoke/LambdaForm$DMH+0x0000000800bc3040
instanceKlass javax/swing/plaf/basic/BasicLookAndFeel$$Lambda$34+0x0000000800b9a378
instanceKlass javax/swing/border/AbstractBorder
instanceKlass javax/swing/border/Border
instanceKlass javax/swing/plaf/basic/BasicLookAndFeel$$Lambda$33+0x0000000800b99830
instanceKlass javax/swing/plaf/basic/BasicLookAndFeel$$Lambda$32+0x0000000800b99618
instanceKlass javax/swing/plaf/basic/BasicLookAndFeel$$Lambda$31+0x0000000800b99400
instanceKlass javax/swing/plaf/basic/BasicLookAndFeel$$Lambda$30+0x0000000800b991e8
instanceKlass javax/swing/plaf/basic/BasicLookAndFeel$$Lambda$29+0x0000000800b98fd0
instanceKlass javax/swing/plaf/basic/BasicLookAndFeel$$Lambda$28+0x0000000800b98db8
instanceKlass javax/swing/UIDefaults$ActiveValue
instanceKlass javax/swing/plaf/basic/BasicLookAndFeel$$Lambda$27+0x0000000800b987a0
instanceKlass javax/swing/plaf/basic/BasicLookAndFeel$$Lambda$26+0x0000000800b98588
instanceKlass javax/swing/plaf/basic/BasicLookAndFeel$$Lambda$25+0x0000000800b98370
instanceKlass javax/swing/plaf/basic/BasicLookAndFeel$$Lambda$24+0x0000000800b98158
instanceKlass javax/swing/plaf/basic/BasicLookAndFeel$$Lambda$23+0x0000000800b97f40
instanceKlass javax/swing/UIDefaults$LazyValue
instanceKlass javax/swing/plaf/metal/DefaultMetalTheme$FontDelegate
instanceKlass javax/swing/plaf/UIResource
instanceKlass javax/swing/plaf/metal/MetalTheme
instanceKlass sun/swing/DefaultLookup
instanceKlass javax/swing/LookAndFeel
instanceKlass javax/swing/UIManager$1
instanceKlass javax/swing/UIDefaults$$Lambda$22+0x0000000800b95140
instanceKlass sun/swing/SwingAccessor$UIDefaultsAccessor
instanceKlass javax/swing/UIManager$LAFState
instanceKlass sun/swing/SwingUtilities2$LSBCacheEntry
instanceKlass sun/swing/StringUIClientPropertyKey
instanceKlass javax/swing/UIClientPropertyKey
instanceKlass java/awt/font/FontRenderContext
instanceKlass sun/swing/SwingUtilities2
instanceKlass sun/awt/OSInfo$1
instanceKlass java/lang/invoke/LambdaForm$MH+0x0000000800bc2c40
instanceKlass java/lang/invoke/LambdaForm$MH+0x0000000800bc2840
instanceKlass java/lang/invoke/LambdaForm$MH+0x0000000800bc2440
instanceKlass java/lang/invoke/LambdaForm$MH+0x0000000800bc2040
instanceKlass java/lang/invoke/LambdaForm$MH+0x0000000800bc1c40
instanceKlass java/lang/invoke/LambdaForm$MH+0x0000000800bc1840
instanceKlass sun/awt/OSInfo$WindowsVersion
instanceKlass sun/awt/OSInfo
instanceKlass javax/swing/UIManager$LookAndFeelInfo
instanceKlass javax/swing/UIManager
instanceKlass javax/swing/filechooser/FileSystemView
instanceKlass java/awt/AWTEventMulticaster
instanceKlass java/awt/event/MouseWheelListener
instanceKlass java/awt/event/HierarchyBoundsListener
instanceKlass java/awt/event/InputMethodListener
instanceKlass java/awt/event/TextListener
instanceKlass java/awt/event/AdjustmentListener
instanceKlass java/awt/event/ItemListener
instanceKlass java/awt/event/WindowStateListener
instanceKlass java/awt/event/WindowFocusListener
instanceKlass java/awt/event/WindowListener
instanceKlass java/awt/event/MouseMotionListener
instanceKlass java/awt/event/MouseListener
instanceKlass java/awt/event/KeyListener
instanceKlass java/awt/event/FocusListener
instanceKlass java/awt/event/ContainerListener
instanceKlass java/awt/event/ComponentListener
instanceKlass javax/swing/JFileChooser$FCHierarchyListener
instanceKlass java/awt/event/HierarchyListener
instanceKlass java/util/EventListenerProxy
instanceKlass javax/swing/JFileChooser$WeakPCL
instanceKlass java/util/IdentityHashMap$IdentityHashMapIterator
instanceKlass java/util/Collections$SynchronizedCollection
instanceKlass java/awt/Toolkit$DesktopPropertyChangeSupport$1
instanceKlass java/util/ComparableTimSort
instanceKlass java/util/Arrays$LegacyMergeSort
instanceKlass sun/awt/SunHints$Value
instanceKlass java/awt/RenderingHints$Key
instanceKlass sun/awt/SunHints
instanceKlass java/awt/RenderingHints
instanceKlass sun/awt/windows/WDesktopProperties$WinPlaySound
instanceKlass java/awt/Color
instanceKlass java/awt/Paint
instanceKlass java/lang/invoke/LambdaForm$MH+0x0000000800bc1440
instanceKlass java/util/concurrent/locks/ReentrantReadWriteLock$WriteLock
instanceKlass java/util/concurrent/locks/ReentrantReadWriteLock$ReadLock
instanceKlass java/util/concurrent/locks/ReentrantReadWriteLock
instanceKlass java/util/concurrent/locks/ReadWriteLock
instanceKlass sun/awt/windows/ThemeReader
instanceKlass sun/awt/windows/WDesktopProperties
instanceKlass javax/swing/SwingUtilities
instanceKlass java/util/concurrent/atomic/AtomicBoolean
instanceKlass sun/awt/PostEventQueue
instanceKlass sun/awt/MostRecentKeyValue
instanceKlass java/awt/Queue
instanceKlass java/awt/EventQueue$3
instanceKlass java/awt/EventQueue$2
instanceKlass sun/awt/AWTAccessor$EventQueueAccessor
instanceKlass java/awt/EventQueue$1
instanceKlass java/awt/EventQueue
instanceKlass sun/awt/AppContext$1
instanceKlass sun/awt/AppContext$2
instanceKlass sun/awt/AppContext$3
instanceKlass sun/awt/AppContext$6
instanceKlass jdk/internal/access/JavaAWTAccess
instanceKlass sun/awt/AppContext$GetAppContextLock
instanceKlass sun/awt/AppContext
instanceKlass java/util/stream/Sink$ChainedReference
instanceKlass java/util/stream/ReduceOps$AccumulatingSink
instanceKlass java/util/stream/TerminalSink
instanceKlass java/util/stream/Sink
instanceKlass java/util/stream/ReduceOps$Box
instanceKlass java/util/stream/ReduceOps$ReduceOp
instanceKlass java/util/stream/TerminalOp
instanceKlass java/util/stream/ReduceOps
instanceKlass java/util/stream/Collectors$$Lambda$21+0x0000000800b883c0
instanceKlass java/util/stream/Collectors$$Lambda$20+0x0000000800b88180
instanceKlass java/util/function/BinaryOperator
instanceKlass java/util/stream/Collectors$$Lambda$19+0x0000000800b87f58
instanceKlass java/util/function/BiConsumer
instanceKlass java/util/stream/Collectors$$Lambda$18+0x0000000800b87d38
instanceKlass java/util/StringJoiner
instanceKlass java/util/stream/Collectors$CollectorImpl
instanceKlass java/util/stream/Collector
instanceKlass java/util/stream/Collectors
instanceKlass java/lang/Class$$Lambda$17+0x0000000800b87720
instanceKlass java/awt/Component$3
instanceKlass java/awt/ComponentOrientation
instanceKlass javax/swing/JComponent$2
instanceKlass sun/swing/SwingAccessor
instanceKlass javax/swing/JComponent$1
instanceKlass sun/swing/SwingAccessor$JComponentAccessor
instanceKlass java/awt/Container$1
instanceKlass sun/awt/AWTAccessor$ContainerAccessor
instanceKlass java/awt/geom/Dimension2D
instanceKlass java/awt/LightweightDispatcher
instanceKlass java/awt/event/AWTEventListener
instanceKlass java/awt/LayoutManager
instanceKlass javax/swing/filechooser/FileFilter
instanceKlass sun/awt/windows/WToolkit$$Lambda$16+0x0000000800b83f80
instanceKlass java/lang/Shutdown$Lock
instanceKlass java/lang/Shutdown
instanceKlass java/lang/ApplicationShutdownHooks$1
instanceKlass java/lang/ApplicationShutdownHooks
instanceKlass sun/awt/windows/WToolkit$$Lambda$15+0x0000000800b83d60
instanceKlass sun/awt/windows/WToolkit$$Lambda$14+0x0000000800b83b40
instanceKlass sun/awt/windows/WToolkit$$Lambda$13+0x0000000800b83928
instanceKlass sun/awt/windows/WToolkit$$Lambda$12+0x0000000800b83708
instanceKlass sun/awt/windows/WToolkit$$Lambda$11+0x0000000800b834f0
instanceKlass sun/awt/AWTAutoShutdown$$Lambda$10+0x0000000800b832d0
instanceKlass sun/awt/AWTAutoShutdown
instanceKlass sun/awt/util/ThreadGroupUtils
instanceKlass sun/java2d/Disposer$$Lambda$9+0x0000000800b82c98
instanceKlass java/lang/invoke/LambdaForm$DMH+0x0000000800bc1040
instanceKlass sun/java2d/Disposer$1
instanceKlass sun/java2d/Disposer
instanceKlass sun/awt/windows/WToolkit$ToolkitDisposer
instanceKlass sun/java2d/DisposerRecord
instanceKlass java/lang/invoke/LambdaForm$MH+0x0000000800bc0c40
instanceKlass java/lang/invoke/LambdaForm$MH+0x0000000800bc0840
instanceKlass java/lang/invoke/LambdaForm$MH+0x0000000800bc0440
instanceKlass java/lang/invoke/LambdaForm$MH+0x0000000800bc0040
instanceKlass java/lang/invoke/LambdaForm$MH+0x0000000800bb2c40
instanceKlass java/lang/invoke/LambdaForm$MH+0x0000000800bb2840
instanceKlass sun/awt/util/PerformanceLogger$TimeData
instanceKlass sun/awt/util/PerformanceLogger
instanceKlass sun/awt/SunToolkit$ModalityListenerList
instanceKlass sun/awt/ModalityListener
instanceKlass java/beans/PropertyChangeListener
instanceKlass java/beans/ChangeListenerMap
instanceKlass java/beans/PropertyChangeSupport
instanceKlass sun/util/logging/PlatformLogger$ConfigurableBridge$LoggerConfiguration
instanceKlass jdk/internal/logger/BootstrapLogger$RedirectedLoggers
instanceKlass javax/swing/event/EventListenerList
instanceKlass sun/awt/windows/WDesktopPeer
instanceKlass java/awt/peer/DesktopPeer
instanceKlass java/awt/Component$DummyRequestFocusController
instanceKlass sun/awt/RequestFocusController
instanceKlass java/awt/Component$1
instanceKlass sun/awt/AWTAccessor$ComponentAccessor
instanceKlass java/awt/font/JavaAWTFontAccessImpl
instanceKlass jdk/internal/access/JavaAWTFontAccess
instanceKlass java/text/AttributedCharacterIterator$Attribute
instanceKlass sun/font/AttributeValues
instanceKlass java/awt/geom/AffineTransform
instanceKlass sun/font/FontAccess
instanceKlass java/awt/Font
instanceKlass sun/awt/windows/WObjectPeer
instanceKlass java/awt/dnd/peer/DropTargetPeer
instanceKlass java/awt/peer/ComponentPeer
instanceKlass java/awt/event/InputEvent$1
instanceKlass sun/awt/AWTAccessor$InputEventAccessor
instanceKlass java/awt/event/NativeLibLoader$1
instanceKlass java/awt/event/NativeLibLoader
instanceKlass java/awt/AWTEvent$1
instanceKlass sun/awt/AWTAccessor$AWTEventAccessor
instanceKlass java/util/EventObject
instanceKlass java/awt/Component$AWTTreeLock
instanceKlass sun/awt/DisplayChangedListener
instanceKlass sun/awt/image/SurfaceManager
instanceKlass sun/awt/image/SurfaceManager$ImageAccessor
instanceKlass java/awt/ImageCapabilities
instanceKlass java/awt/Image
instanceKlass sun/java2d/DestSurfaceProvider
instanceKlass sun/java2d/loops/RenderCache$Entry
instanceKlass sun/java2d/loops/RenderCache
instanceKlass sun/java2d/pipe/DrawImage
instanceKlass sun/java2d/pipe/GeneralCompositePipe
instanceKlass sun/java2d/pipe/SpanShapeRenderer
instanceKlass sun/java2d/pipe/AlphaPaintPipe
instanceKlass sun/java2d/pipe/AAShapePipe
instanceKlass sun/java2d/pipe/RegionIterator
instanceKlass sun/java2d/pipe/Region
instanceKlass sun/java2d/pipe/SpanClipRenderer
instanceKlass sun/java2d/pipe/PixelToShapeConverter
instanceKlass sun/java2d/pipe/AlphaColorPipe
instanceKlass sun/java2d/pipe/CompositePipe
instanceKlass sun/font/FontUtilities$1
instanceKlass sun/font/FontUtilities
instanceKlass sun/java2d/pipe/GlyphListPipe
instanceKlass sun/java2d/pipe/OutlineTextRenderer
instanceKlass java/lang/invoke/VarForm
instanceKlass java/lang/invoke/VarHandleGuards
instanceKlass jdk/internal/util/Preconditions$1
instanceKlass java/lang/invoke/VarHandle$1
instanceKlass java/lang/ClassValue$Version
instanceKlass java/lang/ClassValue$Identity
instanceKlass java/lang/ClassValue
instanceKlass java/lang/invoke/VarHandles
instanceKlass java/util/concurrent/ConcurrentLinkedQueue$Node
instanceKlass sun/java2d/ReentrantContextProvider
instanceKlass sun/java2d/marlin/FloatMath
instanceKlass sun/java2d/marlin/MarlinProperties
instanceKlass sun/java2d/marlin/MarlinConst
instanceKlass sun/java2d/pipe/RenderingEngine
instanceKlass sun/java2d/pipe/LoopPipe
instanceKlass sun/java2d/pipe/LoopBasedPipe
instanceKlass sun/java2d/pipe/ParallelogramPipe
instanceKlass sun/java2d/pipe/NullPipe
instanceKlass sun/java2d/pipe/DrawImagePipe
instanceKlass sun/java2d/pipe/TextPipe
instanceKlass sun/java2d/pipe/ShapeDrawPipe
instanceKlass sun/java2d/pipe/PixelFillPipe
instanceKlass sun/java2d/pipe/PixelDrawPipe
instanceKlass sun/java2d/StateTrackableDelegate$2
instanceKlass sun/java2d/StateTrackableDelegate
instanceKlass java/awt/color/ICC_Profile$1
instanceKlass sun/java2d/cmm/ProfileActivator
instanceKlass sun/java2d/cmm/ProfileDeferralMgr
instanceKlass java/awt/color/ICC_Profile
instanceKlass java/awt/color/ColorSpace
instanceKlass java/awt/image/ColorModel$1
instanceKlass java/awt/image/ColorModel
instanceKlass sun/awt/image/PixelConverter
instanceKlass sun/java2d/loops/SurfaceType
instanceKlass sun/java2d/SurfaceData
instanceKlass sun/java2d/Surface
instanceKlass sun/java2d/StateTrackable
instanceKlass sun/java2d/DisposerTarget
instanceKlass java/awt/Transparency
instanceKlass sun/awt/windows/WToolkit$1
instanceKlass jdk/internal/logger/LazyLoggers$LazyLoggerAccessor
instanceKlass jdk/internal/logger/LazyLoggers$LoggerAccessor
instanceKlass jdk/internal/logger/AbstractLoggerWrapper
instanceKlass java/util/ServiceLoader$ProviderImpl
instanceKlass java/util/ServiceLoader$Provider
instanceKlass java/util/ServiceLoader$1
instanceKlass sun/util/logging/internal/LoggingProviderImpl$LogManagerAccess
instanceKlass java/util/concurrent/CopyOnWriteArrayList$COWIterator
instanceKlass jdk/internal/loader/URLClassPath$1
instanceKlass java/lang/CompoundEnumeration
instanceKlass jdk/internal/loader/BuiltinClassLoader$1
instanceKlass java/util/Collections$EmptyEnumeration
instanceKlass java/util/Collections$EmptyIterator
instanceKlass jdk/internal/loader/BuiltinClassLoader$2
instanceKlass java/util/ServiceLoader$3
instanceKlass java/util/ServiceLoader$2
instanceKlass java/util/ServiceLoader$LazyClassPathLookupIterator
instanceKlass java/lang/ModuleLayer$$Lambda$8+0x0000000800b69790
instanceKlass java/lang/WeakPairMap$Pair$Lookup
instanceKlass java/lang/WeakPairMap$Pair
instanceKlass java/lang/WeakPairMap
instanceKlass java/lang/Module$ReflectionData
instanceKlass java/lang/invoke/LambdaForm$DMH+0x0000000800bb3440
instanceKlass java/util/Spliterators$1Adapter
instanceKlass java/util/function/Consumer
instanceKlass sun/reflect/annotation/AnnotationParser
instanceKlass java/lang/Class$3
instanceKlass java/util/EnumMap$1
instanceKlass java/util/stream/StreamOpFlag$MaskBuilder
instanceKlass java/util/stream/Stream
instanceKlass java/util/stream/BaseStream
instanceKlass java/util/stream/PipelineHelper
instanceKlass java/util/stream/StreamSupport
instanceKlass java/util/Spliterators$ArraySpliterator
instanceKlass java/util/Spliterator$OfDouble
instanceKlass java/util/Spliterator$OfLong
instanceKlass java/util/Spliterator$OfInt
instanceKlass java/util/Spliterator$OfPrimitive
instanceKlass java/util/Spliterator
instanceKlass java/util/Spliterators$EmptySpliterator
instanceKlass java/util/Spliterators
instanceKlass jdk/internal/loader/AbstractClassLoaderValue$Memoizer
instanceKlass java/util/ServiceLoader$ModuleServicesLookupIterator
instanceKlass java/util/ServiceLoader
instanceKlass java/lang/System$LoggerFinder
instanceKlass jdk/internal/logger/BootstrapLogger$DetectBackend$1
instanceKlass jdk/internal/logger/BootstrapLogger$DetectBackend
instanceKlass jdk/internal/logger/BootstrapLogger
instanceKlass sun/util/logging/PlatformLogger$ConfigurableBridge
instanceKlass sun/util/logging/PlatformLogger$Bridge
instanceKlass java/lang/System$Logger
instanceKlass jdk/internal/logger/LazyLoggers$LazyLoggerFactories
instanceKlass jdk/internal/logger/LazyLoggers$1
instanceKlass java/util/function/BiFunction
instanceKlass jdk/internal/logger/LazyLoggers
instanceKlass sun/util/logging/PlatformLogger
instanceKlass java/util/Collections$SynchronizedMap
instanceKlass sun/awt/WeakIdentityHashMap
instanceKlass java/util/concurrent/locks/AbstractQueuedSynchronizer$ConditionObject
instanceKlass java/util/concurrent/locks/Condition
instanceKlass sun/awt/KeyboardFocusManagerPeerProvider
instanceKlass sun/awt/InputMethodSupport
instanceKlass sun/awt/ComponentFactory
instanceKlass sun/awt/PlatformGraphicsInfo
instanceKlass java/awt/GraphicsEnvironment$$Lambda$7+0x0000000800b65c60
instanceKlass java/lang/invoke/LambdaForm$DMH+0x0000000800bb3040
instanceKlass sun/reflect/misc/ReflectUtil
instanceKlass java/awt/GraphicsEnvironment
instanceKlass java/awt/Insets
instanceKlass java/lang/invoke/LambdaForm$MH+0x0000000800bb3c40
instanceKlass java/lang/invoke/LambdaForm$MH+0x0000000800bb3840
instanceKlass java/lang/invoke/LambdaForm$MH+0x0000000800bb4440
instanceKlass java/lang/invoke/LambdaForm$MH+0x0000000800bb4040
instanceKlass java/lang/invoke/LambdaForm$MH+0x0000000800bb4c40
instanceKlass java/lang/invoke/LambdaForm$MH+0x0000000800bb4840
instanceKlass java/lang/invoke/LambdaForm$MH+0x0000000800bb5440
instanceKlass java/lang/invoke/LambdaForm$MH+0x0000000800bb5040
instanceKlass java/lang/invoke/LambdaForm$MH+0x0000000800bb5c40
instanceKlass java/lang/invoke/LambdaForm$MH+0x0000000800bb5840
instanceKlass java/lang/invoke/LambdaFormEditor$1
instanceKlass java/lang/invoke/LambdaForm$MH+0x0000000800bb6440
instanceKlass java/lang/invoke/LambdaForm$MH+0x0000000800bb6040
instanceKlass java/lang/invoke/MethodHandles$1
instanceKlass java/lang/Long$LongCache
instanceKlass java/lang/invoke/LambdaForm$MH+0x0000000800bb6c40
instanceKlass java/lang/invoke/LambdaForm$MH+0x0000000800bb6840
instanceKlass java/lang/invoke/LambdaForm$MH+0x0000000800bb7440
instanceKlass java/lang/invoke/LambdaForm$MH+0x0000000800bb7040
instanceKlass java/lang/invoke/LambdaForm$MH+0x0000000800bb7c40
instanceKlass java/lang/invoke/LambdaForm$MH+0x0000000800bb7840
instanceKlass java/lang/invoke/LambdaForm$MH+0x0000000800bb0c40
instanceKlass java/awt/Toolkit$1
instanceKlass java/awt/Toolkit$2
instanceKlass jdk/internal/module/SystemModuleFinders$SystemModuleReader$$Lambda$6+0x0000000800b62bc0
instanceKlass jdk/internal/jimage/ImageLocation
instanceKlass jdk/internal/jimage/decompressor/Decompressor
instanceKlass jdk/internal/jimage/ImageStringsReader
instanceKlass jdk/internal/jimage/ImageStrings
instanceKlass jdk/internal/jimage/ImageHeader
instanceKlass jdk/internal/jimage/NativeImageBuffer$1
instanceKlass jdk/internal/jimage/NativeImageBuffer
instanceKlass jdk/internal/jimage/BasicImageReader$1
instanceKlass jdk/internal/jimage/BasicImageReader
instanceKlass jdk/internal/jimage/ImageReader
instanceKlass jdk/internal/jimage/ImageReaderFactory$1
instanceKlass java/nio/file/Paths
instanceKlass jdk/internal/jimage/ImageReaderFactory
instanceKlass jdk/internal/module/SystemModuleFinders$SystemImage
instanceKlass jdk/internal/module/SystemModuleFinders$SystemModuleReader
instanceKlass java/lang/module/ModuleReader
instanceKlass jdk/internal/loader/BuiltinClassLoader$5
instanceKlass jdk/internal/module/Checks
instanceKlass jdk/internal/module/Resources
instanceKlass java/util/ResourceBundle$ResourceBundleProviderHelper$$Lambda$5+0x0000000800b629a0
instanceKlass java/util/ResourceBundle$ResourceBundleProviderHelper$$Lambda$4+0x0000000800b62530
instanceKlass java/util/Properties$LineReader
instanceKlass java/security/Security$1
instanceKlass java/security/Security
instanceKlass sun/security/util/SecurityProperties
instanceKlass sun/security/util/FilePermCompat
instanceKlass sun/security/util/SecurityConstants
instanceKlass java/util/ResourceBundle$ResourceBundleProviderHelper$$Lambda$3+0x0000000800b61408
instanceKlass java/util/ResourceBundle$ResourceBundleProviderHelper
instanceKlass java/util/ResourceBundle$3
instanceKlass java/util/ResourceBundle$CacheKeyReference
instanceKlass java/util/ResourceBundle$CacheKey
instanceKlass java/util/ResourceBundle$$Lambda$2+0x0000000800b60968
instanceKlass java/util/ResourceBundle$Control
instanceKlass java/util/ResourceBundle$1
instanceKlass jdk/internal/access/JavaUtilResourceBundleAccess
instanceKlass java/util/ResourceBundle
instanceKlass java/awt/Toolkit$4
instanceKlass sun/awt/AWTAccessor
instanceKlass java/awt/Toolkit$3
instanceKlass sun/awt/AWTAccessor$ToolkitAccessor
instanceKlass java/awt/Toolkit
instanceKlass javax/swing/event/UndoableEditListener
instanceKlass javax/swing/event/PopupMenuListener
instanceKlass javax/swing/AbstractAction
instanceKlass javax/swing/Action
instanceKlass java/awt/event/ActionListener
instanceKlass java/util/EventListener
instanceKlass java/awt/Component
instanceKlass java/awt/MenuContainer
instanceKlass java/awt/image/ImageObserver
instanceKlass javax/swing/TransferHandler$HasGetTransferHandler
instanceKlass javax/swing/SwingConstants
instanceKlass java/awt/ItemSelectable
instanceKlass javax/swing/MenuElement
instanceKlass javax/accessibility/Accessible
instanceKlass usu/widget/util/WidgetUtilities
instanceKlass java/lang/invoke/LambdaForm$MH+0x0000000800bb0840
instanceKlass jdk/internal/org/objectweb/asm/FieldVisitor
instanceKlass java/lang/invoke/InvokerBytecodeGenerator$ClassData
instanceKlass jdk/internal/org/objectweb/asm/Frame
instanceKlass java/lang/invoke/LambdaFormBuffer
instanceKlass java/lang/invoke/LambdaFormEditor$TransformKey
instanceKlass java/lang/invoke/LambdaFormEditor
instanceKlass java/lang/invoke/DelegatingMethodHandle$Holder
instanceKlass sun/invoke/util/Wrapper$1
instanceKlass java/lang/invoke/DirectMethodHandle$1
instanceKlass sun/invoke/empty/Empty
instanceKlass sun/invoke/util/VerifyType
instanceKlass java/lang/invoke/ClassSpecializer$Factory
instanceKlass java/lang/invoke/ClassSpecializer$SpeciesData
instanceKlass java/lang/invoke/ClassSpecializer$1
instanceKlass java/lang/invoke/ClassSpecializer
instanceKlass java/lang/invoke/InnerClassLambdaMetafactory$1
instanceKlass simrskhanza/SIMRSKhanza$$Lambda$1+0x0000000800bb0240
instanceKlass java/lang/invoke/MethodHandles$Lookup$ClassDefiner
instanceKlass jdk/internal/org/objectweb/asm/ClassReader
instanceKlass java/lang/invoke/MethodHandles$Lookup$ClassFile
instanceKlass jdk/internal/org/objectweb/asm/AnnotationVisitor
instanceKlass jdk/internal/org/objectweb/asm/Attribute
instanceKlass jdk/internal/org/objectweb/asm/Handler
instanceKlass jdk/internal/org/objectweb/asm/Label
instanceKlass jdk/internal/org/objectweb/asm/MethodVisitor
instanceKlass java/lang/invoke/LambdaProxyClassArchive
instanceKlass jdk/internal/org/objectweb/asm/ByteVector
instanceKlass jdk/internal/org/objectweb/asm/Symbol
instanceKlass jdk/internal/org/objectweb/asm/SymbolTable
instanceKlass jdk/internal/org/objectweb/asm/ClassVisitor
instanceKlass sun/invoke/util/BytecodeDescriptor
instanceKlass java/lang/invoke/InfoFromMemberName
instanceKlass java/lang/invoke/MethodHandleInfo
instanceKlass sun/security/action/GetBooleanAction
instanceKlass jdk/internal/org/objectweb/asm/Type
instanceKlass java/lang/invoke/AbstractValidatingLambdaMetafactory
instanceKlass java/lang/invoke/MethodHandleImpl$1
instanceKlass jdk/internal/access/JavaLangInvokeAccess
instanceKlass java/lang/invoke/Invokers$Holder
instanceKlass java/lang/invoke/BootstrapMethodInvoker
instanceKlass java/lang/invoke/InvokerBytecodeGenerator$2
instanceKlass java/lang/invoke/InvokerBytecodeGenerator
instanceKlass java/lang/invoke/LambdaForm$Holder
instanceKlass java/lang/invoke/LambdaForm$Name
instanceKlass java/lang/invoke/Invokers
instanceKlass java/lang/invoke/MethodHandleImpl
instanceKlass sun/invoke/util/ValueConversions
instanceKlass java/lang/invoke/DirectMethodHandle$Holder
instanceKlass java/lang/invoke/LambdaForm$NamedFunction
instanceKlass sun/invoke/util/Wrapper$Format
instanceKlass java/lang/invoke/MethodTypeForm
instanceKlass java/lang/invoke/MethodType$ConcurrentWeakInternSet
instanceKlass java/lang/invoke/LambdaMetafactory
instanceKlass java/lang/Void
instanceKlass java/lang/PublicMethods$Key
instanceKlass java/lang/PublicMethods$MethodList
instanceKlass simrskhanza/SIMRSKhanza
instanceKlass java/security/SecureClassLoader$DebugHolder
instanceKlass java/security/Permissions$1
instanceKlass java/security/PermissionCollection
instanceKlass java/security/SecureClassLoader$1
instanceKlass java/security/SecureClassLoader$CodeSourceKey
instanceKlass java/io/FileInputStream$1
instanceKlass sun/nio/ByteBuffered
instanceKlass java/lang/Package$VersionInfo
instanceKlass java/lang/NamedPackage
instanceKlass jdk/internal/loader/Resource
instanceKlass java/util/TreeMap$PrivateEntryIterator
instanceKlass java/util/TreeMap$Entry
instanceKlass java/util/NavigableMap
instanceKlass java/util/SortedMap
instanceKlass java/util/NavigableSet
instanceKlass java/util/SortedSet
instanceKlass java/util/LinkedList$Node
instanceKlass java/io/Reader
instanceKlass java/util/ArrayList$Itr
instanceKlass java/util/StringTokenizer
instanceKlass java/util/jar/Attributes$Name
instanceKlass java/util/jar/Attributes
instanceKlass java/security/CodeSigner
instanceKlass sun/security/util/Debug
instanceKlass java/util/jar/JarVerifier
instanceKlass java/util/zip/ZipFile$InflaterCleanupAction
instanceKlass java/util/zip/Inflater$InflaterZStreamRef
instanceKlass java/util/zip/Inflater
instanceKlass java/util/zip/ZipEntry
instanceKlass jdk/internal/util/jar/JarIndex
instanceKlass java/nio/Bits$1
instanceKlass jdk/internal/misc/VM$BufferPool
instanceKlass java/nio/Bits
instanceKlass sun/nio/ch/DirectBuffer
instanceKlass jdk/internal/perf/PerfCounter$CoreCounters
instanceKlass jdk/internal/perf/Perf
instanceKlass jdk/internal/perf/Perf$GetPerfAction
instanceKlass jdk/internal/perf/PerfCounter
instanceKlass java/nio/file/attribute/FileTime
instanceKlass java/util/zip/ZipUtils
instanceKlass java/util/zip/ZipFile$Source$End
instanceKlass java/io/RandomAccessFile$2
instanceKlass jdk/internal/access/JavaIORandomAccessFileAccess
instanceKlass java/io/RandomAccessFile
instanceKlass java/io/DataInput
instanceKlass java/io/DataOutput
instanceKlass sun/nio/fs/WindowsNativeDispatcher$CompletionStatus
instanceKlass sun/nio/fs/WindowsNativeDispatcher$AclInformation
instanceKlass sun/nio/fs/WindowsNativeDispatcher$Account
instanceKlass sun/nio/fs/WindowsNativeDispatcher$DiskFreeSpace
instanceKlass sun/nio/fs/WindowsNativeDispatcher$VolumeInformation
instanceKlass sun/nio/fs/WindowsNativeDispatcher$FirstStream
instanceKlass sun/nio/fs/WindowsNativeDispatcher$FirstFile
instanceKlass java/util/Enumeration
instanceKlass java/util/concurrent/ConcurrentHashMap$Traverser
instanceKlass java/util/concurrent/ConcurrentHashMap$CollectionView
instanceKlass jdk/internal/loader/NativeLibraries$NativeLibraryImpl
instanceKlass jdk/internal/loader/NativeLibrary
instanceKlass java/util/ArrayDeque$DeqIterator
instanceKlass jdk/internal/loader/NativeLibraries$1
instanceKlass jdk/internal/loader/ClassLoaderHelper
instanceKlass jdk/internal/loader/NativeLibraries$LibraryPaths
instanceKlass sun/nio/fs/WindowsNativeDispatcher
instanceKlass sun/nio/fs/NativeBuffer$Deallocator
instanceKlass sun/nio/fs/NativeBuffer
instanceKlass sun/nio/fs/NativeBuffers
instanceKlass sun/nio/fs/WindowsFileAttributes
instanceKlass java/nio/file/attribute/DosFileAttributes
instanceKlass sun/nio/fs/AbstractBasicFileAttributeView
instanceKlass sun/nio/fs/DynamicFileAttributeView
instanceKlass sun/nio/fs/WindowsFileAttributeViews
instanceKlass sun/nio/fs/Util
instanceKlass java/nio/file/attribute/BasicFileAttributeView
instanceKlass java/nio/file/attribute/FileAttributeView
instanceKlass java/nio/file/attribute/AttributeView
instanceKlass java/nio/file/Files
instanceKlass java/nio/file/CopyOption
instanceKlass java/nio/file/attribute/BasicFileAttributes
instanceKlass sun/nio/fs/WindowsPath
instanceKlass java/nio/file/Path
instanceKlass java/nio/file/Watchable
instanceKlass java/net/URI$Parser
instanceKlass sun/nio/fs/WindowsPathParser$Result
instanceKlass sun/nio/fs/WindowsPathParser
instanceKlass java/util/Arrays$ArrayItr
instanceKlass java/nio/file/FileSystem
instanceKlass java/nio/file/OpenOption
instanceKlass java/nio/file/spi/FileSystemProvider
instanceKlass sun/nio/fs/DefaultFileSystemProvider
instanceKlass java/nio/file/FileSystems$DefaultFileSystemHolder$1
instanceKlass java/nio/file/FileSystems$DefaultFileSystemHolder
instanceKlass java/nio/file/FileSystems
instanceKlass java/util/zip/ZipFile$Source$Key
instanceKlass java/util/zip/ZipFile$Source
instanceKlass jdk/internal/misc/InnocuousThread$2
instanceKlass jdk/internal/misc/InnocuousThread$3
instanceKlass jdk/internal/ref/CleanerFactory$1$1
instanceKlass java/lang/ref/Cleaner$Cleanable
instanceKlass jdk/internal/ref/CleanerImpl
instanceKlass java/lang/ref/Cleaner$1
instanceKlass java/lang/ref/Cleaner
instanceKlass jdk/internal/ref/CleanerFactory$1
instanceKlass java/util/concurrent/ThreadFactory
instanceKlass jdk/internal/ref/CleanerFactory
instanceKlass java/util/zip/ZipCoder
instanceKlass java/util/zip/ZipFile$CleanableResource
instanceKlass java/lang/Runtime$Version
instanceKlass java/util/jar/JavaUtilJarAccessImpl
instanceKlass jdk/internal/access/JavaUtilJarAccess
instanceKlass java/nio/charset/CoderResult
instanceKlass sun/nio/cs/ThreadLocalCoders$Cache
instanceKlass sun/nio/cs/ThreadLocalCoders
instanceKlass java/lang/Readable
instanceKlass jdk/internal/loader/FileURLMapper
instanceKlass jdk/internal/loader/URLClassPath$JarLoader$1
instanceKlass java/util/zip/ZipFile$1
instanceKlass jdk/internal/access/JavaUtilZipFileAccess
instanceKlass java/util/zip/ZipFile
instanceKlass java/util/zip/ZipConstants
instanceKlass jdk/internal/loader/URLClassPath$Loader
instanceKlass jdk/internal/loader/URLClassPath$3
instanceKlass java/security/PrivilegedExceptionAction
instanceKlass sun/util/locale/LocaleObjectCache
instanceKlass sun/util/locale/BaseLocale$Key
instanceKlass sun/util/locale/LocaleUtils
instanceKlass sun/util/locale/BaseLocale
instanceKlass java/util/Locale
instanceKlass sun/net/util/URLUtil
instanceKlass java/lang/StringCoding$Result
instanceKlass sun/nio/cs/ArrayDecoder
instanceKlass java/nio/charset/CharsetDecoder
instanceKlass java/lang/StringCoding$StringDecoder
instanceKlass java/lang/ThreadLocal$ThreadLocalMap
instanceKlass java/lang/StringCoding
instanceKlass java/lang/Class$1
instanceKlass java/lang/Class$Atomic
instanceKlass java/lang/Class$ReflectionData
instanceKlass sun/nio/cs/SingleByte
instanceKlass java/nio/charset/StandardCharsets
instanceKlass sun/launcher/LauncherHelper
instanceKlass java/lang/reflect/Array
instanceKlass java/lang/invoke/StringConcatFactory$3
instanceKlass java/lang/invoke/StringConcatFactory$2
instanceKlass java/lang/invoke/StringConcatFactory$1
instanceKlass java/lang/invoke/StringConcatFactory
instanceKlass jdk/internal/module/IllegalAccessLogger
instanceKlass java/util/Collections$UnmodifiableCollection
instanceKlass jdk/internal/module/IllegalAccessLogger$Builder
instanceKlass java/lang/ModuleLayer$Controller
instanceKlass jdk/internal/module/ServicesCatalog$ServiceProvider
instanceKlass java/util/concurrent/CopyOnWriteArrayList
instanceKlass java/util/ImmutableCollections$ListItr
instanceKlass java/util/ListIterator
instanceKlass java/lang/ModuleLayer
instanceKlass jdk/internal/module/ModuleLoaderMap$Modules
instanceKlass jdk/internal/module/ModuleLoaderMap$Mapper
instanceKlass java/util/function/Function
instanceKlass jdk/internal/module/ModuleLoaderMap
instanceKlass java/util/ImmutableCollections$Set12$1
instanceKlass java/util/AbstractMap$1$1
instanceKlass java/lang/module/ResolvedModule
instanceKlass java/lang/module/Configuration
instanceKlass java/util/ImmutableCollections$SetN$SetNIterator
instanceKlass jdk/internal/loader/BuiltinClassLoader$LoadedModule
instanceKlass jdk/internal/util/Preconditions
instanceKlass sun/net/util/IPAddressUtil
instanceKlass java/net/URLStreamHandler
instanceKlass java/lang/StringUTF16
instanceKlass sun/net/www/ParseUtil
instanceKlass java/net/URL$3
instanceKlass jdk/internal/access/JavaNetURLAccess
instanceKlass java/net/URL$DefaultFactory
instanceKlass java/net/URLStreamHandlerFactory
instanceKlass jdk/internal/loader/URLClassPath
instanceKlass java/security/Principal
instanceKlass java/security/ProtectionDomain$Key
instanceKlass java/security/ProtectionDomain$JavaSecurityAccessImpl
instanceKlass jdk/internal/access/JavaSecurityAccess
instanceKlass java/lang/ClassLoader$ParallelLoaders
instanceKlass java/security/cert/Certificate
instanceKlass java/util/Deque
instanceKlass java/util/Queue
instanceKlass jdk/internal/loader/NativeLibraries
instanceKlass jdk/internal/loader/AbstractClassLoaderValue
instanceKlass jdk/internal/module/ServicesCatalog
instanceKlass jdk/internal/loader/BootLoader
instanceKlass java/util/Optional
instanceKlass jdk/internal/module/SystemModuleFinders$SystemModuleFinder
instanceKlass java/lang/module/ModuleFinder
instanceKlass jdk/internal/module/SystemModuleFinders$3
instanceKlass jdk/internal/module/ModuleHashes$HashSupplier
instanceKlass jdk/internal/module/SystemModuleFinders$2
instanceKlass java/util/function/Supplier
instanceKlass java/lang/module/ModuleReference
instanceKlass jdk/internal/module/ModuleResolution
instanceKlass java/util/Collections$UnmodifiableMap
instanceKlass jdk/internal/module/ModuleHashes$Builder
instanceKlass jdk/internal/module/ModuleHashes
instanceKlass jdk/internal/module/ModuleTarget
instanceKlass java/lang/Enum
instanceKlass java/lang/module/ModuleDescriptor$Version
instanceKlass java/lang/module/ModuleDescriptor$Provides
instanceKlass java/lang/module/ModuleDescriptor$Opens
instanceKlass java/lang/module/ModuleDescriptor$Exports
instanceKlass java/lang/module/ModuleDescriptor$Requires
instanceKlass jdk/internal/module/Builder
instanceKlass jdk/internal/module/SystemModules$default
instanceKlass jdk/internal/module/SystemModules
instanceKlass jdk/internal/module/SystemModulesMap
instanceKlass java/net/URI$1
instanceKlass jdk/internal/access/JavaNetUriAccess
instanceKlass java/net/URI
instanceKlass jdk/internal/module/SystemModuleFinders
instanceKlass jdk/internal/module/ArchivedModuleGraph
instanceKlass jdk/internal/module/ModuleBootstrap$Counters
instanceKlass jdk/internal/module/ModulePatcher
instanceKlass jdk/internal/util/ArraysSupport
instanceKlass java/io/FileSystem
instanceKlass java/io/DefaultFileSystem
instanceKlass java/io/File
instanceKlass java/lang/module/ModuleDescriptor$1
instanceKlass jdk/internal/access/JavaLangModuleAccess
instanceKlass java/lang/reflect/Modifier
instanceKlass sun/invoke/util/VerifyAccess
instanceKlass java/lang/module/ModuleDescriptor
instanceKlass jdk/internal/module/ModuleBootstrap
instanceKlass java/lang/invoke/MethodHandleStatics
instanceKlass java/util/Collections
instanceKlass java/lang/System$2
instanceKlass jdk/internal/access/JavaLangAccess
instanceKlass sun/io/Win32ErrorMode
instanceKlass jdk/internal/misc/OSEnvironment
instanceKlass jdk/internal/misc/Signal$NativeHandler
instanceKlass java/util/Hashtable$Entry
instanceKlass jdk/internal/misc/Signal
instanceKlass java/lang/Terminator$1
instanceKlass jdk/internal/misc/Signal$Handler
instanceKlass java/lang/Terminator
instanceKlass java/nio/ByteOrder
instanceKlass java/nio/Buffer$1
instanceKlass jdk/internal/access/JavaNioAccess
instanceKlass java/nio/charset/CodingErrorAction
instanceKlass java/nio/charset/CharsetEncoder
instanceKlass sun/nio/cs/HistoricallyNamedCharset
instanceKlass sun/security/action/GetPropertyAction
instanceKlass java/lang/ThreadLocal
instanceKlass java/nio/charset/spi/CharsetProvider
instanceKlass java/nio/charset/Charset
instanceKlass java/io/Writer
instanceKlass java/io/OutputStream
instanceKlass java/io/Flushable
instanceKlass java/io/FileDescriptor$1
instanceKlass jdk/internal/access/JavaIOFileDescriptorAccess
instanceKlass java/io/FileDescriptor
instanceKlass jdk/internal/util/StaticProperty
instanceKlass java/util/HashMap$HashIterator
instanceKlass java/lang/Integer$IntegerCache
instanceKlass java/lang/CharacterData
instanceKlass java/util/Arrays
instanceKlass java/lang/VersionProps
instanceKlass java/lang/StringConcatHelper
instanceKlass jdk/internal/util/SystemProps$Raw
instanceKlass jdk/internal/util/SystemProps
instanceKlass java/lang/ref/Reference$1
instanceKlass jdk/internal/access/JavaLangRefAccess
instanceKlass java/lang/ref/ReferenceQueue$Lock
instanceKlass java/lang/ref/ReferenceQueue
instanceKlass jdk/internal/reflect/ReflectionFactory
instanceKlass jdk/internal/reflect/ReflectionFactory$GetReflectionFactoryAction
instanceKlass java/security/PrivilegedAction
instanceKlass java/util/concurrent/locks/LockSupport
instanceKlass java/util/concurrent/ConcurrentHashMap$Node
instanceKlass java/util/concurrent/ConcurrentHashMap$CounterCell
instanceKlass java/util/concurrent/locks/ReentrantLock
instanceKlass java/util/concurrent/locks/Lock
instanceKlass java/lang/Runtime
instanceKlass java/util/concurrent/ConcurrentMap
instanceKlass java/util/HashMap$Node
instanceKlass java/util/KeyValueHolder
instanceKlass java/util/Map$Entry
instanceKlass java/util/ImmutableCollections$MapN$MapNIterator
instanceKlass java/lang/Math
instanceKlass jdk/internal/reflect/Reflection
instanceKlass java/lang/invoke/MethodHandles$Lookup
instanceKlass java/lang/StringLatin1
instanceKlass java/security/Permission
instanceKlass java/security/Guard
instanceKlass java/lang/invoke/MemberName$Factory
instanceKlass java/lang/invoke/MethodHandles
instanceKlass jdk/internal/access/SharedSecrets
instanceKlass java/lang/reflect/ReflectAccess
instanceKlass jdk/internal/access/JavaLangReflectAccess
instanceKlass java/util/AbstractMap
instanceKlass java/util/RandomAccess
instanceKlass java/util/List
instanceKlass jdk/internal/misc/VM
instanceKlass java/util/ImmutableCollections
instanceKlass java/util/Objects
instanceKlass java/util/AbstractCollection
instanceKlass java/util/Set
instanceKlass java/util/Collection
instanceKlass java/lang/Iterable
instanceKlass java/lang/constant/ClassDesc
instanceKlass java/lang/String$CaseInsensitiveComparator
instanceKlass java/util/Comparator
instanceKlass java/io/ObjectStreamField
instanceKlass java/lang/reflect/RecordComponent
instanceKlass java/util/Iterator
instanceKlass java/lang/Number
instanceKlass java/lang/Character
instanceKlass java/lang/Boolean
instanceKlass java/util/concurrent/locks/AbstractOwnableSynchronizer
instanceKlass java/lang/LiveStackFrame
instanceKlass java/lang/StackFrameInfo
instanceKlass java/lang/StackWalker$StackFrame
instanceKlass java/lang/StackStreamFactory$AbstractStackWalker
instanceKlass java/lang/StackWalker
instanceKlass java/nio/Buffer
instanceKlass java/lang/StackTraceElement
instanceKlass java/security/CodeSource
instanceKlass jdk/internal/loader/ClassLoaders
instanceKlass java/util/jar/Manifest
instanceKlass java/net/URL
instanceKlass java/io/InputStream
instanceKlass java/io/Closeable
instanceKlass java/lang/AutoCloseable
instanceKlass jdk/internal/module/Modules
instanceKlass jdk/internal/misc/Unsafe
instanceKlass jdk/internal/misc/UnsafeConstants
instanceKlass java/lang/AbstractStringBuilder
instanceKlass java/lang/Appendable
instanceKlass java/lang/AssertionStatusDirectives
instanceKlass java/lang/invoke/MethodHandleNatives$CallSiteContext
instanceKlass java/lang/invoke/CallSite
instanceKlass java/lang/invoke/MethodType
instanceKlass java/lang/invoke/TypeDescriptor$OfMethod
instanceKlass java/lang/invoke/LambdaForm
instanceKlass java/lang/invoke/MethodHandleNatives
instanceKlass java/lang/invoke/ResolvedMethodName
instanceKlass java/lang/invoke/MemberName
instanceKlass java/lang/invoke/VarHandle
instanceKlass java/lang/invoke/MethodHandle
instanceKlass jdk/internal/reflect/CallerSensitive
instanceKlass java/lang/annotation/Annotation
instanceKlass jdk/internal/reflect/FieldAccessor
instanceKlass jdk/internal/reflect/ConstantPool
instanceKlass jdk/internal/reflect/ConstructorAccessor
instanceKlass jdk/internal/reflect/MethodAccessor
instanceKlass jdk/internal/reflect/MagicAccessorImpl
instanceKlass java/lang/reflect/Parameter
instanceKlass java/lang/reflect/Member
instanceKlass java/lang/reflect/AccessibleObject
instanceKlass java/lang/Module
instanceKlass java/util/Map
instanceKlass java/util/Dictionary
instanceKlass java/lang/ThreadGroup
instanceKlass java/lang/Thread$UncaughtExceptionHandler
instanceKlass java/lang/Thread
instanceKlass java/lang/Runnable
instanceKlass java/lang/ref/Reference
instanceKlass java/lang/Record
instanceKlass java/security/AccessController
instanceKlass java/security/AccessControlContext
instanceKlass java/security/ProtectionDomain
instanceKlass java/lang/SecurityManager
instanceKlass java/lang/Throwable
instanceKlass java/lang/System
instanceKlass java/lang/ClassLoader
instanceKlass java/lang/Cloneable
instanceKlass java/lang/Class
instanceKlass java/lang/invoke/TypeDescriptor$OfField
instanceKlass java/lang/invoke/TypeDescriptor
instanceKlass java/lang/reflect/Type
instanceKlass java/lang/reflect/GenericDeclaration
instanceKlass java/lang/reflect/AnnotatedElement
instanceKlass java/lang/String
instanceKlass java/lang/constant/ConstantDesc
instanceKlass java/lang/constant/Constable
instanceKlass java/lang/CharSequence
instanceKlass java/lang/Comparable
instanceKlass java/io/Serializable
ciInstanceKlass java/lang/Object 1 1 92 7 1 10 12 1 1 10 7 12 1 1 1 10 7 12 1 1 1 10 12 1 1 8 1 10 12 1 1 10 7 12 1 1 1 10 12 1 10 12 1 1 100 1 8 1 10 12 1 3 8 1 100 1 5 0 1 1 1 1 1 1 1 1 1 1 1 1 1 1 1 1 100 1 1 1 7 1 1 1 1 1 1 1 100 1 1 1 1 1 1 1
ciInstanceKlass java/io/Serializable 1 0 7 100 1 100 1 1 1
ciInstanceKlass java/lang/System 1 1 725 10 100 12 1 1 1 9 7 12 1 1 1 10 12 1 10 12 1 1 10 12 1 1 10 12 1 9 12 1 1 10 7 12 1 1 1 11 100 12 1 1 1 10 100 12 1 1 1 10 12 1 1 10 12 1 1 100 1 8 1 10 12 1 10 100 12 1 1 1 10 12 1 9 12 1 1 8 1 10 7 12 1 1 1 10 100 12 1 1 1 8 1 10 12 1 100 1 10 12 1 1 100 1 8 1 10 8 1 10 12 1 1 10 12 1 1 100 1 10 12 10 100 12 1 1 1 10 12 1 9 12 1 1 9 12 1 1 10 7 12 1 1 1 10 7 12 1 1 1 10 12 1 1 10 12 1 10 12 1 10 7 12 1 1 1 10 12 1 100 1 100 1 8 1 10 12 1 10 12 1 1 7 1 10 12 1 1 100 1 8 1 10 10 12 1 100 1 8 1 10 100 1 10 8 1 10 12 1 1 10 12 1 1 10 7 12 1 1 8 1 10 12 10 7 12 1 1 10 7 12 1 1 100 1 8 1 10 10 12 1 1 10 7 12 1 1 1 100 1 18 12 1 1 100 1 9 100 12 1 1 1 10 12 1 100 1 10 12 1 1 10 12 1 1 10 7 12 1 1 1 10 12 1 1 10 12 1 10 12 1 10 12 1 1 10 12 1 7 1 7 1 10 12 1 10 12 1 100 1 10 12 1 10 7 12 1 1 1 100 1 8 1 10 9 12 1 1 9 12 1 10 12 1 10 100 12 1 1 10 12 1 10 12 1 1 8 1 10 12 1 10 12 1 1 8 1 11 7 12 1 1 10 12 11 12 1 1 11 7 12 1 1 1 11 7 12 1 1 11 12 1 1 7 1 11 12 1 10 12 1 8 1 10 12 1 1 8 1 8 1 8 1 8 1 11 12 1 10 12 1 1 10 12 1 10 7 12 1 1 8 1 7 1 9 7 12 1 1 1 10 12 1 7 1 9 12 10 9 12 7 1 10 12 8 1 10 12 1 1 8 1 10 7 12 1 1 10 12 1 10 7 12 1 1 1 10 12 1 1 10 7 12 1 1 1 10 12 1 10 12 10 7 12 1 1 1 9 12 1 1 100 1 8 1 10 12 1 1 10 7 12 1 1 1 7 1 10 12 1 1 8 1 10 8 1 8 1 8 1 8 1 10 10 12 10 7 12 1 1 10 12 1 1 10 12 1 1 10 12 1 1 10 12 1 10 100 12 1 1 1 10 100 1 8 1 10 10 10 12 1 1 10 12 1 1 8 1 10 12 1 10 12 1 10 12 1 1 7 1 10 10 12 1 10 12 1 9 12 1 1 1 3 1 3 1 1 1 1 1 1 1 1 1 1 1 1 100 1 1 7 1 1 1 1 1 1 1 1 1 1 1 1 1 1 1 1 1 1 1 1 1 1 1 1 1 1 1 1 1 1 1 1 1 1 1 1 1 1 1 1 1 1 1 1 1 1 1 1 1 1 1 1 1 1 1 100 1 1 1 1 1 1 1 1 1 1 1 1 1 1 1 1 1 1 1 1 1 1 1 1 1 1 1 1 1 1 1 1 100 1 1 15 10 100 12 1 1 1 16 15 10 12 16 1 1 1 1 1 1 100 1 100 1 1
staticfield java/lang/System in Ljava/io/InputStream; java/io/BufferedInputStream
staticfield java/lang/System out Ljava/io/PrintStream; java/io/PrintStream
staticfield java/lang/System err Ljava/io/PrintStream; java/io/PrintStream
ciInstanceKlass java/lang/Class 1 1 1602 10 7 12 1 1 1 9 7 12 1 1 1 9 12 1 1 7 1 10 10 12 1 1 8 1 10 12 1 8 1 8 1 10 12 1 1 10 12 1 1 10 12 1 10 10 12 1 10 12 1 1 10 12 1 1 10 7 12 1 1 10 12 1 10 12 1 10 12 1 8 1 10 12 1 8 1 10 12 1 8 1 8 1 10 12 1 1 10 7 12 1 1 1 18 12 1 1 11 7 12 1 1 1 8 1 8 1 8 1 10 7 12 1 1 1 11 12 1 1 7 1 8 1 10 12 1 11 7 12 1 1 1 10 12 1 1 11 8 1 18 8 1 10 12 1 10 7 12 1 1 10 7 12 1 1 1 10 12 1 1 10 7 12 1 1 1 9 7 12 1 1 1 10 100 12 1 1 1 10 7 12 1 1 1 10 12 1 1 18 12 1 1 10 7 12 1 1 1 10 7 12 1 1 10 12 1 1 10 7 1 100 1 10 12 1 1 9 12 1 1 100 1 8 1 10 12 1 10 12 1 1 10 12 1 1 10 7 12 1 1 1 7 1 10 12 1 7 1 100 1 10 10 12 1 1 10 12 1 1 100 1 10 100 12 1 1 1 10 12 1 1 10 12 1 1 9 12 1 1 10 12 1 10 12 1 10 12 1 1 9 12 1 1 9 12 1 1 10 12 1 1 10 7 1 10 12 1 10 12 1 10 12 1 1 10 9 12 1 10 12 1 8 1 10 12 1 1 10 12 1 1 10 12 1 10 12 1 1 10 12 1 1 10 12 1 1 9 7 12 1 1 1 10 7 12 1 1 10 12 10 12 1 10 12 1 1 10 100 12 1 1 10 12 1 10 12 1 1 10 100 12 1 1 1 10 12 1 10 12 1 1 10 12 1 10 12 1 10 12 1 1 10 7 1 10 10 10 12 1 1 10 12 1 1 10 12 10 12 1 1 100 1 8 1 10 10 12 1 1 10 12 1 100 1 11 12 1 10 100 12 1 1 10 12 1 10 12 1 10 100 12 1 1 10 10 12 1 1 8 1 10 12 1 10 12 1 1 8 1 9 12 1 10 12 1 10 12 1 10 12 1 10 12 100 1 9 12 1 10 12 1 9 12 1 10 12 1 10 12 1 10 12 1 10 8 1 10 12 1 10 12 1 10 12 1 10 12 1 100 1 10 12 1 10 12 1 1 10 12 1 1 10 12 1 1 10 12 1 1 10 12 1 1 10 12 1 1 100 1 10 10 12 1 1 10 12 1 1 10 12 1 1 10 10 12 1 10 12 1 1 10 12 1 1 100 1 10 12 1 1 10 12 1 1 7 1 10 10 12 11 100 12 1 1 10 12 1 1 10 12 1 10 7 12 1 1 1 10 12 1 1 10 10 12 1 1 7 1 10 10 12 1 1 10 100 12 1 1 1 100 1 100 1 10 12 1 1 10 12 1 10 10 12 1 1 10 12 1 10 12 1 10 12 1 10 100 12 1 1 1 11 7 12 1 1 10 12 1 10 12 1 9 12 1 10 12 1 1 10 12 1 9 12 1 1 7 1 10 9 12 1 1 10 12 7 1 10 12 1 9 12 1 10 100 12 1 1 1 10 12 1 10 12 1 10 100 12 1 1 1 10 12 1 10 12 10 12 1 1 8 1 10 12 1 10 12 1 1 9 12 1 9 12 1 1 10 7 12 1 1 9 12 1 10 12 1 1 10 12 1 10 12 1 10 7 12 1 1 1 10 100 12 1 1 10 100 12 1 1 9 12 1 1 10 12 1 9 12 1 10 12 1 10 12 1 1 9 12 1 1 9 12 1 10 12 1 10 12 1 1 9 12 1 100 1 10 10 12 1 1 7 1 10 12 1 1 100 11 100 1 9 12 1 1 9 12 1 100 1 10 12 1 9 12 1 1 9 12 1 10 12 1 10 12 1 1 9 12 1 7 1 10 10 12 1 1 10 10 12 1 1 10 12 10 10 12 1 9 12 1 10 12 1 1 10 7 12 1 1 1 10 12 1 1 10 12 1 8 10 7 8 1 18 8 1 8 1 10 12 1 9 12 1 9 12 1 1 10 12 1 7 1 8 1 100 1 8 1 10 12 1 9 12 1 10 12 1 9 12 1 1 7 1 10 10 12 1 10 7 1 9 12 1 8 1 10 12 1 7 1 10 12 1 10 12 1 1 9 12 1 100 1 8 1 10 7 1 4 10 10 12 11 7 12 1 1 1 10 12 1 100 1 10 12 1 1 10 8 1 8 1 10 12 1 1 9 7 12 1 1 11 12 7 1 11 100 12 1 1 9 12 1 10 100 12 1 1 1 10 7 12 1 1 10 12 1 1 9 12 1 9 10 12 1 1 10 12 1 1 10 12 1 1 10 12 1 1 10 12 1 1 11 12 1 11 12 1 1 11 7 12 1 1 11 12 1 100 1 11 12 1 10 100 12 1 1 1 10 12 1 100 1 11 12 1 10 100 12 1 1 1 10 12 1 10 11 12 1 11 12 1 1 10 12 1 10 12 1 1 9 12 1 1 9 100 12 1 1 10 12 1 10 100 12 1 1 1 10 12 1 1 10 12 1 10 12 1 10 12 1 10 7 12 1 1 1 10 12 1 8 1 10 12 1 10 12 1 8 1 8 1 10 100 12 1 1 1 11 7 12 1 1 1 10 12 1 1 10 12 1 1 9 12 1 1 11 12 8 1 10 12 1 1 10 12 1 10 12 8 1 10 12 1 7 1 9 12 1 1 10 12 1 100 1 100 1 100 1 100 1 100 1 1 1 3 1 3 1 3 1 1 1 1 1 1 1 5 0 1 1 1 1 1 1 1 1 1 1 1 1 1 1 1 1 1 1 1 1 1 1 1 100 1 1 1 1 1 1 1 100 1 1 1 1 1 1 1 1 1 1 1 1 1 1 1 1 1 1 1 1 1 1 1 1 1 1 1 1 1 1 1 1 1 1 1 1 1 1 1 1 1 1 1 100 1 1 1 1 1 1 1 1 1 1 1 1 1 1 1 1 1 1 1 1 1 1 1 1 1 1 1 1 100 1 1 1 1 1 1 1 1 1 1 1 1 1 1 1 1 1 1 1 1 1 1 1 1 1 1 1 1 1 1 1 1 1 1 1 1 1 100 1 1 1 1 1 1 3 1 1 1 1 1 1 1 1 1 1 1 1 1 1 1 1 1 1 100 1 100 1 1 1 1 1 1 1 1 1 1 1 1 1 1 1 1 1 1 1 1 1 1 1 1 1 1 1 1 1 1 1 1 1 1 1 1 1 1 1 1 1 1 1 1 1 1 1 1 1 1 1 1 1 1 1 1 1 1 1 100 1 1 1 1 1 1 1 1 1 1 1 1 1 1 1 1 1 1 1 1 1 1 1 1 1 1 1 1 1 1 1 1 1 1 1 1 1 1 1 1 1 1 1 1 1 1 1 1 1 1 1 1 1 1 1 1 1 1 1 100 100 1 1 1 1 1 1 1 1 1 1 1 15 10 7 12 1 1 1 16 15 10 12 16 15 11 12 16 1 16 15 16 15 10 12 16 1 1 1 1 1 1 1 1 100 1 1 100 1 100 1 1 100 1 100 1 1 100 1 100 1 1
staticfield java/lang/Class EMPTY_CLASS_DESC_ARRAY [Ljava/lang/constant/ClassDesc; 0 [Ljava/lang/constant/ClassDesc;
staticfield java/lang/Class EMPTY_CLASS_ARRAY [Ljava/lang/Class; 0 [Ljava/lang/Class;
staticfield java/lang/Class serialPersistentFields [Ljava/io/ObjectStreamField; 0 [Ljava/io/ObjectStreamField;
staticfield java/lang/Class JAVA_LANG_RECORD_CLASS Ljava/lang/Class; java/lang/Class
ciInstanceKlass java/lang/Module 1 1 929 10 7 12 1 1 1 9 7 12 1 1 1 10 7 12 1 1 1 9 12 1 9 12 1 1 9 12 1 1 10 12 1 1 10 12 1 10 12 1 1 10 7 12 1 1 1 7 1 10 7 12 1 1 1 10 12 1 1 11 7 12 1 1 1 10 12 1 1 10 7 12 1 1 1 9 100 12 1 1 1 10 100 12 1 1 1 10 12 1 8 1 10 7 12 1 1 1 10 7 12 1 1 1 10 12 1 9 12 1 1 11 12 1 9 7 12 1 1 10 7 12 1 1 1 9 12 1 1 10 7 12 1 1 1 10 12 1 1 100 1 7 1 10 10 12 1 1 8 1 10 12 1 10 12 10 12 1 10 12 1 1 10 12 1 1 10 12 1 1 9 7 12 1 1 1 10 12 1 1 10 12 1 1 9 12 1 10 12 1 10 12 1 9 12 1 1 11 7 12 1 1 10 12 1 1 9 12 1 9 12 1 10 12 1 10 12 1 100 1 8 1 10 10 12 1 1 10 12 1 8 1 10 12 1 1 10 100 12 1 1 1 10 12 1 1 10 12 1 8 1 8 1 10 12 1 1 10 12 1 10 12 1 1 18 12 1 1 10 12 1 1 11 12 1 9 12 1 11 12 10 7 12 1 1 100 1 8 1 10 7 1 11 12 1 1 10 12 1 10 12 1 10 12 1 1 11 12 1 1 11 7 12 1 1 11 12 1 1 9 12 1 11 12 1 10 12 1 1 10 12 1 1 9 12 1 10 12 10 7 12 1 1 10 7 12 1 1 10 7 1 18 12 1 11 100 12 1 1 1 10 100 12 1 1 1 11 12 1 1 10 7 12 1 1 4 7 1 11 12 1 7 1 7 1 10 10 7 12 1 1 1 10 7 12 1 1 1 10 11 7 12 1 8 1 10 10 12 1 1 10 7 12 1 1 10 12 1 1 10 12 1 7 1 10 12 1 10 11 12 1 1 10 12 10 12 1 1 9 12 1 1 100 1 10 10 12 1 1 11 100 1 10 12 1 1 11 12 1 10 10 12 1 11 10 12 1 1 10 12 1 1 10 12 1 1 10 7 12 1 1 10 12 1 10 12 1 1 10 10 12 1 1 10 12 1 18 12 1 1 11 12 1 1 11 12 1 18 12 1 10 12 1 10 12 1 10 12 7 1 10 12 1 10 12 1 10 12 1 9 12 1 7 1 10 10 10 10 12 1 10 12 1 10 12 1 10 12 1 1 10 12 1 1 10 12 1 9 12 1 18 12 1 1 10 100 12 1 1 1 100 1 8 1 10 12 1 1 10 12 1 1 10 100 12 1 1 100 1 10 12 1 1 100 1 8 1 100 1 10 100 1 100 1 3 10 12 1 100 1 10 12 1 10 12 1 1 10 12 1 1 100 1 10 12 1 10 12 1 1 100 1 100 1 10 12 8 1 10 12 1 1 10 12 1 1 10 7 12 1 1 10 12 1 1 10 12 1 10 12 10 12 1 1 100 1 10 10 12 1 1 10 100 12 1 1 1 100 1 8 1 10 12 1 1 10 100 12 1 1 8 1 10 12 1 8 1 10 12 1 10 12 10 12 1 8 1 10 7 1 10 10 12 1 10 12 11 12 1 100 1 1 1 1 1 1 1 1 1 1 1 1 1 1 1 1 1 1 1 1 1 1 1 1 1 1 1 1 1 1 1 1 1 1 1 1 1 1 1 1 1 1 1 1 1 1 1 1 1 1 1 1 1 1 1 1 1 1 1 1 1 1 1 1 1 1 1 1 1 1 1 1 1 1 1 1 1 1 1 1 1 1 1 1 1 1 1 1 1 1 1 1 1 1 1 1 1 1 1 1 1 100 100 1 1 1 1 1 1 1 1 1 1 1 1 1 1 1 1 1 1 1 1 1 1 1 1 1 1 1 1 1 1 1 1 1 1 100 1 100 1 100 1 1 1 1 1 1 1 1 1 1 1 1 1 1 1 1 1 1 1 1 1 15 10 7 12 1 1 1 16 15 10 12 16 16 15 10 100 1 16 1 16 15 10 12 16 1 15 10 12 16 1 16 15 10 12 16 1 1 1 1 1 1 100 1 100 1 1
staticfield java/lang/Module ALL_UNNAMED_MODULE Ljava/lang/Module; java/lang/Module
staticfield java/lang/Module ALL_UNNAMED_MODULE_SET Ljava/util/Set; java/util/ImmutableCollections$Set12
staticfield java/lang/Module EVERYONE_MODULE Ljava/lang/Module; java/lang/Module
staticfield java/lang/Module EVERYONE_SET Ljava/util/Set; java/util/ImmutableCollections$Set12
staticfield java/lang/Module $assertionsDisabled Z 1
ciInstanceKlass java/lang/String 1 1 1043 10 7 12 1 1 1 8 1 9 7 12 1 1 1 9 12 1 1 9 12 1 1 10 12 1 10 12 1 1 10 12 1 1 9 12 1 1 10 7 12 1 1 1 10 7 1 10 7 12 1 1 1 10 12 1 1 10 12 1 1 10 12 1 100 1 8 1 10 12 1 10 7 12 1 1 1 9 7 1 9 8 1 10 12 1 10 12 1 10 12 1 10 12 1 10 12 10 7 12 1 1 1 10 10 12 1 10 12 1 10 12 1 1 10 12 1 1 10 10 12 1 1 10 12 1 1 10 12 1 1 7 1 10 12 1 10 12 1 1 100 1 10 10 12 1 10 100 12 1 1 1 10 12 1 10 12 1 1 10 10 100 12 1 1 1 10 12 1 1 10 10 10 12 1 1 10 12 1 10 12 1 10 12 1 1 10 12 1 1 10 7 1 10 12 1 1 10 12 1 10 12 1 10 12 1 1 10 12 1 11 7 1 11 12 1 10 12 1 10 12 1 1 10 12 1 1 10 10 12 1 10 12 1 9 12 1 1 11 7 12 1 1 1 10 12 1 10 10 12 1 10 12 1 1 10 10 12 1 10 12 1 10 12 1 1 9 12 1 10 12 1 1 10 10 12 1 1 10 12 10 10 12 1 10 12 10 10 12 10 10 12 1 10 12 1 10 12 1 10 10 12 10 12 1 10 12 10 12 10 10 12 1 10 12 1 1 10 12 1 1 10 10 12 1 10 7 12 1 1 1 10 12 1 1 10 10 7 12 1 1 1 11 10 12 1 10 12 1 1 10 12 1 1 10 7 12 1 1 1 10 12 1 10 10 12 1 10 12 1 10 12 1 10 100 12 1 1 10 12 1 100 1 100 1 8 1 10 7 1 10 10 12 1 1 10 12 1 10 8 1 10 12 1 3 3 7 1 10 10 12 1 10 12 1 10 12 1 1 10 12 1 1 11 7 12 1 1 1 7 1 10 12 1 1 10 12 1 100 1 10 12 1 10 12 1 10 11 100 12 1 1 1 11 100 12 1 1 11 12 1 1 10 12 1 1 10 10 7 12 1 1 1 10 12 1 10 12 1 10 10 12 10 12 1 1 10 10 12 1 10 10 12 1 10 10 12 1 10 10 12 1 10 12 1 1 10 10 12 1 8 1 10 12 1 1 18 12 1 1 11 100 12 1 1 1 7 1 3 18 12 1 18 12 1 8 1 10 100 12 1 1 1 11 12 1 1 10 12 10 10 12 1 10 10 12 1 1 10 12 1 1 11 12 1 18 3 11 10 12 1 11 11 10 12 1 10 12 1 1 8 1 10 12 1 1 10 12 1 10 12 1 1 100 1 10 10 12 1 11 100 12 1 7 1 100 1 10 12 1 7 1 10 10 7 12 1 1 1 100 1 10 10 12 1 1 10 7 1 10 10 12 1 10 10 12 1 8 1 10 10 12 1 8 1 8 1 10 12 1 1 10 12 1 10 12 1 10 10 12 10 7 12 1 1 10 100 12 1 1 10 7 12 1 1 10 8 1 10 12 1 10 12 1 10 7 12 1 1 1 10 12 1 1 10 12 1 1 10 12 10 10 12 8 1 8 1 10 8 1 8 1 8 1 8 1 10 12 1 10 12 1 10 12 1 8 1 10 100 12 1 1 1 10 12 10 12 1 1 10 12 10 10 12 10 12 7 1 9 12 1 1 7 1 10 100 1 100 1 100 1 100 1 1 1 1 1 1 5 0 1 1 1 3 1 3 1 1 1 1 1 1 1 1 1 1 1 1 1 1 1 100 1 1 1 100 1 1 1 1 1 1 1 1 100 1 1 100 1 1 1 1 1 1 1 1 1 1 1 1 1 1 1 1 1 1 1 1 1 1 1 1 1 1 1 1 1 1 1 1 1 1 100 1 1 1 1 1 1 1 1 1 1 1 1 1 1 1 1 1 1 1 1 1 1 1 1 1 1 1 1 1 1 1 1 1 1 1 1 1 1 1 1 1 1 1 1 1 1 1 1 1 1 1 1 1 1 1 1 1 1 1 1 1 1 1 1 1 1 1 1 1 1 1 1 1 1 100 1 1 1 1 1 1 1 1 1 1 1 1 1 1 1 1 1 1 1 1 1 1 1 1 1 100 1 1 1 1 1 1 1 100 1 1 1 1 1 1 1 1 1 1 1 1 1 1 1 1 1 1 1 1 1 1 1 1 1 1 1 100 1 1 1 1 1 1 1 1 1 1 1 1 1 1 1 100 1 1 1 1 1 1 1 1 1 1 1 1 1 1 1 15 10 100 12 1 1 1 16 15 10 12 16 15 10 12 15 10 12 15 10 12 1 1 1 1 1 100 1 100 1 1 1
staticfield java/lang/String COMPACT_STRINGS Z 1
staticfield java/lang/String serialPersistentFields [Ljava/io/ObjectStreamField; 0 [Ljava/io/ObjectStreamField;
staticfield java/lang/String CASE_INSENSITIVE_ORDER Ljava/util/Comparator; java/lang/String$CaseInsensitiveComparator
ciInstanceKlass java/lang/Comparable 1 0 12 100 1 100 1 1 1 1 1 1 1 1
ciMethod java/lang/Comparable compareTo (Ljava/lang/Object;)I 0 0 1 0 -1
ciMethod java/lang/String compareTo (Ljava/lang/Object;)I 684 0 8833 0 480
ciMethod java/lang/String compareTo (Ljava/lang/String;)I 736 0 8439 0 448
ciMethod java/lang/String coder ()B 768 0 763115 0 32
ciInstanceKlass java/lang/StringLatin1 1 1 376 7 1 10 100 12 1 1 1 100 1 10 12 1 10 7 12 1 1 1 10 7 12 1 1 1 10 12 1 10 7 12 1 1 1 10 12 1 1 10 7 12 1 1 1 10 12 1 1 10 12 1 1 10 10 12 1 10 12 1 1 10 9 7 12 1 1 1 10 12 1 1 10 7 12 1 1 1 10 12 10 12 1 1 10 12 1 1 10 7 12 1 1 1 10 12 1 10 12 1 1 9 12 1 1 100 1 10 10 100 12 1 1 1 10 7 12 1 1 1 10 12 1 10 12 1 100 1 100 1 8 1 10 12 1 8 1 10 12 100 1 10 10 10 7 12 1 1 1 8 1 8 1 8 1 10 12 1 1 10 100 12 1 1 10 12 1 10 12 1 1 10 12 1 1 10 12 1 1 10 12 1 10 12 10 12 10 12 1 10 12 10 10 12 1 10 12 1 10 12 1 10 100 12 1 1 1 10 100 12 1 1 1 10 12 1 1 10 12 1 1 10 10 7 12 1 1 1 1 1 1 1 1 1 1 1 1 1 1 1 1 1 1 1 1 1 1 1 1 1 1 1 1 1 1 1 1 1 1 1 1 1 1 1 1 1 1 1 1 1 1 1 1 1 1 1 1 100 1 1 1 1 1 1 1 1 1 1 1 1 1 1 1 1 1 1 1 1 1 1 1 1 1 1 1 1 1 1 1 1 1 1 1 1 1 1 1 1 1 1 1 1 100 1 1 1 1 1 1 1 1 1 1 1 1 1 1 1 1 1 1 1 1 1 100 1 1 1 1 1 1 1 1 1 1 1 1 1 1 1 1 1 1 1 1 1 1 1 1 1 1 100 1 1 1 1
staticfield java/lang/StringLatin1 $assertionsDisabled Z 1
ciMethod java/lang/StringLatin1 compareTo ([B[B)I 1024 0 8439 0 -1
ciMethod java/lang/StringLatin1 compareToUTF16 ([B[B)I 0 0 1 0 -1
ciMethod java/lang/StringLatin1 getChar ([BI)C 760 0 32818 0 96
ciMethod java/lang/StringLatin1 compareToCI ([B[B)I 512 7728 12939 0 1056
ciMethod java/lang/StringLatin1 compareToCI_UTF16 ([B[B)I 0 0 1 0 -1
ciInstanceKlass java/lang/StringUTF16 1 1 582 100 1 7 1 10 100 12 1 1 1 100 1 10 7 1 3 100 1 100 1 10 8 1 10 12 1 1 10 12 1 8 1 10 12 1 1 10 12 1 9 12 1 1 10 12 1 1 100 1 8 1 10 12 1 9 12 1 1 9 12 1 10 10 12 1 1 10 12 1 1 10 100 12 1 1 1 10 12 1 10 12 1 1 10 12 1 1 10 12 1 1 10 12 1 1 10 12 1 10 12 1 1 10 12 1 1 10 12 1 1 10 12 1 1 10 12 1 10 12 1 10 12 1 1 10 12 1 100 1 10 12 1 10 10 12 1 1 10 12 1 10 12 1 1 10 12 1 10 100 12 1 1 1 10 100 12 1 1 1 10 12 10 12 1 1 10 12 1 10 12 1 3 10 12 1 1 10 12 1 10 12 1 10 12 1 10 12 1 10 12 1 10 12 1 1 9 12 1 10 12 1 10 12 1 10 12 1 10 12 1 10 12 1 10 10 12 10 12 10 10 100 12 1 1 1 10 100 12 1 1 1 10 12 1 10 12 1 100 1 8 1 8 1 10 12 1 1 100 1 10 10 12 1 10 12 1 10 100 12 1 1 1 10 100 12 1 1 8 1 8 1 8 1 10 12 1 1 10 12 1 1 10 12 10 12 1 10 100 12 1 1 10 12 1 1 10 12 1 1 10 12 1 10 12 10 12 10 12 1 10 12 10 12 1 10 12 1 10 12 1 10 12 1 10 12 1 10 100 12 1 1 1 10 100 12 1 1 1 10 12 1 1 10 12 1 1 11 100 12 1 1 10 12 1 10 12 1 10 12 1 1 9 12 1 1 9 12 1 5 0 5 0 10 12 1 10 12 10 12 10 7 12 1 1 1 10 12 1 1 1 1 1 1 1 1 1 1 1 1 1 1 1 1 1 1 1 1 1 1 1 1 1 1 1 1 1 1 1 100 1 1 1 1 1 1 1 1 1 1 1 1 1 1 1 1 1 1 1 1 1 1 1 1 1 1 1 1 1 1 1 1 1 1 1 1 1 1 1 1 1 1 1 1 1 1 1 1 1 1 1 1 1 1 1 1 1 1 1 1 1 1 1 1 1 1 1 1 1 1 100 1 1 1 1 1 1 1 1 1 1 1 1 1 1 1 1 1 1 1 1 1 1 100 1 1 1 1 1 1 1 1 1 1 1 1 1 1 1 1 1 1 1 1 1 1 1 1 1 1 1 1 1 1 1 1 1 1 1 1 1 1 1 1 1 1 1 1 1 1 1 1 1 1 1 1 1 1 1 1 1 1 1 1 100 1 100 1 1 1 1 1
staticfield java/lang/StringUTF16 HI_BYTE_SHIFT I 0
staticfield java/lang/StringUTF16 LO_BYTE_SHIFT I 8
staticfield java/lang/StringUTF16 $assertionsDisabled Z 1
ciMethod java/lang/StringUTF16 compareTo ([B[B)I 0 0 1 0 -1
ciMethod java/lang/StringUTF16 compareToLatin1 ([B[B)I 0 0 1 0 -1
ciMethod java/lang/StringUTF16 compareToCI ([B[B)I 0 0 1 0 -1
ciMethod java/lang/StringUTF16 compareToCI_Latin1 ([B[B)I 0 0 1 0 -1
instanceKlass com/sun/prism/impl/PrismTrace$1
instanceKlass com/sun/webkit/perf/PerfLogger$1
instanceKlass com/sun/glass/ui/InvokeLaterDispatcher
instanceKlass com/sun/javafx/tk/quantum/PerformanceTrackerHelper$1$1
instanceKlass com/sun/javafx/tk/quantum/QuantumToolkit$1
instanceKlass java/util/concurrent/ForkJoinWorkerThread
instanceKlass java/awt/EventDispatchThread
instanceKlass sun/awt/image/ImageFetcher
instanceKlass jdk/internal/misc/InnocuousThread
instanceKlass java/lang/ref/Finalizer$FinalizerThread
instanceKlass java/lang/ref/Reference$ReferenceHandler
ciInstanceKlass java/lang/Thread 1 1 609 9 7 12 1 1 1 9 12 1 1 10 12 1 1 9 12 1 1 9 12 1 1 100 1 8 1 10 12 1 1 3 8 1 100 1 5 0 10 12 1 1 10 7 12 1 1 9 12 1 1 9 12 1 9 12 1 1 9 12 1 100 1 8 1 10 9 12 1 1 10 7 12 1 1 1 10 100 12 1 1 1 10 10 7 12 1 1 10 12 1 1 10 12 1 1 9 100 12 1 1 1 10 12 1 1 10 12 1 9 12 1 1 10 12 1 1 10 12 1 1 9 12 1 10 12 1 1 9 12 1 1 10 7 12 1 1 1 9 12 1 1 9 12 1 1 10 12 1 1 10 7 12 1 1 1 9 12 1 10 12 1 1 9 12 1 7 1 10 7 1 10 8 1 10 12 1 1 10 12 1 10 12 1 10 12 1 1 10 12 1 10 12 1 9 12 1 100 1 10 10 12 1 1 10 12 1 10 12 1 100 1 11 7 12 1 1 9 7 12 1 1 1 10 12 1 10 12 1 10 12 9 12 1 1 10 9 12 1 10 12 1 100 1 10 10 12 1 1 9 12 1 10 12 1 11 100 12 1 1 10 12 1 10 12 1 10 12 1 10 10 12 1 10 12 1 10 12 1 10 12 1 10 12 1 1 100 1 10 10 12 1 10 12 1 10 12 1 9 100 12 1 1 1 10 12 1 1 10 12 1 100 1 8 1 10 10 12 1 10 12 8 1 10 12 1 8 1 10 8 1 8 1 10 100 12 1 1 10 100 12 1 1 1 100 1 8 1 10 9 12 1 9 12 1 1 10 12 1 1 10 10 12 1 1 9 12 1 10 12 1 1 100 1 10 12 11 100 12 1 1 1 9 100 12 1 1 1 9 12 1 1 10 12 1 1 100 1 10 12 1 11 100 12 1 1 1 100 1 10 12 1 10 12 1 1 11 12 1 10 12 1 100 1 10 12 1 10 12 1 1 10 7 12 1 1 1 8 1 9 12 1 10 12 1 1 11 100 12 1 1 1 10 100 12 1 1 1 11 12 1 10 12 1 7 1 1 1 1 1 3 1 3 1 3 1 1 1 1 1 1 1 1 1 1 1 1 1 1 1 1 1 1 1 7 1 1 1 1 1 1 1 1 1 1 1 1 100 1 100 1 1 1 1 1 1 1 1 1 1 1 1 1 1 1 1 1 1 1 1 1 1 1 1 1 1 1 1 1 1 1 1 1 1 1 1 1 1 1 1 1 1 100 100 1 1 1 1 1 1 1 1 1 100 1 1 1 1 1 1 1 1 1 1 1 1 1 1 1 1 1 1 1 1 1 1 1 1 1 1 1 1 100 1 1 1 1 1 1 100 1 1 100 1 1 1 1 1 1
staticfield java/lang/Thread EMPTY_STACK_TRACE [Ljava/lang/StackTraceElement; 0 [Ljava/lang/StackTraceElement;
ciInstanceKlass java/lang/ThreadGroup 1 1 291 10 7 12 1 1 1 9 7 12 1 1 1 8 1 9 12 1 1 7 1 9 12 1 9 12 1 1 10 12 1 1 10 12 1 1 10 12 1 10 12 1 1 10 12 1 9 12 1 1 10 12 1 1 10 12 1 9 12 1 10 100 12 1 1 1 9 12 1 9 12 1 1 10 7 12 1 1 1 100 10 12 1 1 10 7 12 1 1 1 10 100 12 1 9 12 1 10 12 1 1 10 12 1 1 9 12 1 1 10 12 1 1 10 12 1 10 12 1 10 12 1 1 10 12 1 1 10 12 1 10 12 1 10 10 12 1 10 12 1 10 100 1 10 10 12 1 10 12 1 10 12 1 7 10 12 1 9 12 1 1 10 12 1 1 8 1 10 100 12 1 1 1 10 12 1 1 10 12 1 1 10 12 1 1 11 100 1 100 1 9 12 1 100 1 10 8 1 10 12 1 1 10 12 1 1 8 1 10 12 1 10 100 12 1 1 1 10 12 1 1 10 100 1 8 1 10 8 1 10 12 1 8 1 1 1 1 1 1 1 1 1 1 1 1 1 1 1 1 1 1 1 1 1 1 1 1 1 1 1 1 1 1 1 1 1 1 1 1 1 1 3 1 1 1 1 1 1 1 1 1 1 1 1 1 1 1 1 1 1 1
instanceKlass java/lang/Exception
instanceKlass java/lang/Error
ciInstanceKlass java/lang/Throwable 1 1 396 10 7 12 1 1 1 9 7 12 1 1 1 9 12 1 1 9 12 1 9 12 1 1 9 12 1 10 12 1 1 9 12 1 1 10 12 1 1 10 12 1 100 1 7 1 10 8 1 10 12 1 1 8 1 10 100 12 1 1 10 10 12 1 100 1 8 1 10 10 12 1 1 10 7 12 1 1 10 12 1 8 1 9 100 12 1 1 1 10 12 1 1 100 1 10 12 10 12 1 7 1 10 10 7 12 1 1 1 11 7 12 1 1 1 10 7 12 1 1 1 10 12 1 1 10 12 1 1 8 1 10 12 1 10 12 1 1 8 1 8 1 10 12 1 1 10 12 1 8 1 8 1 9 12 1 1 10 100 12 1 1 100 1 10 11 12 1 8 1 8 1 10 7 12 1 1 8 1 10 12 1 8 1 7 1 10 12 1 9 12 1 1 10 12 1 10 100 12 1 9 12 1 1 10 12 1 1 10 100 1 8 1 10 12 1 10 100 12 1 1 10 10 12 1 1 100 1 10 100 12 1 1 1 10 12 1 11 100 12 1 1 1 11 100 12 1 1 1 11 12 1 8 1 10 12 1 1 8 1 10 10 10 9 100 12 1 1 1 8 1 10 12 1 1 10 100 1 8 1 10 11 12 1 1 8 1 9 12 1 10 100 12 1 1 11 9 12 1 1 11 12 1 1 100 10 12 1 10 12 1 1 100 1 1 1 1 5 0 1 1 1 1 1 1 1 1 1 1 1 1 1 100 1 1 1 1 1 1 1 1 1 1 1 1 1 1 1 1 1 1 1 1 1 1 1 1 1 1 1 1 1 1 1 1 1 1 1 1 1 1 1 1 1 1 100 1 100 1 1 1 1 1 1 1 1 1 1 1 1 1 1 1 1 1 1
staticfield java/lang/Throwable UNASSIGNED_STACK [Ljava/lang/StackTraceElement; 0 [Ljava/lang/StackTraceElement;
staticfield java/lang/Throwable SUPPRESSED_SENTINEL Ljava/util/List; java/util/Collections$EmptyList
staticfield java/lang/Throwable EMPTY_THROWABLE_ARRAY [Ljava/lang/Throwable; 0 [Ljava/lang/Throwable;
staticfield java/lang/Throwable $assertionsDisabled Z 1
instanceKlass jdk/internal/reflect/DelegatingClassLoader
instanceKlass java/security/SecureClassLoader
ciInstanceKlass java/lang/ClassLoader 1 1 1093 9 7 12 1 1 1 10 7 12 1 1 1 9 12 1 1 10 7 12 1 1 1 7 1 10 12 1 1 10 12 1 1 9 12 1 1 10 12 1 1 100 1 10 12 1 10 12 1 1 10 7 12 1 1 1 100 1 8 1 10 12 1 10 7 12 1 1 1 10 100 12 1 10 7 1 10 7 1 7 1 7 1 10 12 1 10 12 1 9 12 1 1 10 10 7 12 1 1 1 9 12 1 1 9 12 1 9 12 1 1 9 12 1 9 12 1 1 9 12 1 1 7 1 10 12 1 9 12 1 1 10 12 1 1 10 7 12 1 1 1 9 12 1 9 12 1 1 9 12 1 10 12 1 1 9 12 10 12 1 1 7 1 10 8 1 10 12 1 1 10 12 1 10 7 1 7 1 10 12 1 1 10 7 12 1 1 1 8 1 10 12 1 10 12 1 10 12 1 1 10 12 1 1 10 12 1 1 10 12 1 1 10 12 1 1 10 12 1 100 1 10 12 1 10 100 12 1 1 1 10 12 1 1 10 12 1 10 12 1 10 12 1 10 12 1 10 12 1 1 10 10 12 1 10 12 1 10 100 12 1 1 10 12 1 1 10 12 1 1 10 12 1 100 1 10 12 1 100 1 10 12 1 10 100 12 1 1 1 10 10 12 1 1 10 12 1 1 100 1 8 1 10 8 1 10 12 1 10 12 1 100 1 8 1 10 12 1 1 10 12 1 1 10 10 12 1 1 10 12 1 1 10 12 1 1 10 7 1 10 12 1 1 10 12 1 1 10 12 1 1 10 12 1 1 10 12 1 1 10 12 1 1 10 12 1 10 7 12 1 1 1 10 12 1 10 12 1 10 12 1 1 10 12 1 10 12 1 10 12 1 10 12 1 1 10 12 1 10 12 1 1 8 1 9 12 1 10 12 1 1 8 1 8 1 10 7 12 1 1 100 1 10 10 12 10 12 1 10 12 1 10 12 1 10 12 1 1 10 7 12 1 1 10 12 1 10 7 1 7 1 10 12 1 1 10 12 1 10 7 1 10 12 1 100 1 18 12 1 10 100 12 1 1 1 10 100 12 1 1 1 10 7 12 1 1 10 12 1 1 10 12 1 10 12 1 1 100 1 10 12 1 10 12 1 1 10 7 12 1 1 10 12 1 8 1 100 1 10 10 12 1 9 12 1 10 7 12 1 1 10 12 1 100 1 8 1 10 12 1 10 8 1 8 1 10 12 1 1 10 12 1 1 10 12 1 1 10 100 12 1 1 1 100 1 100 1 10 12 1 1 100 1 100 1 10 100 12 1 1 10 12 1 10 12 1 1 10 12 1 10 12 1 1 10 12 1 1 9 100 12 1 1 1 10 12 1 1 10 12 1 10 12 1 10 12 1 1 10 12 1 8 1 10 12 1 7 1 18 12 1 1 10 12 1 1 10 12 1 10 12 1 10 12 1 8 1 10 12 1 10 12 1 18 12 1 11 100 12 1 1 1 100 1 10 12 1 1 10 12 1 10 11 12 1 1 10 18 10 12 1 1 11 100 12 1 18 12 1 11 12 1 1 10 12 10 12 1 1 10 12 1 1 7 1 8 1 10 10 12 1 8 1 8 1 10 100 12 1 1 10 12 1 100 1 10 10 12 1 8 1 8 1 8 1 10 12 1 10 12 1 1 10 12 1 10 100 12 1 1 1 11 100 12 1 1 100 1 10 11 10 12 1 10 12 1 10 12 1 1 9 100 12 1 1 9 12 1 1 9 12 9 12 1 9 12 1 9 12 1 8 10 12 1 1 10 7 12 1 1 1 10 12 1 1 10 12 1 1 10 12 1 11 12 1 1 10 100 12 1 1 1 100 1 10 12 1 10 12 1 10 12 1 1 1 1 1 1 1 1 1 1 1 1 1 1 1 1 1 1 1 1 1 1 1 1 1 1 1 1 100 1 1 1 1 1 1 1 1 1 1 1 1 1 1 1 1 1 1 1 1 1 100 1 1 1 1 1 1 1 1 1 1 100 1 1 1 1 1 1 1 1 1 1 1 1 1 1 1 1 1 1 1 1 1 1 1 1 1 1 1 1 1 1 1 1 1 1 1 1 1 1 1 1 1 100 1 1 1 1 1 1 1 1 1 1 1 1 1 1 1 1 1 1 100 1 1 1 1 1 1 1 1 1 1 1 1 1 1 1 1 1 1 1 1 1 1 1 1 1 1 1 1 1 1 1 1 1 1 1 1 1 1 1 1 1 1 1 1 1 1 1 1 1 1 1 100 1 1 1 1 1 1 1 1 1 1 1 1 1 1 1 1 1 1 1 1 1 1 1 1 1 1 1 1 1 1 1 1 1 1 1 1 1 1 1 1 1 1 1 1 1 15 10 7 12 1 1 1 16 1 15 10 12 16 1 16 15 10 12 16 1 16 1 15 10 12 16 15 10 12 16 15 10 12 16 1 1 100 1 100 1 1
staticfield java/lang/ClassLoader nocerts [Ljava/security/cert/Certificate; 0 [Ljava/security/cert/Certificate;
staticfield java/lang/ClassLoader $assertionsDisabled Z 1
ciInstanceKlass java/lang/ThreadDeath 0 0 21 10 100 12 1 1 1 100 1 1 1 1 5 0 1 1 1 1 1 1 1
instanceKlass javax/xml/parsers/FactoryConfigurationError
instanceKlass java/lang/AssertionError
instanceKlass java/lang/VirtualMachineError
instanceKlass java/lang/LinkageError
instanceKlass java/lang/ThreadDeath
ciInstanceKlass java/lang/Error 1 1 40 10 7 12 1 1 1 10 12 1 10 12 1 10 12 1 10 12 1 100 1 1 1 1 5 0 1 1 1 1 1 1 1 1 1 1 1 1 1 1
ciInstanceKlass java/lang/Boolean 1 1 148 10 7 12 1 1 1 9 7 12 1 1 1 10 12 1 1 10 12 1 8 1 10 7 12 1 1 9 12 1 1 9 12 1 8 1 10 12 1 1 10 12 1 1 10 7 12 1 1 1 100 1 100 1 10 12 1 1 9 100 12 1 1 9 12 10 100 12 1 1 1 10 12 1 1 8 1 10 7 12 1 1 1 9 12 1 1 100 1 100 1 100 1 1 1 1 1 1 5 0 1 1 1 1 1 1 1 1 1 1 1 1 1 1 1 1 1 1 1 1 1 1 1 1 1 1 1 1 1 100 1 1 1 1 1 1 1 1 1 1 100 1 1 1 1 1 1 1
staticfield java/lang/Boolean TRUE Ljava/lang/Boolean; java/lang/Boolean
staticfield java/lang/Boolean FALSE Ljava/lang/Boolean; java/lang/Boolean
staticfield java/lang/Boolean TYPE Ljava/lang/Class; java/lang/Class
ciInstanceKlass java/lang/Character 1 1 580 7 1 100 1 100 1 9 12 1 1 8 1 9 12 1 1 100 1 9 12 1 1 10 100 12 1 1 1 10 100 12 1 1 1 10 100 12 1 1 1 10 7 12 1 1 1 9 7 12 1 1 1 10 12 1 10 12 1 1 10 12 1 1 10 100 12 1 1 10 12 1 1 3 3 3 3 3 10 12 1 1 10 12 1 3 11 7 12 1 1 1 11 12 1 1 10 12 1 1 10 12 1 1 100 1 10 10 12 1 3 10 12 1 1 10 12 1 10 12 1 1 100 1 8 1 10 12 1 1 10 12 1 10 12 1 10 12 1 10 12 1 10 12 1 1 10 12 1 10 7 12 1 1 10 10 12 1 10 12 1 10 10 12 1 10 12 1 10 12 1 1 10 12 1 10 10 12 1 10 12 1 10 12 1 10 12 1 10 12 1 10 12 1 10 12 1 10 12 10 10 12 10 10 12 1 10 10 12 1 10 10 12 1 10 10 12 1 10 10 12 1 10 10 12 1 10 10 12 1 1 10 10 12 1 10 5 0 10 12 1 10 12 1 10 10 12 1 10 10 12 1 1 10 10 12 1 10 10 12 1 9 12 1 1 100 1 10 10 12 1 10 12 1 1 3 10 100 12 1 1 1 10 12 1 10 100 12 1 1 100 1 10 10 12 1 1 10 12 1 1 10 12 1 1 8 1 10 12 1 9 100 12 1 1 1 10 12 1 10 10 12 1 10 12 1 1 10 12 1 10 10 12 1 1 10 10 12 1 1 100 1 8 1 10 12 1 1 10 7 12 1 1 1 8 1 10 12 1 1 9 12 1 1 100 1 100 1 100 1 1 1 1 3 1 3 1 3 1 3 1 1 1 1 1 3 1 1 3 1 3 1 3 1 3 1 3 1 3 1 3 1 3 1 3 1 3 1 3 1 3 1 3 1 3 1 3 1 3 1 3 1 3 1 3 1 3 1 3 1 3 1 3 1 3 1 3 1 3 1 3 1 3 1 1 1 1 1 1 1 1 1 1 1 1 1 1 1 1 1 1 1 3 1 1 1 1 1 1 1 3 1 1 3 1 1 1 1 1 3 1 1 5 0 1 1 1 1 1 1 1 1 1 1 1 1 1 1 1 1 1 1 1 1 1 1 1 1 1 1 1 1 1 1 1 1 1 1 1 1 1 1 1 1 1 1 1 1 1 1 1 1 1 1 1 1 1 1 1 1 1 1 1 1 1 1 1 1 1 1 1 1 1 1 1 1 1 1 1 1 1 1 1 1 1 1 1 1 1 1 1 100 1 100 1 1 1 1 1 1
staticfield java/lang/Character TYPE Ljava/lang/Class; java/lang/Class
staticfield java/lang/Character $assertionsDisabled Z 1
ciMethod java/lang/Character toLowerCase (I)I 792 0 36641 0 0
ciMethod java/lang/Character toLowerCase (C)C 858 0 27651 0 256
ciInstanceKlass java/lang/CharacterDataLatin1 1 1 132 9 7 12 1 1 1 9 12 1 1 10 12 1 1 100 1 10 12 1 10 12 1 1 3 3 3 10 12 1 9 12 1 1 3 3 9 12 1 10 7 12 1 1 1 10 9 12 1 1 3 3 3 3 3 3 3 3 3 3 3 3 3 3 3 3 3 3 3 3 3 3 3 3 3 3 3 3 3 3 3 3 3 3 3 1 1 1 1 1 1 1 1 1 1 1 1 1 1 1 1 1 1 1 1 1 1 1 1 1 1 1 1 1 1 1 1 1 1 1 1 1 1 1 1 1 1 1 100 1 1 1
staticfield java/lang/CharacterDataLatin1 DIGITS [B 256
staticfield java/lang/CharacterDataLatin1 instance Ljava/lang/CharacterDataLatin1; java/lang/CharacterDataLatin1
staticfield java/lang/CharacterDataLatin1 A [I 256
staticfield java/lang/CharacterDataLatin1 B [C 256
instanceKlass java/lang/CharacterData00
instanceKlass java/lang/CharacterDataLatin1
ciInstanceKlass java/lang/CharacterData 1 1 82 10 7 12 1 1 1 10 100 12 1 1 1 9 7 12 1 1 1 9 7 12 1 1 9 100 12 1 1 9 100 1 9 100 1 9 100 1 9 100 1 9 100 1 1 1 1 1 1 1 1 1 1 1 1 1 1 1 1 1 1 1 1 1 1 1 1 1 1 1 1 1 1 1 1 1 1 1 1 1 1 1
ciMethod java/lang/CharacterData toLowerCase (I)I 0 0 1 0 -1
ciMethod java/lang/CharacterData of (I)Ljava/lang/CharacterData; 518 0 55630 0 96
ciMethod java/lang/CharacterDataLatin1 toLowerCase (I)I 958 0 5685 0 160
ciMethod java/lang/CharacterDataLatin1 toUpperCase (I)I 780 0 30075 0 160
ciMethod java/lang/CharacterDataLatin1 getProperties (I)I 970 0 65561 0 96
ciInstanceKlass java/lang/Float 1 1 220 7 1 100 1 10 7 12 1 1 1 10 100 12 1 1 1 4 100 1 10 12 1 1 10 12 1 1 8 1 8 1 10 100 12 1 1 1 10 12 1 1 10 12 1 1 10 4 4 4 10 7 12 1 1 9 12 1 1 10 12 1 1 10 12 1 10 12 1 10 12 1 1 10 12 1 10 12 1 3 10 12 1 1 10 12 1 1 10 12 1 10 100 12 1 1 1 10 12 1 1 10 12 1 1 8 1 10 7 12 1 1 1 9 12 1 1 100 1 100 1 100 1 1 1 1 1 4 1 1 1 4 1 1 3 1 3 1 3 1 3 1 1 1 1 5 0 1 1 1 1 1 1 1 1 1 1 100 1 1 1 1 1 1 1 1 1 1 1 1 1 1 1 1 1 1 1 1 1 1 1 1 1 1 1 1 1 1 1 1 1 1 1 1 1 1 1 1 1 1 1 1 1 1 1 1 1 1 100 1 1 1 1 1 1 100 1 100 1 1
staticfield java/lang/Float TYPE Ljava/lang/Class; java/lang/Class
instanceKlass java/util/concurrent/atomic/Striped64
instanceKlass java/math/BigDecimal
instanceKlass java/math/BigInteger
instanceKlass java/util/concurrent/atomic/AtomicLong
instanceKlass java/util/concurrent/atomic/AtomicInteger
instanceKlass java/lang/Long
instanceKlass java/lang/Integer
instanceKlass java/lang/Short
instanceKlass java/lang/Byte
instanceKlass java/lang/Double
instanceKlass java/lang/Float
ciInstanceKlass java/lang/Number 1 1 37 10 7 12 1 1 1 10 100 12 1 1 1 100 1 1 1 1 5 0 1 1 1 1 1 1 1 1 1 1 1 1 1 1 1 1 1
ciInstanceKlass java/lang/Double 1 1 282 7 1 100 1 10 7 12 1 1 1 10 12 1 1 10 12 1 100 1 10 12 1 1 10 7 12 1 1 1 6 0 8 1 10 12 1 1 8 1 10 12 1 1 8 1 6 0 10 12 1 1 100 1 5 0 5 0 8 1 8 1 10 100 12 1 1 1 10 100 12 1 1 1 8 1 10 12 1 1 8 1 8 1 8 1 10 12 1 1 10 12 1 10 12 1 1 10 12 1 10 12 1 10 12 1 1 10 12 1 10 6 0 6 0 6 0 10 7 12 1 1 9 12 1 1 10 12 1 10 12 1 10 12 1 10 12 1 5 0 10 12 1 1 10 12 1 10 12 1 10 100 12 1 1 1 10 12 1 1 10 12 1 1 8 1 10 7 12 1 1 1 9 12 1 1 100 1 100 1 100 1 1 1 1 1 6 0 1 1 1 6 0 1 1 3 1 3 1 3 1 3 1 1 1 1 5 0 1 1 1 1 1 1 1 1 1 1 1 1 1 1 1 1 100 1 1 1 1 1 1 1 1 1 1 1 1 1 1 1 1 1 1 1 1 1 1 1 1 1 1 1 1 1 1 1 1 1 1 1 1 1 1 1 1 1 1 1 1 1 100 1 1 1 1 1 1 100 1 100 1 1
staticfield java/lang/Double TYPE Ljava/lang/Class; java/lang/Class
ciInstanceKlass java/lang/Byte 1 1 213 7 1 100 1 10 100 12 1 1 1 9 12 1 1 8 1 9 12 1 1 100 1 10 12 1 1 10 12 1 1 10 100 12 1 1 1 10 100 12 1 1 1 9 7 12 1 1 1 10 12 1 1 100 1 100 1 10 12 1 1 8 1 10 12 1 1 8 1 10 12 1 10 12 1 10 12 1 10 12 1 1 10 12 1 10 12 1 10 12 1 1 10 8 1 8 1 10 7 1 9 12 1 1 10 12 1 10 12 1 1 10 12 1 1 10 12 1 1 10 12 1 5 0 10 12 1 1 8 1 10 7 12 1 1 1 9 12 1 1 100 1 100 1 1 1 3 1 3 1 1 1 1 3 1 3 1 1 5 0 1 1 1 1 1 1 1 1 1 1 1 1 1 1 1 1 1 1 1 1 1 1 1 1 1 1 1 1 1 1 1 1 1 1 1 1 1 1 1 1 1 1 1 1 1 1 1 1 1 1 1 1 1
staticfield java/lang/Byte TYPE Ljava/lang/Class; java/lang/Class
ciInstanceKlass java/lang/Short 1 1 221 7 1 100 1 100 1 10 100 12 1 1 1 10 12 1 1 100 1 100 1 10 12 1 1 8 1 10 12 1 1 8 1 10 12 1 10 12 1 10 12 1 10 12 1 1 10 12 1 1 10 12 1 9 12 1 1 8 1 9 12 1 1 100 1 10 12 1 1 10 12 1 10 100 12 1 1 1 10 100 12 1 1 1 9 7 12 1 1 1 10 12 1 10 12 1 1 10 8 1 8 1 10 7 1 9 12 1 1 10 12 1 10 12 1 1 10 12 1 1 10 12 1 1 10 12 1 3 3 5 0 10 12 1 1 8 1 10 7 12 1 1 1 9 12 1 1 100 1 100 1 1 1 3 1 3 1 1 1 1 3 1 3 1 1 5 0 1 1 1 1 1 1 1 1 1 1 1 1 1 1 1 1 1 1 1 1 1 1 1 1 1 1 1 1 1 1 1 1 1 1 1 1 1 1 1 1 1 1 1 1 1 1 1 1 1 1 1 1 1 1
staticfield java/lang/Short TYPE Ljava/lang/Class; java/lang/Class
ciInstanceKlass java/lang/Integer 1 1 442 7 1 100 1 7 1 7 1 10 12 1 1 9 12 1 1 9 12 1 1 10 100 12 1 1 1 10 12 1 1 10 100 12 1 1 1 10 10 12 1 1 10 100 12 1 1 1 10 12 1 10 12 1 1 10 7 12 1 1 1 10 12 1 1 10 12 1 1 10 12 1 10 12 1 10 12 1 1 10 10 12 1 9 12 1 1 9 12 1 7 1 8 1 10 12 1 100 1 10 12 1 8 1 10 12 1 1 10 12 1 8 1 10 12 1 8 1 10 12 1 1 3 10 12 1 1 3 10 12 1 1 10 12 1 1 10 7 12 1 1 1 11 7 1 100 1 10 11 10 12 1 1 8 1 10 12 1 1 8 1 100 1 10 12 1 1 10 12 1 1 5 0 8 1 10 12 1 10 12 1 10 12 1 10 12 1 1 7 1 9 12 1 1 9 12 1 1 10 12 1 10 7 1 9 12 1 10 12 1 10 12 1 10 12 1 1 10 7 12 1 1 1 100 1 100 1 10 12 1 1 10 12 1 1 8 1 8 1 10 12 1 1 8 1 8 1 8 1 8 1 8 1 8 1 10 12 1 10 12 1 10 12 1 5 0 3 3 3 3 10 12 1 3 10 12 1 10 100 12 1 1 1 10 12 1 1 10 12 1 1 8 1 10 7 12 1 1 1 9 12 1 1 3 3 3 3 3 3 9 12 1 1 100 1 100 1 100 1 1 1 1 1 1 1 3 1 3 1 1 5 0 1 1 1 1 1 1 1 1 1 100 1 1 1 1 1 1 1 1 1 1 1 1 1 1 1 1 1 1 1 1 1 1 1 1 1 1 1 1 1 1 1 1 1 1 1 1 1 1 1 1 1 1 1 1 1 1 1 1 1 1 1 1 1 1 100 1 1 1 1 1 1 1 1 1 1 1 1 1 1 1 1 1 1 1 1 1 1 1 1 1 1 1 1 1 1 1 100 1 1 1 1 1 1 1 1 100 1 100 1 1
staticfield java/lang/Integer TYPE Ljava/lang/Class; java/lang/Class
staticfield java/lang/Integer digits [C 36
staticfield java/lang/Integer DigitTens [B 100
staticfield java/lang/Integer DigitOnes [B 100
staticfield java/lang/Integer sizeTable [I 10
ciInstanceKlass java/lang/Long 1 1 510 7 1 100 1 7 1 100 1 10 12 1 1 9 12 1 1 9 7 12 1 1 1 10 100 12 1 1 1 10 12 1 1 10 100 12 1 1 1 10 10 12 10 12 1 10 12 1 10 12 1 5 0 5 0 100 1 10 12 1 1 10 12 1 1 10 12 1 10 12 1 10 12 1 10 12 1 1 10 100 12 1 1 10 12 1 10 12 1 1 10 12 1 1 10 12 1 1 10 12 1 1 10 100 12 1 1 1 10 12 1 1 10 12 1 10 12 1 10 12 1 10 12 1 1 10 10 12 1 5 0 5 0 9 12 1 1 9 12 1 5 0 100 1 8 1 10 12 1 8 1 10 12 1 8 1 8 1 10 12 1 1 5 0 10 12 1 1 5 0 10 12 1 1 10 12 1 1 10 100 12 1 1 1 11 100 1 100 1 10 11 10 12 1 1 8 1 10 12 1 1 8 1 100 1 10 12 1 1 10 12 1 8 1 8 1 11 12 1 1 10 12 1 10 12 1 10 12 1 5 0 5 0 9 7 12 1 1 1 10 12 1 10 12 1 1 8 1 8 1 10 12 1 1 8 1 8 1 8 1 8 1 8 1 8 1 10 12 1 10 12 1 10 12 1 1 10 7 1 9 12 1 1 10 12 1 10 12 1 1 10 100 12 1 1 1 100 1 100 1 10 12 1 1 10 12 1 1 10 12 1 10 12 1 10 10 12 1 10 12 1 10 12 1 5 0 5 0 5 0 10 12 1 1 5 0 5 0 10 12 1 10 12 1 10 100 12 1 1 1 10 12 1 1 10 12 1 1 8 1 10 7 12 1 1 1 9 12 1 1 100 1 100 1 100 1 1 1 1 5 0 1 1 1 1 3 1 3 1 5 0 1 1 1 1 1 1 1 1 1 100 1 1 1 1 1 1 1 1 1 1 1 1 1 1 1 1 1 1 1 1 1 1 1 1 1 1 1 1 1 1 1 1 1 1 1 1 1 1 1 1 1 1 1 1 1 1 1 1 1 1 1 1 1 1 1 1 1 1 1 1 1 1 1 1 1 1 1 1 100 1 1 1 1 1 1 1 1 1 1 1 1 1 1 1 1 1 1 1 1 1 1 1 1 1 1 100 1 1 1 1 1 1 1 1 100 1 100 1 1
staticfield java/lang/Long TYPE Ljava/lang/Class; java/lang/Class
instanceKlass java/lang/ref/PhantomReference
instanceKlass java/lang/ref/FinalReference
instanceKlass java/lang/ref/WeakReference
instanceKlass java/lang/ref/SoftReference
ciInstanceKlass java/lang/ref/Reference 1 1 159 10 7 12 1 1 1 9 12 1 1 10 12 1 1 9 12 1 1 9 12 1 1 7 1 10 12 1 10 7 12 1 1 9 12 1 1 9 7 12 1 1 10 12 1 1 10 12 1 1 10 12 1 9 12 1 9 12 1 100 1 10 12 1 10 12 1 10 10 7 12 1 1 1 10 12 1 1 10 7 12 1 1 7 1 8 1 10 12 1 10 12 1 1 10 12 1 1 10 12 1 7 1 10 10 7 12 1 1 1 1 1 1 1 1 1 1 1 1 1 1 1 1 1 1 1 1 100 1 1 1 100 1 1 1 1 1 1 1 1 1 1 1 1 1 1 1 1 1 1 1 1 1 1 1 1 1 1 1
staticfield java/lang/ref/Reference processPendingLock Ljava/lang/Object; java/lang/Object
instanceKlass com/sun/beans/util/Cache$Kind$Soft
instanceKlass sun/awt/SoftCache$ValueCell
instanceKlass sun/util/locale/provider/LocaleResources$ResourceReference
instanceKlass sun/util/resources/Bundles$BundleReference
instanceKlass sun/font/FontDesignMetrics$KeyReference
instanceKlass sun/font/StrikeCache$SoftDisposerRef
instanceKlass java/util/ResourceBundle$BundleReference
instanceKlass java/lang/invoke/LambdaFormEditor$Transform
instanceKlass jdk/internal/ref/SoftCleanable
instanceKlass sun/util/locale/LocaleObjectCache$CacheEntry
ciInstanceKlass java/lang/ref/SoftReference 1 1 47 10 7 12 1 1 1 9 7 12 1 1 1 9 12 1 10 12 1 10 12 1 1 1 1 1 1 1 1 1 1 1 1 1 1 1 1 1 1 1 1 100 1 1 1 1 1
instanceKlass sun/nio/ch/FileLockTable$FileLockReference
instanceKlass com/sun/webkit/Disposer$WeakDisposerRecord
instanceKlass com/sun/javafx/util/WeakReferenceQueue$ListEntry
instanceKlass sun/java2d/ReentrantContextProvider$HardReference
instanceKlass sun/awt/WeakIdentityHashMap$WeakKey
instanceKlass java/lang/WeakPairMap$WeakRefPeer
instanceKlass javax/swing/text/DefaultStyledDocument$AbstractChangeHandler$DocReference
instanceKlass javax/swing/ActionPropertyChangeListener$OwnedWeakReference
instanceKlass javax/swing/text/GapContent$MarkData
instanceKlass sun/awt/image/ImageWatched$AccWeakReference
instanceKlass javax/swing/plaf/metal/MetalLookAndFeel$AATextListener
instanceKlass java/lang/ClassValue$Entry
instanceKlass java/util/ResourceBundle$KeyElementReference
instanceKlass java/lang/invoke/MethodType$ConcurrentWeakInternSet$WeakEntry
instanceKlass jdk/internal/ref/WeakCleanable
instanceKlass java/lang/ThreadLocal$ThreadLocalMap$Entry
instanceKlass java/util/WeakHashMap$Entry
ciInstanceKlass java/lang/ref/WeakReference 1 1 31 10 7 12 1 1 1 10 12 1 100 1 1 1 1 1 1 1 1 1 1 1 1 1 1 1 1 1 1 1 1
instanceKlass java/lang/ref/Finalizer
ciInstanceKlass java/lang/ref/FinalReference 1 1 36 10 7 12 1 1 1 100 1 8 1 10 12 1 100 1 1 1 1 1 1 1 1 1 1 1 1 1 1 1 1 1 1 1 1 1
instanceKlass com/mysql/jdbc/NonRegisteringDriver$ConnectionPhantomReference
instanceKlass jdk/internal/ref/PhantomCleanable
instanceKlass jdk/internal/ref/Cleaner
ciInstanceKlass java/lang/ref/PhantomReference 1 1 30 10 7 12 1 1 1 100 1 1 1 1 1 1 1 1 1 1 1 1 1 1 1 1 1 1 1 1 1 1
ciInstanceKlass java/lang/ref/Finalizer 1 1 139 9 7 12 1 1 1 10 7 12 1 1 1 9 12 1 1 9 12 1 1 9 12 1 9 12 1 10 12 1 10 12 1 1 7 1 11 7 12 1 1 100 1 10 12 1 1 100 1 10 12 1 10 100 12 1 1 1 10 100 12 1 1 1 100 1 10 12 10 12 1 7 1 10 7 1 10 10 7 12 1 1 1 10 12 1 1 10 7 12 1 1 7 1 10 12 1 10 12 1 1 10 12 1 1 10 12 1 1 1 1 1 1 1 1 1 1 1 1 1 1 1 1 1 1 1 1 1 1 1 1 1 1 1 1 1 1 1 1
staticfield java/lang/ref/Finalizer lock Ljava/lang/Object; java/lang/Object
instanceKlass java/lang/reflect/Executable
instanceKlass java/lang/reflect/Field
ciInstanceKlass java/lang/reflect/AccessibleObject 1 1 438 10 7 12 1 1 1 9 100 12 1 1 1 10 100 12 1 1 1 10 7 12 1 1 10 7 12 1 1 1 10 100 12 1 1 1 10 12 1 1 10 12 1 1 9 12 1 1 100 1 10 7 12 1 1 1 11 12 1 100 1 10 12 1 7 1 100 1 10 12 1 10 12 1 1 7 1 10 7 12 1 1 1 10 12 1 1 100 1 10 12 1 1 100 1 10 10 10 7 12 1 1 1 10 12 1 1 10 12 1 1 10 12 1 10 12 1 10 12 1 1 10 12 1 10 12 1 8 1 100 1 10 10 12 1 1 8 1 10 12 1 10 12 1 8 1 8 1 8 1 8 1 8 1 8 1 100 1 10 12 1 10 12 1 9 12 1 1 10 12 1 1 10 12 1 10 7 12 1 1 1 18 12 1 1 10 12 1 10 12 10 11 100 1 100 1 8 1 10 10 12 1 10 12 1 1 8 1 10 12 1 8 1 10 12 1 1 10 100 1 8 1 10 12 1 11 7 12 1 1 10 12 1 1 10 12 1 1 10 12 1 1 9 12 1 1 100 1 10 12 1 7 1 10 12 10 12 1 1 10 100 1 10 12 1 10 12 10 12 1 10 12 1 1 10 12 1 10 12 1 1 10 9 12 1 10 100 12 1 1 8 1 10 100 12 1 1 1 8 1 10 100 12 1 1 1 9 12 1 100 1 10 7 1 10 10 7 12 1 1 1 7 1 10 10 7 12 1 1 1 7 1 9 12 1 1 1 1 1 1 1 1 1 1 1 1 1 1 1 1 1 1 1 1 1 1 1 1 1 1 1 1 1 1 1 1 1 1 1 1 1 1 1 1 1 1 1 1 1 1 1 1 1 1 1 1 1 1 1 1 1 1 1 1 1 1 1 1 1 1 1 1 1 1 1 1 1 1 1 1 1 1 1 1 1 1 1 1 15 10 7 12 1 1 1 16 15 10 12 16 1 1 1 100 1 100 1 1
staticfield java/lang/reflect/AccessibleObject reflectionFactory Ljdk/internal/reflect/ReflectionFactory; jdk/internal/reflect/ReflectionFactory
ciInstanceKlass java/lang/reflect/Method 1 1 446 9 7 12 1 1 1 10 100 12 1 1 1 10 100 12 1 1 9 12 1 1 10 12 1 1 10 12 1 1 10 100 12 1 1 10 7 12 1 1 1 9 12 1 1 9 12 1 9 12 1 1 9 12 1 9 12 1 9 12 1 1 9 12 1 9 12 1 1 9 12 1 9 12 1 9 12 1 1 100 1 8 1 10 12 1 10 12 1 9 12 1 1 8 1 10 7 12 1 1 10 7 12 1 1 1 10 12 1 1 10 12 1 1 10 12 1 10 12 1 1 10 12 1 1 7 1 10 12 1 1 10 12 10 7 12 1 1 10 12 1 1 10 10 12 1 10 12 1 10 12 1 10 100 12 1 1 1 10 12 1 1 10 7 1 10 100 12 1 1 1 10 7 12 1 1 10 12 1 1 10 12 1 1 10 12 1 10 7 12 1 1 1 10 12 1 10 8 1 10 12 1 10 12 1 7 1 8 1 8 1 8 1 10 12 1 10 12 1 1 10 12 1 1 10 10 12 1 1 10 12 1 11 7 1 9 12 1 1 10 12 1 1 10 12 1 10 12 1 1 10 12 1 1 11 7 12 1 1 1 10 12 1 10 12 1 10 12 1 10 12 1 10 12 1 9 12 1 1 10 7 12 1 1 1 10 12 1 1 10 7 12 1 1 1 10 7 12 1 1 1 10 7 12 1 1 1 11 7 12 1 1 1 10 7 12 1 1 1 7 1 100 1 100 1 10 12 1 10 12 1 1 10 12 1 100 1 8 1 10 12 1 10 10 12 1 1 10 12 1 1 10 12 1 1 10 12 1 1 8 1 10 12 1 1 1 1 1 1 1 1 1 1 1 1 1 1 1 1 1 1 1 1 1 1 1 1 1 1 1 1 1 1 1 1 1 1 1 1 1 1 1 1 1 1 1 1 1 1 1 1 1 1 1 1 100 1 100 1 100 1 1 1 1 1 1 1 1 1 1 1 1 1 1 1 1 1 1 1 1 1 1 1 1 1 1
instanceKlass java/lang/reflect/Constructor
instanceKlass java/lang/reflect/Method
ciInstanceKlass java/lang/reflect/Executable 1 1 523 10 7 12 1 1 1 10 7 12 1 1 1 10 7 12 1 1 1 11 7 12 1 1 1 10 7 12 1 1 1 10 12 1 1 10 7 12 1 1 1 10 7 12 1 1 1 10 12 1 8 1 10 10 12 1 1 10 12 1 1 10 100 12 1 1 1 18 12 1 1 11 100 12 1 1 1 8 1 8 1 8 1 10 100 12 1 1 1 11 12 1 1 100 1 8 1 8 1 10 12 1 100 1 8 1 10 12 1 8 1 11 100 12 1 1 1 100 1 10 12 1 1 11 12 1 8 1 18 8 1 10 12 1 10 12 1 1 18 8 1 10 12 1 7 1 10 12 1 10 12 1 11 7 12 1 1 10 12 1 1 8 1 8 1 10 12 1 1 10 12 1 1 10 10 12 1 100 1 10 10 12 1 10 12 1 1 10 100 12 1 1 10 12 1 10 12 1 10 12 1 1 10 100 12 1 1 10 12 1 10 12 1 10 100 12 1 1 1 10 12 1 8 1 10 12 1 10 12 1 3 100 1 8 1 10 12 1 10 12 1 10 10 12 1 10 12 1 1 8 1 8 1 8 1 9 12 1 10 12 1 100 1 8 1 9 12 1 10 12 1 10 12 1 1 10 12 1 1 10 12 1 10 12 10 12 1 100 1 10 12 1 10 12 1 1 100 1 10 100 12 1 1 1 7 1 10 7 12 1 1 1 10 12 1 1 11 7 12 1 1 10 7 12 1 1 10 100 12 1 1 1 10 12 1 1 9 12 1 10 12 1 1 10 12 1 10 12 1 1 9 100 12 1 1 1 10 100 12 1 1 1 10 12 1 9 12 1 10 12 1 9 12 1 10 12 1 1 9 12 1 100 1 100 1 1 1 1 1 1 1 1 1 1 1 1 1 1 1 1 1 1 1 1 1 1 1 1 1 1 1 1 1 1 1 1 1 1 100 1 1 1 1 1 1 1 1 100 1 1 1 1 1 1 1 1 1 1 1 1 100 1 1 1 1 1 1 1 1 1 1 1 1 1 1 1 1 1 1 1 1 1 1 1 1 1 1 1 1 1 1 1 1 1 1 1 1 1 1 1 1 100 1 1 1 1 1 1 1 1 1 1 1 1 1 1 1 15 10 100 12 1 1 1 16 15 16 1 16 1 15 10 12 16 1 100 1 1 100 1 100 1 1
ciInstanceKlass java/lang/reflect/Constructor 1 1 420 10 100 12 1 1 1 10 100 12 1 1 9 7 12 1 1 1 10 12 1 1 10 12 1 1 10 100 12 1 1 9 12 1 1 10 7 12 1 1 1 9 12 1 1 9 12 1 1 9 12 1 9 12 1 1 9 12 1 9 12 1 1 9 12 1 1 9 12 1 100 1 8 1 10 12 1 10 12 1 9 12 1 1 10 7 12 1 1 10 7 12 1 1 1 10 12 1 1 10 12 1 1 10 12 1 7 1 100 1 8 1 10 10 12 1 10 12 1 10 12 1 1 10 12 1 1 100 1 10 7 12 1 1 10 12 1 1 10 10 12 1 10 12 1 1 10 100 12 1 1 1 10 100 12 1 1 10 12 1 1 10 12 1 10 100 12 1 1 1 8 1 10 10 12 1 100 1 8 1 10 12 1 10 12 1 1 10 12 1 1 10 12 1 10 12 1 10 12 1 1 10 12 1 1 9 12 1 1 10 12 1 1 10 12 1 1 10 12 1 8 1 10 12 1 1 11 7 12 1 1 1 10 12 1 1 10 12 1 10 12 1 9 12 1 1 10 7 12 1 1 1 10 12 1 1 10 12 1 1 10 12 1 1 10 12 1 1 10 12 1 10 12 1 10 12 1 10 12 1 100 1 8 1 10 10 12 1 1 10 12 1 10 10 12 1 1 10 12 1 1 10 100 12 1 1 1 11 100 12 1 1 1 9 100 12 1 1 1 10 100 12 1 1 1 10 12 1 1 1 1 1 1 1 1 1 1 1 1 1 1 1 1 1 1 1 1 1 1 1 1 1 1 1 1 1 1 1 1 1 1 1 1 1 1 1 1 1 1 1 1 1 1 1 1 1 1 1 100 1 100 1 100 1 100 1 1 1 1 1 1 1 1 1 1 1 1 1 1 1 1 1 1 1 1 1 1 1 1 1 1 1 1 1 1 1 1 100 1 1
ciInstanceKlass java/lang/reflect/Field 1 1 437 9 7 12 1 1 1 10 12 1 1 10 100 12 1 1 1 10 100 12 1 1 9 12 1 1 10 12 1 1 10 12 1 1 10 100 12 1 1 10 7 12 1 1 1 9 12 1 1 9 12 1 9 12 1 9 12 1 1 9 12 1 1 9 12 1 9 12 1 1 9 12 1 1 100 1 8 1 10 12 1 10 12 1 9 12 1 1 9 12 1 10 12 1 10 7 12 1 1 10 12 1 1 10 12 1 1 10 12 1 10 12 1 1 7 1 10 12 1 1 10 12 1 1 10 12 1 1 10 12 1 10 12 1 10 100 1 10 100 12 1 1 100 1 10 8 1 10 12 1 1 10 12 1 1 8 1 10 12 10 12 1 8 1 8 1 10 11 100 1 9 12 1 10 12 1 1 10 12 1 1 11 7 12 1 1 1 11 12 1 1 11 12 1 1 11 12 1 1 11 12 1 1 11 12 1 1 11 12 1 1 11 12 1 1 11 12 1 1 11 12 1 1 11 12 1 1 11 12 1 1 11 12 1 1 11 12 1 1 11 12 1 1 11 12 1 1 11 12 1 1 11 12 1 1 10 12 1 10 7 12 1 1 10 12 1 10 12 1 1 10 12 9 12 1 1 10 7 12 1 1 1 10 12 1 1 10 100 12 1 1 10 12 1 1 11 100 1 10 12 1 100 1 10 100 12 1 1 1 10 100 12 1 1 1 9 12 1 10 100 12 1 1 1 11 100 12 1 1 1 10 12 1 1 10 12 1 1 9 100 12 1 1 1 10 100 12 1 1 1 10 12 1 1 100 1 1 1 1 1 1 1 1 1 1 1 1 1 1 1 1 1 1 1 1 1 1 1 1 1 1 1 1 1 1 1 1 1 1 1 100 1 1 1 1 1 1 1 1 1 1 1 1 1 1 1 1 1 1 1 1 1 1 1 1 1 1 1 1 1 1 1 1 1 1 100 1 1 1 1 1 1 1 1 100 1 1
ciInstanceKlass java/lang/reflect/Parameter 0 0 226 10 100 12 1 1 1 9 100 12 1 1 1 9 12 1 1 9 12 1 1 9 12 1 10 12 1 1 10 12 1 1 10 100 12 1 1 1 100 1 10 10 12 1 1 11 100 12 1 1 1 10 12 1 10 100 12 1 1 1 10 12 1 1 10 12 1 10 12 1 8 1 8 1 10 100 12 1 1 1 10 12 1 10 12 10 12 1 8 1 10 12 1 9 12 1 1 10 12 1 1 9 12 1 1 10 12 1 1 10 12 1 1 10 12 1 1 10 12 1 10 10 12 1 10 100 12 1 1 1 10 12 1 1 11 100 12 1 1 10 100 12 1 1 100 1 10 100 12 1 1 1 10 12 1 1 10 12 1 1 10 12 1 1 10 12 1 1 9 12 1 100 1 10 11 12 1 1 11 12 1 1 100 1 1 1 1 1 1 1 1 1 1 1 1 1 1 1 1 1 1 1 1 1 1 1 1 1 1 1 1 1 1 1 1 1 1 1 1 1 1 100 1 1 1 1
ciInstanceKlass java/lang/reflect/RecordComponent 0 0 208 10 100 12 1 1 1 9 100 12 1 1 1 9 12 1 1 9 12 1 10 12 1 1 10 12 1 1 10 100 12 1 1 1 10 12 1 1 9 12 1 1 10 12 1 1 10 12 1 1 10 12 1 10 100 12 1 1 10 100 12 1 1 9 12 1 1 10 100 12 1 1 1 11 100 12 1 1 1 10 9 100 12 1 1 1 10 100 12 1 1 1 9 12 1 1 10 100 12 1 1 1 10 12 1 1 11 100 12 1 1 10 100 12 1 1 100 1 9 12 1 9 12 1 1 9 12 1 10 100 12 1 1 1 10 12 1 1 10 12 1 1 100 1 10 10 12 1 10 12 1 1 8 1 10 12 1 10 12 1 9 12 1 100 1 1 1 1 1 1 1 1 1 1 1 1 1 1 1 1 1 1 1 1 1 1 100 1 1 1 1 1 1 1 1 1 1 1 3 1 100 1 1 100 1 100 1 1
ciInstanceKlass java/lang/StringBuffer 1 1 465 10 7 12 1 1 1 10 12 1 10 12 1 10 12 1 1 9 7 12 1 1 1 10 12 1 1 10 12 1 10 12 1 1 9 12 1 1 10 12 1 10 12 1 1 10 12 1 1 10 12 1 10 12 1 1 10 12 1 10 12 1 1 10 12 1 1 10 7 12 1 1 1 10 12 1 1 10 12 1 10 12 1 10 12 1 10 12 1 10 12 1 10 12 1 10 12 1 10 12 1 10 12 1 10 12 1 10 12 1 10 12 1 10 12 1 10 12 1 1 10 12 1 10 12 1 1 10 12 1 1 10 10 12 1 1 10 12 1 10 12 1 10 12 1 10 12 1 10 12 1 10 12 1 10 12 10 12 1 10 12 1 10 12 1 10 12 1 1 10 12 1 10 12 1 10 10 12 1 1 10 12 1 1 9 12 1 1 10 7 12 1 1 1 10 100 1 10 10 100 12 1 1 1 10 10 12 1 10 8 10 100 12 1 1 1 8 10 12 1 8 1 10 12 1 10 12 1 10 100 12 1 1 1 10 100 12 1 1 1 7 1 10 12 1 1 10 12 10 12 1 1 10 12 1 1 10 12 1 10 12 1 10 12 1 10 12 1 10 12 1 10 12 1 10 12 1 10 12 1 10 12 1 10 12 1 10 12 1 10 12 1 10 12 1 10 12 1 10 12 1 10 12 1 10 12 10 12 10 12 1 10 12 1 10 12 1 10 12 10 12 1 10 12 1 10 12 1 10 12 1 10 12 1 10 12 1 10 12 1 10 12 1 10 12 1 10 12 1 10 12 1 7 1 10 12 1 9 7 12 1 1 1 9 7 1 9 12 1 1 100 1 100 1 100 1 1 1 1 5 0 1 1 1 1 1 1 1 1 1 1 1 1 1 1 1 1 1 1 1 1 1 1 1 1 1 1 1 1 1 1 1 1 1 1 1 1 1 1 1 1 1 1 1 1 1 1 1 1 1 1 1 1 1 1 1 1 1 1 1 1 100 1 1 1 1 1 100 1 1 1 1 1 1 1 1 1 1 1 1 1 1 1 1 1
staticfield java/lang/StringBuffer serialPersistentFields [Ljava/io/ObjectStreamField; 3 [Ljava/io/ObjectStreamField;
instanceKlass java/lang/StringBuilder
instanceKlass java/lang/StringBuffer
ciInstanceKlass java/lang/AbstractStringBuilder 1 1 542 7 1 7 1 10 7 12 1 1 1 9 7 12 1 1 1 9 12 1 9 12 1 1 9 12 1 1 10 7 12 1 1 1 10 12 1 1 3 3 10 12 1 10 12 1 1 11 7 1 100 1 100 1 10 8 1 10 12 1 10 12 1 10 12 1 1 10 12 1 10 12 1 10 12 1 9 12 1 1 10 12 1 1 10 7 12 1 1 1 10 10 12 1 10 12 1 10 12 1 1 10 12 1 1 10 7 12 1 1 1 10 7 12 1 1 1 100 1 8 1 10 10 12 1 1 100 1 10 12 10 12 1 1 10 10 12 1 1 10 12 1 1 10 12 1 1 10 12 1 1 100 1 10 10 12 1 10 100 12 1 1 1 10 12 1 1 10 12 1 10 12 1 1 10 10 12 1 1 10 12 10 12 1 10 12 1 1 10 12 1 1 10 12 1 1 10 12 1 10 10 12 1 1 10 12 1 10 12 1 1 8 1 10 12 1 1 10 12 1 10 12 1 10 12 1 10 12 1 10 12 1 10 12 1 10 7 12 1 1 10 12 1 10 12 1 10 100 12 1 1 1 10 12 1 10 12 1 10 12 1 10 12 1 10 12 1 1 10 12 1 10 12 1 1 10 12 1 1 10 10 7 12 1 1 1 10 12 1 10 12 1 10 12 1 1 10 12 1 10 12 1 10 12 1 10 12 1 10 12 1 10 12 1 10 12 1 10 12 1 1 10 12 1 10 12 1 10 12 10 12 1 1 18 12 1 1 100 1 10 100 12 1 1 1 18 10 12 1 1 10 12 1 10 12 1 1 11 12 1 10 12 1 10 10 10 12 1 10 8 1 8 1 8 1 10 10 100 1 10 12 1 100 1 10 100 1 10 100 1 1 1 3 1 1 1 1 1 1 1 1 1 1 100 1 1 1 1 1 1 1 1 1 1 1 1 1 1 1 1 1 1 1 1 1 1 1 1 1 1 1 1 1 1 1 1 1 1 1 1 1 1 1 1 1 1 1 1 1 1 1 1 1 1 1 1 1 1 1 1 1 1 1 1 1 1 1 1 1 1 1 1 1 1 1 1 1 1 1 1 1 1 1 1 1 1 1 1 1 1 1 1 1 1 1 1 1 1 1 1 1 100 1 1 100 1 1 1 1 1 100 1 1 1 1 1 1 15 10 100 12 1 1 1 16 1 15 10 12 16 15 10 12 1 1 1 1 100 1 100 1 1
staticfield java/lang/AbstractStringBuilder EMPTYVALUE [B 0
ciInstanceKlass java/lang/StringBuilder 1 1 404 10 7 12 1 1 1 10 12 1 10 12 1 10 12 1 1 10 7 12 1 1 1 10 7 12 1 1 1 10 12 1 10 12 1 10 12 1 10 12 1 10 12 1 10 12 1 10 12 1 10 12 1 10 12 1 10 12 1 10 12 1 10 12 1 10 12 1 10 12 1 1 10 12 1 10 12 1 1 10 12 1 1 10 12 1 10 12 1 10 12 1 10 12 1 10 12 1 10 12 1 10 12 1 10 12 10 12 1 10 12 1 10 12 1 10 12 1 1 10 12 1 10 12 1 10 12 10 12 1 1 10 12 1 1 9 12 1 1 9 12 1 1 10 7 12 1 1 1 10 100 1 10 100 12 1 1 1 10 12 1 10 12 1 1 10 12 1 1 10 10 12 1 1 10 100 12 1 1 10 12 1 10 12 1 1 100 1 10 12 1 1 10 12 1 1 10 12 1 10 12 1 10 12 1 10 12 1 10 12 1 10 12 1 10 12 1 10 12 1 10 12 1 10 12 1 10 12 1 10 12 1 10 12 1 10 12 1 10 12 1 1 10 12 1 1 10 12 1 10 12 1 10 12 1 10 12 10 12 10 12 1 10 12 1 10 12 1 10 12 10 12 1 10 12 1 10 12 1 10 12 1 10 12 1 10 12 1 10 12 1 10 12 1 10 12 1 1 10 12 1 10 12 1 1 10 12 1 10 12 1 1 10 12 1 10 12 1 1 10 12 1 10 12 1 10 12 1 10 10 12 1 10 12 1 100 1 100 1 100 1 1 1 1 5 0 1 1 1 1 1 1 1 1 1 1 1 1 1 1 1 1 1 1 1 1 1 1 1 1 1 1 1 1 1 1 1 1 1 1 1 1 1 1 1 1 1 1 1 100 1 1 1 100 1 1 1 1 1 1 1 1 1 1
ciInstanceKlass java/lang/SecurityManager 0 0 573 10 100 12 1 1 1 9 100 12 1 1 1 10 100 12 1 1 1 100 1 8 1 10 12 1 10 12 1 1 10 100 12 1 1 1 10 100 1 10 100 1 10 9 100 12 1 1 1 10 100 12 1 1 1 10 12 1 1 10 100 12 1 1 100 1 8 1 10 9 12 1 1 9 12 1 8 1 9 12 1 100 1 10 8 1 10 12 1 1 10 12 1 10 12 1 1 100 1 10 10 12 1 1 100 1 8 1 10 12 1 8 1 8 1 8 1 8 1 8 1 8 1 10 12 1 8 1 8 1 8 1 8 1 8 1 10 100 12 1 1 1 10 12 1 1 8 1 100 1 8 1 10 8 1 8 1 8 1 8 1 8 1 10 100 12 1 1 8 1 100 1 8 1 8 1 10 8 1 10 12 1 100 1 8 1 10 10 12 1 1 10 12 1 10 12 1 10 12 1 10 100 12 1 1 1 10 12 1 10 100 12 1 1 11 100 12 1 1 1 18 12 1 1 11 100 12 1 1 1 18 12 1 1 11 12 1 1 18 18 11 12 1 18 12 1 11 12 1 1 9 12 1 1 9 12 1 9 12 1 9 12 1 100 1 10 100 12 1 1 10 12 1 10 12 1 18 12 1 18 10 100 12 1 1 1 18 12 1 10 12 1 18 18 8 1 10 12 1 9 12 1 1 11 100 12 1 1 1 8 1 100 1 10 12 1 10 12 1 1 10 12 1 1 9 12 1 1 10 12 1 10 12 1 1 8 1 100 1 10 9 12 1 8 1 10 12 1 8 1 100 1 10 10 100 12 1 1 10 100 1 9 100 12 1 1 1 11 12 1 1 10 12 1 11 12 1 10 12 1 100 1 10 10 12 1 1 10 12 1 1 1 1 1 1 1 1 1 1 1 100 1 1 1 1 1 1 1 1 1 1 1 1 1 1 1 1 1 1 1 1 1 1 1 1 1 1 1 1 1 1 1 1 1 1 1 1 1 1 1 1 1 1 1 1 1 1 1 1 1 1 1 1 1 1 1 1 1 1 1 1 1 1 1 1 1 100 1 1 1 1 1 1 1 1 1 1 1 1 1 1 1 1 1 1 1 1 1 1 1 1 1 1 1 1 1 1 1 1 1 1 1 1 1 15 10 100 12 1 1 1 16 15 10 100 12 1 1 1 16 1 16 15 10 12 16 1 15 10 12 16 15 11 100 1 16 1 16 1 15 10 12 16 15 10 12 16 15 10 12 1 16 1 15 11 12 1 15 10 12 16 15 10 16 1 1 1 1 100 1 100 1 1
ciInstanceKlass java/security/AccessControlContext 1 1 366 9 7 12 1 1 1 9 12 1 1 10 100 12 1 1 1 8 1 10 100 12 1 1 1 10 7 12 1 1 1 9 12 1 9 12 1 1 9 12 1 1 10 7 12 1 1 100 1 10 12 1 11 100 12 1 1 1 11 12 1 11 12 1 11 12 1 1 7 1 11 12 1 1 10 12 1 10 7 12 1 1 1 9 100 12 1 1 1 10 100 12 1 1 1 11 100 12 1 1 1 10 7 1 100 1 8 1 10 12 1 10 12 1 1 7 1 10 7 12 1 1 1 9 12 1 9 12 1 9 12 1 9 12 1 1 9 12 1 1 9 12 1 9 12 1 10 7 12 1 1 1 9 12 1 10 12 1 1 10 12 1 1 8 1 10 12 1 1 10 12 1 1 10 100 12 1 1 1 100 1 10 10 12 1 1 10 100 12 1 1 1 10 8 1 10 100 12 1 1 8 1 10 100 12 1 1 8 1 8 1 10 12 1 8 1 10 12 1 8 1 10 12 1 10 12 1 10 12 1 1 8 1 8 1 100 1 10 12 1 10 12 1 1 100 1 10 12 1 8 1 10 12 1 10 12 1 10 8 1 10 12 1 1 10 12 1 1 10 12 1 1 10 12 1 1 10 12 1 10 12 1 10 12 1 10 12 1 1 10 10 10 12 1 1 1 1 1 1 1 1 1 1 1 1 1 1 1 1 1 1 1 1 1 1 1 1 100 1 1 1 1 1 1 1 1 1 1 1 1 1 1 1 1 1 1 1 1 1 1 1 1 1 1 1 1 1 1 1 1 1 1 1 1 1 1 1 1 1 1 1 1 1 1 1 1
ciInstanceKlass java/security/AccessController 1 1 289 10 100 12 1 1 1 10 7 12 1 1 1 10 7 12 1 1 1 10 12 1 1 10 12 1 1 10 7 12 1 1 1 10 12 1 1 10 12 1 10 12 1 1 10 12 1 100 1 8 1 10 12 1 10 12 1 10 12 1 1 10 12 1 7 1 7 1 10 12 1 1 10 12 1 10 12 1 10 12 1 1 10 7 12 1 1 1 10 12 1 1 9 100 12 1 1 1 10 100 12 1 1 1 10 12 1 10 12 1 9 100 12 1 1 1 10 12 1 10 12 1 1 9 12 1 1 10 100 1 10 11 7 12 1 1 1 10 7 12 1 1 11 7 1 7 1 10 12 1 10 12 1 10 12 1 8 1 10 12 1 1 8 1 10 100 12 1 1 1 8 1 100 1 10 10 12 1 1 10 12 1 10 7 12 1 1 1 10 12 1 8 1 10 100 12 1 1 8 1 8 1 10 12 1 8 1 10 12 1 10 12 1 1 10 12 1 1 1 1 1 1 1 1 1 1 1 1 1 1 1 1 1 1 1 1 1 1 1 1 1 1 1 1 100 1 1 1 1 1 1 1 1 1 1 1 1 1 1 1 1 1 1 1 1 1 1 1 1 1 1 1 1 1 1 1 1 1 1 100 1 100 1 1 1 1 1 1 1
staticfield java/security/AccessController $assertionsDisabled Z 1
ciInstanceKlass java/security/CodeSource 1 1 395 10 7 12 1 1 1 9 7 12 1 1 1 9 12 1 1 9 12 1 1 9 12 1 1 10 7 12 1 1 1 9 12 1 1 10 100 12 1 1 10 100 10 100 12 1 1 1 10 12 1 1 10 12 1 1 10 100 1 10 10 100 12 1 1 1 10 100 12 1 1 1 10 12 1 1 10 12 1 100 1 10 12 1 1 10 10 10 12 1 1 10 10 12 1 1 10 10 10 12 1 1 10 100 12 1 1 1 10 12 1 10 12 1 10 12 1 8 1 10 12 1 10 12 1 10 12 1 1 10 12 1 8 1 10 12 1 1 10 100 1 10 10 12 1 1 8 1 10 12 1 10 12 1 10 12 1 8 1 8 1 9 12 1 1 100 1 8 1 10 12 1 10 12 1 1 8 1 10 12 1 8 1 8 1 8 1 10 100 12 1 1 10 12 1 1 10 12 1 10 12 1 1 10 12 1 1 10 12 1 1 100 1 100 1 10 12 1 10 12 10 12 1 1 10 100 12 1 1 10 12 1 100 1 10 12 10 8 1 10 12 1 10 12 1 10 12 1 1 100 1 10 12 1 1 100 1 100 1 8 1 8 1 10 10 12 1 1 10 100 12 1 1 1 100 1 10 12 10 12 1 1 11 100 12 1 1 10 10 12 1 11 10 12 1 10 8 1 100 1 10 12 1 10 12 1 1 10 12 1 11 12 1 1 11 100 1 1 1 1 5 0 1 1 1 1 1 1 1 1 1 1 1 1 1 1 1 1 1 1 1 1 1 1 1 1 1 1 1 1 1 1 1 1 1 1 1 1 1 1 1 1 1 1 1 1 1 1 1 1 1 1 1 1 1 1 1 1 1 1 1 1 1 1 1 1 1 100 1 1 1 1 1 1 1
ciInstanceKlass java/security/ProtectionDomain 1 1 325 10 7 12 1 1 1 9 7 12 1 1 1 7 1 10 12 1 9 12 1 1 9 12 1 1 9 12 1 1 10 7 12 1 1 7 1 9 12 1 9 12 1 1 7 1 9 12 1 1 9 12 1 10 100 12 1 1 10 10 100 12 1 1 1 10 12 1 1 10 12 1 9 12 1 9 100 12 1 1 10 12 1 1 10 100 1 10 12 1 1 8 1 100 1 8 1 10 12 1 10 10 100 12 1 1 1 10 12 1 1 8 1 11 8 1 10 12 1 8 1 8 1 10 12 1 1 10 12 1 10 12 1 1 10 12 1 8 1 10 12 1 8 1 8 1 10 100 12 1 1 1 9 100 12 1 1 1 10 12 1 1 9 100 12 1 1 1 10 100 12 1 1 1 100 1 100 1 10 10 100 12 1 1 1 10 100 1 10 12 1 10 12 1 1 11 100 12 1 1 11 12 1 100 1 11 100 12 1 1 1 10 12 1 10 11 12 1 1 11 12 1 1 10 12 1 10 7 12 1 1 10 100 12 1 1 11 12 1 10 12 8 1 8 1 10 7 12 1 1 1 7 1 10 10 7 12 1 1 1 1 1 1 1 1 1 1 100 1 1 100 1 1 1 1 1 1 1 1 1 1 1 1 1 1 1 1 1 1 1 1 1 1 1 1 1 1 1 1 1 1 1 1 1 1 1 1 1 1 1 1 1 1 100 1 1 1 1 1 100 1 1 1 1 1
staticfield java/security/ProtectionDomain filePermCompatInPD Z 0
instanceKlass jdk/internal/loader/BuiltinClassLoader
ciInstanceKlass java/security/SecureClassLoader 1 1 98 10 7 12 1 1 1 7 1 10 12 1 9 7 12 1 1 1 10 12 1 10 12 1 10 12 1 1 10 12 1 1 10 12 1 7 1 10 7 1 10 12 1 7 1 10 12 1 11 7 12 1 1 1 7 1 10 12 1 1 1 1 1 1 1 1 1 1 1 1 1 1 1 1 1 1 1 1 1 1 1 1 1 1 1 1 1 1 1 1 1 1 1 7 1 1 1 1
ciInstanceKlass java/net/URL 1 1 735 10 7 12 1 1 1 10 12 1 10 7 12 1 1 9 12 1 1 9 12 1 10 100 12 1 1 1 10 12 1 1 10 12 1 1 9 12 1 1 10 7 12 1 1 1 8 1 10 12 1 1 100 1 10 10 12 1 1 8 1 10 12 1 1 9 12 1 100 1 8 1 10 12 1 10 12 1 8 1 9 12 1 10 12 1 1 9 12 1 10 12 1 10 12 1 9 12 1 9 12 1 8 1 9 12 1 10 12 1 1 8 1 9 12 1 1 10 12 1 1 10 7 12 1 1 1 8 1 10 12 1 7 1 10 12 1 10 12 1 10 12 1 10 12 1 1 10 12 1 1 8 1 10 12 1 1 10 12 1 8 1 9 12 1 8 1 10 12 1 10 7 12 1 1 1 100 1 10 12 1 10 12 1 1 10 7 12 1 1 1 100 1 8 1 10 10 12 1 8 1 10 12 1 1 10 12 1 10 12 1 10 12 1 10 12 1 10 12 1 8 1 10 12 1 10 10 7 12 1 1 1 10 12 1 9 100 12 1 1 1 10 100 12 1 1 1 9 12 1 1 10 12 1 10 12 1 10 12 1 10 12 1 10 12 1 10 12 10 10 10 12 1 100 1 10 12 1 10 12 1 1 8 1 9 100 12 1 1 1 10 100 12 1 1 1 10 12 1 1 9 100 12 1 1 1 10 12 1 1 100 1 10 12 1 10 12 1 10 10 12 1 1 10 12 1 1 10 100 12 1 1 10 12 1 10 12 1 10 7 12 1 1 1 10 12 1 1 10 12 1 9 12 1 1 9 12 1 1 100 1 8 1 10 10 12 1 9 12 1 1 10 7 12 1 1 8 1 10 7 12 1 1 8 1 10 12 1 1 10 12 1 8 1 8 1 10 7 12 1 1 1 100 1 10 100 12 1 1 1 10 12 1 10 12 1 7 1 10 9 12 1 1 10 7 12 1 1 8 1 10 12 1 1 7 1 10 10 7 12 1 1 1 8 9 100 12 1 1 1 10 12 1 10 12 1 10 12 1 10 12 1 10 7 12 1 1 11 7 12 1 1 10 12 1 10 12 1 9 12 1 10 12 1 1 10 100 12 1 1 10 100 12 1 1 1 8 10 100 12 1 1 100 1 10 8 8 10 12 1 8 8 8 10 12 1 100 1 10 12 1 9 12 1 1 10 12 1 10 12 1 1 10 12 1 10 12 10 12 1 1 10 12 1 1 10 10 10 12 1 10 12 1 10 12 1 10 12 1 10 12 1 10 10 12 1 100 1 8 1 10 10 10 12 1 1 10 12 1 10 12 1 1 8 1 7 1 10 10 10 7 1 10 12 1 9 7 12 1 1 1 9 12 1 1 7 1 10 10 7 12 1 1 1 100 1 1 1 1 1 5 0 1 1 1 1 1 1 1 1 1 1 1 1 1 1 1 1 1 1 1 1 1 1 1 1 1 1 1 1 1 1 1 1 1 1 1 1 1 1 1 100 1 1 1 1 1 1 1 1 1 1 1 1 1 1 1 1 1 1 1 1 1 1 1 1 1 1 1 1 1 1 1 1 1 1 1 1 1 100 1 1 1 1 1 1 1 1 1 1 1 1 1 1 1 1 100 1 1 1 1 1 1 1 1 1 1 1 1 1 1 1 1 1 1
staticfield java/net/URL defaultFactory Ljava/net/URLStreamHandlerFactory; java/net/URL$DefaultFactory
staticfield java/net/URL streamHandlerLock Ljava/lang/Object; java/lang/Object
staticfield java/net/URL serialPersistentFields [Ljava/io/ObjectStreamField; 7 [Ljava/io/ObjectStreamField;
ciInstanceKlass java/util/jar/Manifest 1 1 336 10 7 12 1 1 1 7 1 10 9 7 12 1 1 1 7 1 10 9 12 1 1 9 12 1 1 10 12 1 10 12 1 1 10 12 1 1 10 12 1 1 10 12 1 1 11 7 1 11 12 1 1 10 12 1 1 10 100 12 1 1 1 100 1 100 1 10 8 1 10 12 1 1 10 12 1 1 10 12 1 10 12 1 11 100 1 10 12 1 10 12 1 1 11 12 1 1 10 12 1 11 12 1 1 11 100 12 1 1 1 11 100 12 1 1 11 12 1 1 100 1 10 12 1 8 1 11 12 1 7 1 10 12 1 1 11 12 1 10 12 1 10 12 1 10 100 12 1 1 1 8 1 10 12 1 1 10 9 7 12 1 1 1 10 12 1 1 10 100 12 1 10 12 1 10 12 1 9 100 12 1 1 1 8 1 10 12 1 8 1 8 1 7 1 10 12 1 10 12 1 10 12 1 1 100 1 8 1 10 12 1 1 8 1 10 10 12 1 1 8 1 10 12 1 1 10 7 12 1 1 1 10 12 1 10 11 12 1 1 10 12 1 10 7 12 1 1 1 10 12 1 1 10 12 1 1 11 10 12 1 11 10 12 1 100 1 1 1 1 1 1 1 1 1 1 1 1 1 1 1 1 1 1 1 1 1 1 1 1 1 1 1 1 1 1 1 1 1 1 1 1 1 1 1 1 1 1 1 100 1 1 1 1 1 1 1 1 1 1 1 1 1 1 100 1 1 1 1 1 1 1 1 1 1 1
instanceKlass com/sun/webkit/SimpleSharedBufferInputStream
instanceKlass sun/nio/ch/NioSocketImpl$1
instanceKlass java/net/Socket$SocketInputStream
instanceKlass com/mysql/jdbc/util/ReadAheadInputStream
instanceKlass com/mysql/jdbc/CompressedInputStream
instanceKlass sun/nio/ch/ChannelInputStream
instanceKlass sun/java2d/cmm/ProfileDeferralInfo
instanceKlass java/util/zip/ZipFile$ZipFileInputStream
instanceKlass java/io/FilterInputStream
instanceKlass java/io/FileInputStream
instanceKlass java/io/ByteArrayInputStream
ciInstanceKlass java/io/InputStream 1 1 180 100 1 10 7 12 1 1 1 100 1 10 10 7 12 1 1 1 10 7 12 1 1 1 10 12 1 100 1 3 10 12 1 1 100 1 8 1 10 12 1 10 7 12 1 1 1 3 100 1 8 1 10 7 1 10 11 7 12 1 1 1 10 100 12 1 1 1 11 12 1 1 11 7 12 1 1 1 11 12 1 1 7 1 10 7 12 1 1 1 5 0 10 12 1 10 12 1 1 100 1 10 8 1 10 8 1 8 1 10 12 1 1 10 100 12 1 1 1 100 1 1 1 1 3 1 3 1 1 1 1 1 1 1 1 1 1 1 1 1 1 1 1 1 1 1 1 1 1 1 1 1 1 1 1 1 1 1 1 1 1 1 1 1 1 1 1 1 1 1 1 1 1 1 1 1 1 1 1 1
ciInstanceKlass java/io/ByteArrayInputStream 1 1 96 10 7 12 1 1 1 9 7 12 1 1 1 9 12 1 1 9 12 1 9 12 1 10 7 12 1 1 1 10 7 12 1 1 1 10 7 12 1 1 1 10 7 12 1 1 1 10 12 1 1 10 100 12 1 1 1 1 1 1 1 1 1 1 1 1 1 1 1 1 1 1 1 1 1 1 1 1 1 1 1 100 1 1 1 1 1 1 1 1 1 1 1 1 1 1
ciInstanceKlass java/util/Objects 1 1 140 10 7 12 1 1 1 100 1 8 1 10 12 1 10 12 1 1 10 7 12 1 1 1 10 12 1 1 10 12 1 10 100 12 1 1 1 10 12 1 1 11 100 12 1 1 1 100 1 10 10 12 1 8 1 10 7 12 1 1 1 8 1 100 1 11 12 1 1 8 1 10 7 12 1 1 1 10 12 1 1 10 12 1 1 1 1 1 1 1 1 1 1 1 1 1 1 1 1 1 1 1 1 1 1 1 1 1 1 1 1 1 1 1 1 1 1 1 1 1 1 1 1 1 1 1 1 1 1 1 1 1 1 1 1 1 1 1 1 1
ciMethod java/util/Objects requireNonNull (Ljava/lang/Object;)Ljava/lang/Object; 526 0 203439 0 64
instanceKlass java/security/Provider
ciInstanceKlass java/util/Properties 1 1 645 10 7 12 1 1 1 100 1 10 7 12 1 1 7 1 10 12 1 9 12 1 1 9 12 1 1 9 12 1 1 10 7 12 1 1 1 10 12 1 1 8 1 10 7 12 1 1 1 7 1 10 12 1 10 12 1 1 8 1 10 12 1 7 1 10 12 10 12 1 1 9 12 1 1 10 12 1 1 7 1 10 12 1 10 12 1 10 12 1 1 100 1 8 1 10 12 1 10 12 1 10 12 1 1 10 12 1 100 1 3 10 10 12 1 1 10 12 1 8 1 10 100 12 1 1 10 12 1 1 10 12 1 10 12 1 10 12 1 1 100 1 10 12 1 10 12 1 1 100 1 9 100 12 1 1 1 10 12 1 10 12 1 1 10 12 1 100 1 10 10 10 12 1 1 11 7 12 1 1 1 11 7 12 1 1 1 11 12 1 1 7 1 11 12 1 11 12 1 10 12 1 1 8 1 10 12 1 10 12 1 7 1 10 10 12 1 1 10 7 12 1 1 9 100 12 1 1 10 12 1 1 10 100 12 1 1 1 100 1 100 1 100 1 10 8 1 8 1 10 12 1 10 12 1 10 12 1 1 10 10 12 1 1 10 12 1 1 100 1 10 10 12 1 11 7 12 1 1 10 7 12 1 1 1 8 1 10 100 12 1 1 11 8 1 10 100 1 11 9 12 1 10 12 1 10 12 1 10 12 1 10 12 1 1 10 12 1 1 10 12 1 1 10 12 1 10 12 1 10 10 12 1 10 12 1 10 12 1 10 10 12 1 1 10 12 1 1 7 1 10 10 12 1 10 12 1 10 12 1 10 12 1 10 12 1 1 10 12 1 1 10 12 1 10 12 1 10 12 1 1 10 12 10 12 1 1 10 12 1 1 10 12 1 10 12 1 1 10 12 1 1 10 12 100 1 10 11 100 12 1 1 4 11 10 12 1 1 10 100 12 1 1 11 12 1 10 12 1 1 10 100 12 1 1 10 12 1 100 1 8 1 10 12 1 10 10 100 12 1 1 1 100 1 6 0 10 12 1 1 11 100 12 1 1 1 10 12 1 10 12 1 1 1 1 1 5 0 1 1 1 1 1 1 1 1 1 1 1 1 1 1 1 1 1 1 1 1 1 1 1 1 1 1 1 1 1 1 1 1 1 1 1 1 1 1 1 1 100 1 1 1 1 1 1 1 1 1 1 1 1 1 1 1 1 1 1 1 100 1 1 1 1 1 1 1 100 1 100 1 1 1 1 100 1 1 1 1 1 1 1 1 1 1 1 1 1 1 1 1 1 1 1 1 1 1 1 1 1 1 1 1 1 1 1 1 1 1 1 1 1 1 1 1 1 1 1 1 1 1 1 1 1 1 1 1 1 1 1 1 1 1 1 1 1 1 1 1 1 1 1 1 1 1 1 1 1 1 1 1 1 100 1 1 1 1 1 1 1 1 1 100 1 1 1
staticfield java/util/Properties UNSAFE Ljdk/internal/misc/Unsafe; jdk/internal/misc/Unsafe
staticfield java/util/Properties hexDigit [C 16
instanceKlass java/util/Hashtable
ciInstanceKlass java/util/Dictionary 1 1 36 10 7 12 1 1 1 100 1 1 1 1 1 1 1 1 1 1 1 1 1 1 1 1 1 1 1 1 1 1 1 1 1 1 1 1
instanceKlass javax/swing/UIDefaults
instanceKlass java/util/Properties
ciInstanceKlass java/util/Hashtable 1 1 488 100 1 10 7 12 1 1 1 9 7 12 1 1 1 100 1 100 1 10 8 1 10 12 1 1 10 12 1 10 12 1 1 10 12 1 10 7 12 1 1 1 8 1 10 12 1 9 12 1 1 7 1 9 12 1 1 4 10 7 12 1 1 1 9 12 1 4 10 12 1 11 100 12 1 1 1 10 12 1 1 10 12 1 1 9 12 1 10 12 1 1 100 1 10 9 12 1 1 10 7 12 1 1 1 9 12 1 1 10 12 1 10 12 1 3 9 12 1 9 12 1 3 10 12 1 10 12 1 10 12 1 1 11 12 1 1 11 100 12 1 1 1 11 100 12 1 1 1 11 12 1 100 1 11 12 1 11 12 1 10 12 1 1 10 12 1 1 10 12 1 9 12 1 1 9 12 9 12 1 1 10 100 1 100 1 10 12 1 10 8 1 10 10 12 1 8 1 10 8 1 10 100 12 1 1 1 7 1 10 12 1 10 12 1 100 1 10 12 1 10 12 1 1 100 1 10 100 1 10 10 12 1 1 11 12 1 1 11 12 1 100 1 10 10 10 100 12 1 1 11 100 12 1 1 1 100 1 10 11 100 12 1 1 11 100 12 1 10 12 1 10 12 1 1 10 100 12 1 1 10 12 1 1 10 12 1 1 10 12 1 1 10 100 12 1 1 100 1 10 10 12 1 8 1 10 12 10 100 12 1 1 1 100 1 11 100 12 1 1 1 10 12 1 10 12 1 1 10 100 1 100 1 1 1 1 1 1 5 0 1 1 1 1 1 3 1 3 1 3 1 1 1 1 1 1 1 1 1 1 1 1 1 1 1 1 1 1 1 1 1 1 1 1 1 100 1 1 1 1 1 1 1 1 1 1 1 1 1 1 1 1 1 1 1 1 1 1 1 1 1 1 1 1 1 100 1 1 1 1 1 1 1 1 1 1 1 1 1 1 1 1 1 1 1 1 1 1 1 1 1 1 1 1 1 1 1 1 1 1 1 1 1 1 1 1 1 1 1 1 1 1 1 1 1 1 1 1 1 1 1 1 1 1 100 1 1 1 100 1 1 1 1 1 100 1 1 1 1 1 1 1 1 1 1 1 1 1
ciInstanceKlass java/lang/AssertionStatusDirectives 0 0 24 10 100 12 1 1 1 100 1 1 1 1 1 1 1 1 1 1 1 1 1 1 1 1
ciInstanceKlass java/util/Iterator 1 1 53 100 1 8 1 10 12 1 1 10 100 12 1 1 1 11 100 12 1 1 1 11 12 1 1 11 100 12 1 1 1 100 1 1 1 1 1 1 1 1 1 1 1 1 1 1 1 1 1 1 1 1 1
ciInstanceKlass java/lang/Record 0 0 35 10 100 12 1 1 1 100 1 1 1 1 1 1 1 1 1 1 1 1 1 1 1 1 1 1 1 1 3 1 100 1 100 1 1
ciInstanceKlass jdk/internal/loader/ClassLoaders$AppClassLoader 1 1 121 8 1 10 7 12 1 1 1 9 7 12 1 1 1 10 7 12 1 1 1 10 100 12 1 1 1 10 12 1 1 10 100 12 1 1 1 10 12 1 1 10 12 1 1 7 1 8 1 10 12 10 7 12 1 1 1 10 100 12 1 1 10 12 1 1 10 7 12 1 1 1 100 1 10 12 1 1 1 1 1 1 1 1 1 1 1 1 1 1 1 1 1 1 1 100 1 1 1 1 1 1 1 1 1 1 1 1 1 1 1 1 1 1 100 1 1 1 100 1 1
instanceKlass jdk/internal/loader/ClassLoaders$BootClassLoader
instanceKlass jdk/internal/loader/ClassLoaders$PlatformClassLoader
instanceKlass jdk/internal/loader/ClassLoaders$AppClassLoader
ciInstanceKlass jdk/internal/loader/BuiltinClassLoader 1 1 717 10 7 12 1 1 1 10 7 12 1 1 1 9 7 12 1 1 1 9 12 1 1 7 1 10 12 1 9 12 1 1 10 12 1 9 12 1 10 7 12 1 1 1 10 7 12 1 1 1 11 7 12 1 1 1 100 1 100 1 10 10 12 1 1 8 1 10 12 1 10 12 1 7 1 10 12 1 10 12 1 1 11 7 12 1 1 1 11 7 12 1 1 1 11 12 1 1 7 1 9 12 1 8 1 8 1 10 9 12 1 1 10 7 12 1 1 11 12 1 1 10 12 1 1 10 12 1 1 10 12 1 1 10 7 12 1 1 1 10 12 1 10 100 12 1 1 1 10 12 1 1 11 7 12 1 1 1 10 7 12 1 1 7 1 10 7 12 1 1 1 10 12 1 100 1 8 1 10 12 1 1 10 8 1 10 12 1 1 10 12 1 1 10 12 1 1 11 7 12 1 1 11 12 1 7 1 10 11 12 1 1 11 10 12 1 1 7 1 10 12 1 10 7 12 1 10 12 1 7 1 10 12 1 10 7 12 1 1 1 100 1 10 12 1 1 11 12 1 7 1 100 1 10 12 1 10 12 1 1 100 1 100 1 10 12 1 10 7 12 1 1 18 12 1 1 10 12 1 10 12 1 1 18 100 1 10 7 12 1 1 1 7 1 10 10 12 1 1 10 12 1 1 10 12 1 1 10 12 1 9 12 1 1 100 1 10 10 12 1 1 10 12 1 1 10 12 1 10 12 10 12 1 1 10 12 1 1 10 12 1 1 10 12 1 10 12 1 1 18 12 1 7 1 10 12 1 1 10 12 1 10 12 1 1 10 12 1 100 1 10 12 1 7 1 10 12 1 10 7 12 1 1 1 10 12 1 11 12 1 7 1 10 12 1 7 1 100 1 10 12 1 10 12 1 11 12 1 1 10 12 1 1 10 12 1 1 10 12 1 1 10 12 1 1 10 12 1 10 12 1 10 12 1 10 12 1 8 1 10 12 1 1 10 7 12 1 1 10 12 1 100 1 8 1 8 1 10 10 12 1 8 1 8 1 10 7 12 1 1 1 11 7 12 1 1 1 9 7 12 1 1 1 10 7 12 1 1 1 9 12 1 9 12 1 9 12 1 9 12 1 9 12 1 9 12 1 10 7 12 1 1 1 8 1 10 12 1 7 1 10 12 1 1 10 12 1 7 1 10 11 12 1 1 10 12 10 12 1 10 12 1 100 1 10 12 1 10 12 1 10 10 12 1 10 7 12 1 1 8 1 1 1 1 1 1 1 1 1 1 1 1 1 1 1 1 1 1 1 1 1 1 1 1 1 1 1 1 1 1 1 1 1 1 1 1 1 1 1 1 1 1 1 1 1 1 1 1 1 100 1 1 1 1 1 1 1 1 1 1 1 1 1 1 1 1 1 1 100 1 100 1 1 1 1 1 1 1 1 1 1 1 1 1 1 1 1 1 1 1 1 1 1 1 1 1 1 1 1 1 1 1 1 1 1 1 1 1 1 1 1 1 1 1 1 1 1 1 1 1 100 1 1 15 10 100 12 1 1 1 16 15 10 12 16 15 10 12 16 15 10 12 16 1 1 1 100 1 1 1 1 1 100 1 100 1 1
staticfield jdk/internal/loader/BuiltinClassLoader packageToModule Ljava/util/Map; java/util/concurrent/ConcurrentHashMap
staticfield jdk/internal/loader/BuiltinClassLoader $assertionsDisabled Z 1
ciInstanceKlass jdk/internal/loader/ClassLoaders$PlatformClassLoader 1 1 42 8 1 10 7 12 1 1 1 10 7 12 1 1 1 100 1 10 12 1 100 1 1 1 1 1 1 1 1 1 1 1 1 1 1 100 1 1 1 100 1 1
ciInstanceKlass java/lang/ArithmeticException 1 1 26 10 100 12 1 1 1 10 12 1 100 1 1 1 1 5 0 1 1 1 1 1 1 1 1 1
instanceKlass javafx/scene/transform/NonInvertibleTransformException
instanceKlass java/net/URISyntaxException
instanceKlass javafx/scene/web/DirectoryLock$DirectoryAlreadyInUseException
instanceKlass java/awt/AWTException
instanceKlass com/sun/javafx/geom/transform/NoninvertibleTransformException
instanceKlass java/util/concurrent/ExecutionException
instanceKlass javax/swing/UnsupportedLookAndFeelException
instanceKlass javax/xml/bind/JAXBException
instanceKlass javax/xml/parsers/ParserConfigurationException
instanceKlass org/xml/sax/SAXException
instanceKlass javax/xml/transform/TransformerException
instanceKlass java/lang/CloneNotSupportedException
instanceKlass javax/swing/text/BadLocationException
instanceKlass java/text/ParseException
instanceKlass jxl/JXLException
instanceKlass org/apache/commons/codec/EncoderException
instanceKlass org/apache/commons/codec/DecoderException
instanceKlass sun/nio/fs/WindowsException
instanceKlass sun/security/pkcs11/wrapper/PKCS11Exception
instanceKlass java/security/GeneralSecurityException
instanceKlass javax/naming/NamingException
instanceKlass java/sql/SQLException
instanceKlass java/lang/InterruptedException
instanceKlass java/security/PrivilegedActionException
instanceKlass java/io/IOException
instanceKlass java/lang/ReflectiveOperationException
instanceKlass java/lang/RuntimeException
ciInstanceKlass java/lang/Exception 1 1 40 10 7 12 1 1 1 10 12 1 10 12 1 10 12 1 10 12 1 100 1 1 1 1 5 0 1 1 1 1 1 1 1 1 1 1 1 1 1 1
instanceKlass com/sun/javafx/geom/IllegalPathStateException
instanceKlass java/util/ConcurrentModificationException
instanceKlass com/sun/javafx/geom/transform/SingularMatrixException
instanceKlass org/codehaus/jackson/map/RuntimeJsonMappingException
instanceKlass org/apache/commons/logging/LogConfigurationException
instanceKlass org/springframework/core/NestedRuntimeException
instanceKlass java/lang/reflect/UndeclaredThrowableException
instanceKlass java/util/NoSuchElementException
instanceKlass java/time/DateTimeException
instanceKlass com/mysql/jdbc/AssertionFailedException
instanceKlass java/lang/SecurityException
instanceKlass java/lang/IndexOutOfBoundsException
instanceKlass java/security/ProviderException
instanceKlass java/util/MissingResourceException
instanceKlass java/lang/UnsupportedOperationException
instanceKlass java/lang/IllegalStateException
instanceKlass java/lang/IllegalArgumentException
instanceKlass java/lang/ArithmeticException
instanceKlass java/lang/NullPointerException
instanceKlass java/lang/IllegalMonitorStateException
instanceKlass java/lang/ArrayStoreException
instanceKlass java/lang/ClassCastException
ciInstanceKlass java/lang/RuntimeException 1 1 40 10 7 12 1 1 1 10 12 1 10 12 1 10 12 1 10 12 1 100 1 1 1 1 5 0 1 1 1 1 1 1 1 1 1 1 1 1 1 1
ciInstanceKlass java/lang/ArrayStoreException 1 1 26 10 100 12 1 1 1 10 12 1 100 1 1 1 1 5 0 1 1 1 1 1 1 1 1 1
ciInstanceKlass java/lang/ClassCastException 1 1 26 10 100 12 1 1 1 10 12 1 100 1 1 1 1 5 0 1 1 1 1 1 1 1 1 1
ciInstanceKlass java/lang/ClassNotFoundException 1 1 96 7 1 10 7 12 1 1 1 10 12 1 10 12 1 1 10 100 12 1 1 1 8 1 10 100 12 1 1 1 10 7 12 1 1 10 100 12 1 1 1 10 100 12 1 1 1 10 12 1 1 7 1 10 12 1 9 12 1 1 1 1 1 5 0 1 1 1 1 1 1 1 1 1 1 1 1 1 1 1 1 1 1 100 1 1 1 1 1 1 1 1 1 1 1 1
staticfield java/lang/ClassNotFoundException serialPersistentFields [Ljava/io/ObjectStreamField; 1 [Ljava/io/ObjectStreamField;
instanceKlass java/lang/reflect/InvocationTargetException
instanceKlass java/lang/InstantiationException
instanceKlass java/lang/IllegalAccessException
instanceKlass java/lang/NoSuchFieldException
instanceKlass java/lang/NoSuchMethodException
instanceKlass java/lang/ClassNotFoundException
ciInstanceKlass java/lang/ReflectiveOperationException 1 1 34 10 7 12 1 1 1 10 12 1 10 12 1 10 12 1 100 1 1 1 1 5 0 1 1 1 1 1 1 1 1 1 1 1
ciInstanceKlass java/lang/IllegalMonitorStateException 1 1 26 10 100 12 1 1 1 10 12 1 100 1 1 1 1 5 0 1 1 1 1 1 1 1 1 1
ciInstanceKlass java/lang/BootstrapMethodError 0 0 45 10 100 12 1 1 1 10 12 1 10 12 1 10 100 12 1 1 1 10 100 12 1 1 1 1 1 1 5 0 1 1 1 1 1 1 1 1 1 1 1 100 1 1 1
instanceKlass java/lang/UnsatisfiedLinkError
instanceKlass java/lang/IncompatibleClassChangeError
instanceKlass java/lang/BootstrapMethodError
instanceKlass java/lang/NoClassDefFoundError
ciInstanceKlass java/lang/LinkageError 1 1 31 10 7 12 1 1 1 10 12 1 10 12 1 100 1 1 1 1 5 0 1 1 1 1 1 1 1 1 1 1 1
ciInstanceKlass java/lang/NullPointerException 1 1 52 10 7 12 1 1 1 10 12 1 9 7 12 1 1 1 10 12 1 1 9 12 1 1 10 12 1 1 10 12 1 1 1 1 5 0 1 1 1 1 1 1 1 1 100 1 100 1 100 1 1 1
ciInstanceKlass java/lang/NoClassDefFoundError 0 0 26 10 100 12 1 1 1 10 12 1 100 1 1 1 1 5 0 1 1 1 1 1 1 1 1 1
ciInstanceKlass java/lang/OutOfMemoryError 1 1 26 10 100 12 1 1 1 10 12 1 100 1 1 1 1 5 0 1 1 1 1 1 1 1 1 1
instanceKlass java/lang/InternalError
instanceKlass java/lang/StackOverflowError
instanceKlass java/lang/OutOfMemoryError
ciInstanceKlass java/lang/VirtualMachineError 1 1 34 10 100 12 1 1 1 10 12 1 10 12 1 10 12 1 100 1 1 1 1 5 0 1 1 1 1 1 1 1 1 1 1 1
ciInstanceKlass java/lang/StackOverflowError 1 1 26 10 100 12 1 1 1 10 12 1 100 1 1 1 1 5 0 1 1 1 1 1 1 1 1 1
ciInstanceKlass java/lang/StackTraceElement 1 1 224 10 7 12 1 1 1 10 7 12 1 1 9 12 1 1 9 12 1 1 9 12 1 9 12 1 8 1 10 100 12 1 1 1 7 1 9 12 1 8 1 9 12 1 9 12 1 9 12 1 1 8 1 10 12 1 1 10 12 1 7 1 10 10 12 1 1 8 1 10 12 1 1 10 12 1 8 1 8 1 8 1 10 12 1 8 1 8 1 10 12 1 8 1 8 1 10 12 1 1 10 12 1 10 12 1 1 10 12 1 9 12 1 1 10 7 12 1 1 1 10 12 1 1 7 1 10 12 1 1 10 7 12 1 1 10 7 12 1 1 1 10 7 12 1 1 10 7 12 1 1 10 10 12 1 1 10 12 1 10 12 1 1 100 1 1 1 1 1 3 1 3 1 1 5 0 1 1 1 1 1 1 1 1 1 1 1 1 1 1 1 1 1 1 1 1 1 1 1 1 1 1 100 1 100 1 1 1 1 1 1 1 1 1 1 100 1 1 1 1 1 1 1 1
instanceKlass java/util/concurrent/locks/AbstractQueuedSynchronizer
ciInstanceKlass java/util/concurrent/locks/AbstractOwnableSynchronizer 1 1 32 10 7 12 1 1 1 9 7 12 1 1 1 100 1 1 1 1 5 0 1 1 1 1 1 1 1 1 1 1 1 1
ciInstanceKlass java/lang/Math 1 1 387 10 100 12 1 1 1 10 7 12 1 1 1 10 12 1 10 12 1 10 12 1 10 12 1 10 12 1 7 1 6 0 6 0 10 12 1 10 12 1 10 12 1 10 12 1 10 12 1 10 12 1 1 10 12 1 10 12 1 10 12 1 10 12 1 10 12 1 10 7 12 1 1 1 100 1 3 3 3 10 7 12 1 1 1 100 1 5 0 5 0 5 0 5 0 5 0 9 100 12 1 1 1 10 100 12 1 1 1 100 1 8 1 10 12 1 8 1 10 12 1 1 10 12 1 1 100 1 5 0 5 0 100 1 3 5 0 3 5 0 10 12 1 10 12 1 8 1 10 12 1 8 1 9 12 1 1 9 12 1 10 12 1 1 6 0 10 12 1 9 12 1 1 100 1 10 10 12 1 100 1 10 12 1 10 12 1 1 10 12 1 10 12 1 10 12 1 1 10 12 6 0 10 12 1 1 10 12 1 1 10 12 10 12 1 4 10 12 1 1 10 12 1 10 12 1 10 12 1 10 12 1 10 12 1 10 12 1 10 12 1 10 12 1 10 12 1 10 12 1 5 0 6 0 4 6 0 4 6 0 4 10 12 1 1 9 12 1 1 10 12 1 9 12 1 10 7 12 1 1 1 4 6 0 1 1 6 0 1 6 0 1 1 1 1 1 1 1 1 1 1 1 1 1 1 1 1 1 1 1 1 1 1 1 1 1 1 1 1 1 1 1 1 1 1 1 1 1 1 1 1 1 1 1 1 1 1 1 1 1 1 1 1 1 1 1 1 1 1 1 1 1 1 1 1 1 1 1 1 1 1 1 1 1 1 1 1 1 1 1 1 1 1 1 1 1 1 1 1 1 1 1 1 1 1 1 1
staticfield java/lang/Math negativeZeroFloatBits J -2147483648
staticfield java/lang/Math negativeZeroDoubleBits J -9223372036854775808
staticfield java/lang/Math $assertionsDisabled Z 1
ciMethod java/lang/Math min (II)I 514 0 224439 0 -1
instanceKlass java/nio/DoubleBuffer
instanceKlass java/nio/FloatBuffer
instanceKlass java/nio/ShortBuffer
instanceKlass java/nio/IntBuffer
instanceKlass java/nio/LongBuffer
instanceKlass java/nio/CharBuffer
instanceKlass java/nio/ByteBuffer
ciInstanceKlass java/nio/Buffer 1 1 205 100 1 10 7 12 1 1 1 9 7 12 1 1 1 9 12 1 9 12 1 1 9 12 1 9 12 1 1 10 12 1 1 10 12 1 1 10 12 100 1 100 1 10 8 1 10 12 1 1 10 12 1 8 1 8 1 10 12 1 1 10 12 1 8 1 9 12 1 1 100 1 8 1 10 12 1 8 1 8 1 9 12 10 12 1 8 1 8 1 8 1 10 12 1 8 1 8 1 8 1 100 1 10 100 1 10 100 1 10 100 1 10 11 100 12 1 1 10 7 12 1 1 1 10 7 12 1 1 1 9 12 1 1 7 1 10 10 7 12 1 1 1 1 1 3 1 1 1 1 1 1 1 1 1 1 1 1 1 1 1 1 1 1 100 1 1 1 1 1 1 1 1 1 1 1 1 1 1 1 1 1 1 1 1 1 1 1 1 1 1 1 1 1 1 1 1 1 1 1 1 1 1 1 1
staticfield java/nio/Buffer UNSAFE Ljdk/internal/misc/Unsafe; jdk/internal/misc/Unsafe
staticfield java/nio/Buffer $assertionsDisabled Z 1
ciInstanceKlass jdk/internal/misc/UnsafeConstants 1 1 34 10 100 12 1 1 1 9 7 12 1 1 1 9 12 1 9 12 1 1 9 12 1 9 12 1 1 1 1 1 1 1 1 1
staticfield jdk/internal/misc/UnsafeConstants ADDRESS_SIZE0 I 8
staticfield jdk/internal/misc/UnsafeConstants PAGE_SIZE I 4096
staticfield jdk/internal/misc/UnsafeConstants BIG_ENDIAN Z 0
staticfield jdk/internal/misc/UnsafeConstants UNALIGNED_ACCESS Z 1
staticfield jdk/internal/misc/UnsafeConstants DATA_CACHE_LINE_FLUSH_SIZE I 0
ciInstanceKlass jdk/internal/misc/Unsafe 1 1 1297 10 7 12 1 1 1 9 7 12 1 1 1 9 12 1 1 10 12 1 1 10 7 12 1 1 1 10 12 1 1 10 12 1 1 10 12 1 1 10 12 1 1 10 12 1 1 10 12 1 1 10 12 1 1 10 12 1 1 10 12 1 1 10 12 1 1 10 12 1 1 10 12 1 1 10 12 1 1 10 12 1 10 12 1 100 1 10 10 12 1 1 10 12 1 1 5 0 10 12 1 1 10 12 1 1 10 7 12 1 1 1 10 12 1 1 10 12 1 10 12 1 10 12 1 1 10 12 1 1 10 12 1 10 12 1 100 1 100 1 10 8 1 10 12 1 1 10 12 1 8 1 10 12 1 1 10 12 1 10 12 1 10 12 1 1 10 12 1 10 12 1 1 10 12 1 1 10 12 1 10 12 1 10 12 1 10 12 1 1 10 12 1 10 12 1 10 12 1 1 10 12 1 5 0 5 0 5 0 10 12 1 10 12 1 10 12 1 10 12 1 10 12 1 10 12 1 10 12 1 10 12 1 10 12 1 1 10 12 1 10 12 1 100 1 8 1 10 100 1 10 10 12 1 1 10 12 1 1 10 12 1 10 12 1 1 10 12 1 1 10 12 1 10 12 1 1 10 12 1 9 7 12 1 1 9 12 1 100 1 10 10 12 1 1 10 12 1 10 12 1 1 8 1 10 8 1 8 1 10 12 1 1 9 7 12 1 1 1 9 100 1 9 7 1 9 7 1 9 9 100 1 9 7 1 9 100 1 10 12 1 1 10 12 1 1 10 12 1 1 10 12 1 1 5 0 5 0 9 12 1 1 10 12 1 10 12 1 10 12 1 1 10 12 1 1 10 12 1 8 1 3 10 12 1 1 10 12 1 1 10 12 1 10 12 1 1 10 12 1 1 10 12 1 10 12 1 10 12 1 10 12 1 10 12 1 10 12 1 1 10 12 1 1 10 12 1 10 12 1 10 12 1 10 12 1 10 12 1 10 12 1 1 10 12 1 1 10 12 1 10 12 1 10 12 1 10 12 1 10 12 1 10 12 1 1 10 12 1 1 10 12 1 1 10 12 1 1 10 12 1 10 12 1 10 12 1 10 12 1 10 12 1 10 12 1 10 12 1 1 10 12 1 1 10 12 1 10 12 1 10 12 1 10 12 1 10 12 1 10 12 1 10 12 1 1 10 12 1 1 10 12 1 10 12 1 10 12 1 10 12 1 10 12 1 10 12 1 10 12 1 10 12 1 1 10 12 1 10 12 1 10 12 1 10 12 1 10 12 1 1 10 12 1 10 12 1 10 12 1 10 12 1 10 12 1 10 12 1 10 12 1 10 12 1 1 10 12 1 10 12 1 10 12 1 10 12 1 10 12 1 10 12 1 1 10 12 1 10 12 1 10 12 1 1 10 12 1 10 12 1 10 12 1 10 12 1 10 12 1 10 12 1 10 12 1 10 12 1 10 12 1 10 12 1 10 12 1 10 12 1 10 12 1 10 12 1 10 12 1 10 12 1 10 12 1 10 12 1 10 12 1 10 12 1 10 12 1 10 12 1 100 1 10 100 1 10 9 12 1 5 0 10 12 1 1 5 0 10 12 1 5 0 10 12 1 10 12 1 10 12 1 1 10 12 1 1 10 12 1 10 12 1 10 12 1 10 12 1 1 10 12 1 10 12 1 10 12 1 10 12 1 10 12 1 1 10 12 1 10 12 1 10 12 1 10 12 1 1 10 12 1 10 12 1 10 12 1 1 10 12 1 10 12 1 10 12 1 10 12 1 1 10 12 1 10 10 12 1 1 10 12 1 10 12 1 1 10 12 1 10 12 5 0 5 0 5 0 10 12 1 1 10 12 1 10 12 1 10 12 10 100 12 1 1 8 1 100 1 11 12 1 1 8 1 11 12 1 1 10 100 12 1 1 10 12 1 10 12 1 10 12 1 10 12 1 10 12 1 1 10 12 1 10 12 1 10 12 1 10 12 1 10 12 1 10 12 1 10 7 1 10 12 1 9 12 1 7 1 9 12 1 7 1 9 12 1 7 1 9 12 1 7 1 9 12 1 7 1 9 12 1 7 1 9 12 1 7 1 9 12 1 7 1 9 12 1 10 12 1 9 12 1 9 12 1 9 12 1 9 12 1 9 12 1 9 12 1 9 12 1 9 12 1 9 12 1 9 12 1 1 1 3 1 1 1 1 1 1 1 1 1 1 1 1 1 1 1 1 1 1 1 1 1 1 1 1 1 1 1 1 1 1 1 1 1 1 1 1 1 1 1 1 1 1 1 1 1 1 1 1 1 1 1 1 1 1 1 1 1 1 1 1 1 1 1 1 1 1 1 1 1 1 1 1 1 1 1 1 1 1 1 1 1 1 1 1 1 1 1 1 1 1 1 1 1 1 100 1 1 1 1 1 1 1 1 1 1 1 1 1 1 1 1 1 1 1 1 1 1 1 1 1 1 1 1 1 1 1 1 1 1 1 1 1 1 1 1 1 1 1 1 1 1 1 1 1 1 1 1 1 1 1 1 1 1 1 1 1 1 1 1 1 1 1 1 1 1 1 1 1 1 1 1 1 1 1 1 1 1 1 1 1 1 1 1 1 1 1 1 1 1 1 1 1 1 1 1 1 1 1 1 1 1 1 1 1 1 1 1 1 1 1 1 1 1 1 1 1 1 1 1 1 1 1 1 1 1 1 1 1 1 1 1 1 1 1 1 1 1 1 1 1 1 1 1 1 1 1 1 1 1 1 1 1 1 1 1 1 1 1 1 1 1 1 1 1 1 1 1 1 1 1 1 1 1 1 1 1 1 1 1 1 1 1 1 1 1 1 1 1 1 1 1 1 1 1 1 1 1 1 1 1 1 1 3 1 1 1 1 1 1 1 1 1 1 1 1 1 1 1 1 1 1 1 1 1
staticfield jdk/internal/misc/Unsafe theUnsafe Ljdk/internal/misc/Unsafe; jdk/internal/misc/Unsafe
staticfield jdk/internal/misc/Unsafe ARRAY_BOOLEAN_BASE_OFFSET I 16
staticfield jdk/internal/misc/Unsafe ARRAY_BYTE_BASE_OFFSET I 16
staticfield jdk/internal/misc/Unsafe ARRAY_SHORT_BASE_OFFSET I 16
staticfield jdk/internal/misc/Unsafe ARRAY_CHAR_BASE_OFFSET I 16
staticfield jdk/internal/misc/Unsafe ARRAY_INT_BASE_OFFSET I 16
staticfield jdk/internal/misc/Unsafe ARRAY_LONG_BASE_OFFSET I 16
staticfield jdk/internal/misc/Unsafe ARRAY_FLOAT_BASE_OFFSET I 16
staticfield jdk/internal/misc/Unsafe ARRAY_DOUBLE_BASE_OFFSET I 16
staticfield jdk/internal/misc/Unsafe ARRAY_OBJECT_BASE_OFFSET I 16
staticfield jdk/internal/misc/Unsafe ARRAY_BOOLEAN_INDEX_SCALE I 1
staticfield jdk/internal/misc/Unsafe ARRAY_BYTE_INDEX_SCALE I 1
staticfield jdk/internal/misc/Unsafe ARRAY_SHORT_INDEX_SCALE I 2
staticfield jdk/internal/misc/Unsafe ARRAY_CHAR_INDEX_SCALE I 2
staticfield jdk/internal/misc/Unsafe ARRAY_INT_INDEX_SCALE I 4
staticfield jdk/internal/misc/Unsafe ARRAY_LONG_INDEX_SCALE I 8
staticfield jdk/internal/misc/Unsafe ARRAY_FLOAT_INDEX_SCALE I 4
staticfield jdk/internal/misc/Unsafe ARRAY_DOUBLE_INDEX_SCALE I 8
staticfield jdk/internal/misc/Unsafe ARRAY_OBJECT_INDEX_SCALE I 4
staticfield jdk/internal/misc/Unsafe ADDRESS_SIZE I 8
instanceKlass jdk/internal/reflect/FieldAccessorImpl
instanceKlass jdk/internal/reflect/ConstructorAccessorImpl
instanceKlass jdk/internal/reflect/MethodAccessorImpl
ciInstanceKlass jdk/internal/reflect/MagicAccessorImpl 1 1 16 10 7 12 1 1 1 100 1 1 1 1 1 1 1 1
instanceKlass jdk/internal/reflect/GeneratedMethodAccessor23
instanceKlass jdk/internal/reflect/GeneratedMethodAccessor22
instanceKlass jdk/internal/reflect/GeneratedMethodAccessor21
instanceKlass jdk/internal/reflect/GeneratedMethodAccessor20
instanceKlass jdk/internal/reflect/GeneratedMethodAccessor19
instanceKlass jdk/internal/reflect/GeneratedMethodAccessor18
instanceKlass jdk/internal/reflect/GeneratedMethodAccessor17
instanceKlass jdk/internal/reflect/GeneratedMethodAccessor16
instanceKlass jdk/internal/reflect/GeneratedMethodAccessor15
instanceKlass jdk/internal/reflect/GeneratedMethodAccessor14
instanceKlass jdk/internal/reflect/GeneratedMethodAccessor13
instanceKlass jdk/internal/reflect/GeneratedMethodAccessor12
instanceKlass jdk/internal/reflect/GeneratedMethodAccessor11
instanceKlass jdk/internal/reflect/GeneratedMethodAccessor10
instanceKlass jdk/internal/reflect/GeneratedMethodAccessor9
instanceKlass jdk/internal/reflect/GeneratedMethodAccessor8
instanceKlass jdk/internal/reflect/GeneratedMethodAccessor7
instanceKlass jdk/internal/reflect/GeneratedMethodAccessor6
instanceKlass jdk/internal/reflect/GeneratedMethodAccessor5
instanceKlass jdk/internal/reflect/GeneratedMethodAccessor4
instanceKlass jdk/internal/reflect/GeneratedMethodAccessor3
instanceKlass jdk/internal/reflect/GeneratedMethodAccessor2
instanceKlass jdk/internal/reflect/GeneratedMethodAccessor1
instanceKlass jdk/internal/reflect/DelegatingMethodAccessorImpl
instanceKlass jdk/internal/reflect/NativeMethodAccessorImpl
ciInstanceKlass jdk/internal/reflect/MethodAccessorImpl 1 1 25 10 7 12 1 1 1 100 1 100 1 1 1 1 1 1 1 1 1 100 1 100 1 1 1
instanceKlass jdk/internal/reflect/GeneratedConstructorAccessor5
instanceKlass jdk/internal/reflect/GeneratedConstructorAccessor4
instanceKlass jdk/internal/reflect/GeneratedConstructorAccessor3
instanceKlass jdk/internal/reflect/GeneratedConstructorAccessor2
instanceKlass jdk/internal/reflect/BootstrapConstructorAccessorImpl
instanceKlass jdk/internal/reflect/GeneratedConstructorAccessor1
instanceKlass jdk/internal/reflect/DelegatingConstructorAccessorImpl
instanceKlass jdk/internal/reflect/NativeConstructorAccessorImpl
ciInstanceKlass jdk/internal/reflect/ConstructorAccessorImpl 1 1 27 10 7 12 1 1 1 100 1 100 1 1 1 1 1 1 1 1 1 100 1 100 1 100 1 1 1
ciInstanceKlass jdk/internal/reflect/DelegatingClassLoader 1 1 18 10 7 12 1 1 1 100 1 1 1 1 1 1 1 1 1 1
ciInstanceKlass jdk/internal/reflect/CallerSensitive 1 1 17 100 1 100 1 100 1 1 1 1 1 1 1 1 1 1 1
ciInstanceKlass jdk/internal/reflect/NativeConstructorAccessorImpl 1 1 101 10 7 12 1 1 1 9 7 12 1 1 1 9 12 1 1 10 7 12 1 1 1 10 7 12 1 1 1 10 7 12 1 1 1 10 7 12 1 1 1 7 1 10 10 12 1 1 10 12 1 10 12 1 10 12 1 1 9 12 1 1 10 7 12 1 1 1 10 12 1 1 1 1 1 1 1 1 1 1 1 1 1 1 1 1 1 1 1 1 100 1 100 1 100 1 1 1 1 1 1
ciInstanceKlass jdk/internal/reflect/ConstantPool 1 1 142 10 100 12 1 1 1 9 7 12 1 1 1 10 12 1 1 10 12 1 1 10 12 1 10 12 1 1 10 12 1 1 10 12 1 10 12 1 1 10 12 1 10 12 1 1 10 12 1 10 12 1 10 12 1 10 12 1 1 10 12 1 1 10 12 1 1 10 12 1 1 10 12 1 10 12 1 1 10 100 12 1 1 1 8 11 7 12 1 1 1 10 7 12 1 1 1 1 1 1 1 1 1 1 1 1 1 1 1 1 1 1 1 1 1 1 1 1 1 1 1 1 1 1 1 1 1 1 1 1 1 1 1 1 1 1 1 1 1 1 1 1
instanceKlass jdk/internal/reflect/UnsafeQualifiedStaticFieldAccessorImpl
ciInstanceKlass jdk/internal/reflect/UnsafeStaticFieldAccessorImpl 1 1 47 10 7 12 1 1 1 9 7 12 1 1 1 10 7 12 1 1 1 9 12 1 1 8 11 7 12 1 1 1 10 7 12 1 1 1 1 1 1 1 1 1 1 1 1 1 1
instanceKlass jdk/internal/reflect/UnsafeFieldAccessorImpl
ciInstanceKlass jdk/internal/reflect/FieldAccessorImpl 1 1 59 10 7 12 1 1 1 100 1 100 1 1 1 1 1 1 1 1 1 100 1 1 1 1 1 1 1 1 1 1 1 1 1 1 1 1 1 1 1 100 1 1 1 1 1 1 1 1 1 1 1 1 1 1 1 1 1 1 1
instanceKlass jdk/internal/reflect/UnsafeObjectFieldAccessorImpl
instanceKlass jdk/internal/reflect/UnsafeStaticFieldAccessorImpl
ciInstanceKlass jdk/internal/reflect/UnsafeFieldAccessorImpl 1 1 254 10 7 12 1 1 1 9 7 12 1 1 1 10 7 12 1 1 1 10 7 12 1 1 1 9 12 1 1 10 7 12 1 1 1 9 12 1 1 10 12 1 10 12 1 9 12 1 10 12 1 1 10 7 12 1 1 10 7 12 1 1 1 10 12 1 1 100 1 10 10 12 1 1 10 12 1 1 8 1 10 10 12 1 100 1 8 1 10 12 1 8 1 10 12 1 8 1 10 12 1 100 1 10 12 1 1 10 8 1 10 12 1 1 8 1 10 100 12 1 1 8 1 10 100 12 1 1 8 1 10 100 12 1 1 8 1 10 100 12 1 1 8 1 10 100 12 1 1 8 1 10 100 12 1 1 8 1 10 100 12 1 1 8 1 10 100 12 1 1 10 12 1 1 8 1 8 1 8 1 8 1 8 1 8 1 10 100 12 1 1 1 8 1 8 1 8 1 10 12 10 12 1 1 1 1 1 1 1 1 1 1 1 1 1 1 1 1 1 1 1 1 1 1 1 1 1 1 1 1 1 1 1 1 1 1 1 1 1 1 1 1 1 1 1 1 1 1 1 1 1 1 1 1
staticfield jdk/internal/reflect/UnsafeFieldAccessorImpl unsafe Ljdk/internal/misc/Unsafe; jdk/internal/misc/Unsafe
instanceKlass java/lang/invoke/VolatileCallSite
instanceKlass java/lang/invoke/MutableCallSite
instanceKlass java/lang/invoke/ConstantCallSite
ciInstanceKlass java/lang/invoke/CallSite 1 1 302 10 7 12 1 1 1 10 7 12 1 1 1 9 7 12 1 1 1 10 12 1 1 9 12 1 1 10 7 12 1 1 1 10 12 1 100 1 10 12 1 1 10 12 1 1 9 100 12 1 1 1 10 100 12 1 1 10 12 1 1 100 1 100 1 10 10 100 12 1 1 1 10 12 1 1 8 1 10 12 1 10 12 1 1 10 12 1 10 12 1 1 10 12 1 1 10 10 100 12 1 1 10 12 1 1 9 12 1 9 100 12 1 1 1 8 1 10 7 12 1 1 1 10 12 1 1 100 1 10 12 1 1 9 12 1 8 1 100 1 10 12 1 10 12 1 100 1 8 1 10 10 12 1 10 12 1 1 100 1 10 12 1 1 10 12 1 10 12 1 10 12 1 1 10 12 1 1 9 12 1 1 8 10 12 1 1 9 12 1 1 100 1 10 10 12 1 10 100 12 1 1 1 10 12 1 1 10 12 1 1 10 12 1 10 7 12 1 1 1 100 1 8 1 10 10 12 10 12 1 1 100 1 100 1 100 1 8 1 10 12 1 10 7 12 1 1 1 1 1 1 1 1 1 1 1 1 1 1 1 1 1 1 1 1 1 1 1 1 1 1 1 1 1 1 1 1 1 1 1 1 1 1 1 1 1 1 1 1 1 1 1 1 1 1 1 1 1 1 1 1 1
staticfield java/lang/invoke/CallSite $assertionsDisabled Z 1
ciInstanceKlass java/lang/invoke/ConstantCallSite 1 1 65 10 7 12 1 1 1 9 7 12 1 1 1 9 12 1 1 10 7 12 1 1 1 10 12 1 100 1 10 12 9 12 1 1 100 1 10 10 12 1 1 10 12 1 1 1 1 1 1 1 1 1 1 1 1 1 100 1 1 1 1 1 1 1 1
staticfield java/lang/invoke/ConstantCallSite UNSAFE Ljdk/internal/misc/Unsafe; jdk/internal/misc/Unsafe
instanceKlass java/lang/invoke/DirectMethodHandle$Special
instanceKlass java/lang/invoke/DirectMethodHandle$Interface
instanceKlass java/lang/invoke/DirectMethodHandle$Constructor
instanceKlass java/lang/invoke/DirectMethodHandle$Accessor
ciInstanceKlass java/lang/invoke/DirectMethodHandle 1 1 936 7 1 7 1 100 1 7 1 7 1 10 7 12 1 1 1 10 7 12 1 1 1 100 1 10 12 1 10 12 1 1 10 7 12 1 1 10 12 1 1 10 12 1 10 12 1 7 1 10 12 1 1 10 12 1 1 10 12 1 10 12 1 1 10 7 12 1 1 1 10 12 1 9 12 1 1 100 1 10 9 12 1 1 9 12 1 10 12 1 10 12 1 10 12 1 1 10 12 1 10 12 1 10 12 1 10 7 12 1 1 1 10 12 1 10 12 1 1 8 1 10 12 1 1 7 1 10 12 1 7 1 10 10 12 1 10 12 1 10 12 1 10 7 12 1 1 1 10 12 1 1 100 1 10 12 1 10 12 1 7 1 10 12 1 10 12 1 1 10 12 1 1 10 12 1 8 10 100 12 1 1 1 10 12 1 10 12 1 10 12 1 1 10 12 1 9 7 12 1 1 1 7 1 10 12 1 10 7 12 1 1 1 10 12 1 10 12 1 1 9 12 1 1 100 1 10 8 1 10 12 1 1 10 12 1 10 12 1 10 10 12 1 10 12 1 10 12 1 10 12 1 10 12 1 1 10 12 1 10 12 1 1 10 12 1 10 12 1 1 10 10 7 12 1 1 1 10 12 1 10 12 1 1 10 12 1 10 12 1 1 8 1 9 7 12 1 1 1 8 1 9 12 1 9 12 1 8 1 9 12 1 9 12 1 8 1 9 12 1 9 12 1 8 1 10 12 1 10 12 1 1 9 12 1 1 7 1 10 12 1 1 100 1 10 7 12 1 1 1 10 12 1 1 10 12 1 10 12 1 1 7 1 10 12 1 1 10 12 1 10 12 1 1 7 1 10 12 1 1 10 7 12 1 1 1 10 12 1 10 12 1 10 12 1 9 12 1 1 10 7 1 9 12 9 12 1 10 7 12 1 1 1 10 12 1 7 1 7 1 7 1 9 12 1 1 10 7 12 1 10 12 1 1 10 12 1 10 12 1 1 9 100 12 1 1 1 10 12 1 1 100 1 10 12 1 100 1 10 12 1 1 10 12 1 8 1 9 12 1 9 12 1 10 12 1 9 12 1 1 10 100 12 1 1 1 9 12 1 1 9 12 1 1 10 12 1 10 12 1 10 12 1 10 12 1 10 12 1 1 10 12 1 10 7 12 1 1 9 12 1 10 12 1 10 12 1 10 12 1 10 12 1 1 10 12 1 1 9 12 1 1 10 12 1 1 9 7 12 1 1 1 9 12 1 9 12 1 9 12 1 9 12 1 9 12 1 9 12 1 9 12 1 9 12 1 9 12 1 9 12 1 9 12 1 9 12 1 9 12 1 9 12 1 9 12 1 9 12 1 9 12 1 9 12 1 9 12 1 9 12 1 9 12 1 9 12 1 9 12 1 9 12 1 9 12 1 9 12 1 9 12 1 9 12 1 9 12 1 9 12 1 9 12 1 9 12 1 9 12 1 9 12 1 9 12 1 9 12 1 8 1 9 12 1 1 9 12 1 1 10 12 1 10 12 1 1 9 7 1 10 12 1 9 12 1 1 10 12 10 12 1 10 12 1 10 12 1 10 8 1 8 1 8 1 8 1 10 12 1 1 9 12 1 1 10 12 1 10 100 12 1 1 1 8 9 12 1 1 10 12 1 1 8 1 8 8 9 12 1 8 1 8 8 8 8 8 1 8 10 12 1 10 12 1 8 1 8 1 10 12 1 10 12 1 10 12 1 10 12 1 1 7 1 1 1 1 3 1 3 1 3 1 3 1 3 1 3 1 3 1 3 1 3 1 3 1 1 1 1 1 1 1 1 1 1 3 1 3 1 1 1 1 3 1 1 1 1 1 1 1 1 1 1 1 1 1 1 1 1 1 1 1 1 1 1 1 1 1 1 1 1 1 1 1 1 1 1 1 1 1 1 1 1 1 1 1 1 1 1 1 1 1 1 1 1 1 1 1 1 100 1 1 1 1 1 1 1 1 1 1 1 1 1 1 100 1 1 1 1 1 1 1 1 1 1 1 1 1 1 1 1 1 1 1 1 1 1 1 1 1 1 1 1 1 1 1 1 1 1 1 1 1 1 1 1 1 1 1 1 1 1 1 1 1 1
staticfield java/lang/invoke/DirectMethodHandle IMPL_NAMES Ljava/lang/invoke/MemberName$Factory; java/lang/invoke/MemberName$Factory
staticfield java/lang/invoke/DirectMethodHandle FT_UNCHECKED_REF I 8
staticfield java/lang/invoke/DirectMethodHandle ACCESSOR_FORMS [Ljava/lang/invoke/LambdaForm; 132 [Ljava/lang/invoke/LambdaForm;
staticfield java/lang/invoke/DirectMethodHandle ALL_WRAPPERS [Lsun/invoke/util/Wrapper; 10 [Lsun/invoke/util/Wrapper;
staticfield java/lang/invoke/DirectMethodHandle NFS [Ljava/lang/invoke/LambdaForm$NamedFunction; 12 [Ljava/lang/invoke/LambdaForm$NamedFunction;
staticfield java/lang/invoke/DirectMethodHandle OBJ_OBJ_TYPE Ljava/lang/invoke/MethodType; java/lang/invoke/MethodType
staticfield java/lang/invoke/DirectMethodHandle LONG_OBJ_TYPE Ljava/lang/invoke/MethodType; java/lang/invoke/MethodType
staticfield java/lang/invoke/DirectMethodHandle $assertionsDisabled Z 1
instanceKlass java/lang/invoke/DelegatingMethodHandle
instanceKlass java/lang/invoke/BoundMethodHandle
instanceKlass java/lang/invoke/DirectMethodHandle
ciInstanceKlass java/lang/invoke/MethodHandle 1 1 614 100 1 9 7 12 1 1 1 10 7 12 1 1 1 10 7 12 1 1 1 7 1 7 1 10 12 1 1 9 12 1 1 10 12 1 10 12 1 1 10 12 1 1 10 100 12 1 1 1 10 12 1 1 10 12 1 1 11 100 12 1 1 1 10 12 1 1 10 12 1 10 12 1 9 12 1 1 10 12 1 1 100 1 100 1 10 8 1 10 12 1 1 10 12 1 8 1 10 12 1 1 10 12 1 10 7 12 1 1 1 10 12 1 10 12 1 1 10 12 1 1 10 12 1 1 10 12 1 1 10 7 12 1 1 1 10 100 12 1 1 1 7 1 10 12 1 1 10 12 1 1 10 12 1 1 8 1 10 7 12 1 1 1 8 1 10 12 1 1 10 12 1 1 10 12 1 1 10 12 1 8 1 10 12 1 1 8 1 10 12 1 8 1 10 100 12 1 1 1 9 12 1 1 100 1 10 9 100 12 1 1 1 9 100 1 8 1 10 12 1 1 10 12 1 10 12 1 1 10 12 1 10 12 1 1 10 12 1 10 12 1 1 10 12 1 1 10 12 1 10 12 1 1 10 12 1 1 8 1 10 12 1 1 8 1 10 12 1 10 12 1 1 10 12 1 10 12 1 10 12 1 1 9 100 12 1 1 1 10 12 1 1 11 12 1 10 12 1 10 12 1 1 10 100 12 1 1 1 100 1 11 12 1 10 100 1 11 12 1 100 1 10 12 1 11 12 1 9 100 12 1 1 1 11 12 1 1 11 100 12 1 1 1 10 12 1 1 9 12 1 11 12 1 9 12 1 9 12 1 9 12 1 11 12 1 1 9 12 1 9 12 1 9 12 1 9 12 1 9 12 1 9 12 1 9 12 1 8 1 10 12 1 10 12 1 8 1 10 12 1 10 12 1 10 10 7 12 1 1 10 12 1 1 100 1 8 1 10 12 1 1 10 12 1 1 10 12 1 10 12 1 100 1 10 100 12 1 1 1 10 12 1 9 100 12 1 1 1 10 12 1 1 10 12 1 1 8 1 9 12 1 9 12 1 1 9 12 1 1 10 7 12 1 1 1 10 12 1 10 12 1 1 10 12 1 1 10 12 1 8 10 12 1 1 1 1 1 1 1 1 1 1 100 1 1 1 1 1 1 1 1 1 1 1 1 1 1 1 1 1 1 1 1 1 1 1 1 1 1 1 1 1 1 1 1 1 1 1 1 1 1 1 1 1 1 1 1 1 1 1 1 1 1 1 1 1 1 1 1 1 1 1 1 1 1 1 1 1 1 1 1 1 100 1 1 1 1 1 1 1 1 1 100 1 1 1 1 1 1 1 1 1 1 1 1 1 1 1 1 1 1 1 100 1 1 100 1 1 100 1 1 1 1
staticfield java/lang/invoke/MethodHandle FORM_OFFSET J 20
staticfield java/lang/invoke/MethodHandle $assertionsDisabled Z 1
ciInstanceKlass java/lang/invoke/MutableCallSite 0 0 63 10 100 12 1 1 1 10 12 1 9 100 12 1 1 1 10 12 1 10 12 1 1 9 12 1 1 10 100 12 1 1 1 10 100 12 1 1 1 10 12 1 1 1 1 1 1 1 1 1 1 1 1 1 1 1 1 1 1 100 1 1 1
ciInstanceKlass java/lang/invoke/VolatileCallSite 0 0 37 10 100 12 1 1 1 10 12 1 10 100 12 1 1 1 10 12 1 10 12 1 1 1 1 1 1 1 1 1 1 1 1 1 1 1 1
instanceKlass java/lang/invoke/VarHandleReferences$Array
instanceKlass java/lang/invoke/VarHandleLongs$FieldInstanceReadOnly
instanceKlass java/lang/invoke/VarHandleInts$FieldInstanceReadOnly
instanceKlass java/lang/invoke/VarHandleReferences$FieldInstanceReadOnly
ciInstanceKlass java/lang/invoke/VarHandle 1 1 335 10 7 12 1 1 1 9 7 12 1 1 1 100 1 10 8 1 10 12 1 1 10 7 12 1 1 1 10 12 1 1 10 100 12 1 1 1 9 100 12 1 1 1 10 12 1 1 10 100 12 1 1 1 10 12 1 1 9 12 1 10 12 1 10 12 1 1 9 100 12 1 1 1 9 12 1 1 10 100 12 1 1 10 12 1 10 10 12 1 1 10 12 1 1 10 100 12 1 1 1 10 100 12 1 1 1 10 100 12 1 1 1 9 12 1 1 10 9 12 1 1 10 12 1 10 12 1 1 10 12 1 1 10 100 12 1 1 10 100 12 1 1 1 9 12 1 1 10 12 1 1 9 12 1 1 10 12 1 1 10 12 1 10 100 12 1 1 100 1 10 9 7 12 1 1 1 9 12 1 1 10 7 12 1 1 1 10 12 1 10 12 1 10 12 1 10 12 1 10 12 1 10 12 1 1 7 1 10 10 7 12 1 1 1 9 12 1 1 8 10 12 1 1 7 1 10 12 1 1 100 1 1 1 1 1 1 1 1 1 1 1 1 1 1 1 1 1 1 1 1 1 1 1 1 1 1 1 1 1 1 1 1 1 1 1 1 1 1 1 1 1 1 1 1 1 1 1 1 1 1 1 1 1 1 1 1 1 1 1 1 1 1 1 1 1 1 1 1 1 1 1 1 1 1 1 1 1 1 1 1 1 1 1 1 1 1 100 1 100 1 100 1 100 1 1 1 1 1 1 1 100 1 1 1
staticfield java/lang/invoke/VarHandle AIOOBE_SUPPLIER Ljava/util/function/BiFunction; jdk/internal/util/Preconditions$1
staticfield java/lang/invoke/VarHandle VFORM_OFFSET J 12
staticfield java/lang/invoke/VarHandle $assertionsDisabled Z 1
ciInstanceKlass java/lang/invoke/MethodType 1 1 782 7 1 10 7 12 1 1 1 9 12 1 1 9 12 1 1 9 12 1 1 10 7 12 1 1 1 9 7 12 1 1 8 1 10 100 12 1 1 1 10 12 1 1 9 7 1 9 7 1 10 12 1 1 100 1 10 8 1 10 12 1 1 10 12 1 10 12 1 1 100 1 8 1 10 12 1 100 1 10 10 12 1 10 12 1 1 10 12 1 1 11 7 12 1 1 1 9 12 1 11 12 1 1 7 7 1 10 7 12 1 1 1 10 12 1 9 12 1 1 10 7 12 1 1 10 12 1 10 12 1 1 10 7 12 1 1 1 10 7 12 1 1 1 10 12 1 9 12 1 1 10 12 1 1 100 1 10 12 1 1 10 12 1 1 10 12 1 1 10 12 1 1 10 12 1 1 10 12 1 10 12 1 10 12 1 1 10 12 1 8 1 8 1 10 12 1 1 9 12 1 1 100 1 10 10 12 1 1 10 12 1 10 12 1 1 10 12 1 1 10 10 12 1 10 12 1 1 10 12 1 8 1 10 12 1 1 10 100 12 1 1 1 10 12 1 10 12 1 1 10 12 1 10 12 1 10 12 1 1 10 12 1 10 12 1 9 12 1 10 12 1 10 10 12 1 1 10 12 1 9 12 1 1 10 12 1 1 10 10 12 1 1 10 12 1 1 10 10 12 1 1 7 1 10 12 10 12 1 10 12 1 100 1 8 1 8 1 8 1 10 12 1 10 12 1 10 12 1 10 11 12 1 1 11 12 1 10 100 12 1 1 1 9 12 1 10 12 1 10 12 1 1 10 12 1 1 10 12 1 10 12 1 10 100 12 1 1 1 10 12 1 1 10 12 1 10 12 1 10 12 1 10 9 12 1 1 7 1 10 12 1 10 12 1 1 9 100 12 1 1 1 10 100 12 1 1 1 10 100 12 1 1 1 10 12 1 1 10 100 12 1 1 1 10 12 1 1 8 1 10 7 12 1 1 1 11 12 1 1 9 12 1 1 10 12 1 1 10 12 1 10 12 1 1 10 12 1 1 10 100 12 1 1 100 1 10 12 1 1 11 100 12 1 1 1 18 12 1 1 11 12 1 1 18 12 1 11 12 1 100 1 11 100 12 1 1 10 12 1 100 1 10 12 1 10 100 12 1 1 10 12 1 1 9 12 1 1 9 100 12 1 1 1 10 100 12 1 1 1 9 12 1 10 100 12 1 1 10 12 1 100 10 12 1 1 10 12 1 10 7 1 7 1 9 12 1 1 100 1 100 1 100 1 1 1 5 0 1 1 1 1 1 1 1 3 1 3 1 3 1 1 1 1 1 1 1 1 1 1 1 1 1 1 1 1 1 1 1 1 1 1 1 1 1 1 1 1 1 1 1 1 1 1 1 1 1 1 1 1 1 1 1 1 1 1 1 1 1 1 1 1 1 1 1 1 1 1 1 1 1 1 1 1 1 1 1 1 1 1 1 1 1 1 1 1 1 1 1 1 1 1 1 1 1 1 1 1 1 1 1 1 1 1 1 1 1 1 1 1 1 1 1 1 1 1 1 1 1 1 1 1 1 1 1 1 1 1 1 1 1 1 1 1 1 1 1 1 100 1 100 1 1 1 1 1 1 1 1 1 1 1 1 1 100 1 1 1 100 1 1 1 1 1 1 1 1 1 1 1 1 1 1 1 1 1 1 1 1 1 15 10 100 12 1 1 1 16 15 10 12 16 16 15 10 12 16 1 1 1 1 100 1 1 100 1 1 100 1 100 1 1
staticfield java/lang/invoke/MethodType internTable Ljava/lang/invoke/MethodType$ConcurrentWeakInternSet; java/lang/invoke/MethodType$ConcurrentWeakInternSet
staticfield java/lang/invoke/MethodType NO_PTYPES [Ljava/lang/Class; 0 [Ljava/lang/Class;
staticfield java/lang/invoke/MethodType objectOnlyTypes [Ljava/lang/invoke/MethodType; 20 [Ljava/lang/invoke/MethodType;
staticfield java/lang/invoke/MethodType METHOD_HANDLE_ARRAY [Ljava/lang/Class; 1 [Ljava/lang/Class;
staticfield java/lang/invoke/MethodType serialPersistentFields [Ljava/io/ObjectStreamField; 0 [Ljava/io/ObjectStreamField;
staticfield java/lang/invoke/MethodType $assertionsDisabled Z 1
ciInstanceKlass java/lang/invoke/MemberName 1 1 754 7 1 7 1 100 1 9 12 1 1 10 7 12 1 1 1 9 12 1 1 10 12 1 1 10 12 1 1 10 12 1 1 10 12 1 10 12 1 1 10 7 12 1 1 1 10 12 1 9 100 12 1 1 10 12 1 100 1 7 1 10 12 1 8 1 10 12 1 1 10 12 1 10 12 1 1 10 12 1 9 12 1 1 8 1 10 100 12 1 1 1 7 1 10 10 12 1 1 100 1 100 1 10 12 1 1 9 12 1 1 100 1 8 1 10 12 1 10 12 1 10 12 1 10 12 1 10 12 1 1 10 12 1 10 12 1 10 12 1 1 10 12 1 1 10 12 1 8 1 8 1 8 1 10 100 12 1 1 1 10 12 1 9 12 1 1 3 10 12 1 10 12 1 10 12 1 10 10 7 12 1 1 1 10 12 1 10 12 1 10 12 1 10 12 1 7 1 8 10 12 1 1 10 12 1 1 8 1 9 100 1 8 9 100 1 10 12 1 1 8 1 10 12 1 1 10 12 1 10 12 1 10 12 1 10 12 1 1 100 1 10 12 1 1 10 12 1 8 1 10 12 1 10 12 1 8 1 10 12 1 1 10 12 1 1 100 1 10 12 1 1 10 12 8 1 8 1 100 1 10 12 1 10 100 12 1 1 1 100 1 10 12 10 12 1 10 12 1 10 12 1 10 12 1 10 10 12 1 10 12 1 10 12 1 3 10 12 1 3 10 12 1 3 3 3 3 3 3 3 7 1 10 12 1 10 7 12 1 1 1 10 12 1 3 9 12 1 10 12 1 1 3 10 12 1 10 10 7 12 1 1 1 10 12 1 1 10 7 1 10 10 12 1 10 12 1 10 12 1 10 10 12 1 1 10 12 1 10 12 1 10 12 1 100 1 10 10 10 12 100 1 10 10 10 12 1 1 10 12 1 1 10 10 12 1 8 10 100 1 10 12 1 10 100 1 10 12 1 10 12 1 10 12 1 10 10 12 1 10 12 1 1 10 12 1 1 10 12 1 10 12 1 10 12 1 100 1 10 12 1 1 100 1 8 1 10 7 1 10 12 1 10 12 10 12 1 1 10 12 1 10 12 1 8 1 8 1 8 1 8 1 10 12 1 10 12 1 10 12 1 1 8 1 8 1 10 12 1 8 1 10 10 12 1 10 12 1 8 1 8 1 10 10 12 1 8 1 10 7 12 1 1 1 8 1 10 12 1 10 12 1 1 10 12 1 8 1 8 1 8 1 8 1 7 1 10 8 1 8 1 8 1 8 1 10 12 1 100 1 100 1 100 1 10 100 1 10 100 1 10 100 12 1 1 1 9 7 12 1 1 1 10 12 1 100 1 100 1 1 1 1 1 1 1 3 1 3 1 3 1 3 1 3 1 3 1 1 1 1 1 1 1 1 3 1 3 1 1 1 1 3 1 1 1 1 1 1 1 1 1 1 1 1 1 1 1 1 1 1 1 1 1 1 1 1 1 1 1 1 1 1 1 1 1 1 1 1 1 1 1 1 1 1 1 1 1 1 1 1 1 1 1 1 1 1 1 1 1 1 1 1 1 1 1 1 1 1 1 1 1 1 1 1 1 1 1 1 1 1 1 1 1 1 1 1 1 1 1 1 1 1 1 1 1 1 1 1 1 1 1 1 1 1 1 1 1 1 100 1 1 1 1 1 1 1 1 1 1 1 1 1 1 1
staticfield java/lang/invoke/MemberName $assertionsDisabled Z 1
ciInstanceKlass java/lang/invoke/ResolvedMethodName 1 1 16 10 100 12 1 1 1 100 1 1 1 1 1 1 1 1
ciInstanceKlass java/lang/invoke/MethodHandleNatives 1 1 678 100 1 10 7 12 1 1 1 9 7 12 1 1 1 10 12 1 1 100 1 10 10 12 1 1 10 12 1 10 12 1 8 1 8 1 8 1 8 1 8 1 8 1 8 1 8 1 8 1 8 1 10 12 1 1 7 1 10 7 12 1 1 1 10 100 12 1 1 1 7 1 10 10 12 1 1 8 1 10 12 1 8 1 10 12 1 1 8 1 10 12 1 1 9 100 12 1 1 1 8 1 10 100 12 1 1 1 100 1 10 12 100 1 100 1 8 1 7 1 10 10 12 1 7 1 9 7 12 1 1 10 12 1 1 10 12 1 10 7 12 1 1 1 7 1 10 12 1 1 10 7 12 1 1 1 10 12 1 10 12 1 1 10 12 1 1 9 12 1 8 1 10 12 1 8 1 10 12 1 8 1 8 1 8 1 100 1 10 12 1 8 1 10 12 1 1 10 12 1 10 100 12 1 1 1 100 1 8 1 10 100 12 1 1 1 7 1 8 1 10 12 1 8 1 8 1 8 1 8 1 8 1 10 12 1 1 10 12 1 1 10 12 1 10 12 1 1 10 12 1 1 7 1 10 12 1 100 1 100 1 10 12 1 10 12 1 8 1 8 1 10 10 12 1 1 10 12 1 1 8 1 10 100 12 1 1 1 8 1 8 1 10 12 1 1 10 7 12 1 1 1 100 1 10 12 1 1 7 1 9 12 1 1 10 7 12 1 1 1 10 10 12 1 9 12 1 10 12 1 1 9 12 1 9 12 1 10 12 1 1 10 12 1 10 12 1 1 7 1 7 1 10 12 1 1 10 12 1 10 12 1 1 10 7 12 1 1 1 10 12 1 1 8 1 10 12 1 10 12 1 10 12 1 1 10 12 1 10 7 12 1 1 1 10 12 1 1 100 1 8 1 10 9 7 12 1 1 1 10 12 1 1 10 12 1 1 100 1 10 12 1 1 10 12 1 1 100 1 100 1 10 10 100 1 100 1 10 100 1 10 10 12 1 1 10 100 1 10 12 1 10 12 1 10 12 1 1 10 12 1 1 10 12 1 1 10 12 1 10 12 1 1 10 10 12 1 8 1 100 1 10 12 1 10 12 1 10 12 1 10 12 1 10 12 1 1 10 12 1 9 12 1 1 11 7 12 1 1 1 10 12 1 10 12 1 10 10 12 1 10 7 12 1 1 1 1 1 1 1 1 1 1 1 1 1 1 1 100 1 1 1 1 1 1 1 1 1 1 1 1 1 1 1 1 1 1 1 1 1 1 1 1 1 1 1 1 1 1 1 1 1 1 1 1 1 1 1 1 1 1 1 1 1 1 1 1 1 1 1 1 1 1 1 1 1 1 1 1 1 1 1 1 1 1 1 1 1 1 1 1 1 1 1 1 1 1 1 1 1 1 1 1 1 1 1 1 1 1 1 1 1 1 1 1 1 1 100 1 1 1 1 1 1 1 1 1 1 1 1 1 1 1 1 1 1 1 1 1 1 1 1 1 1 1 1 7 1 1 1 1 1 1 1 100 1 1 1
staticfield java/lang/invoke/MethodHandleNatives JLA Ljdk/internal/access/JavaLangAccess; java/lang/System$2
staticfield java/lang/invoke/MethodHandleNatives $assertionsDisabled Z 1
ciInstanceKlass java/lang/invoke/MethodHandleNatives$CallSiteContext 1 1 49 10 7 12 1 1 1 7 1 10 10 7 12 1 1 1 10 7 12 1 1 1 10 7 12 1 1 1 100 1 1 1 1 1 1 1 1 1 1 1 1 1 1 1 1 1 100 1 1
ciInstanceKlass java/lang/invoke/LambdaForm 1 1 1070 100 1 9 7 12 1 1 1 10 7 12 1 1 1 10 7 12 1 1 9 12 1 1 9 12 1 1 10 12 1 1 100 1 10 9 12 1 10 12 1 1 9 12 1 10 7 12 1 1 1 9 12 1 9 12 1 9 12 1 1 9 12 1 10 12 1 1 7 1 10 12 1 10 12 1 1 10 12 1 10 100 12 1 1 1 10 100 12 1 1 1 10 12 1 10 12 1 1 9 100 12 1 1 1 10 12 1 1 9 12 1 10 12 1 1 10 12 1 10 12 1 1 10 12 1 1 10 100 12 1 1 1 7 1 10 10 12 1 1 8 1 10 12 1 10 12 1 10 12 1 1 7 1 10 7 12 1 1 1 10 12 1 1 10 12 1 10 12 1 1 9 12 1 1 9 12 1 9 12 1 1 10 12 1 9 12 1 10 100 12 1 1 1 10 12 1 1 10 12 1 9 12 1 1 10 100 12 1 1 1 10 12 1 10 12 1 10 12 1 10 12 1 10 12 1 10 12 1 1 10 12 1 10 12 1 1 8 1 10 12 1 10 12 1 8 1 8 1 9 12 1 9 12 1 9 12 1 1 10 12 1 1 10 10 12 1 9 12 1 10 12 1 1 10 7 12 1 1 1 10 12 1 1 10 12 1 10 12 1 10 12 1 1 9 12 1 10 12 1 8 1 8 1 8 1 8 1 8 1 8 1 8 1 8 1 10 12 1 9 12 1 7 1 10 12 1 1 9 12 1 10 12 1 10 12 1 1 10 12 10 12 1 10 12 1 1 10 12 1 1 10 12 1 1 10 12 1 1 10 12 1 10 10 12 1 1 10 12 1 1 10 12 1 10 12 1 1 100 1 8 1 10 12 1 1 10 12 1 10 12 1 1 10 8 1 10 12 1 1 8 1 8 1 10 12 1 9 12 1 1 10 12 1 1 10 12 1 1 100 1 10 12 1 1 10 12 1 10 7 12 1 1 1 10 12 1 1 9 12 1 1 8 1 10 100 12 1 1 1 10 7 12 1 1 10 12 10 10 12 1 1 9 12 1 8 10 12 1 1 100 1 10 12 1 1 10 12 1 9 7 12 1 1 9 12 1 1 8 1 10 100 12 1 1 10 12 1 1 100 1 100 1 10 10 12 1 1 8 1 8 1 100 1 8 1 10 12 10 12 1 10 12 1 1 8 1 8 1 9 100 12 1 1 1 10 12 1 10 12 1 1 8 1 8 1 8 1 100 1 8 1 100 1 8 1 100 1 8 1 10 12 1 8 1 9 10 7 12 1 1 1 10 12 1 9 12 1 1 10 12 1 10 10 12 1 10 12 1 10 12 1 10 12 1 1 10 12 1 10 12 1 1 10 12 1 1 10 12 1 1 8 1 100 10 12 1 10 12 1 9 12 1 1 10 7 12 1 1 8 1 8 1 100 1 8 1 8 1 8 1 8 1 8 1 8 1 8 1 8 1 10 12 1 1 10 12 1 1 10 12 1 10 12 1 8 1 8 1 8 1 10 12 1 8 1 10 12 1 8 1 8 1 8 1 8 1 8 1 10 12 1 10 12 1 10 12 1 1 10 7 12 1 1 1 10 12 1 10 12 1 10 12 1 10 12 1 1 10 12 1 10 12 1 10 12 1 9 12 1 1 8 1 10 12 1 1 9 12 1 1 10 12 1 1 9 12 1 9 12 1 1 9 12 1 9 12 1 1 7 1 10 7 12 1 1 1 9 12 1 10 12 1 10 12 1 8 1 10 12 1 9 12 1 1 7 1 10 7 12 1 1 1 8 1 100 1 10 12 1 9 12 1 9 12 1 10 12 1 10 12 1 10 7 12 1 1 1 10 12 1 9 7 12 1 1 10 12 1 10 12 1 10 12 1 9 12 10 12 1 10 10 12 1 9 10 12 1 9 12 1 7 9 12 1 1 10 12 1 1 9 12 1 10 12 1 10 7 1 9 1 1 1 1 3 1 3 1 3 1 1 1 1 1 1 1 1 1 1 1 1 1 1 1 1 1 1 1 1 1 1 1 1 1 1 1 1 1 1 1 1 1 1 1 1 1 1 1 1 1 1 1 1 1 1 1 1 1 1 1 1 1 1 1 1 100 1 1 1 1 1 1 1 1 1 1 1 1 1 1 1 1 1 1 1 1 1 1 1 1 1 1 1 1 1 1 1 1 1 1 1 1 1 1 1 1 1 1 1 1 1 1 1 1 1 1 1 1 1 1 1 100 1 1 1 1 1 1 1 1 1 1 1 1 1 1 1 1 1 1 1 1 1 1 1 1 1 1 1 1 1 1 1 1 1 1 1 1 100 1 1 1 1 1 1 1 1 1 1 1 1 1 1 1 1 1 1 1 1 1 1 100 1 1 1 100 1 1 100 1 1 1 1 1 1 1 1 1 1 1
staticfield java/lang/invoke/LambdaForm COMPILE_THRESHOLD I 0
staticfield java/lang/invoke/LambdaForm INTERNED_ARGUMENTS [[Ljava/lang/invoke/LambdaForm$Name; 5 [[Ljava/lang/invoke/LambdaForm$Name;
staticfield java/lang/invoke/LambdaForm IMPL_NAMES Ljava/lang/invoke/MemberName$Factory; java/lang/invoke/MemberName$Factory
staticfield java/lang/invoke/LambdaForm LF_identity [Ljava/lang/invoke/LambdaForm; 6 [Ljava/lang/invoke/LambdaForm;
staticfield java/lang/invoke/LambdaForm LF_zero [Ljava/lang/invoke/LambdaForm; 6 [Ljava/lang/invoke/LambdaForm;
staticfield java/lang/invoke/LambdaForm NF_identity [Ljava/lang/invoke/LambdaForm$NamedFunction; 6 [Ljava/lang/invoke/LambdaForm$NamedFunction;
staticfield java/lang/invoke/LambdaForm NF_zero [Ljava/lang/invoke/LambdaForm$NamedFunction; 6 [Ljava/lang/invoke/LambdaForm$NamedFunction;
staticfield java/lang/invoke/LambdaForm createFormsLock Ljava/lang/Object; java/lang/Object
staticfield java/lang/invoke/LambdaForm DEBUG_NAME_COUNTERS Ljava/util/HashMap; null
staticfield java/lang/invoke/LambdaForm DEBUG_NAMES Ljava/util/HashMap; null
staticfield java/lang/invoke/LambdaForm TRACE_INTERPRETER Z 0
staticfield java/lang/invoke/LambdaForm $assertionsDisabled Z 1
ciInstanceKlass java/lang/StackWalker 1 1 235 9 7 12 1 1 1 10 7 12 1 1 1 7 1 10 7 12 1 1 1 10 12 1 1 11 7 12 1 1 1 10 12 1 1 10 12 1 1 10 12 1 1 100 1 8 1 10 12 1 10 12 1 10 12 1 10 7 12 1 1 9 12 1 1 9 12 1 1 9 12 1 1 9 12 1 1 10 12 1 1 9 12 1 1 10 7 12 1 1 1 11 12 1 1 100 1 8 1 10 10 100 12 1 1 9 12 1 1 10 12 1 1 10 7 12 1 1 1 10 100 12 1 1 1 18 12 1 1 100 1 8 1 10 10 12 1 1 10 7 12 1 1 1 9 7 12 1 1 11 100 12 1 1 1 10 12 1 1 1 1 1 1 1 1 1 1 1 1 1 1 1 1 1 1 1 1 1 1 1 1 1 1 1 1 1 1 1 1 1 1 1 1 1 1 1 1 1 1 1 1 1 1 1 1 1 1 1 100 1 1 15 10 100 12 1 1 1 16 15 10 12 16 1 1 1 1 1 1 1 100 1 100 1 1
staticfield java/lang/StackWalker DEFAULT_EMPTY_OPTION Ljava/util/EnumSet; java/util/RegularEnumSet
staticfield java/lang/StackWalker DEFAULT_WALKER Ljava/lang/StackWalker; java/lang/StackWalker
instanceKlass java/lang/LiveStackFrameInfo
ciInstanceKlass java/lang/StackFrameInfo 0 0 132 10 100 12 1 1 1 9 100 12 1 1 1 9 100 1 9 12 1 1 11 100 12 1 1 1 9 12 1 1 11 12 1 1 10 12 1 1 10 100 12 1 1 1 10 12 1 11 12 1 11 12 1 1 11 12 1 10 12 1 1 9 12 1 1 10 12 1 1 10 100 12 1 1 10 12 1 1 11 12 1 1 10 12 1 9 12 1 1 10 12 1 1 100 1 8 1 10 12 1 10 100 12 1 1 1 100 1 1 1 1 1 1 1 1 1 1 1 1 1 1 1 1 1 1 100 1 1 1 1 1 1
ciInstanceKlass java/lang/LiveStackFrameInfo 0 0 97 10 100 12 1 1 1 9 100 12 1 1 1 9 12 1 9 12 1 9 12 1 9 12 1 1 100 1 10 12 1 1 10 12 1 8 1 10 12 1 1 8 1 8 1 8 1 10 100 1 10 12 1 100 1 10 12 1 100 1 100 1 1 1 3 1 3 1 1 1 1 1 1 1 1 1 1 1 1 1 1 1 1 1 1 1 1 1 1 1 1 1 1 1 100 1 1
instanceKlass java/lang/StackStreamFactory$CallerClassFinder
ciInstanceKlass java/lang/StackStreamFactory$AbstractStackWalker 1 1 306 7 1 100 1 3 10 7 12 1 1 1 10 7 12 1 1 10 7 12 1 1 1 9 12 1 1 10 12 1 1 9 12 1 1 9 12 1 1 9 12 1 1 9 12 1 9 7 12 1 1 1 10 7 12 1 1 1 10 12 1 1 9 12 1 1 10 7 12 1 1 1 10 12 1 1 9 12 1 1 9 100 12 1 1 1 100 1 10 8 1 10 12 1 1 10 12 1 8 1 10 12 1 1 10 100 12 1 1 1 100 1 8 1 10 12 1 8 1 10 12 9 7 12 1 1 1 10 7 12 1 1 9 12 1 8 1 5 0 8 1 8 1 9 12 1 1 10 12 1 1 10 12 1 1 10 12 1 9 12 1 10 12 1 10 12 1 10 12 1 10 12 1 1 10 12 1 10 12 1 1 8 1 10 12 1 10 12 1 10 12 1 10 12 1 1 8 1 10 12 1 1 10 12 1 1 10 12 1 1 10 12 1 10 12 1 10 100 12 1 1 1 9 12 1 8 1 10 12 1 10 12 1 10 12 1 10 12 1 10 12 1 10 12 1 10 12 1 1 10 12 1 1 10 12 1 1 10 12 1 8 1 1 1 1 1 1 1 1 1 1 1 1 1 1 1 1 1 1 100 1 1 1 1 100 1 1 1 1 1 1 1 1 1 1 1 1 1 1 1 1 1 1 1 1 1
ciInstanceKlass jdk/internal/module/Modules 1 1 502 10 100 12 1 1 1 9 7 12 1 1 1 11 7 12 1 1 1 11 12 1 1 11 12 1 1 11 12 1 1 11 12 1 1 11 12 1 11 12 1 11 12 1 1 10 100 12 1 1 1 10 100 12 1 1 1 18 12 1 1 10 100 12 1 1 1 100 1 10 100 12 1 1 1 10 100 12 1 1 1 10 100 12 1 1 10 12 1 1 11 12 1 9 12 1 1 11 100 12 1 1 1 10 12 1 1 10 10 12 1 10 9 12 1 1 10 100 12 1 1 10 12 1 1 10 100 12 1 1 100 1 11 100 12 1 1 1 10 100 12 1 1 1 11 100 12 1 1 10 12 1 1 10 100 12 1 1 10 100 12 1 1 1 10 12 1 1 10 12 1 1 11 12 1 1 18 12 1 1 11 100 12 1 1 10 100 12 1 1 1 11 100 12 1 1 1 100 1 11 12 1 1 11 100 12 1 1 1 11 12 1 1 10 12 1 1 10 100 12 1 1 18 12 1 1 11 12 1 1 18 12 1 1 11 12 1 1 10 12 1 18 18 10 12 1 1 9 12 1 1 11 100 12 1 1 1 100 1 10 11 12 1 11 12 1 1 11 12 1 1 10 100 1 10 12 1 1 10 100 12 1 1 10 12 1 1 11 12 10 12 1 1 100 1 10 18 12 1 10 12 1 1 100 1 8 1 10 12 1 10 100 12 1 1 18 12 1 11 11 12 10 12 1 10 10 100 1 18 12 1 10 10 10 7 12 1 1 10 7 12 1 1 1 10 12 1 1 1 1 1 1 1 1 1 1 1 1 1 1 1 1 1 1 1 1 1 1 1 1 1 1 1 1 1 1 1 1 1 100 1 1 1 1 1 1 1 1 1 1 1 1 1 1 1 1 1 1 1 1 1 1 1 1 1 1 1 1 1 1 1 1 1 1 1 100 1 1 1 1 1 1 1 1 1 1 1 1 1 1 1 1 1 1 1 1 1 1 1 15 10 100 12 1 1 1 16 15 10 12 1 16 16 15 10 12 1 16 1 16 1 15 10 12 1 16 1 16 1 15 10 12 16 1 15 10 16 1 15 10 12 16 1 15 10 12 16 15 10 12 16 15 10 12 1 1 1 100 1 100 1 1
staticfield jdk/internal/module/Modules JLA Ljdk/internal/access/JavaLangAccess; java/lang/System$2
staticfield jdk/internal/module/Modules JLMA Ljdk/internal/access/JavaLangModuleAccess; java/lang/module/ModuleDescriptor$1
staticfield jdk/internal/module/Modules $assertionsDisabled Z 1
ciInstanceKlass jdk/internal/loader/ClassLoaders 1 1 143 10 100 12 1 1 1 9 7 12 1 1 1 9 12 1 1 9 12 1 1 7 1 11 100 12 1 1 1 100 1 11 12 1 1 11 12 1 1 10 100 12 1 1 1 10 100 12 1 1 1 100 1 100 1 10 7 12 1 1 1 9 12 1 1 8 1 10 7 12 1 1 1 7 1 10 12 1 1 7 1 10 12 1 10 12 1 7 1 10 12 1 8 1 10 7 12 1 1 8 1 8 1 7 1 10 12 1 1 1 1 1 1 1 1 1 1 1 1 1 1 1 1 1 1 100 1 1 1 1 1 1 1 1 1 1 1 1 1 1 1 1 1
staticfield jdk/internal/loader/ClassLoaders JLA Ljdk/internal/access/JavaLangAccess; java/lang/System$2
staticfield jdk/internal/loader/ClassLoaders BOOT_LOADER Ljdk/internal/loader/ClassLoaders$BootClassLoader; jdk/internal/loader/ClassLoaders$BootClassLoader
staticfield jdk/internal/loader/ClassLoaders PLATFORM_LOADER Ljdk/internal/loader/ClassLoaders$PlatformClassLoader; jdk/internal/loader/ClassLoaders$PlatformClassLoader
staticfield jdk/internal/loader/ClassLoaders APP_LOADER Ljdk/internal/loader/ClassLoaders$AppClassLoader; jdk/internal/loader/ClassLoaders$AppClassLoader
ciInstanceKlass java/util/Comparator 1 1 288 10 100 12 1 1 1 10 100 12 1 1 1 18 12 1 1 100 1 100 1 11 12 1 1 11 12 1 11 12 1 11 12 1 1 11 12 1 1 11 12 1 1 10 12 1 9 100 12 1 1 1 100 1 10 12 1 1 18 12 1 18 12 18 12 18 12 18 12 10 100 12 1 1 1 10 100 12 1 1 1 8 1 10 12 1 1 8 1 8 1 8 1 8 1 8 1 10 12 1 10 12 1 8 10 100 1 10 12 1 8 10 12 1 8 1 10 12 1 10 12 1 8 1 10 12 1 1 100 1 8 1 100 1 8 1 8 1 100 1 8 1 8 1 100 1 100 1 8 1 10 12 1 11 12 1 1 10 100 12 1 1 11 12 1 1 10 100 12 1 1 11 12 1 1 10 100 12 1 1 11 12 1 100 1 11 12 1 11 12 1 1 1 1 1 1 1 1 1 1 1 1 1 1 1 1 1 1 1 1 1 1 1 1 1 1 1 1 1 1 1 1 1 1 1 1 1 1 1 1 1 1 1 1 1 1 1 1 1 1 1 1 1 1 1 1 1 1 1 1 15 10 100 12 1 1 1 16 15 11 12 3 3 15 11 12 15 11 12 15 11 12 15 11 12 15 11 12 1 100 1 1 1 100 1 100 1 1
ciMethod java/util/Comparator compare (Ljava/lang/Object;Ljava/lang/Object;)I 0 0 1 0 -1
ciInstanceKlass java/lang/String$CaseInsensitiveComparator 1 1 74 7 1 10 7 12 1 1 1 9 12 1 1 10 12 1 1 10 7 12 1 1 1 10 100 1 10 12 1 10 12 1 9 12 1 1 10 7 12 1 1 1 100 1 100 1 1 1 1 5 0 1 1 1 1 1 1 1 1 1 1 1 1 100 1 1 1 1 1 1 1 1 1 1
ciMethod java/lang/String$CaseInsensitiveComparator compare (Ljava/lang/Object;Ljava/lang/Object;)I 566 0 16224 0 1216
ciMethod java/lang/String$CaseInsensitiveComparator compare (Ljava/lang/String;Ljava/lang/String;)I 606 0 14707 0 1088
instanceKlass javafx/collections/FXCollections$EmptyObservableMap
instanceKlass java/util/Collections$SingletonMap
instanceKlass java/util/concurrent/ConcurrentSkipListMap
instanceKlass java/util/EnumMap
instanceKlass sun/awt/SoftCache
instanceKlass java/util/TreeMap
instanceKlass java/util/IdentityHashMap
instanceKlass sun/util/PreHashedMap
instanceKlass java/util/WeakHashMap
instanceKlass java/util/Collections$EmptyMap
instanceKlass java/util/concurrent/ConcurrentHashMap
instanceKlass java/util/HashMap
instanceKlass java/util/ImmutableCollections$AbstractImmutableMap
ciInstanceKlass java/util/AbstractMap 1 1 192 10 7 12 1 1 1 10 7 12 1 1 1 11 7 12 1 1 1 10 11 12 1 1 11 7 12 1 1 1 11 12 1 1 7 1 11 12 1 10 12 1 1 11 12 1 100 1 10 11 12 1 11 7 1 10 12 1 1 11 12 1 9 12 1 1 7 1 10 12 1 9 12 1 1 100 1 10 11 11 12 1 1 11 12 1 100 1 100 1 11 12 1 8 1 100 1 10 10 12 1 1 8 1 10 12 1 10 12 1 1 10 12 1 1 1 1 1 1 1 1 1 1 1 1 1 1 1 1 1 1 1 1 1 1 1 1 1 1 1 1 1 1 1 1 1 1 1 1 1 1 1 1 100 1 1 1 1 1 1 1 1 1 1 1 1 1 1 1 1 100 1 1 1 1 1 1 1 1 1 100 1 100 1 100 1 100 1 1 1 1 1
ciInstanceKlass java/lang/invoke/LambdaForm$Name 1 1 359 7 1 10 7 12 1 1 1 9 7 12 1 1 1 9 12 1 1 9 12 1 1 9 12 1 1 9 12 1 1 9 12 1 1 100 1 10 10 12 1 1 100 1 7 1 7 1 10 12 1 10 12 1 10 12 1 9 100 12 1 1 10 12 1 10 12 1 1 7 10 7 12 1 1 1 10 12 1 10 12 1 1 10 12 1 9 12 1 1 10 12 1 10 12 1 1 10 12 1 1 10 12 1 1 10 12 1 1 10 12 1 10 10 10 12 1 1 10 12 1 10 12 1 1 10 100 12 1 1 1 100 1 8 1 10 12 1 10 12 1 10 12 1 1 10 12 1 1 8 1 10 100 12 1 1 1 100 1 10 8 1 8 1 10 12 1 1 10 100 12 1 1 1 10 12 1 8 1 10 12 1 1 10 12 1 10 12 1 10 12 1 8 1 10 12 1 10 10 12 1 8 1 10 12 1 10 10 12 1 8 1 8 1 8 1 100 1 8 1 10 12 1 1 8 1 8 1 8 1 10 12 1 10 12 1 10 12 1 1 10 12 1 8 1 8 1 8 1 8 1 9 100 12 1 1 1 10 12 1 100 1 100 1 100 1 10 12 1 1 10 12 1 1 10 12 1 10 12 1 10 12 1 10 12 1 10 12 1 1 1 1 1 1 1 1 1 1 1 1 1 1 1 1 100 1 1 1 1 1 1 1 1 1 1 1 1 1 1 1 1 1 1 1 1 1 1 1 1 1 1 1 1 1 1 1 1 1 1 1 1 1 1 1 1 1 1 1 1 1 1 1 1 1 1 1 100 1 1
staticfield java/lang/invoke/LambdaForm$Name $assertionsDisabled Z 1
ciInstanceKlass java/lang/CharacterData00 1 1 252 9 7 12 1 1 1 9 12 1 1 9 12 1 9 12 1 10 12 1 1 10 12 1 10 12 1 1 3 3 3 3 3 3 3 3 3 3 3 3 3 3 3 3 3 3 3 3 3 3 3 3 3 3 3 3 3 3 3 3 3 3 3 3 3 3 3 3 3 3 3 3 3 3 3 3 3 3 3 3 3 3 3 3 3 3 3 3 3 3 3 3 3 3 3 3 3 3 3 3 3 3 3 3 3 3 3 3 3 3 3 3 3 3 3 3 3 3 3 3 3 3 3 3 3 3 3 10 12 1 100 1 3 3 3 3 10 12 1 9 12 1 1 10 7 12 1 1 1 10 7 12 1 1 1 9 12 1 1 10 9 12 1 1 8 1 10 7 12 1 1 1 8 1 8 1 7 1 7 3 3 3 3 3 3 3 3 3 3 3 3 8 1 100 1 10 1 1 1 1 1 1 1 1 1 1 1 1 1 1 1 1 1 1 1 1 1 1 1 1 1 1 1 1 1 1 1 1 1 1 1 1 1 1 1 1 1 1 1 1 1 1 1 1 1 1 1 1 1 1 1 1
staticfield java/lang/CharacterData00 instance Ljava/lang/CharacterData00; java/lang/CharacterData00
staticfield java/lang/CharacterData00 charMap [[[C 103 [[[C
staticfield java/lang/CharacterData00 X [C 2048
staticfield java/lang/CharacterData00 Y [C 5856
staticfield java/lang/CharacterData00 A [I 972
staticfield java/lang/CharacterData00 B [C 972
staticfield java/lang/CharacterData00 $assertionsDisabled Z 1
ciInstanceKlass java/util/TreeMap 1 1 686 10 7 12 1 1 1 9 7 12 1 1 1 9 12 1 9 12 1 1 10 12 1 1 11 7 12 1 1 11 12 1 11 12 1 1 11 100 12 1 1 1 10 12 1 1 100 1 100 1 10 12 1 1 10 12 1 1 9 7 12 1 1 1 10 12 1 1 10 12 1 1 10 12 1 1 10 12 1 11 7 1 10 7 12 1 1 11 10 10 12 1 10 12 1 1 7 1 9 12 1 1 9 12 11 12 1 1 9 12 1 9 12 1 11 7 12 1 1 1 10 9 12 1 10 12 1 1 10 12 1 1 10 12 1 1 10 12 1 1 10 12 1 1 10 12 1 1 10 12 1 11 100 12 1 1 100 1 10 11 100 12 1 1 10 12 1 10 12 1 1 10 12 1 10 12 1 1 100 1 100 1 10 12 1 9 12 1 9 12 1 1 9 12 1 1 10 10 12 1 1 10 12 1 10 12 1 10 12 1 10 12 1 10 12 1 10 12 1 7 1 10 12 1 10 12 1 11 100 1 9 12 1 1 7 1 10 12 1 7 1 10 100 1 10 12 1 100 1 10 10 12 1 1 10 12 1 1 10 12 1 11 100 12 1 1 7 1 10 12 1 100 1 10 10 7 12 1 1 100 1 10 12 1 100 1 10 9 12 1 1 10 12 1 10 12 1 10 12 1 10 12 1 1 10 12 1 1 10 12 1 10 12 1 10 12 1 10 100 12 1 1 10 12 1 1 11 100 12 1 1 1 11 12 1 100 1 11 12 1 10 12 1 1 11 12 1 10 100 12 1 1 10 12 1 11 100 1 11 10 12 1 1 10 12 1 10 12 1 10 100 12 1 1 10 12 1 1 9 12 1 1 10 12 1 100 1 10 100 1 10 12 1 100 1 10 10 9 12 1 100 1 100 1 1 1 1 1 1 1 1 1 3 1 3 1 1 5 0 1 1 1 1 1 1 1 1 1 1 1 1 1 1 1 100 1 1 1 1 1 1 1 1 1 1 1 1 1 1 1 1 1 1 1 1 1 1 1 1 1 1 1 1 1 1 1 1 1 1 1 1 1 1 1 1 1 1 1 1 1 1 1 1 1 1 1 1 1 1 1 1 1 1 1 1 1 1 1 1 1 1 1 1 1 1 1 1 1 1 1 1 1 1 1 1 1 100 1 1 1 1 1 1 100 1 1 1 1 1 1 1 1 1 1 1 1 1 1 1 1 1 1 1 1 1 1 1 1 1 1 1 1 1 1 1 1 1 1 1 1 1 1 1 1 1 1 1 1 1 1 1 1 1 1 1 1 1 1 1 1 1 1 1 1 1 1 1 1 1 1 1 1 1 1 1 1 1 1 1 1 1 1 1 1 1 1 1 1 1 1 1 1 1 1 1 1 1 1 1 1 1 1 1 1 1 1 1 1 100 1 100 1 100 1 100 1 100 1 100 1 100 1 100 1 100 1 100 1 100 1 100 1 100 1 100 1 7 1 1 1 1 1 1 1 1 1 1 1 1 1 1 1 1 1 1 1 1 1 1 1 1 1 1 1 1 1
staticfield java/util/TreeMap UNBOUNDED Ljava/lang/Object; java/lang/Object
ciMethod java/util/TreeMap put (Ljava/lang/Object;Ljava/lang/Object;Z)Ljava/lang/Object; 526 2164 3351 0 -1
ciMethod java/util/TreeMap compare (Ljava/lang/Object;Ljava/lang/Object;)I 212 0 106 0 -1
ciMethod java/util/TreeMap parentOf (Ljava/util/TreeMap$Entry;)Ljava/util/TreeMap$Entry; 816 0 45363 0 0
ciMethod java/util/TreeMap addEntry (Ljava/lang/Object;Ljava/lang/Object;Ljava/util/TreeMap$Entry;Z)V 564 0 3356 0 0
ciMethod java/util/TreeMap rotateLeft (Ljava/util/TreeMap$Entry;)V 520 0 1892 0 0
ciMethod java/util/TreeMap rotateRight (Ljava/util/TreeMap$Entry;)V 404 0 1151 0 0
ciMethod java/util/TreeMap addEntryToEmptyMap (Ljava/lang/Object;Ljava/lang/Object;)V 18 0 106 0 0
ciMethod java/util/TreeMap fixAfterInsertion (Ljava/util/TreeMap$Entry;)V 940 1066 3356 0 0
ciMethod java/util/TreeMap leftOf (Ljava/util/TreeMap$Entry;)Ljava/util/TreeMap$Entry; 1024 0 8189 0 0
ciMethod java/util/TreeMap rightOf (Ljava/util/TreeMap$Entry;)Ljava/util/TreeMap$Entry; 740 0 2395 0 0
ciMethod java/util/TreeMap colorOf (Ljava/util/TreeMap$Entry;)Z 1024 0 4232 0 0
ciMethod java/util/TreeMap setColor (Ljava/util/TreeMap$Entry;Z)V 1024 0 10576 0 0
ciInstanceKlass java/lang/invoke/LambdaFormEditor$1 1 1 50 9 7 12 1 1 1 10 7 12 1 1 1 9 7 12 1 1 1 10 12 1 1 100 1 1 1 1 1 1 1 1 1 1 1 1 1 1 1 1 100 1 12 1 1 1 1 100 1 1
ciMethod java/lang/invoke/LambdaFormEditor$1 compare (Ljava/lang/invoke/LambdaForm$Name;Ljava/lang/invoke/LambdaForm$Name;)I 28 0 14 0 -1
ciMethod java/lang/invoke/LambdaFormEditor$1 compare (Ljava/lang/Object;Ljava/lang/Object;)I 28 0 14 0 0
ciInstanceKlass java/util/TreeMap$Entry 1 1 96 100 1 10 7 12 1 1 1 9 7 12 1 1 1 9 12 1 1 9 12 1 9 12 1 1 100 1 11 12 1 1 10 12 1 1 11 12 1 10 12 1 1 100 1 10 10 12 1 1 8 1 10 12 1 10 12 1 1 1 1 1 1 1 1 1 1 1 1 1 1 1 1 1 1 1 1 1 1 1 1 1 1 1 1 1 1 1 1 1 1 1 1 1 100 1
ciMethod java/util/TreeMap$Entry <init> (Ljava/lang/Object;Ljava/lang/Object;Ljava/util/TreeMap$Entry;)V 1024 0 3462 0 0
ciMethod java/lang/Object <init> ()V 1024 0 1254249 0 96
ciMethodData java/lang/Object <init> ()V 2 1254249 orig 328 48 189 88 126 255 127 0 0 48 42 63 0 8 0 0 0 96 1 0 0 0 0 0 0 0 0 0 0 0 0 0 0 255 255 255 255 255 255 255 255 255 255 255 255 0 0 0 0 0 0 0 0 0 0 0 0 0 0 0 0 0 0 0 0 208 7 0 2 0 0 0 0 0 0 0 0 0 0 0 0 77 68 79 32 101 120 116 114 97 32 100 97 116 97 32 108 111 99 107 0 0 0 0 0 0 0 0 0 0 0 0 0 0 0 0 0 0 0 0 0 0 0 0 0 0 0 0 0 0 0 0 0 0 0 0 0 0 0 0 0 0 0 0 0 1 0 0 0 0 0 0 0 0 0 0 0 0 0 0 0 0 0 0 0 0 0 0 0 0 0 0 0 0 0 0 0 0 0 0 0 0 0 0 0 0 0 0 0 0 0 0 0 0 0 0 0 0 0 0 0 0 0 0 0 0 0 0 0 0 0 0 0 0 0 0 0 0 0 0 0 0 0 0 0 1 0 0 0 0 0 0 0 1 0 0 0 0 0 0 0 1 0 0 0 0 0 0 0 0 0 0 0 0 0 0 0 0 2 0 0 210 66 38 0 0 0 0 0 0 0 0 0 0 0 0 0 0 0 0 0 254 0 0 0 254 7 0 0 2 0 0 0 0 0 3 0 1 0 0 0 0 0 0 0 0 0 0 0 0 0 0 0 0 0 0 0 254 255 255 255 0 0 0 0 0 0 0 0 data 4 0x0 0x9 0x1 0x0 oops 0 methods 0
ciMethodData java/util/Objects requireNonNull (Ljava/lang/Object;)Ljava/lang/Object; 2 203439 orig 328 48 189 88 126 255 127 0 0 216 174 7 0 8 0 0 0 184 1 0 0 0 0 0 0 0 0 0 0 0 0 0 0 255 255 255 255 255 255 255 255 255 255 255 255 0 0 0 0 0 0 0 0 0 0 0 0 0 0 0 0 0 0 0 0 208 7 0 2 0 0 0 0 0 0 0 0 0 0 0 0 77 68 79 32 101 120 116 114 97 32 100 97 116 97 32 108 111 99 107 0 0 0 0 0 0 0 0 0 0 0 0 0 0 0 0 0 0 0 0 0 0 0 0 0 0 0 0 0 0 0 0 0 0 0 0 0 0 0 0 0 0 0 0 0 0 0 0 0 0 0 0 0 0 0 0 0 0 0 0 0 0 0 0 0 0 0 0 0 0 0 0 0 0 0 0 0 0 0 0 0 0 0 0 0 0 0 0 0 0 0 0 0 0 0 0 0 0 0 0 0 0 0 0 0 0 0 0 0 0 0 0 0 0 0 0 0 0 0 0 0 0 0 0 0 27 0 0 0 0 0 0 0 0 0 0 0 0 0 0 0 1 0 0 0 0 0 0 0 1 0 0 0 0 0 0 0 6 1 0 0 80 51 6 0 0 0 0 0 0 0 0 0 0 0 0 0 0 0 0 0 254 0 0 0 254 7 0 0 2 0 0 0 0 0 5 0 2 0 0 0 0 0 0 0 0 0 0 0 0 0 0 0 48 0 0 0 254 255 255 255 7 0 1 0 0 0 0 0 data 15 0x10007 0x319a8 0x30 0x0 0x80002 0x0 0x0 0x0 0x0 0x0 0x0 0x0 0x9 0x1 0x0 oops 0 methods 0
ciMethodData java/lang/String coder ()B 2 763115 orig 328 48 189 88 126 255 127 0 0 136 113 2 0 8 0 0 0 176 1 0 0 0 0 0 0 0 0 0 0 0 0 0 0 255 255 255 255 255 255 255 255 255 255 255 255 0 0 0 0 0 0 0 0 0 0 0 0 0 0 0 0 0 0 0 0 208 7 0 2 0 0 0 0 0 0 0 0 0 0 0 0 77 68 79 32 101 120 116 114 97 32 100 97 116 97 32 108 111 99 107 0 0 0 0 0 0 0 0 0 0 0 0 0 0 0 0 0 0 0 0 0 0 0 0 0 0 0 0 0 0 0 0 0 0 0 0 0 0 0 0 0 0 0 0 0 0 0 0 0 0 0 0 0 0 0 0 0 0 0 0 0 0 0 0 0 0 0 0 0 0 0 0 0 0 0 0 0 0 0 0 0 0 0 0 0 0 0 0 0 0 0 0 0 0 0 0 0 0 0 0 0 0 0 0 0 0 0 0 0 0 0 0 0 0 0 0 0 0 0 0 0 0 0 0 0 1 0 0 0 0 0 0 0 0 0 0 0 0 0 0 0 1 0 0 0 0 0 0 0 0 0 0 0 0 0 0 0 126 1 0 0 214 70 23 0 0 0 0 0 0 0 0 0 0 0 0 0 0 0 0 0 254 0 0 0 254 7 0 0 2 0 0 0 0 0 5 0 2 0 0 0 0 0 0 0 0 0 0 0 0 0 0 0 56 0 0 0 254 255 255 255 7 0 3 0 0 0 0 0 data 14 0x30007 0x0 0x38 0xba36b 0xa0003 0xba36b 0x18 0x0 0x0 0x0 0x0 0x9 0x1 0x0 oops 0 methods 0
ciMethodData java/lang/CharacterDataLatin1 getProperties (I)I 2 65561 orig 328 48 189 88 126 255 127 0 0 176 241 3 0 8 0 0 0 120 1 0 0 0 0 0 0 0 0 0 0 0 0 0 0 255 255 255 255 255 255 255 255 255 255 255 255 0 0 0 0 0 0 0 0 0 0 0 0 0 0 0 0 0 0 0 0 208 7 0 2 0 0 0 0 0 0 0 0 0 0 0 0 77 68 79 32 101 120 116 114 97 32 100 97 116 97 32 108 111 99 107 0 0 0 0 0 0 0 0 0 0 0 0 0 0 0 0 0 0 0 0 0 0 0 0 0 0 0 0 0 0 0 0 0 0 0 0 0 0 0 0 0 0 0 0 0 0 0 0 0 0 0 0 0 0 0 0 0 0 0 0 0 0 0 0 0 0 0 0 0 0 0 0 0 0 0 0 0 0 0 0 0 0 0 0 0 0 0 0 0 0 0 0 0 0 0 0 0 0 0 0 0 0 0 0 0 0 0 0 0 0 0 0 0 0 0 0 0 0 0 0 0 0 0 0 0 0 0 0 0 0 0 0 0 0 0 0 0 0 0 0 0 0 0 0 0 0 0 0 0 0 0 0 0 0 0 0 0 229 1 0 0 104 252 1 0 0 0 0 0 0 0 0 0 0 0 0 0 0 0 0 0 254 0 0 0 254 7 0 0 2 0 0 0 0 0 3 0 1 0 0 0 0 0 0 0 0 0 0 0 0 0 0 0 0 0 0 0 254 255 255 255 0 0 0 0 0 0 0 0 data 7 0x0 0x0 0x0 0x9 0x2 0x0 0x0 oops 0 methods 0
ciMethodData java/lang/CharacterDataLatin1 toLowerCase (I)I 2 5685 orig 328 48 189 88 126 255 127 0 0 0 241 3 0 8 0 0 0 8 2 0 0 0 0 0 0 0 0 0 0 0 0 0 0 255 255 255 255 255 255 255 255 255 255 255 255 0 0 0 0 0 0 0 0 0 0 0 0 0 0 0 0 0 0 0 0 208 7 0 2 0 0 0 0 0 0 0 0 0 0 0 0 77 68 79 32 101 120 116 114 97 32 100 97 116 97 32 108 111 99 107 0 0 0 0 0 0 0 0 0 0 0 0 0 0 0 0 0 0 0 0 0 0 0 0 0 0 0 0 0 0 0 0 0 0 0 0 0 0 0 0 0 0 0 0 0 0 0 0 0 0 0 0 0 0 0 0 0 0 0 0 0 0 0 0 0 0 0 0 0 0 0 0 0 0 0 0 0 0 0 0 0 0 0 0 0 0 0 0 0 0 0 0 0 0 0 0 0 0 0 0 0 0 0 0 0 0 0 0 0 0 0 0 0 0 0 0 0 0 0 0 0 0 0 0 0 0 0 0 0 0 0 0 0 0 0 0 0 0 0 0 0 0 0 0 0 0 0 0 0 0 0 0 0 0 0 0 0 223 1 0 0 172 40 0 0 0 0 0 0 0 0 0 0 0 0 0 0 0 0 0 0 254 0 0 0 254 7 0 0 2 0 0 0 0 0 8 0 2 0 0 0 0 0 0 0 0 0 0 0 0 0 0 0 120 0 0 0 254 255 255 255 5 0 4 0 0 0 0 0 data 25 0x40005 0x0 0x0 0x1b0d3793280 0x1456 0x0 0x0 0xc0007 0x114d 0x40 0x309 0x150007 0x0 0x20 0x309 0x0 0x0 0x0 0x0 0x0 0x0 0x9 0x2 0x0 0x0 oops 1 3 java/lang/CharacterDataLatin1 methods 0
ciMethodData java/lang/CharacterData of (I)Ljava/lang/CharacterData; 2 55630 orig 328 48 189 88 126 255 127 0 0 96 236 3 0 8 0 0 0 200 2 0 0 0 0 0 0 0 0 0 0 0 0 0 0 255 255 255 255 255 255 255 255 255 255 255 255 0 0 0 0 0 0 0 0 0 0 0 0 0 0 0 0 0 0 0 0 208 7 0 2 0 0 0 0 0 0 0 0 0 0 0 0 77 68 79 32 101 120 116 114 97 32 100 97 116 97 32 108 111 99 107 0 0 0 0 0 0 0 0 0 0 0 0 0 0 0 0 0 0 0 0 0 0 0 0 0 0 0 0 0 0 0 0 0 0 0 0 0 0 0 0 0 0 0 0 0 1 0 0 0 0 0 0 0 0 0 0 0 0 0 0 0 0 0 0 0 0 0 0 0 0 0 0 0 0 0 0 0 0 0 0 0 0 0 0 1 0 0 0 0 0 0 0 0 0 0 0 0 0 0 0 0 0 0 0 0 0 0 0 0 0 0 0 0 0 0 0 0 0 0 0 0 0 0 0 0 1 0 0 0 0 0 0 0 0 0 0 0 0 0 0 0 0 0 0 0 0 0 0 0 0 0 0 0 0 0 0 0 3 1 0 0 150 176 1 0 0 0 0 0 59 195 0 0 0 0 0 0 0 0 0 0 254 0 0 0 254 7 0 0 2 0 0 0 0 0 14 0 2 0 0 0 0 0 0 0 0 0 0 0 0 0 0 0 80 1 0 0 254 255 255 255 7 0 4 0 6 0 0 128 data 49 0x8000000600040007 0x47 0x20 0xd805 0xf0008 0x24 0x0 0x130 0x47 0x130 0x0 0x130 0x0 0x130 0x0 0x130 0x0 0x130 0x0 0x130 0x0 0x130 0x0 0x130 0x0 0x130 0x0 0x130 0x0 0x130 0x0 0x130 0x0 0x130 0x0 0x130 0x0 0x130 0x0 0x130 0x0 0x130 0x0 0x0 0x0 0x0 0x9 0x1 0x0 oops 0 methods 0
ciMethodData java/lang/Character toLowerCase (I)I 2 36641 orig 328 48 189 88 126 255 127 0 0 40 196 3 0 8 0 0 0 208 1 0 0 0 0 0 0 0 0 0 0 0 0 0 0 255 255 255 255 255 255 255 255 255 255 255 255 0 0 0 0 0 0 0 0 0 0 0 0 0 0 0 0 0 0 0 0 208 7 0 2 0 0 0 0 0 0 0 0 0 0 0 0 77 68 79 32 101 120 116 114 97 32 100 97 116 97 32 108 111 99 107 0 0 0 0 0 0 0 0 0 0 0 0 0 0 0 0 0 0 0 0 0 0 0 0 0 0 0 0 0 0 0 0 0 0 0 0 0 0 0 0 0 0 0 0 0 0 0 0 0 0 0 0 0 0 0 0 0 0 0 0 0 0 0 0 0 0 0 0 0 0 0 0 0 0 0 0 0 0 0 0 0 0 0 0 0 0 0 0 0 0 0 0 0 0 0 0 0 0 0 0 0 0 0 0 0 0 0 0 0 0 0 0 0 0 0 0 0 0 0 0 0 0 0 0 0 0 0 0 0 0 0 0 0 0 0 0 0 0 0 0 0 0 0 0 0 0 0 0 0 0 0 0 0 0 0 0 0 140 1 0 0 42 27 1 0 0 0 0 0 0 0 0 0 0 0 0 0 0 0 0 0 254 0 0 0 254 7 0 0 2 0 0 0 0 0 3 0 2 0 0 0 0 0 0 0 0 0 0 0 0 0 0 0 72 0 0 0 254 255 255 255 2 0 1 0 0 0 0 0 data 18 0x10002 0x8d95 0x50005 0x0 0x0 0x1b0d3793280 0x8d95 0x0 0x0 0x0 0x0 0x0 0x0 0x0 0x0 0x9 0x1 0x0 oops 1 5 java/lang/CharacterDataLatin1 methods 0
ciMethodData java/lang/CharacterDataLatin1 toUpperCase (I)I 2 30075 orig 328 48 189 88 126 255 127 0 0 88 241 3 0 8 0 0 0 64 2 0 0 120 0 0 0 0 0 0 0 0 0 0 0 255 255 255 255 255 255 255 255 255 255 255 255 0 0 0 0 0 0 0 0 0 0 0 0 0 0 0 0 0 0 0 0 208 7 0 2 0 0 0 0 0 0 0 0 0 0 0 0 77 68 79 32 101 120 116 114 97 32 100 97 116 97 32 108 111 99 107 0 0 0 0 0 0 0 0 0 0 0 0 0 0 0 0 0 0 0 0 0 0 0 0 0 0 0 0 0 0 0 0 0 0 0 0 0 0 0 0 0 0 0 0 0 0 0 0 0 0 0 0 0 0 0 0 0 0 0 0 0 0 0 0 0 0 0 0 0 0 0 0 0 0 0 0 0 0 0 0 0 0 0 0 0 0 0 0 0 0 0 0 0 0 0 0 0 0 0 0 0 0 0 0 0 0 0 0 0 0 0 0 0 0 0 0 0 0 0 0 0 0 0 0 0 0 0 0 0 0 0 0 0 0 0 0 0 0 0 0 0 0 0 0 0 0 0 0 0 0 0 0 0 0 0 0 0 134 1 0 0 234 231 0 0 0 0 0 0 0 0 0 0 0 0 0 0 0 0 0 0 254 0 0 0 254 7 0 0 2 0 0 0 0 0 10 0 2 0 0 0 0 0 0 0 0 0 0 0 0 0 0 0 176 0 0 0 254 255 255 255 5 0 4 0 0 0 0 0 data 32 0x40005 0x0 0x0 0x1b0d3793280 0x73f5 0x0 0x0 0xc0007 0x4ab0 0x78 0x2945 0x150007 0x0 0x38 0x2945 0x250003 0x2945 0x38 0x2c0007 0x0 0x20 0x0 0x0 0x0 0x0 0x0 0x0 0x0 0x9 0x2 0x0 0x0 oops 1 3 java/lang/CharacterDataLatin1 methods 0
ciMethodData java/lang/StringLatin1 getChar ([BI)C 2 32818 orig 328 48 189 88 126 255 127 0 0 0 159 2 0 8 0 0 0 120 1 0 0 0 0 0 0 0 0 0 0 0 0 0 0 255 255 255 255 255 255 255 255 255 255 255 255 0 0 0 0 0 0 0 0 0 0 0 0 0 0 0 0 0 0 0 0 208 7 0 2 0 0 0 0 0 0 0 0 0 0 0 0 77 68 79 32 101 120 116 114 97 32 100 97 116 97 32 108 111 99 107 0 0 0 0 0 0 0 0 0 0 0 0 0 0 0 0 0 0 0 0 0 0 0 0 0 0 0 0 0 0 0 0 0 0 0 0 0 0 0 0 0 0 0 0 0 0 0 0 0 0 0 0 0 0 0 0 0 0 0 0 0 0 0 0 0 0 0 0 0 0 0 0 0 0 0 0 0 0 0 0 0 0 0 0 0 0 0 0 0 0 0 0 0 0 0 0 0 0 0 0 0 0 0 0 0 0 0 0 0 0 0 0 0 0 0 0 0 0 0 0 0 0 0 0 0 0 0 0 0 0 0 0 0 0 0 0 0 0 0 0 0 0 0 0 0 0 0 0 0 0 0 0 0 0 0 0 0 120 1 0 0 108 253 0 0 0 0 0 0 0 0 0 0 0 0 0 0 0 0 0 0 254 0 0 0 254 7 0 0 2 0 0 0 0 0 3 0 1 0 0 0 0 0 0 0 0 0 0 0 0 0 0 0 0 0 0 0 254 255 255 255 0 0 0 0 0 0 0 0 data 7 0x0 0x0 0x0 0x9 0x2 0x0 0x0 oops 0 methods 0
ciMethodData java/lang/String compareTo (Ljava/lang/Object;)I 2 8833 orig 328 48 189 88 126 255 127 0 0 176 107 2 0 8 0 0 0 0 2 0 0 0 0 0 0 0 0 0 0 0 0 0 0 255 255 255 255 255 255 255 255 255 255 255 255 0 0 0 0 0 0 0 0 0 0 0 0 0 0 0 0 0 0 0 0 208 7 0 2 0 0 0 0 0 0 0 0 0 0 0 0 77 68 79 32 101 120 116 114 97 32 100 97 116 97 32 108 111 99 107 0 0 0 0 0 0 0 0 0 0 0 0 0 0 0 0 0 0 0 0 0 0 0 0 0 0 0 0 0 0 0 0 0 0 0 0 0 0 0 0 0 0 0 0 0 0 0 0 0 0 0 0 0 0 0 0 0 0 0 0 0 0 0 0 0 0 0 0 0 0 0 0 0 0 0 0 0 0 0 0 0 0 0 0 0 0 0 0 0 0 0 0 0 0 0 0 0 0 0 0 0 0 0 0 0 0 0 0 0 0 0 0 0 0 0 0 0 0 0 0 0 0 0 0 0 0 0 0 0 0 0 0 0 0 0 0 0 0 0 0 0 0 0 0 0 0 0 0 0 0 0 0 0 0 0 0 0 85 1 0 0 86 66 0 0 0 0 0 0 0 0 0 0 0 0 0 0 0 0 0 0 254 0 0 0 254 7 0 0 2 0 0 0 0 0 3 0 2 0 0 0 0 0 0 0 0 0 0 0 0 0 0 0 112 0 0 0 254 255 255 255 4 0 2 0 0 0 0 0 data 24 0x20004 0x0 0x0 0x1b0d219f040 0x212b 0x0 0x0 0x50005 0x212b 0x0 0x0 0x0 0x0 0x0 0x0 0x0 0x0 0x0 0x0 0x0 0x9 0x2 0x0 0x0 oops 1 3 java/lang/String methods 0
ciMethodData java/lang/String compareTo (Ljava/lang/String;)I 2 8439 orig 328 48 189 88 126 255 127 0 0 8 108 2 0 8 0 0 0 208 2 0 0 24 1 0 0 0 0 0 0 0 0 0 0 255 255 255 255 255 255 255 255 255 255 255 255 0 0 0 0 0 0 0 0 0 0 0 0 0 0 0 0 0 0 0 0 208 7 0 2 0 0 0 0 0 0 0 0 0 0 0 0 77 68 79 32 101 120 116 114 97 32 100 97 116 97 32 108 111 99 107 0 0 0 0 0 0 0 0 0 0 0 0 0 0 0 0 0 0 0 0 0 0 0 0 0 0 0 0 0 0 0 0 0 0 0 0 0 0 0 0 0 0 0 0 0 0 0 0 0 0 0 0 0 0 0 0 0 0 0 0 0 0 0 0 0 0 0 0 0 0 0 0 0 0 0 0 0 0 0 0 0 0 0 0 0 0 0 0 0 0 0 0 0 0 0 0 0 0 0 0 0 0 0 0 0 0 0 0 0 0 0 0 0 0 0 0 0 0 0 0 0 0 0 0 0 0 0 0 0 0 0 0 0 0 0 0 0 0 0 0 0 0 0 0 0 0 0 0 0 0 0 0 0 0 0 0 0 106 1 0 0 14 63 0 0 0 0 0 0 0 0 0 0 0 0 0 0 0 0 0 0 254 0 0 0 254 7 0 0 2 0 0 0 0 0 17 0 2 0 0 0 0 0 0 0 0 0 0 0 0 0 0 0 64 1 0 0 254 255 255 255 5 0 11 0 0 0 0 0 data 50 0xb0005 0x1f87 0x0 0x0 0x0 0x0 0x0 0x130005 0x1f87 0x0 0x0 0x0 0x0 0x0 0x160007 0x0 0x78 0x1f87 0x1b0007 0x0 0x48 0x1f87 0x200002 0x1f87 0x230003 0x1f87 0x28 0x280002 0x0 0x2e0007 0x0 0x48 0x0 0x330002 0x0 0x360003 0x0 0x28 0x3b0002 0x0 0x0 0x0 0x0 0x0 0x0 0x0 0x9 0x2 0x0 0x0 oops 0 methods 0
ciMethodData java/util/TreeMap parentOf (Ljava/util/TreeMap$Entry;)Ljava/util/TreeMap$Entry; 2 45363 orig 328 48 189 88 126 255 127 0 0 120 173 36 0 8 0 0 0 192 1 0 0 0 0 0 0 0 0 0 0 0 0 0 0 255 255 255 255 255 255 255 255 255 255 255 255 0 0 0 0 0 0 0 0 0 0 0 0 0 0 0 0 0 0 0 0 208 7 0 2 0 0 0 0 0 0 0 0 0 0 0 0 77 68 79 32 101 120 116 114 97 32 100 97 116 97 32 108 111 99 107 0 0 0 0 0 0 0 0 0 0 0 0 0 0 0 0 0 0 0 0 0 0 0 0 0 0 0 0 0 0 0 0 0 0 0 0 0 0 0 0 0 0 0 0 0 0 0 0 0 0 0 0 0 0 0 0 0 0 0 0 0 0 0 0 0 0 0 0 0 0 0 0 0 0 0 0 0 0 0 0 0 0 0 0 0 0 0 0 0 0 0 0 0 0 0 0 0 0 0 0 0 0 0 0 0 0 0 0 0 0 0 0 0 0 0 0 0 0 0 0 0 0 0 0 0 0 0 0 0 0 0 0 0 0 0 0 0 0 0 0 0 0 0 0 0 0 0 0 0 0 0 0 0 0 0 0 0 152 1 0 0 54 95 1 0 0 0 0 0 0 0 0 0 0 0 0 0 0 0 0 0 254 0 0 0 254 7 0 0 2 0 0 0 0 0 6 0 2 0 0 0 0 0 0 0 0 0 0 0 0 0 0 0 56 0 0 0 254 255 255 255 7 0 1 0 0 0 0 0 data 16 0x10007 0xaf9b 0x38 0x0 0x50003 0x0 0x18 0x0 0x0 0x0 0x0 0x0 0x0 0x9 0x1 0x0 oops 0 methods 0
ciMethodData java/lang/Character toLowerCase (C)C 2 27651 orig 328 48 189 88 126 255 127 0 0 128 196 3 0 8 0 0 0 152 1 0 0 0 0 0 0 0 0 0 0 0 0 0 0 255 255 255 255 255 255 255 255 255 255 255 255 0 0 0 0 0 0 0 0 0 0 0 0 0 0 0 0 0 0 0 0 208 7 0 2 0 0 0 0 0 0 0 0 0 0 0 0 77 68 79 32 101 120 116 114 97 32 100 97 116 97 32 108 111 99 107 0 0 0 0 0 0 0 0 0 0 0 0 0 0 0 0 0 0 0 0 0 0 0 0 0 0 0 0 0 0 0 0 0 0 0 0 0 0 0 0 0 0 0 0 0 0 0 0 0 0 0 0 0 0 0 0 0 0 0 0 0 0 0 0 0 0 0 0 0 0 0 0 0 0 0 0 0 0 0 0 0 0 0 0 0 0 0 0 0 0 0 0 0 0 0 0 0 0 0 0 0 0 0 0 0 0 0 0 0 0 0 0 0 0 0 0 0 0 0 0 0 0 0 0 0 0 0 0 0 0 0 0 0 0 0 0 0 0 0 0 0 0 0 0 0 0 0 0 0 0 0 0 0 0 0 0 0 173 1 0 0 172 212 0 0 0 0 0 0 0 0 0 0 0 0 0 0 0 0 0 0 254 0 0 0 254 7 0 0 2 0 0 0 0 0 3 0 2 0 0 0 0 0 0 0 0 0 0 0 0 0 0 0 16 0 0 0 254 255 255 255 2 0 1 0 0 0 0 0 data 11 0x10002 0x6a56 0x0 0x0 0x0 0x0 0x0 0x0 0x9 0x1 0x0 oops 0 methods 0
ciMethodData java/lang/StringLatin1 compareToCI ([B[B)I 2 36012 orig 328 48 189 88 126 255 127 0 0 72 168 2 0 8 0 0 0 232 2 0 0 0 0 0 0 0 0 0 0 0 0 0 0 255 255 255 255 255 255 255 255 255 255 255 255 0 0 0 0 0 0 0 0 0 0 0 0 0 0 0 0 0 0 0 0 208 7 0 2 0 0 0 0 0 0 0 0 0 0 0 0 77 68 79 32 101 120 116 114 97 32 100 97 116 97 32 108 111 99 107 0 0 0 0 0 0 0 0 0 0 0 0 0 0 0 0 0 0 0 0 0 0 0 0 0 0 0 0 0 0 0 0 0 0 0 0 0 0 0 0 0 0 0 0 0 1 0 0 0 0 0 0 0 0 0 0 0 0 0 0 0 0 0 0 0 0 0 0 0 0 0 0 0 0 0 0 0 0 0 0 0 0 0 0 0 0 0 0 0 0 0 0 0 0 0 0 0 0 0 0 0 0 0 0 0 0 0 0 0 0 0 0 0 0 0 0 0 0 0 0 0 0 0 0 0 0 0 0 0 0 0 0 0 0 0 0 0 0 0 0 0 0 0 0 0 0 0 0 0 0 0 0 0 0 0 0 0 24 15 0 0 22 99 0 0 40 251 0 0 0 0 0 0 0 0 0 0 0 0 0 0 254 0 0 0 254 7 0 0 2 0 0 0 1 0 17 0 2 0 0 0 0 0 0 0 0 0 0 0 0 0 0 0 88 1 0 0 254 255 255 255 2 0 8 0 0 0 0 0 data 53 0x80002 0x318b 0x140007 0x8c 0x148 0xae93 0x1f0007 0x7a69 0x110 0x342a 0x280002 0x342a 0x2b0005 0x0 0x0 0x1b0d3793280 0x342a 0x0 0x0 0x370002 0x342a 0x3a0005 0x0 0x0 0x1b0d3793280 0x342a 0x0 0x0 0x440007 0x32b 0x60 0x30ff 0x490002 0x30ff 0x500002 0x30ff 0x590007 0x0 0x20 0x30ff 0x650003 0x7d94 0xfffffffffffffed0 0x0 0x0 0x0 0x0 0x0 0x0 0x9 0x2 0x0 0x0 oops 2 15 java/lang/CharacterDataLatin1 24 java/lang/CharacterDataLatin1 methods 0
ciMethodData java/lang/String$CaseInsensitiveComparator compare (Ljava/lang/Object;Ljava/lang/Object;)I 2 16224 orig 328 48 189 88 126 255 127 0 0 120 96 15 0 8 0 0 0 64 2 0 0 0 0 0 0 0 0 0 0 0 0 0 0 255 255 255 255 255 255 255 255 255 255 255 255 0 0 0 0 0 0 0 0 0 0 0 0 0 0 0 0 0 0 0 0 208 7 0 2 0 0 0 0 0 0 0 0 0 0 0 0 77 68 79 32 101 120 116 114 97 32 100 97 116 97 32 108 111 99 107 0 0 0 0 0 0 0 0 0 0 0 0 0 0 0 0 0 0 0 0 0 0 0 0 0 0 0 0 0 0 0 0 0 0 0 0 0 0 0 0 0 0 0 0 0 0 0 0 0 0 0 0 0 0 0 0 0 0 0 0 0 0 0 0 0 0 0 0 0 0 0 0 0 0 0 0 0 0 0 0 0 0 0 0 0 0 0 0 0 0 0 0 0 0 0 0 0 0 0 0 0 0 0 0 0 0 0 0 0 0 0 0 0 0 0 0 0 0 0 0 0 0 0 0 0 0 0 0 0 0 0 0 0 0 0 0 0 0 0 0 0 0 0 0 0 0 0 0 0 0 0 0 0 0 0 0 0 24 1 0 0 138 124 0 0 0 0 0 0 0 0 0 0 0 0 0 0 0 0 0 0 254 0 0 0 254 7 0 0 2 0 0 0 0 0 3 0 2 0 0 0 0 0 0 0 0 0 0 0 0 0 0 0 168 0 0 0 254 255 255 255 4 0 2 0 0 0 0 0 data 32 0x20004 0x0 0x0 0x1b0d219f040 0x3e45 0x0 0x0 0x60004 0x0 0x0 0x1b0d219f040 0x3e45 0x0 0x0 0x90005 0x0 0x0 0x1b0de3b7660 0x3e45 0x0 0x0 0x0 0x0 0x0 0x0 0x0 0x0 0x9 0x3 0x0 0x0 0x0 oops 3 3 java/lang/String 10 java/lang/String 17 java/lang/String$CaseInsensitiveComparator methods 0
ciMethodData java/lang/String$CaseInsensitiveComparator compare (Ljava/lang/String;Ljava/lang/String;)I 2 14707 orig 328 48 189 88 126 255 127 0 0 176 98 15 0 8 0 0 0 216 2 0 0 24 1 0 0 0 0 0 0 0 0 0 0 255 255 255 255 255 255 255 255 255 255 255 255 0 0 0 0 0 0 0 0 0 0 0 0 0 0 0 0 0 0 0 0 208 7 0 2 0 0 0 0 0 0 0 0 0 0 0 0 77 68 79 32 101 120 116 114 97 32 100 97 116 97 32 108 111 99 107 0 0 0 0 0 0 0 0 0 0 0 0 0 0 0 0 0 0 0 0 0 0 0 0 0 0 0 0 0 0 0 0 0 0 0 0 0 0 0 0 0 0 0 0 0 0 0 0 0 0 0 0 0 0 0 0 0 0 0 0 0 0 0 0 0 0 0 0 0 0 0 0 0 0 0 0 0 0 0 0 0 0 0 0 0 0 0 0 0 0 0 0 0 0 0 0 0 0 0 0 0 0 0 0 0 0 0 0 0 0 0 0 0 0 0 0 0 0 0 0 0 0 0 0 0 0 0 0 0 0 0 0 0 0 0 0 0 0 0 0 0 0 0 0 0 0 0 0 0 0 0 0 0 0 0 0 0 42 1 0 0 136 112 0 0 0 0 0 0 0 0 0 0 0 0 0 0 0 0 0 0 254 0 0 0 254 7 0 0 2 0 0 0 0 0 17 0 2 0 0 0 0 0 0 0 0 0 0 0 0 0 0 0 64 1 0 0 254 255 255 255 5 0 12 0 0 0 0 0 data 51 0xc0005 0x3844 0x0 0x0 0x0 0x0 0x0 0x140005 0x3844 0x0 0x0 0x0 0x0 0x0 0x170007 0x0 0x78 0x3844 0x1c0007 0x0 0x48 0x3844 0x220002 0x3844 0x250003 0x3844 0x28 0x2b0002 0x0 0x310007 0x0 0x48 0x0 0x370002 0x0 0x3a0003 0x0 0x28 0x400002 0x0 0x0 0x0 0x0 0x0 0x0 0x0 0x9 0x3 0x0 0x0 0x0 oops 0 methods 0
ciMethodData java/util/TreeMap setColor (Ljava/util/TreeMap$Entry;Z)V 2 10576 orig 328 48 189 88 126 255 127 0 0 112 183 36 0 8 0 0 0 176 1 0 0 0 0 0 0 0 0 0 0 0 0 0 0 255 255 255 255 255 255 255 255 255 255 255 255 0 0 0 0 0 0 0 0 0 0 0 0 0 0 0 0 0 0 0 0 208 7 0 2 0 0 0 0 0 0 0 0 0 0 0 0 77 68 79 32 101 120 116 114 97 32 100 97 116 97 32 108 111 99 107 0 0 0 0 0 0 0 0 0 0 0 0 0 0 0 0 0 0 0 0 0 0 0 0 0 0 0 0 0 0 0 0 0 0 0 0 0 0 0 0 0 0 0 0 0 0 0 0 0 0 0 0 0 0 0 0 0 0 0 0 0 0 0 0 0 0 0 0 0 0 0 0 0 0 0 0 0 0 0 0 0 0 0 0 0 0 0 0 0 0 0 0 0 0 0 0 0 0 0 0 0 0 0 0 0 0 0 0 0 0 0 0 0 0 0 0 0 0 0 0 0 0 0 0 0 0 0 0 0 0 0 0 0 0 0 0 0 0 0 0 0 0 0 0 0 0 0 0 0 0 0 0 0 0 0 0 0 0 2 0 0 160 78 0 0 0 0 0 0 0 0 0 0 0 0 0 0 0 0 0 0 254 0 0 0 254 7 0 0 2 0 0 0 0 0 6 0 2 0 0 0 0 0 0 0 0 0 0 0 0 0 0 0 32 0 0 0 254 255 255 255 7 0 1 0 0 0 0 0 data 14 0x10007 0x0 0x20 0x2750 0x0 0x0 0x0 0x0 0x0 0x0 0x9 0x2 0x0 0x0 oops 0 methods 0
ciMethodData java/util/TreeMap put (Ljava/lang/Object;Ljava/lang/Object;Z)Ljava/lang/Object; 2 22285 orig 328 48 189 88 126 255 127 0 0 192 171 36 0 8 0 0 0 248 4 0 0 88 0 0 0 0 0 0 0 0 0 0 0 255 255 255 255 255 255 255 255 255 255 255 255 0 0 0 0 0 0 0 0 0 0 0 0 0 0 0 0 0 0 0 0 208 7 0 2 0 0 0 0 0 0 0 0 0 0 0 0 77 68 79 32 101 120 116 114 97 32 100 97 116 97 32 108 111 99 107 0 0 0 0 0 0 0 0 0 0 0 0 0 0 0 0 0 0 0 0 0 0 0 0 0 0 0 0 0 0 0 0 0 0 0 0 0 0 0 0 0 0 0 0 0 1 0 0 0 0 0 0 0 0 0 0 0 0 0 0 0 0 0 0 0 0 0 0 0 2 0 0 0 0 0 0 0 0 1 0 0 0 0 0 0 0 0 0 0 0 0 0 0 0 0 0 0 0 0 0 0 0 0 0 0 0 0 0 0 0 0 0 0 0 0 0 0 0 0 0 0 0 0 0 0 0 0 0 0 0 0 0 0 0 0 0 0 0 0 0 0 0 0 0 0 0 0 0 0 0 0 0 0 0 0 0 0 46 4 0 0 146 24 0 0 166 165 0 0 0 0 0 0 0 0 0 0 0 0 0 0 254 0 0 0 254 7 0 0 2 0 0 0 2 0 42 0 2 0 0 0 0 0 0 0 0 0 0 0 0 0 0 0 88 3 0 0 254 255 255 255 7 0 8 0 0 0 0 0 data 119 0x80007 0xc2f 0x58 0x1a 0xe0005 0x1a 0x0 0x0 0x0 0x0 0x0 0x8001b0007 0x5a 0x140 0xbd8 0x2a0005 0x0 0x0 0x1b0de3b7660 0x5d8f 0x1b0de3b7710 0x6 0x330007 0x36e6 0x38 0x26af 0x3d0003 0x26af 0x90 0x420007 0x1 0x38 0x36e5 0x4c0003 0x36e5 0x58 0x570007 0x1 0x40 0x0 0x5c0007 0x0 0x20 0x0 0x6a0007 0x51bd 0xffffffffffffff18 0xbd7 0x6d0003 0xbd7 0x168 0x710002 0x5a 0x760004 0x0 0x0 0x1b0d219f040 0x5a 0x0 0x0 0x860005 0x0 0x0 0x1b0d219f040 0x170 0x0 0x0 0x8f0007 0xbc 0x38 0xb4 0x990003 0xb4 0x90 0x9e0007 0x8 0x38 0xb4 0xa80003 0xb4 0x58 0xb30007 0x8 0x40 0x0 0xb80007 0x0 0x20 0x0 0xc60007 0x116 0xffffffffffffff18 0x52 0xd00007 0x7c8 0x38 0x461 0xd40003 0x461 0x18 0xd80005 0xc29 0x0 0x0 0x0 0x0 0x0 0x0 0x0 0x0 0x0 0x0 0x0 0x9 0x4 0x0 0x0 0x0 0x0 oops 4 18 java/lang/String$CaseInsensitiveComparator 20 java/lang/invoke/LambdaFormEditor$1 56 java/lang/String 63 java/lang/String methods 0
ciMethodData java/util/TreeMap addEntryToEmptyMap (Ljava/lang/Object;Ljava/lang/Object;)V 1 106 orig 328 48 189 88 126 255 127 0 0 72 178 36 0 8 0 0 0 224 1 0 0 0 0 0 0 0 0 0 0 0 0 0 0 255 255 255 255 255 255 255 255 255 255 255 255 0 0 0 0 0 0 0 0 0 0 0 0 0 0 0 0 0 0 0 0 208 7 0 2 0 0 0 0 0 0 0 0 0 0 0 0 77 68 79 32 101 120 116 114 97 32 100 97 116 97 32 108 111 99 107 0 0 0 0 0 0 0 0 0 0 0 0 0 0 0 0 0 0 0 0 0 0 0 0 0 0 0 0 0 0 0 0 0 0 0 0 0 0 0 0 0 0 0 0 0 0 0 0 0 0 0 0 0 0 0 0 0 0 0 0 0 0 0 0 0 0 0 0 0 0 0 0 0 0 0 0 0 0 0 0 0 0 0 0 0 0 0 0 0 0 0 0 0 0 0 0 0 0 0 0 0 0 0 0 0 0 0 0 0 0 0 0 0 0 0 0 0 0 0 0 0 0 0 0 0 25 0 0 0 0 0 0 0 0 0 0 0 0 0 0 0 1 0 0 0 0 0 0 0 0 0 0 0 0 0 0 0 9 0 0 0 194 0 0 0 0 0 0 0 0 0 0 0 0 0 0 0 0 0 0 0 254 0 0 0 254 7 0 0 2 0 0 0 0 0 0 0 0 0 0 0 0 0 0 0 0 0 0 0 0 0 0 0 72 0 0 0 254 255 255 255 5 0 3 0 0 0 0 0 data 20 0x30005 0x61 0x0 0x0 0x0 0x0 0x0 0xf0002 0x61 0x0 0x0 0x0 0x0 0x0 0x0 0x9 0x3 0x1c 0xffffffffffffffff 0x0 oops 0 methods 0
ciMethodData java/util/TreeMap leftOf (Ljava/util/TreeMap$Entry;)Ljava/util/TreeMap$Entry; 2 8189 orig 328 48 189 88 126 255 127 0 0 104 182 36 0 8 0 0 0 192 1 0 0 0 0 0 0 0 0 0 0 0 0 0 0 255 255 255 255 255 255 255 255 255 255 255 255 0 0 0 0 0 0 0 0 0 0 0 0 0 0 0 0 0 0 0 0 208 7 0 2 0 0 0 0 0 0 0 0 0 0 0 0 77 68 79 32 101 120 116 114 97 32 100 97 116 97 32 108 111 99 107 0 0 0 0 0 0 0 0 0 0 0 0 0 0 0 0 0 0 0 0 0 0 0 0 0 0 0 0 0 0 0 0 0 0 0 0 0 0 0 0 0 0 0 0 0 0 0 0 0 0 0 0 0 0 0 0 0 0 0 0 0 0 0 0 0 0 0 0 0 0 0 0 0 0 0 0 0 0 0 0 0 0 0 0 0 0 0 0 0 0 0 0 0 0 0 0 0 0 0 0 0 0 0 0 0 0 0 0 0 0 0 0 0 0 0 0 0 0 0 0 0 0 0 0 0 0 0 0 0 0 0 0 0 0 0 0 0 0 0 0 0 0 0 0 0 0 0 0 0 0 0 0 0 0 0 0 0 0 2 0 0 250 59 0 0 0 0 0 0 0 0 0 0 0 0 0 0 0 0 0 0 254 0 0 0 254 7 0 0 2 0 0 0 0 0 6 0 2 0 0 0 0 0 0 0 0 0 0 0 0 0 0 0 56 0 0 0 254 255 255 255 7 0 1 0 0 0 0 0 data 16 0x10007 0x1dfd 0x38 0x0 0x50003 0x0 0x18 0x0 0x0 0x0 0x0 0x0 0x0 0x9 0x1 0x0 oops 0 methods 0
ciMethodData java/util/TreeMap addEntry (Ljava/lang/Object;Ljava/lang/Object;Ljava/util/TreeMap$Entry;Z)V 2 3356 orig 328 48 189 88 126 255 127 0 0 208 173 36 0 8 0 0 0 40 2 0 0 48 0 0 0 0 0 0 0 0 0 0 0 255 255 255 255 255 255 255 255 255 255 255 255 0 0 0 0 0 0 0 0 0 0 0 0 0 0 0 0 0 0 0 0 208 7 0 2 0 0 0 0 0 0 0 0 0 0 0 0 77 68 79 32 101 120 116 114 97 32 100 97 116 97 32 108 111 99 107 0 0 0 0 0 0 0 0 0 0 0 0 0 0 0 0 0 0 0 0 0 0 0 0 0 0 0 0 0 0 0 0 0 0 0 0 0 0 0 0 0 0 0 0 0 0 0 0 0 0 0 0 0 0 0 0 0 0 0 0 0 0 0 0 0 0 0 0 0 0 0 0 0 0 0 0 0 0 0 0 0 0 0 0 0 0 0 0 0 0 0 0 0 0 0 0 0 0 0 0 0 0 0 0 0 0 0 0 0 0 0 0 0 0 0 0 0 0 0 0 0 0 0 0 0 0 0 0 0 0 0 0 0 0 0 0 0 0 0 0 0 0 0 0 0 0 0 0 0 0 0 0 0 0 0 0 0 26 1 0 0 4 24 0 0 0 0 0 0 0 0 0 0 0 0 0 0 0 0 0 0 254 0 0 0 254 7 0 0 2 0 0 0 0 0 6 0 2 0 0 0 0 0 0 0 0 0 0 0 0 0 0 0 128 0 0 0 254 255 255 255 2 0 7 0 0 0 0 0 data 29 0x70002 0xc02 0xe0007 0x7af 0x38 0x453 0x170003 0x453 0x18 0x230005 0xc02 0x0 0x0 0x0 0x0 0x0 0x0 0x0 0x0 0x0 0x0 0x0 0x9 0x5 0x0 0x0 0x0 0x0 0x0 oops 0 methods 0
ciMethodData java/util/TreeMap colorOf (Ljava/util/TreeMap$Entry;)Z 2 4232 orig 328 48 189 88 126 255 127 0 0 24 183 36 0 8 0 0 0 192 1 0 0 0 0 0 0 0 0 0 0 0 0 0 0 255 255 255 255 255 255 255 255 255 255 255 255 0 0 0 0 0 0 0 0 0 0 0 0 0 0 0 0 0 0 0 0 208 7 0 2 0 0 0 0 0 0 0 0 0 0 0 0 77 68 79 32 101 120 116 114 97 32 100 97 116 97 32 108 111 99 107 0 0 0 0 0 0 0 0 0 0 0 0 0 0 0 0 0 0 0 0 0 0 0 0 0 0 0 0 0 0 0 0 0 0 0 0 0 0 0 0 0 0 0 0 0 0 0 0 0 0 0 0 0 0 0 0 0 0 0 0 0 0 0 0 0 0 0 0 0 0 0 0 0 0 0 0 0 0 0 0 0 0 0 0 0 0 0 0 0 0 0 0 0 0 0 0 0 0 0 0 0 0 0 0 0 0 0 0 0 0 0 0 0 0 0 0 0 0 0 0 0 0 0 0 0 0 0 0 0 0 0 0 0 0 0 0 0 0 0 0 0 0 0 0 0 0 0 0 0 0 0 0 0 0 0 0 0 0 2 0 0 16 29 0 0 0 0 0 0 0 0 0 0 0 0 0 0 0 0 0 0 254 0 0 0 254 7 0 0 2 0 0 0 0 0 6 0 2 0 0 0 0 0 0 0 0 0 0 0 0 0 0 0 56 0 0 0 254 255 255 255 7 0 1 0 0 0 0 0 data 16 0x10007 0x9fb 0x38 0x48d 0x50003 0x48d 0x18 0x0 0x0 0x0 0x0 0x0 0x0 0x9 0x1 0x0 oops 0 methods 0
ciMethodData java/util/TreeMap fixAfterInsertion (Ljava/util/TreeMap$Entry;)V 2 4232 orig 328 48 189 88 126 255 127 0 0 168 179 36 0 8 0 0 0 208 6 0 0 72 4 0 0 0 0 0 0 0 0 0 0 255 255 255 255 255 255 255 255 255 255 255 255 0 0 0 0 0 0 0 0 0 0 0 0 0 0 0 0 0 0 0 0 208 7 0 2 0 0 0 0 0 0 0 0 0 0 0 0 77 68 79 32 101 120 116 114 97 32 100 97 116 97 32 108 111 99 107 0 0 0 0 0 0 0 0 0 0 0 0 0 0 0 0 0 0 0 0 0 0 0 0 0 0 0 0 0 0 0 0 0 0 0 0 0 0 0 0 0 0 0 0 0 0 0 0 0 0 0 0 0 0 0 0 0 0 0 0 0 0 0 0 0 0 0 0 0 0 0 0 0 0 0 0 0 0 0 0 0 0 0 0 0 0 0 0 0 0 0 0 0 0 0 0 0 0 0 0 0 0 0 0 0 0 0 0 0 0 0 0 0 0 0 0 0 0 0 0 0 0 0 0 0 0 0 0 0 0 0 0 0 0 0 0 0 0 0 0 0 0 0 0 0 0 0 0 0 0 0 0 0 0 0 0 0 21 2 0 0 140 22 0 0 230 28 0 0 0 0 0 0 0 0 0 0 0 0 0 0 254 0 0 0 254 7 0 0 2 0 0 0 1 0 217 0 2 0 0 0 0 0 0 0 0 0 0 0 0 0 0 0 64 5 0 0 254 255 255 255 7 0 6 0 0 0 0 0 data 178 0x60007 0x0 0x540 0x19b9 0xe0007 0x4f 0x520 0x196a 0x180007 0xaf7 0x500 0xe73 0x1c0002 0xe73 0x200002 0xe73 0x230002 0xe73 0x260002 0xe73 0x290007 0x987 0x260 0x4ec 0x2d0002 0x4ec 0x300002 0x4ec 0x330002 0x4ec 0x380002 0x4ec 0x3b0007 0x31e 0xb8 0x1ce 0x3f0002 0x1ce 0x430002 0x1ce 0x480002 0x1ce 0x4c0002 0x1ce 0x4f0002 0x1ce 0x530002 0x1ce 0x570002 0x1ce 0x5a0002 0x1ce 0x5e0003 0x1ce 0x148 0x630002 0x31e 0x660002 0x31e 0x690007 0xbf 0x68 0x25f 0x6d0002 0x25f 0x730005 0x25f 0x0 0x0 0x0 0x0 0x0 0x770002 0x31e 0x7b0002 0x31e 0x7f0002 0x31e 0x820002 0x31e 0x860002 0x31e 0x8b0002 0x31e 0x8e0002 0x31e 0x910005 0x31e 0x0 0x0 0x0 0x0 0x0 0x940003 0x4ec 0xfffffffffffffd18 0x980002 0x987 0x9b0002 0x987 0x9e0002 0x987 0xa30002 0x987 0xa60007 0x421 0xb8 0x566 0xaa0002 0x566 0xae0002 0x566 0xb30002 0x566 0xb70002 0x566 0xba0002 0x566 0xbe0002 0x566 0xc20002 0x566 0xc50002 0x566 0xc90003 0x566 0x148 0xce0002 0x421 0xd10002 0x421 0xd40007 0x35f 0x68 0xc2 0xd80002 0xc2 0xde0005 0xc2 0x0 0x0 0x0 0x0 0x0 0xe20002 0x421 0xe60002 0x421 0xea0002 0x421 0xed0002 0x421 0xf10002 0x421 0xf60002 0x421 0xf90002 0x421 0xfc0005 0x421 0x0 0x0 0x0 0x0 0x0 0xff0003 0x987 0xfffffffffffffad8 0x0 0x0 0x0 0x0 0x0 0x0 0x9 0x2 0x0 0x0 oops 0 methods 0
ciMethodData java/util/TreeMap rightOf (Ljava/util/TreeMap$Entry;)Ljava/util/TreeMap$Entry; 2 2395 orig 328 48 189 88 126 255 127 0 0 192 182 36 0 8 0 0 0 192 1 0 0 0 0 0 0 0 0 0 0 0 0 0 0 255 255 255 255 255 255 255 255 255 255 255 255 0 0 0 0 0 0 0 0 0 0 0 0 0 0 0 0 0 0 0 0 208 7 0 2 0 0 0 0 0 0 0 0 0 0 0 0 77 68 79 32 101 120 116 114 97 32 100 97 116 97 32 108 111 99 107 0 0 0 0 0 0 0 0 0 0 0 0 0 0 0 0 0 0 0 0 0 0 0 0 0 0 0 0 0 0 0 0 0 0 0 0 0 0 0 0 0 0 0 0 0 0 0 0 0 0 0 0 0 0 0 0 0 0 0 0 0 0 0 0 0 0 0 0 0 0 0 0 0 0 0 0 0 0 0 0 0 0 0 0 0 0 0 0 0 0 0 0 0 0 0 0 0 0 0 0 0 0 0 0 0 0 0 0 0 0 0 0 0 0 0 0 0 0 0 0 0 0 0 0 0 0 0 0 0 0 0 0 0 0 0 0 0 0 0 0 0 0 0 0 0 0 0 0 0 0 0 0 0 0 0 0 0 114 1 0 0 210 15 0 0 0 0 0 0 0 0 0 0 0 0 0 0 0 0 0 0 254 0 0 0 254 7 0 0 2 0 0 0 0 0 0 0 0 0 0 0 0 0 0 0 0 0 0 0 0 0 0 0 56 0 0 0 254 255 255 255 7 0 1 0 0 0 0 0 data 16 0x10007 0x7e9 0x38 0x0 0x50003 0x0 0x18 0x0 0x0 0x0 0x0 0x0 0x0 0x9 0x1 0x0 oops 0 methods 0
ciMethodData java/util/TreeMap$Entry <init> (Ljava/lang/Object;Ljava/lang/Object;Ljava/util/TreeMap$Entry;)V 2 3462 orig 328 48 189 88 126 255 127 0 0 88 202 53 0 8 0 0 0 160 1 0 0 0 0 0 0 0 0 0 0 0 0 0 0 255 255 255 255 255 255 255 255 255 255 255 255 0 0 0 0 0 0 0 0 0 0 0 0 0 0 0 0 0 0 0 0 208 7 0 2 0 0 0 0 0 0 0 0 0 0 0 0 77 68 79 32 101 120 116 114 97 32 100 97 116 97 32 108 111 99 107 0 0 0 0 0 0 0 0 0 0 0 0 0 0 0 0 0 0 0 0 0 0 0 0 0 0 0 0 0 0 0 0 0 0 0 0 0 0 0 0 0 0 0 0 0 0 0 0 0 0 0 0 0 0 0 0 0 0 0 0 0 0 0 0 0 0 0 0 0 0 0 0 0 0 0 0 0 0 0 0 0 0 0 0 0 0 0 0 0 0 0 0 0 0 0 0 0 0 0 0 0 0 0 0 0 0 0 0 0 0 0 0 0 0 0 0 0 0 0 0 0 0 0 0 0 1 0 0 0 0 0 0 0 0 0 0 0 0 0 0 0 1 0 0 0 0 0 0 0 0 0 0 0 0 0 0 0 0 2 0 0 12 23 0 0 0 0 0 0 0 0 0 0 0 0 0 0 0 0 0 0 254 0 0 0 254 7 0 0 2 0 0 0 0 0 3 0 2 0 0 0 0 0 0 0 0 0 0 0 0 0 0 0 16 0 0 0 254 255 255 255 2 0 1 0 0 0 0 0 data 12 0x10002 0xb86 0x0 0x0 0x0 0x0 0x9 0x4 0x1e 0x0 0x0 0x0 oops 0 methods 0
ciMethodData java/util/TreeMap rotateLeft (Ljava/util/TreeMap$Entry;)V 2 1892 orig 328 48 189 88 126 255 127 0 0 40 174 36 0 8 0 0 0 64 2 0 0 96 0 0 0 0 0 0 0 0 0 0 0 255 255 255 255 255 255 255 255 255 255 255 255 0 0 0 0 0 0 0 0 0 0 0 0 0 0 0 0 0 0 0 0 208 7 0 2 0 0 0 0 0 0 0 0 0 0 0 0 77 68 79 32 101 120 116 114 97 32 100 97 116 97 32 108 111 99 107 0 0 0 0 0 0 0 0 0 0 0 0 0 0 0 0 0 0 0 0 0 0 0 0 0 0 0 0 0 0 0 0 0 0 0 0 0 0 0 0 0 0 0 0 0 0 0 0 0 0 0 0 0 0 0 0 0 0 0 0 0 0 0 0 0 0 0 0 0 0 0 0 0 0 0 0 0 0 0 0 0 0 0 0 0 0 0 0 0 0 0 0 0 0 0 0 0 0 0 0 0 0 0 0 0 0 0 0 0 0 0 0 0 0 0 0 0 0 0 0 0 0 0 0 0 0 0 0 0 0 0 0 0 0 0 0 0 0 0 0 0 0 0 0 0 0 0 0 0 0 0 0 0 0 0 0 0 3 1 0 0 192 12 0 0 0 0 0 0 0 0 0 0 0 0 0 0 0 0 0 0 254 0 0 0 254 7 0 0 2 0 0 0 0 0 14 0 2 0 0 0 0 0 0 0 0 0 0 0 0 0 0 0 176 0 0 0 254 255 255 255 7 0 1 0 0 0 0 0 data 32 0x10007 0x0 0xb0 0x660 0x150007 0x40c 0x20 0x254 0x2c0007 0x631 0x38 0x2f 0x340003 0x2f 0x50 0x3f0007 0x2b4 0x38 0x37d 0x4a0003 0x37d 0x18 0x0 0x0 0x0 0x0 0x0 0x0 0x9 0x2 0x0 0x0 oops 0 methods 0
ciMethodData java/util/TreeMap rotateRight (Ljava/util/TreeMap$Entry;)V 1 1151 orig 328 48 189 88 126 255 127 0 0 128 174 36 0 8 0 0 0 64 2 0 0 96 0 0 0 0 0 0 0 0 0 0 0 255 255 255 255 255 255 255 255 255 255 255 255 0 0 0 0 0 0 0 0 0 0 0 0 0 0 0 0 0 0 0 0 208 7 0 2 0 0 0 0 0 0 0 0 0 0 0 0 77 68 79 32 101 120 116 114 97 32 100 97 116 97 32 108 111 99 107 0 0 0 0 0 0 0 0 0 0 0 0 0 0 0 0 0 0 0 0 0 0 0 0 0 0 0 0 0 0 0 0 0 0 0 0 0 0 0 0 0 0 0 0 0 0 0 0 0 0 0 0 0 0 0 0 0 0 0 0 0 0 0 0 0 0 0 0 0 0 0 0 0 0 0 0 0 0 0 0 0 0 0 0 0 0 0 0 0 0 0 0 0 0 0 0 0 0 0 0 0 0 0 0 0 0 0 0 0 0 0 0 0 0 0 0 0 0 0 0 0 0 0 0 0 0 0 0 0 0 0 0 0 0 0 0 0 0 0 0 0 0 0 0 0 0 0 0 0 0 0 0 0 0 0 0 0 202 0 0 0 106 7 0 0 0 0 0 0 0 0 0 0 0 0 0 0 0 0 0 0 254 0 0 0 254 7 0 0 2 0 0 0 0 0 14 0 2 0 0 0 0 0 0 0 0 0 0 0 0 0 0 0 176 0 0 0 254 255 255 255 7 0 1 0 0 0 0 0 data 32 0x10007 0x0 0xb0 0x3b5 0x150007 0x26b 0x20 0x14a 0x2c0007 0x3ad 0x38 0x8 0x340003 0x8 0x50 0x3f0007 0x109 0x38 0x2a4 0x4a0003 0x2a4 0x18 0x0 0x0 0x0 0x0 0x0 0x0 0x9 0x2 0x0 0x0 oops 0 methods 0
compile java/util/TreeMap put (Ljava/lang/Object;Ljava/lang/Object;Z)Ljava/lang/Object; -1 4 inline 83 0 -1 java/util/TreeMap put (Ljava/lang/Object;Ljava/lang/Object;Z)Ljava/lang/Object; 1 42 java/lang/String$CaseInsensitiveComparator compare (Ljava/lang/Object;Ljava/lang/Object;)I 2 9 java/lang/String$CaseInsensitiveComparator compare (Ljava/lang/String;Ljava/lang/String;)I 3 12 java/lang/String coder ()B 3 20 java/lang/String coder ()B 3 34 java/lang/StringLatin1 compareToCI ([B[B)I 4 40 java/lang/StringLatin1 getChar ([BI)C 4 43 java/lang/CharacterDataLatin1 toUpperCase (I)I 5 4 java/lang/CharacterDataLatin1 getProperties (I)I 4 55 java/lang/StringLatin1 getChar ([BI)C 4 58 java/lang/CharacterDataLatin1 toUpperCase (I)I 5 4 java/lang/CharacterDataLatin1 getProperties (I)I 4 73 java/lang/Character toLowerCase (C)C 5 1 java/lang/Character toLowerCase (I)I 6 1 java/lang/CharacterData of (I)Ljava/lang/CharacterData; 6 5 java/lang/CharacterDataLatin1 toLowerCase (I)I 7 4 java/lang/CharacterDataLatin1 getProperties (I)I 4 80 java/lang/Character toLowerCase (C)C 5 1 java/lang/Character toLowerCase (I)I 6 1 java/lang/CharacterData of (I)Ljava/lang/CharacterData; 6 5 java/lang/CharacterDataLatin1 toLowerCase (I)I 7 4 java/lang/CharacterDataLatin1 getProperties (I)I 1 113 java/util/Objects requireNonNull (Ljava/lang/Object;)Ljava/lang/Object; 1 134 java/lang/String compareTo (Ljava/lang/Object;)I 2 5 java/lang/String compareTo (Ljava/lang/String;)I 3 11 java/lang/String coder ()B 3 19 java/lang/String coder ()B 1 216 java/util/TreeMap addEntry (Ljava/lang/Object;Ljava/lang/Object;Ljava/util/TreeMap$Entry;Z)V 2 7 java/util/TreeMap$Entry <init> (Ljava/lang/Object;Ljava/lang/Object;Ljava/util/TreeMap$Entry;)V 3 1 java/lang/Object <init> ()V 2 35 java/util/TreeMap fixAfterInsertion (Ljava/util/TreeMap$Entry;)V 3 28 java/util/TreeMap parentOf (Ljava/util/TreeMap$Entry;)Ljava/util/TreeMap$Entry; 3 32 java/util/TreeMap parentOf (Ljava/util/TreeMap$Entry;)Ljava/util/TreeMap$Entry; 3 35 java/util/TreeMap parentOf (Ljava/util/TreeMap$Entry;)Ljava/util/TreeMap$Entry; 3 38 java/util/TreeMap leftOf (Ljava/util/TreeMap$Entry;)Ljava/util/TreeMap$Entry; 3 45 java/util/TreeMap parentOf (Ljava/util/TreeMap$Entry;)Ljava/util/TreeMap$Entry; 3 48 java/util/TreeMap parentOf (Ljava/util/TreeMap$Entry;)Ljava/util/TreeMap$Entry; 3 51 java/util/TreeMap rightOf (Ljava/util/TreeMap$Entry;)Ljava/util/TreeMap$Entry; 3 56 java/util/TreeMap colorOf (Ljava/util/TreeMap$Entry;)Z 3 63 java/util/TreeMap parentOf (Ljava/util/TreeMap$Entry;)Ljava/util/TreeMap$Entry; 3 67 java/util/TreeMap setColor (Ljava/util/TreeMap$Entry;Z)V 3 72 java/util/TreeMap setColor (Ljava/util/TreeMap$Entry;Z)V 3 76 java/util/TreeMap parentOf (Ljava/util/TreeMap$Entry;)Ljava/util/TreeMap$Entry; 3 79 java/util/TreeMap parentOf (Ljava/util/TreeMap$Entry;)Ljava/util/TreeMap$Entry; 3 83 java/util/TreeMap setColor (Ljava/util/TreeMap$Entry;Z)V 3 87 java/util/TreeMap parentOf (Ljava/util/TreeMap$Entry;)Ljava/util/TreeMap$Entry; 3 90 java/util/TreeMap parentOf (Ljava/util/TreeMap$Entry;)Ljava/util/TreeMap$Entry; 3 99 java/util/TreeMap parentOf (Ljava/util/TreeMap$Entry;)Ljava/util/TreeMap$Entry; 3 102 java/util/TreeMap rightOf (Ljava/util/TreeMap$Entry;)Ljava/util/TreeMap$Entry; 3 109 java/util/TreeMap parentOf (Ljava/util/TreeMap$Entry;)Ljava/util/TreeMap$Entry; 3 115 java/util/TreeMap rotateLeft (Ljava/util/TreeMap$Entry;)V 3 119 java/util/TreeMap parentOf (Ljava/util/TreeMap$Entry;)Ljava/util/TreeMap$Entry; 3 123 java/util/TreeMap setColor (Ljava/util/TreeMap$Entry;Z)V 3 127 java/util/TreeMap parentOf (Ljava/util/TreeMap$Entry;)Ljava/util/TreeMap$Entry; 3 130 java/util/TreeMap parentOf (Ljava/util/TreeMap$Entry;)Ljava/util/TreeMap$Entry; 3 134 java/util/TreeMap setColor (Ljava/util/TreeMap$Entry;Z)V 3 139 java/util/TreeMap parentOf (Ljava/util/TreeMap$Entry;)Ljava/util/TreeMap$Entry; 3 142 java/util/TreeMap parentOf (Ljava/util/TreeMap$Entry;)Ljava/util/TreeMap$Entry; 3 145 java/util/TreeMap rotateRight (Ljava/util/TreeMap$Entry;)V 3 152 java/util/TreeMap parentOf (Ljava/util/TreeMap$Entry;)Ljava/util/TreeMap$Entry; 3 155 java/util/TreeMap parentOf (Ljava/util/TreeMap$Entry;)Ljava/util/TreeMap$Entry; 3 158 java/util/TreeMap leftOf (Ljava/util/TreeMap$Entry;)Ljava/util/TreeMap$Entry; 3 163 java/util/TreeMap colorOf (Ljava/util/TreeMap$Entry;)Z 3 170 java/util/TreeMap parentOf (Ljava/util/TreeMap$Entry;)Ljava/util/TreeMap$Entry; 3 174 java/util/TreeMap setColor (Ljava/util/TreeMap$Entry;Z)V 3 179 java/util/TreeMap setColor (Ljava/util/TreeMap$Entry;Z)V 3 183 java/util/TreeMap parentOf (Ljava/util/TreeMap$Entry;)Ljava/util/TreeMap$Entry; 3 186 java/util/TreeMap parentOf (Ljava/util/TreeMap$Entry;)Ljava/util/TreeMap$Entry; 3 190 java/util/TreeMap setColor (Ljava/util/TreeMap$Entry;Z)V 3 194 java/util/TreeMap parentOf (Ljava/util/TreeMap$Entry;)Ljava/util/TreeMap$Entry; 3 197 java/util/TreeMap parentOf (Ljava/util/TreeMap$Entry;)Ljava/util/TreeMap$Entry; 3 206 java/util/TreeMap parentOf (Ljava/util/TreeMap$Entry;)Ljava/util/TreeMap$Entry; 3 209 java/util/TreeMap leftOf (Ljava/util/TreeMap$Entry;)Ljava/util/TreeMap$Entry; 3 216 java/util/TreeMap parentOf (Ljava/util/TreeMap$Entry;)Ljava/util/TreeMap$Entry; 3 222 java/util/TreeMap rotateRight (Ljava/util/TreeMap$Entry;)V 3 226 java/util/TreeMap parentOf (Ljava/util/TreeMap$Entry;)Ljava/util/TreeMap$Entry; 3 230 java/util/TreeMap setColor (Ljava/util/TreeMap$Entry;Z)V 3 234 java/util/TreeMap parentOf (Ljava/util/TreeMap$Entry;)Ljava/util/TreeMap$Entry; 3 237 java/util/TreeMap parentOf (Ljava/util/TreeMap$Entry;)Ljava/util/TreeMap$Entry; 3 241 java/util/TreeMap setColor (Ljava/util/TreeMap$Entry;Z)V 3 246 java/util/TreeMap parentOf (Ljava/util/TreeMap$Entry;)Ljava/util/TreeMap$Entry; 3 249 java/util/TreeMap parentOf (Ljava/util/TreeMap$Entry;)Ljava/util/TreeMap$Entry; 3 252 java/util/TreeMap rotateLeft (Ljava/util/TreeMap$Entry;)V
