JvmtiExport can_access_local_variables 0
JvmtiExport can_hotswap_or_post_breakpoint 0
JvmtiExport can_post_on_exceptions 0
# 495 ciObject found
ciInstanceKlass java/util/Iterator 1 1 53 100 8 10 10 11 11 11 100 100 1 1 1 1 1 1 1 1 1 1 1 1 1 1 1 1 1 1 1 1 1 1 1 1 1 1 12 100 12 12 12 100 12 1 1 1 1 1 1 1 1 1 1
instanceKlass sun/print/RasterPrinterJob$GraphicsState
instanceKlass java/awt/geom/LineIterator
instanceKlass sun/java2d/Spans$Span
instanceKlass sun/print/PeekMetrics
instanceKlass sun/java2d/Spans
instanceKlass java/lang/invoke/LambdaForm$MH
instanceKlass java/lang/invoke/LambdaForm$MH
instanceKlass java/lang/invoke/LambdaForm$MH
instanceKlass java/lang/invoke/LambdaForm$MH
instanceKlass java/lang/invoke/LambdaForm$MH
instanceKlass java/lang/invoke/LambdaForm$MH
instanceKlass java/lang/invoke/LambdaForm$MH
instanceKlass java/lang/invoke/LambdaForm$MH
instanceKlass sun/print/OpenBook
instanceKlass java/awt/EventQueue$1AWTInvocationLock
instanceKlass javax/print/attribute/ResolutionSyntax
instanceKlass sun/print/SunPageSelection
instanceKlass sun/print/SunMinMaxPage
instanceKlass sun/awt/windows/WPrintDialogPeer$$Lambda$901
instanceKlass javax/print/attribute/standard/DialogOwner
instanceKlass java/awt/print/Book$BookPage
instanceKlass net/sf/jasperreports/engine/print/JRPrinterAWT$1
instanceKlass java/awt/print/Paper
instanceKlass javax/print/StreamPrintService
instanceKlass sun/awt/windows/WPrinterJob$HandleRecord
instanceKlass java/awt/print/Book
instanceKlass sun/awt/Win32FontManager$4
instanceKlass sun/print/PlatformPrinterJobProxy
instanceKlass java/awt/print/Pageable
instanceKlass net/sf/jasperreports/engine/print/JRPrinterAWT
instanceKlass javax/print/attribute/AttributeSetUtilities$UnmodifiableAttributeSet
instanceKlass javax/print/attribute/AttributeSetUtilities
instanceKlass javax/print/attribute/HashAttributeSet
instanceKlass java/lang/invoke/LambdaForm$MH
instanceKlass java/lang/invoke/LambdaForm$MH
instanceKlass java/lang/invoke/LambdaForm$MH
instanceKlass java/lang/invoke/LambdaForm$MH
instanceKlass java/lang/invoke/LambdaForm$MH
instanceKlass java/lang/invoke/LambdaForm$MH
instanceKlass sun/print/SunAlternateMedia
instanceKlass javax/print/attribute/standard/MediaPrintableArea
instanceKlass javax/print/attribute/SetOfIntegerSyntax
instanceKlass javax/print/attribute/URISyntax
instanceKlass javax/print/attribute/IntegerSyntax
instanceKlass javax/print/attribute/TextSyntax
instanceKlass javax/print/attribute/PrintServiceAttribute
instanceKlass javax/print/attribute/standard/MediaSize$Other
instanceKlass javax/print/attribute/standard/MediaSize$Engineering
instanceKlass javax/print/attribute/standard/MediaSize$NA
instanceKlass javax/print/attribute/standard/MediaSize$JIS
instanceKlass javax/print/attribute/standard/MediaSize$ISO
instanceKlass javax/print/attribute/Size2DSyntax
instanceKlass javax/print/attribute/EnumSyntax
instanceKlass javax/print/attribute/PrintJobAttribute
instanceKlass javax/print/attribute/PrintRequestAttribute
instanceKlass javax/print/attribute/DocAttribute
instanceKlass sun/print/Win32PrintService
instanceKlass sun/print/SunPrinterJobService
instanceKlass sun/print/AttributeUpdater
instanceKlass sun/print/PrintServiceLookupProvider$RemotePrinterChangeListener
instanceKlass sun/print/PrintServiceLookupProvider$PrinterChangeListener
instanceKlass sun/print/PrintServiceLookupProvider$1
instanceKlass javax/print/MultiDocPrintService
instanceKlass javax/print/PrintService
instanceKlass javax/print/PrintServiceLookup$1
instanceKlass javax/print/PrintServiceLookup$Services
instanceKlass javax/print/PrintServiceLookup
instanceKlass javax/print/MimeType$LexicalAnalyzer
instanceKlass javax/print/MimeType
instanceKlass javax/print/DocFlavor
instanceKlass java/awt/print/PrinterJob
instanceKlass javax/print/attribute/PrintServiceAttributeSet
instanceKlass net/sf/jasperreports/engine/JasperPrintManager
instanceKlass net/sf/jasperreports/swing/JRViewerToolbar$16
instanceKlass org/apache/batik/ext/awt/RenderingHintsKeyExt
instanceKlass org/apache/batik/bridge/BridgeContext$CSSPropertiesChangedListener
instanceKlass org/apache/batik/bridge/FocusManager$DOMFocusOutTracker
instanceKlass org/apache/batik/bridge/FocusManager$DOMFocusInTracker
instanceKlass org/apache/batik/bridge/FocusManager$MouseOutTracker
instanceKlass org/apache/batik/bridge/FocusManager$MouseOverTracker
instanceKlass org/apache/batik/bridge/FocusManager$MouseClickTracker
instanceKlass org/apache/batik/bridge/FocusManager
instanceKlass org/apache/batik/bridge/BridgeContext$AnimatedAttrListener
instanceKlass org/apache/batik/bridge/BridgeContext$DOMCharacterDataModifiedEventListener
instanceKlass org/apache/batik/bridge/BridgeContext$DOMNodeRemovedEventListener
instanceKlass org/apache/batik/bridge/BridgeContext$DOMNodeInsertedEventListener
instanceKlass org/apache/batik/bridge/BridgeContext$DOMAttrModifiedEventListener
instanceKlass org/apache/batik/gvt/event/GraphicsNodeKeyListener
instanceKlass org/apache/batik/gvt/event/GraphicsNodeMouseListener
instanceKlass org/apache/batik/bridge/BridgeEventSupport
instanceKlass org/apache/batik/bridge/BridgeContext$DOMMouseOutEventListener
instanceKlass org/apache/batik/bridge/BridgeContext$EventListenerMememto
instanceKlass org/apache/batik/bridge/BridgeContext$DOMMouseOverEventListener
instanceKlass org/apache/batik/gvt/CompositeShapePainter
instanceKlass org/apache/batik/gvt/StrokeShapePainter
instanceKlass org/apache/batik/gvt/FillShapePainter
instanceKlass org/apache/xmlgraphics/java2d/color/ColorSpaceOrigin
instanceKlass org/apache/batik/bridge/PaintServer
instanceKlass org/apache/batik/bridge/SVGSVGElementBridge$SVGSVGElementViewport
instanceKlass org/apache/batik/ext/awt/image/rendered/CachableRed
instanceKlass org/apache/batik/ext/awt/image/renderable/AbstractRable
instanceKlass org/apache/batik/ext/awt/image/renderable/PaintRable
instanceKlass org/apache/batik/parser/DefaultPreserveAspectRatioHandler
instanceKlass org/apache/batik/dom/svg/AbstractSVGPreserveAspectRatio
instanceKlass org/apache/batik/parser/DefaultNumberListHandler
instanceKlass org/apache/batik/parser/NumberListHandler
instanceKlass org/apache/batik/dom/svg/SVGOMRect
instanceKlass org/apache/batik/parser/FragmentIdentifierHandler
instanceKlass org/apache/batik/parser/TransformListHandler
instanceKlass org/apache/batik/parser/PreserveAspectRatioHandler
instanceKlass org/apache/batik/bridge/ViewBox
instanceKlass org/apache/batik/css/dom/CSSOMStyleDeclaration
instanceKlass org/apache/batik/css/engine/StyleDeclarationProvider
instanceKlass org/apache/batik/css/dom/CSSOMStyleDeclaration$ModificationHandler
instanceKlass org/apache/batik/css/dom/CSSOMStyleDeclaration$ValueProvider
instanceKlass org/apache/batik/css/engine/CSSStyleSheetNode
instanceKlass org/apache/batik/css/engine/CSSEngine$1
instanceKlass org/apache/batik/css/engine/StyleMap
instanceKlass org/apache/batik/bridge/CSSUtilities
instanceKlass org/apache/batik/parser/UnitProcessor$UnitResolver
instanceKlass org/apache/batik/parser/DefaultLengthHandler
instanceKlass org/apache/batik/parser/DefaultErrorHandler
instanceKlass org/apache/batik/parser/ErrorHandler
instanceKlass org/apache/batik/parser/AbstractParser
instanceKlass org/apache/batik/parser/Parser
instanceKlass org/apache/batik/anim/dom/AbstractSVGLength$DefaultContext
instanceKlass org/apache/batik/anim/dom/AbstractSVGLength
instanceKlass org/apache/batik/bridge/UnitProcessor$DefaultContext
instanceKlass org/apache/batik/parser/UnitProcessor
instanceKlass org/apache/batik/parser/ClockHandler
instanceKlass org/apache/batik/bridge/SVGUtilities
instanceKlass org/apache/batik/gvt/filter/GraphicsNodeRable
instanceKlass org/apache/batik/gvt/AbstractGraphicsNode
instanceKlass org/apache/batik/bridge/SVGDocumentBridge
instanceKlass org/apache/batik/bridge/BridgeContext$CSSEngineUserAgentWrapper
instanceKlass org/apache/batik/css/engine/StyleDeclaration
instanceKlass org/apache/batik/css/engine/StyleRule
instanceKlass org/apache/batik/css/engine/sac/AbstractElementSelector
instanceKlass org/apache/batik/css/engine/sac/ExtendedSelector
instanceKlass org/apache/batik/css/parser/CSSSelectorList
instanceKlass org/apache/batik/css/parser/ScannerUtilities
instanceKlass org/apache/batik/util/io/AbstractCharDecoder
instanceKlass org/apache/batik/util/io/StreamNormalizingReader$UTF16DecoderFactory
instanceKlass org/apache/batik/util/io/StreamNormalizingReader$UTF8DecoderFactory
instanceKlass org/apache/batik/util/io/StreamNormalizingReader$ISO_8859_1DecoderFactory
instanceKlass org/apache/batik/util/io/StreamNormalizingReader$ASCIIDecoderFactory
instanceKlass org/apache/batik/util/io/StreamNormalizingReader$CharDecoderFactory
instanceKlass org/apache/batik/util/io/CharDecoder
instanceKlass org/apache/batik/css/parser/Scanner
instanceKlass org/apache/batik/css/engine/sac/CSSSelectorFactory
instanceKlass org/apache/batik/css/parser/CSSSACMediaList
instanceKlass org/w3c/css/sac/InputSource
instanceKlass org/apache/batik/util/ParsedURLData
instanceKlass org/apache/batik/Version
instanceKlass org/apache/batik/util/AbstractParsedURLProtocolHandler
instanceKlass org/apache/batik/util/ParsedURLProtocolHandler
instanceKlass org/apache/batik/util/ParsedURL
instanceKlass org/apache/batik/dom/events/EventListenerList$Entry
instanceKlass org/apache/batik/dom/util/IntTable$Entry
instanceKlass org/apache/batik/dom/util/IntTable
instanceKlass org/apache/batik/dom/events/EventListenerList
instanceKlass org/apache/batik/dom/events/EventSupport
instanceKlass org/apache/batik/anim/dom/SVGOMDocument$DOMAttrModifiedListenerWrapper
instanceKlass org/apache/batik/anim/dom/SVGOMDocument$DOMCharacterDataModifiedListenerWrapper
instanceKlass org/apache/batik/anim/dom/SVGOMDocument$DOMSubtreeModifiedListenerWrapper
instanceKlass org/apache/batik/anim/dom/SVGOMDocument$DOMNodeRemovedListenerWrapper
instanceKlass org/apache/batik/anim/dom/SVGOMDocument$DOMNodeInsertedListenerWrapper
instanceKlass org/apache/batik/css/engine/CSSEngine$CSSNavigableDocumentHandler
instanceKlass org/apache/batik/css/engine/CSSEngine$MainPropertyReceiver
instanceKlass org/apache/batik/css/engine/StringIntMap$Entry
instanceKlass org/apache/batik/css/engine/StringIntMap
instanceKlass org/apache/batik/css/engine/sac/CSSConditionFactory
instanceKlass org/apache/batik/css/engine/CSSEngine$DocumentAdapter
instanceKlass org/apache/batik/css/parser/CSSLexicalUnit
instanceKlass org/apache/batik/css/engine/value/AbstractValue
instanceKlass org/apache/batik/css/engine/value/svg/SVGValueConstants
instanceKlass org/apache/batik/css/engine/value/ValueConstants
instanceKlass org/apache/batik/css/engine/value/StringMap$Entry
instanceKlass org/apache/batik/css/engine/value/StringMap
instanceKlass org/apache/batik/css/engine/value/AbstractValueFactory
instanceKlass org/apache/batik/css/engine/value/Value
instanceKlass org/apache/batik/css/engine/Rule
instanceKlass org/apache/batik/css/engine/StyleSheet
instanceKlass org/apache/batik/css/engine/value/ShorthandManager$PropertyHandler
instanceKlass org/apache/batik/css/engine/CSSNavigableDocumentListener
instanceKlass org/apache/batik/css/engine/value/ShorthandManager
instanceKlass org/apache/batik/css/engine/value/ValueManager
instanceKlass org/apache/batik/css/parser/ExtendedParserWrapper
instanceKlass org/apache/batik/css/parser/DefaultErrorHandler
instanceKlass org/w3c/css/sac/ErrorHandler
instanceKlass org/w3c/css/sac/LangCondition
instanceKlass org/w3c/css/sac/CombinatorCondition
instanceKlass org/w3c/css/sac/AttributeCondition
instanceKlass org/apache/batik/css/parser/DefaultConditionFactory
instanceKlass org/w3c/css/sac/ConditionFactory
instanceKlass org/w3c/css/sac/ConditionalSelector
instanceKlass org/w3c/css/sac/SiblingSelector
instanceKlass org/w3c/css/sac/ElementSelector
instanceKlass org/w3c/css/sac/DescendantSelector
instanceKlass org/apache/batik/css/parser/DefaultSelectorFactory
instanceKlass org/w3c/css/sac/SelectorFactory
instanceKlass org/apache/batik/css/parser/DefaultDocumentHandler
instanceKlass org/w3c/css/sac/DocumentHandler
instanceKlass org/w3c/css/sac/Condition
instanceKlass org/w3c/css/sac/SimpleSelector
instanceKlass org/w3c/css/sac/Selector
instanceKlass org/w3c/css/sac/SelectorList
instanceKlass org/w3c/css/sac/SACMediaList
instanceKlass org/w3c/css/sac/LexicalUnit
instanceKlass org/apache/batik/css/parser/Parser
instanceKlass org/apache/batik/css/parser/ExtendedParser
instanceKlass org/w3c/css/sac/Parser
instanceKlass org/apache/batik/parser/LengthListHandler
instanceKlass org/apache/batik/parser/LengthHandler
instanceKlass org/apache/batik/parser/AngleHandler
instanceKlass org/apache/batik/dom/svg/AbstractSVGTransform
instanceKlass org/apache/batik/anim/AbstractAnimation
instanceKlass org/apache/batik/anim/timing/TimedElement
instanceKlass org/apache/batik/util/SMILConstants
instanceKlass org/apache/batik/anim/dom/AnimatableElement
instanceKlass org/apache/batik/dom/svg/SVGAnimationContext
instanceKlass org/w3c/dom/smil/ElementTimeControl
instanceKlass org/apache/batik/dom/svg/SVGTextContent
instanceKlass org/apache/batik/dom/svg/SVGSVGContext
instanceKlass org/apache/batik/dom/svg/SVGPathContext
instanceKlass org/apache/batik/gvt/filter/Mask
instanceKlass org/apache/batik/bridge/MaskBridge
instanceKlass org/apache/batik/bridge/MarkerBridge
instanceKlass org/apache/batik/bridge/PaintBridge
instanceKlass org/apache/batik/gvt/ShapePainter
instanceKlass org/apache/batik/ext/awt/image/spi/RegistryEntry
instanceKlass org/apache/batik/ext/awt/image/spi/ImageTagRegistry
instanceKlass org/apache/batik/ext/awt/image/spi/ErrorConstants
instanceKlass org/apache/batik/ext/awt/image/spi/BrokenLinkProvider
instanceKlass org/apache/batik/parser/PathHandler
instanceKlass org/apache/batik/ext/awt/image/renderable/FilterChainRable
instanceKlass org/apache/batik/bridge/FilterBridge
instanceKlass org/apache/batik/ext/awt/image/renderable/TurbulenceRable
instanceKlass org/apache/batik/ext/awt/image/Light
instanceKlass org/apache/batik/ext/awt/image/renderable/ConvolveMatrixRable
instanceKlass org/apache/batik/ext/awt/image/renderable/FilterColorInterpolation
instanceKlass org/apache/batik/ext/awt/image/renderable/PadRable
instanceKlass org/apache/batik/bridge/FilterPrimitiveBridge
instanceKlass org/apache/batik/ext/awt/image/renderable/ClipRable
instanceKlass org/apache/batik/bridge/GenericBridge
instanceKlass org/apache/batik/bridge/ClipBridge
instanceKlass org/apache/batik/gvt/font/GVTFontFace
instanceKlass org/apache/batik/bridge/AbstractSVGBridge
instanceKlass org/apache/batik/anim/dom/SVGAnimationTargetContext
instanceKlass org/apache/batik/bridge/GraphicsNodeBridge
instanceKlass org/apache/batik/bridge/BridgeUpdateHandler
instanceKlass org/apache/batik/dom/svg/SVGContext
instanceKlass org/apache/batik/extension/svg/BatikBridgeExtension
instanceKlass org/apache/batik/bridge/SVGBridgeExtension
instanceKlass org/apache/batik/gvt/GraphicsNode
instanceKlass org/apache/batik/bridge/GVTBuilder
instanceKlass org/apache/batik/bridge/UserAgentViewport
instanceKlass org/apache/batik/bridge/Viewport
instanceKlass org/apache/batik/util/SoftReferenceCache
instanceKlass org/apache/batik/util/Platform
instanceKlass org/apache/batik/ext/awt/image/renderable/Filter
instanceKlass java/awt/image/renderable/RenderableImage
instanceKlass org/apache/batik/bridge/CursorManager
instanceKlass org/apache/batik/bridge/DocumentLoader
instanceKlass org/apache/batik/script/Interpreter
instanceKlass org/apache/batik/bridge/RhinoInterpreterFactory
instanceKlass org/apache/batik/script/InterpreterFactory
instanceKlass org/apache/batik/script/InterpreterPool
instanceKlass org/apache/batik/bridge/DocumentBridge
instanceKlass org/apache/batik/bridge/Bridge
instanceKlass org/apache/batik/css/engine/CSSEngineListener
instanceKlass org/apache/batik/css/engine/CSSEngineUserAgent
instanceKlass org/apache/batik/bridge/BridgeExtension
instanceKlass org/apache/batik/bridge/BridgeContext
instanceKlass org/apache/batik/css/engine/CSSContext
instanceKlass org/apache/batik/bridge/ErrorConstants
instanceKlass org/apache/batik/util/SoftDoublyIndexedTable
instanceKlass org/apache/batik/dom/AbstractParentNode$ElementsByTagName
instanceKlass net/sf/jasperreports/renderers/util/SvgDataSniffer$SvgInfo
instanceKlass org/apache/batik/dom/AbstractParentNode$ElementsByTagNameNS
instanceKlass org/w3c/dom/svg/SVGRectElement
instanceKlass org/w3c/dom/svg/SVGTransformList
instanceKlass org/w3c/dom/svg/SVGAnimatedTransformList
instanceKlass org/apache/batik/dom/svg/SVGMotionAnimatableElement
instanceKlass org/w3c/dom/svg/SVGGElement
instanceKlass org/w3c/dom/svg/SVGTransformable
instanceKlass org/w3c/dom/svg/SVGPreserveAspectRatio
instanceKlass org/apache/batik/anim/dom/AbstractSVGAnimatedValue
instanceKlass org/apache/batik/anim/dom/AnimatedLiveAttributeValue
instanceKlass org/apache/batik/dom/AbstractParentNode$ChildNodes
instanceKlass org/apache/batik/dom/AbstractElement$Entry
instanceKlass org/apache/batik/dom/AbstractElement$NamedNodeHashMap
instanceKlass org/apache/batik/anim/dom/AttributeInitializer
instanceKlass org/apache/batik/anim/dom/TraitInformation
instanceKlass org/w3c/dom/svg/SVGAnimatedRect
instanceKlass org/w3c/dom/svg/SVGLength
instanceKlass org/w3c/dom/svg/SVGNumber
instanceKlass org/w3c/dom/svg/SVGAngle
instanceKlass org/w3c/dom/svg/SVGMatrix
instanceKlass org/w3c/dom/svg/SVGPoint
instanceKlass org/w3c/dom/svg/SVGAnimatedBoolean
instanceKlass org/w3c/dom/svg/SVGAnimatedPreserveAspectRatio
instanceKlass org/w3c/dom/svg/SVGTransform
instanceKlass org/w3c/dom/svg/SVGRect
instanceKlass org/w3c/dom/svg/SVGAnimatedLength
instanceKlass org/w3c/dom/css/CSSValue
instanceKlass org/w3c/dom/css/CSSStyleDeclaration
instanceKlass org/apache/batik/dom/svg/LiveAttributeValue
instanceKlass org/w3c/dom/svg/SVGAnimatedString
instanceKlass org/apache/batik/anim/values/AnimatableValue
instanceKlass org/apache/batik/parser/UnitProcessor$Context
instanceKlass org/apache/batik/css/engine/CSSNavigableNode
instanceKlass org/apache/batik/anim/dom/AnimationTarget
instanceKlass org/apache/batik/dom/svg/ExtendedTraitAccess
instanceKlass org/apache/batik/dom/svg/TraitAccess
instanceKlass org/apache/batik/css/engine/CSSStylableElement
instanceKlass org/w3c/dom/svg/SVGSVGElement
instanceKlass org/w3c/dom/svg/SVGZoomAndPan
instanceKlass org/w3c/dom/svg/SVGFitToViewBox
instanceKlass org/w3c/dom/svg/SVGLocatable
instanceKlass org/w3c/dom/svg/SVGStylable
instanceKlass org/w3c/dom/svg/SVGExternalResourcesRequired
instanceKlass org/w3c/dom/svg/SVGLangSpace
instanceKlass org/w3c/dom/svg/SVGTests
instanceKlass org/w3c/dom/svg/SVGElement
instanceKlass org/apache/batik/xml/XMLCharacters
instanceKlass org/apache/batik/anim/dom/SVGOMDocument$AnimAttrListener
instanceKlass org/apache/batik/dom/xbl/GenericXBLManager
instanceKlass org/apache/batik/dom/AbstractNode$1
instanceKlass org/w3c/dom/events/EventListener
instanceKlass org/apache/batik/anim/dom/AnimatedAttributeListener
instanceKlass org/apache/batik/w3c/dom/ElementTraversal
instanceKlass org/w3c/dom/xpath/XPathNSResolver
instanceKlass org/w3c/dom/xpath/XPathExpression
instanceKlass org/apache/batik/dom/xbl/XBLManager
instanceKlass org/apache/batik/dom/AbstractNode
instanceKlass org/apache/batik/dom/xbl/XBLManagerData
instanceKlass org/apache/batik/dom/xbl/NodeXBL
instanceKlass org/apache/batik/dom/ExtendedNode
instanceKlass org/apache/batik/dom/events/NodeEventTarget
instanceKlass org/w3c/dom/xpath/XPathEvaluator
instanceKlass org/w3c/dom/views/DocumentView
instanceKlass org/w3c/dom/css/DocumentCSS
instanceKlass org/w3c/dom/stylesheets/DocumentStyle
instanceKlass org/apache/batik/dom/svg/IdContainer
instanceKlass org/apache/batik/css/engine/CSSNavigableDocument
instanceKlass org/apache/batik/util/SVGConstants
instanceKlass org/apache/batik/constants/XMLConstants
instanceKlass org/apache/batik/util/CSSConstants
instanceKlass org/w3c/dom/svg/SVGDocument
instanceKlass org/apache/batik/util/CleanerThread$ReferenceCleared
instanceKlass org/apache/batik/dom/util/DocumentDescriptor
instanceKlass org/apache/batik/dom/util/HashTableStack$Link
instanceKlass org/apache/batik/dom/util/HashTableStack
instanceKlass org/apache/batik/extension/svg/BatikDomExtension$FlowSpanElementFactory
instanceKlass org/apache/batik/extension/svg/BatikDomExtension$FlowLineElementFactory
instanceKlass org/apache/batik/extension/svg/BatikDomExtension$FlowRegionElementFactory
instanceKlass org/apache/batik/extension/svg/BatikDomExtension$FlowRegionBreakElementFactory
instanceKlass org/apache/batik/extension/svg/BatikDomExtension$FlowParaElementFactory
instanceKlass org/apache/batik/extension/svg/BatikDomExtension$FlowDivElementFactory
instanceKlass org/apache/batik/extension/svg/BatikDomExtension$FlowTextElementFactory
instanceKlass org/apache/batik/extension/svg/BatikDomExtension$ColorSwitchElementFactory
instanceKlass org/apache/batik/extension/svg/BatikDomExtension$BatikHistogramNormalizationElementFactory
instanceKlass org/apache/batik/extension/svg/BatikDomExtension$BatikStarElementFactory
instanceKlass org/apache/batik/util/DoublyIndexedTable$Entry
instanceKlass org/apache/batik/util/DoublyIndexedTable
instanceKlass org/apache/batik/extension/svg/BatikDomExtension$BatikRegularPolygonElementFactory
instanceKlass org/apache/batik/extension/svg/BatikDomExtension
instanceKlass org/apache/batik/extension/svg/BatikExtConstants
instanceKlass org/apache/batik/util/Service
instanceKlass org/apache/batik/dom/DomExtension
instanceKlass org/apache/batik/i18n/LocaleGroup
instanceKlass org/apache/batik/i18n/LocalizableSupport
instanceKlass org/apache/batik/anim/dom/SVGDOMImplementation$VkernElementFactory
instanceKlass org/apache/batik/anim/dom/SVGDOMImplementation$ViewElementFactory
instanceKlass org/apache/batik/anim/dom/SVGDOMImplementation$UseElementFactory
instanceKlass org/apache/batik/anim/dom/SVGDOMImplementation$TspanElementFactory
instanceKlass org/apache/batik/anim/dom/SVGDOMImplementation$TrefElementFactory
instanceKlass org/apache/batik/anim/dom/SVGDOMImplementation$TitleElementFactory
instanceKlass org/apache/batik/anim/dom/SVGDOMImplementation$TextPathElementFactory
instanceKlass org/apache/batik/anim/dom/SVGDOMImplementation$TextElementFactory
instanceKlass org/apache/batik/anim/dom/SVGDOMImplementation$SymbolElementFactory
instanceKlass org/apache/batik/anim/dom/SVGDOMImplementation$SwitchElementFactory
instanceKlass org/apache/batik/anim/dom/SVGDOMImplementation$SvgElementFactory
instanceKlass org/apache/batik/anim/dom/SVGDOMImplementation$StyleElementFactory
instanceKlass org/apache/batik/anim/dom/SVGDOMImplementation$StopElementFactory
instanceKlass org/apache/batik/anim/dom/SVGDOMImplementation$ScriptElementFactory
instanceKlass org/apache/batik/anim/dom/SVGDOMImplementation$SetElementFactory
instanceKlass org/apache/batik/anim/dom/SVGDOMImplementation$RectElementFactory
instanceKlass org/apache/batik/anim/dom/SVGDOMImplementation$RadialGradientElementFactory
instanceKlass org/apache/batik/anim/dom/SVGDOMImplementation$PolylineElementFactory
instanceKlass org/apache/batik/anim/dom/SVGDOMImplementation$PolygonElementFactory
instanceKlass org/apache/batik/anim/dom/SVGDOMImplementation$PatternElementFactory
instanceKlass org/apache/batik/anim/dom/SVGDOMImplementation$PathElementFactory
instanceKlass org/apache/batik/anim/dom/SVGDOMImplementation$MpathElementFactory
instanceKlass org/apache/batik/anim/dom/SVGDOMImplementation$MissingGlyphElementFactory
instanceKlass org/apache/batik/anim/dom/SVGDOMImplementation$MetadataElementFactory
instanceKlass org/apache/batik/anim/dom/SVGDOMImplementation$MaskElementFactory
instanceKlass org/apache/batik/anim/dom/SVGDOMImplementation$MarkerElementFactory
instanceKlass org/apache/batik/anim/dom/SVGDOMImplementation$LinearGradientElementFactory
instanceKlass org/apache/batik/anim/dom/SVGDOMImplementation$LineElementFactory
instanceKlass org/apache/batik/anim/dom/SVGDOMImplementation$ImageElementFactory
instanceKlass org/apache/batik/anim/dom/SVGDOMImplementation$HkernElementFactory
instanceKlass org/apache/batik/anim/dom/SVGDOMImplementation$GlyphRefElementFactory
instanceKlass org/apache/batik/anim/dom/SVGDOMImplementation$GlyphElementFactory
instanceKlass org/apache/batik/anim/dom/SVGDOMImplementation$GElementFactory
instanceKlass org/apache/batik/anim/dom/SVGDOMImplementation$ForeignObjectElementFactory
instanceKlass org/apache/batik/anim/dom/SVGDOMImplementation$FontFaceUriElementFactory
instanceKlass org/apache/batik/anim/dom/SVGDOMImplementation$FontFaceSrcElementFactory
instanceKlass org/apache/batik/anim/dom/SVGDOMImplementation$FontFaceNameElementFactory
instanceKlass org/apache/batik/anim/dom/SVGDOMImplementation$FontFaceFormatElementFactory
instanceKlass org/apache/batik/anim/dom/SVGDOMImplementation$FontFaceElementFactory
instanceKlass org/apache/batik/anim/dom/SVGDOMImplementation$FontElementFactory
instanceKlass org/apache/batik/anim/dom/SVGDOMImplementation$FilterElementFactory
instanceKlass org/apache/batik/anim/dom/SVGDOMImplementation$FeTurbulenceElementFactory
instanceKlass org/apache/batik/anim/dom/SVGDOMImplementation$FeTileElementFactory
instanceKlass org/apache/batik/anim/dom/SVGDOMImplementation$FeSpotLightElementFactory
instanceKlass org/apache/batik/anim/dom/SVGDOMImplementation$FeSpecularLightingElementFactory
instanceKlass org/apache/batik/anim/dom/SVGDOMImplementation$FePointLightElementFactory
instanceKlass org/apache/batik/anim/dom/SVGDOMImplementation$FeOffsetElementFactory
instanceKlass org/apache/batik/anim/dom/SVGDOMImplementation$FeMorphologyElementFactory
instanceKlass org/apache/batik/anim/dom/SVGDOMImplementation$FeMergeNodeElementFactory
instanceKlass org/apache/batik/anim/dom/SVGDOMImplementation$FeMergeElementFactory
instanceKlass org/apache/batik/anim/dom/SVGDOMImplementation$FeImageElementFactory
instanceKlass org/apache/batik/anim/dom/SVGDOMImplementation$FeGaussianBlurElementFactory
instanceKlass org/apache/batik/anim/dom/SVGDOMImplementation$FeFuncBElementFactory
instanceKlass org/apache/batik/anim/dom/SVGDOMImplementation$FeFuncGElementFactory
instanceKlass org/apache/batik/anim/dom/SVGDOMImplementation$FeFuncRElementFactory
instanceKlass org/apache/batik/anim/dom/SVGDOMImplementation$FeFuncAElementFactory
instanceKlass org/apache/batik/anim/dom/SVGDOMImplementation$FeFloodElementFactory
instanceKlass org/apache/batik/anim/dom/SVGDOMImplementation$FeDistantLightElementFactory
instanceKlass org/apache/batik/anim/dom/SVGDOMImplementation$FeDisplacementMapElementFactory
instanceKlass org/apache/batik/anim/dom/SVGDOMImplementation$FeDiffuseLightingElementFactory
instanceKlass org/apache/batik/anim/dom/SVGDOMImplementation$FeConvolveMatrixElementFactory
instanceKlass org/apache/batik/anim/dom/SVGDOMImplementation$FeCompositeElementFactory
instanceKlass org/apache/batik/anim/dom/SVGDOMImplementation$FeComponentTransferElementFactory
instanceKlass org/apache/batik/anim/dom/SVGDOMImplementation$FeColorMatrixElementFactory
instanceKlass org/apache/batik/anim/dom/SVGDOMImplementation$FeBlendElementFactory
instanceKlass org/apache/batik/anim/dom/SVGDOMImplementation$EllipseElementFactory
instanceKlass org/apache/batik/anim/dom/SVGDOMImplementation$DescElementFactory
instanceKlass org/apache/batik/anim/dom/SVGDOMImplementation$DefsElementFactory
instanceKlass org/apache/batik/anim/dom/SVGDOMImplementation$DefinitionSrcElementFactory
instanceKlass org/apache/batik/anim/dom/SVGDOMImplementation$CursorElementFactory
instanceKlass org/apache/batik/anim/dom/SVGDOMImplementation$ColorProfileElementFactory
instanceKlass org/apache/batik/anim/dom/SVGDOMImplementation$ClipPathElementFactory
instanceKlass org/apache/batik/anim/dom/SVGDOMImplementation$CircleElementFactory
instanceKlass org/apache/batik/anim/dom/SVGDOMImplementation$AnimateTransformElementFactory
instanceKlass org/apache/batik/anim/dom/SVGDOMImplementation$AnimateMotionElementFactory
instanceKlass org/apache/batik/anim/dom/SVGDOMImplementation$AnimateColorElementFactory
instanceKlass org/apache/batik/anim/dom/SVGDOMImplementation$AnimateElementFactory
instanceKlass org/apache/batik/anim/dom/SVGDOMImplementation$AltGlyphItemElementFactory
instanceKlass org/apache/batik/anim/dom/SVGDOMImplementation$AltGlyphDefElementFactory
instanceKlass org/apache/batik/anim/dom/SVGDOMImplementation$AltGlyphElementFactory
instanceKlass org/apache/batik/anim/dom/SVGDOMImplementation$AElementFactory
instanceKlass org/apache/batik/dom/ExtensibleDOMImplementation$ElementFactory
instanceKlass org/w3c/dom/css/ViewCSS
instanceKlass org/w3c/dom/views/AbstractView
instanceKlass org/apache/batik/css/engine/CSSEngine
instanceKlass org/apache/batik/dom/events/DocumentEventSupport$EventFactory
instanceKlass org/apache/batik/dom/AbstractDOMImplementation
instanceKlass org/apache/batik/i18n/Localizable
instanceKlass org/apache/batik/dom/StyleSheetFactory
instanceKlass org/w3c/dom/css/DOMImplementationCSS
instanceKlass org/apache/batik/dom/util/CSSStyleDeclarationFactory
instanceKlass org/apache/batik/util/XMLResourceDescriptor
instanceKlass org/apache/batik/gvt/font/GVTFontFamily
instanceKlass net/sf/jasperreports/renderers/BatikFontFamilyResolver
instanceKlass org/apache/batik/bridge/FontFamilyResolver
instanceKlass org/apache/batik/bridge/ExternalResourceSecurity
instanceKlass org/apache/batik/bridge/ScriptSecurity
instanceKlass org/apache/batik/bridge/UserAgentAdapter
instanceKlass org/apache/batik/dom/svg/SVGDocumentFactory
instanceKlass org/apache/batik/dom/util/DocumentFactory
instanceKlass org/apache/batik/bridge/UserAgent
instanceKlass net/sf/jasperreports/renderers/util/SvgDataSniffer
instanceKlass net/sf/jasperreports/renderers/util/XmlDataSniffer$XmlSniffResult
instanceKlass org/apache/xerces/parsers/AbstractSAXParser$LocatorProxy
instanceKlass org/xml/sax/ext/Locator2
instanceKlass org/apache/xerces/parsers/AbstractSAXParser$AttributesProxy
instanceKlass org/xml/sax/ext/Attributes2
instanceKlass org/xml/sax/AttributeList
instanceKlass javax/xml/parsers/SAXParser
instanceKlass net/sf/jasperreports/renderers/util/XmlDataSniffer
instanceKlass com/sun/imageio/plugins/common/ReaderUtil
instanceKlass com/sun/imageio/plugins/png/PNGImageDataEnumeration
instanceKlass javax/imageio/IIOParam
instanceKlass javax/imageio/metadata/IIOMetadata
instanceKlass javax/imageio/ImageIO$ImageReaderIterator
instanceKlass javax/imageio/spi/FilterIterator
instanceKlass javax/imageio/ImageIO$CanDecodeInputFilter
instanceKlass javax/imageio/spi/ServiceRegistry$Filter
instanceKlass javax/imageio/stream/FileCacheImageInputStream$StreamDisposerRecord
instanceKlass com/sun/imageio/stream/StreamCloser$$Lambda$900
instanceKlass com/sun/imageio/stream/StreamCloser$1
instanceKlass com/sun/imageio/stream/StreamCloser$CloseAction
instanceKlass com/sun/imageio/stream/StreamCloser
instanceKlass javax/imageio/stream/ImageInputStreamImpl
instanceKlass javax/imageio/ImageIO$CacheInfo
instanceKlass javax/imageio/spi/PartialOrderIterator
instanceKlass javax/imageio/ImageTypeSpecifier
instanceKlass javax/imageio/ImageWriter
instanceKlass javax/imageio/ImageTranscoder
instanceKlass javax/imageio/metadata/IIOMetadataFormat
instanceKlass javax/imageio/ImageReader
instanceKlass javax/imageio/spi/IIORegistry$1
instanceKlass com/sun/imageio/plugins/jpeg/JPEG
instanceKlass javax/imageio/stream/ImageOutputStream
instanceKlass javax/imageio/spi/DigraphNode
instanceKlass javax/imageio/stream/ImageInputStream
instanceKlass javax/imageio/spi/SubRegistry
instanceKlass javax/imageio/spi/IIOServiceProvider
instanceKlass javax/imageio/spi/RegisterableService
instanceKlass javax/imageio/spi/ServiceRegistry
instanceKlass javax/imageio/ImageIO
instanceKlass net/sf/jasperreports/engine/util/JRAbstractImageEncoder
instanceKlass net/sf/jasperreports/engine/util/JRJdk14ImageReader
instanceKlass net/sf/jasperreports/engine/util/JRImageEncoder
instanceKlass net/sf/jasperreports/engine/util/JRImageReader
instanceKlass net/sf/jasperreports/engine/util/JRImageLoader
instanceKlass net/sf/jasperreports/engine/util/JRTypeSniffer
instanceKlass net/sf/jasperreports/engine/util/ImageUtil$1
instanceKlass net/sf/jasperreports/engine/util/ImageUtil
instanceKlass net/sourceforge/barbecue/linear/code128/ModuleFactory
instanceKlass net/sourceforge/barbecue/linear/code128/CharBuffer
instanceKlass net/sourceforge/barbecue/linear/code128/Accumulator
instanceKlass net/sourceforge/barbecue/output/AbstractOutput
instanceKlass net/sourceforge/barbecue/env/HeadlessEnvironment
instanceKlass net/sf/jasperreports/components/barbecue/BarbecueRendererImpl$1
instanceKlass net/sf/jasperreports/engine/export/draw/ImageDrawer$1
instanceKlass net/sf/jasperreports/engine/export/draw/ImageDrawer$InternalImageDrawer
instanceKlass net/sf/jasperreports/engine/util/JRPenUtil$1
instanceKlass net/sf/jasperreports/engine/util/JRPenUtil
instanceKlass net/sf/jasperreports/engine/export/AbstractTextRenderer$TabSegment
instanceKlass java/awt/font/TextLayout$CaretPolicy
instanceKlass java/awt/font/TextLayout
instanceKlass java/awt/font/TextLine$TextLineMetrics
instanceKlass sun/font/Underline
instanceKlass net/sf/jasperreports/engine/export/draw/TextDrawer$1
instanceKlass net/sf/jasperreports/engine/JRGenericPrintElement
instanceKlass net/sf/jasperreports/engine/export/draw/Offset
instanceKlass net/sf/jasperreports/engine/JRAbstractExporter$PageRange
instanceKlass net/sf/jasperreports/engine/export/draw/ElementDrawer
instanceKlass net/sf/jasperreports/engine/export/draw/PrintDrawVisitor
instanceKlass net/sf/jasperreports/engine/export/MatcherExporterFilter
instanceKlass net/sf/jasperreports/engine/export/JROriginExporterFilter
instanceKlass net/sf/jasperreports/engine/export/ResetableExporterFilter
instanceKlass net/sf/jasperreports/engine/export/ElementKeyExporterFilterFactory
instanceKlass net/sf/jasperreports/engine/export/MatcherExporterFilterFactory
instanceKlass net/sf/jasperreports/engine/export/JROriginExporterFilterFactory
instanceKlass net/sf/jasperreports/engine/export/DefaultExporterFilterFactory
instanceKlass net/sf/jasperreports/engine/export/ExporterFilterFactory
instanceKlass net/sf/jasperreports/engine/export/ExporterFilterFactoryUtil
instanceKlass net/sf/jasperreports/export/annotations/ExporterParameter
instanceKlass net/sf/jasperreports/export/annotations/ExporterProperty
instanceKlass net/sf/jasperreports/export/CompositeExporterConfigurationFactory$DelegateInvocationHandler
instanceKlass net/sf/jasperreports/export/CompositeExporterConfigurationFactory
instanceKlass net/sf/jasperreports/export/PropertiesNoDefaultsConfigurationFactory$PropertiesInvocationHandler
instanceKlass net/sf/jasperreports/export/PropertiesNoDefaultsConfigurationFactory
instanceKlass net/sf/jasperreports/engine/export/ExporterFilter
instanceKlass net/sf/jasperreports/engine/export/JRExportProgressMonitor
instanceKlass net/sf/jasperreports/export/ExporterConfiguration
instanceKlass net/sf/jasperreports/export/PropertiesDefaultsConfigurationFactory$PropertiesDefaultsInvocationHandler
instanceKlass net/sf/jasperreports/export/PropertiesDefaultsConfigurationFactory
instanceKlass net/sf/jasperreports/export/SimpleGraphics2DExporterOutput
instanceKlass net/sf/jasperreports/export/Graphics2DExporterOutput
instanceKlass net/sf/jasperreports/export/SimpleCommonExportConfiguration
instanceKlass net/sf/jasperreports/export/Graphics2DReportConfiguration
instanceKlass net/sf/jasperreports/export/SimpleExporterInputItem
instanceKlass net/sf/jasperreports/export/ExporterInputItem
instanceKlass net/sf/jasperreports/export/SimpleExporterInput
instanceKlass net/sf/jasperreports/engine/JRAbstractExporter$BaseExporterContext
instanceKlass net/sf/jasperreports/engine/export/JRGraphics2DExporterContext
instanceKlass net/sf/jasperreports/engine/export/JRExporterContext
instanceKlass net/sf/jasperreports/engine/export/data/TextValue
instanceKlass net/sf/jasperreports/engine/export/JRHyperlinkProducerFactory
instanceKlass net/sf/jasperreports/engine/JRPrintFrame
instanceKlass net/sf/jasperreports/engine/JasperPrint$DefaultPrintPageFormat
instanceKlass net/sf/jasperreports/swing/JRViewerPanel$4
instanceKlass net/sf/jasperreports/swing/JRViewerPanel$2
instanceKlass net/sf/jasperreports/engine/JRAbstractExporter
instanceKlass net/sf/jasperreports/engine/JRExporter
instanceKlass net/sf/jasperreports/export/Exporter
instanceKlass net/sf/jasperreports/export/ReportExportConfiguration
instanceKlass net/sf/jasperreports/export/CommonExportConfiguration
instanceKlass net/sf/jasperreports/export/ExporterOutput
instanceKlass net/sf/jasperreports/export/ExporterInput
instanceKlass net/sf/jasperreports/view/SaveContributorUtils
instanceKlass net/sf/jasperreports/swing/JRViewerToolbar$15
instanceKlass net/sf/jasperreports/swing/JRViewerToolbar$14
instanceKlass net/sf/jasperreports/swing/JRViewerToolbar$13
instanceKlass net/sf/jasperreports/swing/JRViewerToolbar$12
instanceKlass net/sf/jasperreports/swing/JRViewerToolbar$11
instanceKlass net/sf/jasperreports/swing/JRViewerToolbar$10
instanceKlass net/sf/jasperreports/swing/JRViewerToolbar$9
instanceKlass net/sf/jasperreports/swing/JRViewerToolbar$8
instanceKlass net/sf/jasperreports/swing/JRViewerToolbar$7
instanceKlass net/sf/jasperreports/swing/JRViewerToolbar$6
instanceKlass net/sf/jasperreports/swing/JRViewerToolbar$5
instanceKlass net/sf/jasperreports/swing/JRViewerToolbar$4
instanceKlass net/sf/jasperreports/swing/JRViewerToolbar$3
instanceKlass net/sf/jasperreports/swing/JRViewerToolbar$2
instanceKlass net/sf/jasperreports/swing/JRViewerToolbar$1
instanceKlass net/sf/jasperreports/swing/JRViewerController
instanceKlass net/sf/jasperreports/view/JRHyperlinkListener
instanceKlass net/sf/jasperreports/swing/JRViewerListener
instanceKlass net/sf/jasperreports/engine/fill/JRFillContext$FillCacheDisposable
instanceKlass net/sf/jasperreports/engine/fill/ElementEvaluationsSource
instanceKlass net/sf/jasperreports/engine/fill/ElementRangeUtil
instanceKlass net/sf/jasperreports/components/barbecue/BarbecueStyleResolver
instanceKlass net/sf/jasperreports/renderers/DimensionRenderable
instanceKlass net/sf/jasperreports/renderers/Graphics2DRenderable
instanceKlass net/sourceforge/barbecue/env/DefaultEnvironment
instanceKlass net/sourceforge/barbecue/env/Environment
instanceKlass net/sourceforge/barbecue/env/EnvironmentFactory
instanceKlass java/awt/print/PageFormat
instanceKlass net/sourceforge/barbecue/Module
instanceKlass net/sourceforge/barbecue/output/Output
instanceKlass net/sourceforge/barbecue/BarcodeFactory
instanceKlass java/awt/print/Printable
instanceKlass net/sf/jasperreports/components/barbecue/BaseBarcodeProvider
instanceKlass net/sf/jasperreports/components/barbecue/BarcodeProvider
instanceKlass net/sf/jasperreports/components/barbecue/BarcodeProviders
instanceKlass net/sf/jasperreports/components/barbecue/BarcodeInfo
instanceKlass net/sf/jasperreports/engine/JRPrintLine
instanceKlass net/sf/jasperreports/crosstabs/fill/calculation/BucketingServiceContext
instanceKlass net/sf/jasperreports/engine/JRSubreport
instanceKlass net/sf/jasperreports/engine/util/ObjectUtils$HashCode
instanceKlass net/sf/jasperreports/engine/util/DeduplicableRegistry$DeduplicableWrapper
instanceKlass net/sf/jasperreports/engine/util/DeduplicableRegistry$DeduplicableMap
instanceKlass net/sf/jasperreports/engine/component/StretchableFillComponent
instanceKlass net/sf/jasperreports/engine/component/FillPrepareResult
instanceKlass net/sf/jasperreports/engine/export/AbstractTextRenderer$1
instanceKlass net/sf/jasperreports/engine/fill/TabSegment
instanceKlass net/sf/jasperreports/engine/fill/SimpleTextLine
instanceKlass sun/font/DelegatingShape
instanceKlass sun/font/GlyphLayout$LayoutEngineKey
instanceKlass sun/font/GlyphLayout$EngineRecord
instanceKlass sun/font/ScriptRunData
instanceKlass sun/font/GlyphLayout$SDCache$SDKey
instanceKlass sun/font/GlyphLayout$SDCache
instanceKlass sun/font/FontRunIterator
instanceKlass sun/font/ScriptRun
instanceKlass sun/font/TextRecord
instanceKlass sun/font/GlyphLayout$GVData
instanceKlass sun/font/SunLayoutEngine
instanceKlass sun/font/GlyphLayout$LayoutEngineFactory
instanceKlass sun/font/GlyphLayout$LayoutEngine
instanceKlass sun/font/GlyphLayout
instanceKlass sun/font/TextLabel
instanceKlass sun/font/Decoration$Label
instanceKlass sun/font/TextSource
instanceKlass java/awt/font/GraphicAttribute
instanceKlass sun/font/TextLineComponent
instanceKlass sun/font/TextLabelFactory
instanceKlass java/awt/font/CharArrayIterator
instanceKlass java/awt/font/TextLine$Function
instanceKlass java/awt/font/TextLine
instanceKlass java/text/AttributeEntry
instanceKlass java/text/Annotation
instanceKlass sun/font/Decoration
instanceKlass java/awt/font/StyledParagraph
instanceKlass sun/text/normalizer/UTF16
instanceKlass sun/text/bidi/BidiBase$TextAttributeConstants
instanceKlass sun/text/bidi/BidiBase$Point
instanceKlass sun/text/bidi/BidiBase$InsertPoints
instanceKlass sun/text/bidi/BidiRun
instanceKlass java/awt/font/TextMeasurer
instanceKlass java/awt/font/LineBreakMeasurer
instanceKlass net/sf/jasperreports/engine/util/ParagraphUtil
instanceKlass java/text/StringCharacterIterator
instanceKlass sun/text/normalizer/Trie2$UTrie2Header
instanceKlass sun/text/normalizer/Trie2$1
instanceKlass sun/text/normalizer/Trie2$ValueMapper
instanceKlass sun/text/normalizer/Trie2
instanceKlass sun/text/normalizer/UBiDiProps$IsAcceptable
instanceKlass sun/text/normalizer/ICUBinary$Authenticate
instanceKlass sun/text/normalizer/ICUBinary$1
instanceKlass sun/text/normalizer/ICUBinary
instanceKlass sun/text/normalizer/UBiDiProps
instanceKlass sun/text/normalizer/UCharacter
instanceKlass sun/text/bidi/BidiBase$ImpTabPair
instanceKlass sun/text/bidi/BidiBase
instanceKlass java/text/Bidi
instanceKlass net/sf/jasperreports/engine/fill/SimpleTextLineWrapper$ElementFontInfo
instanceKlass net/sf/jasperreports/engine/fill/SimpleTextLineWrapper$FontStatistics
instanceKlass net/sf/jasperreports/engine/fill/SimpleTextLineWrapper$FontInfo
instanceKlass java/lang/invoke/LambdaForm$MH
instanceKlass java/lang/invoke/LambdaForm$DMH
instanceKlass java/lang/invoke/LambdaForm$MH
instanceKlass java/lang/invoke/LambdaForm$MH
instanceKlass java/lang/invoke/LambdaForm$MH
instanceKlass java/lang/invoke/LambdaForm$MH
instanceKlass java/lang/invoke/LambdaForm$MH
instanceKlass java/lang/invoke/LambdaForm$MH
instanceKlass java/lang/invoke/LambdaForm$BMH
instanceKlass java/lang/invoke/LambdaForm$DMH
instanceKlass java/lang/invoke/LambdaForm$MH
instanceKlass java/lang/invoke/LambdaForm$MH
instanceKlass java/lang/invoke/LambdaForm$MH
instanceKlass java/lang/invoke/LambdaForm$MH
instanceKlass java/lang/invoke/LambdaForm$MH
instanceKlass java/lang/invoke/LambdaForm$MH
instanceKlass java/lang/invoke/LambdaForm$MH
instanceKlass java/lang/invoke/LambdaForm$MH
instanceKlass java/lang/invoke/LambdaForm$MH
instanceKlass java/lang/invoke/LambdaForm$MH
instanceKlass java/lang/invoke/LambdaForm$MH
instanceKlass java/lang/invoke/LambdaForm$MH
instanceKlass java/lang/invoke/LambdaForm$MH
instanceKlass java/awt/font/LineMetrics
instanceKlass sun/font/CoreMetrics
instanceKlass net/sf/jasperreports/engine/export/AbstractTextRenderer
instanceKlass sun/font/AttributeValues$1
instanceKlass net/sf/jasperreports/engine/fill/SimpleTextLineWrapper$FontKey
instanceKlass net/sf/jasperreports/engine/fonts/AwtFontAttribute
instanceKlass net/sf/jasperreports/engine/fill/TextMeasurer$TextMeasuredState
instanceKlass net/sf/jasperreports/engine/fill/TextMeasurer$1
instanceKlass net/sf/jasperreports/engine/util/Pair
instanceKlass net/sf/jasperreports/engine/util/JRStyledText$Run
instanceKlass net/sf/jasperreports/engine/util/JRStyledText
instanceKlass net/sf/jasperreports/engine/util/MaxFontSizeFinder
instanceKlass net/sf/jasperreports/engine/fill/ComplexTextLineWrapper
instanceKlass java/lang/Character$Subset
instanceKlass net/sf/jasperreports/engine/fill/TextLine
instanceKlass net/sf/jasperreports/engine/fill/SimpleTextLineWrapper
instanceKlass net/sf/jasperreports/engine/fill/TextMeasurer$Context
instanceKlass net/sf/jasperreports/engine/fill/JRMeasuredText
instanceKlass net/sf/jasperreports/engine/fill/TextLineWrapper
instanceKlass net/sf/jasperreports/engine/fill/TextMeasureContext
instanceKlass net/sf/jasperreports/engine/fill/TextMeasurer
instanceKlass net/sf/jasperreports/engine/fill/JRTextMeasurer
instanceKlass net/sf/jasperreports/engine/util/AbstractTextMeasurerFactory
instanceKlass net/sf/jasperreports/engine/util/JRTextMeasurerFactory
instanceKlass net/sf/jasperreports/engine/fill/JRTextMeasurerFactory
instanceKlass net/sf/jasperreports/engine/util/JRTextMeasurerUtil
instanceKlass net/sf/jasperreports/renderers/RenderToImageAwareRenderable
instanceKlass org/apache/xalan/transformer/SerializerSwitcher
instanceKlass org/apache/xml/serializer/utils/AttList
instanceKlass org/apache/xml/serializer/utils/DOM2Helper
instanceKlass javax/xml/transform/sax/SAXSource
instanceKlass javax/xml/transform/stream/StreamSource
instanceKlass org/apache/xml/serializer/SecuritySupport$6
instanceKlass org/apache/xml/serializer/Encodings
instanceKlass org/apache/xml/serializer/NamespaceMappings$MappingRecord
instanceKlass org/apache/xml/serializer/NamespaceMappings$Stack
instanceKlass org/apache/xml/serializer/NamespaceMappings
instanceKlass org/apache/xml/serializer/CharInfo$CharKey
instanceKlass org/apache/xml/serializer/CharInfo$1
instanceKlass org/apache/xml/serializer/CharInfo
instanceKlass org/apache/xml/serializer/EncodingInfo$InEncoding
instanceKlass org/apache/xml/serializer/EncodingInfo
instanceKlass org/apache/xml/serializer/ToStream$BoolStack
instanceKlass org/apache/xml/serializer/ElemContext
instanceKlass org/xml/sax/helpers/AttributesImpl
instanceKlass org/apache/xml/serializer/SecuritySupport$4
instanceKlass org/apache/xml/serializer/WriterChain
instanceKlass org/apache/xml/serializer/SecuritySupport$2
instanceKlass org/apache/xml/serializer/SecuritySupport$1
instanceKlass org/apache/xml/serializer/SecuritySupport
instanceKlass org/apache/xml/serializer/ObjectFactory
instanceKlass org/apache/xml/serializer/SerializerFactory
instanceKlass org/apache/xml/serializer/OutputPropertiesFactory$1
instanceKlass org/xml/sax/Attributes
instanceKlass org/apache/xml/serializer/SerializerBase
instanceKlass org/apache/xml/serializer/SerializerConstants
instanceKlass org/apache/xml/serializer/SerializationHandler
instanceKlass org/apache/xml/serializer/Serializer
instanceKlass org/apache/xml/serializer/DOMSerializer
instanceKlass org/apache/xml/serializer/XSLOutputAttributes
instanceKlass org/apache/xml/serializer/ExtendedLexicalHandler
instanceKlass org/apache/xml/serializer/ExtendedContentHandler
instanceKlass org/apache/xml/serializer/OutputPropertiesFactory
instanceKlass org/apache/xml/utils/UnImplNode
instanceKlass org/apache/xalan/templates/XSLTVisitable
instanceKlass org/apache/xpath/WhitespaceStrippingElementMatcher
instanceKlass org/apache/xpath/ExpressionNode
instanceKlass org/apache/xml/utils/PrefixResolver
instanceKlass org/apache/xml/serializer/TreeWalker
instanceKlass javax/xml/transform/dom/DOMResult
instanceKlass javax/xml/transform/sax/SAXResult
instanceKlass javax/xml/transform/stream/StreamResult
instanceKlass javax/xml/transform/dom/DOMSource
instanceKlass net/sf/jasperreports/engine/util/JRColorUtil
instanceKlass org/w3c/dom/ls/LSSerializer
instanceKlass org/w3c/dom/ls/LSInput
instanceKlass org/w3c/dom/ls/LSParser
instanceKlass org/w3c/dom/ls/LSOutput
instanceKlass org/apache/xerces/dom/CoreDOMImplementationImpl
instanceKlass org/w3c/dom/ls/DOMImplementationLS
instanceKlass org/w3c/dom/DOMImplementation
instanceKlass org/krysalis/barcode4j/BarcodeDimension
instanceKlass net/sf/jasperreports/engine/type/NamedValueEnum
instanceKlass org/krysalis/barcode4j/output/AbstractCanvasProvider
instanceKlass org/krysalis/barcode4j/output/CanvasProvider
instanceKlass com/google/zxing/qrcode/encoder/MaskUtil
instanceKlass com/google/zxing/qrcode/encoder/MatrixUtil
instanceKlass com/google/zxing/qrcode/encoder/ByteMatrix
instanceKlass com/google/zxing/qrcode/encoder/QRCode
instanceKlass com/google/zxing/qrcode/encoder/BlockPair
instanceKlass com/google/zxing/common/reedsolomon/GenericGFPoly
instanceKlass com/google/zxing/common/reedsolomon/GenericGF
instanceKlass com/google/zxing/common/reedsolomon/ReedSolomonEncoder
instanceKlass com/google/zxing/qrcode/decoder/Version$ECB
instanceKlass com/google/zxing/qrcode/decoder/Version$ECBlocks
instanceKlass com/google/zxing/qrcode/decoder/Version
instanceKlass com/google/zxing/qrcode/encoder/Encoder$1
instanceKlass com/google/zxing/common/BitArray
instanceKlass com/google/zxing/qrcode/encoder/Encoder
instanceKlass net/sf/jasperreports/components/barcode4j/QRCodeSVGImageProducer
instanceKlass net/sf/jasperreports/components/barcode4j/QRCodeImageProducer
instanceKlass net/sf/jasperreports/components/barcode4j/BarcodeImageProducer
instanceKlass net/sf/jasperreports/components/barcode4j/BarcodeUtils
instanceKlass net/sf/jasperreports/components/barcode4j/QRCodeBean
instanceKlass org/krysalis/barcode4j/impl/AbstractBarcodeBean
instanceKlass org/krysalis/barcode4j/BarcodeGenerator
instanceKlass net/sf/jasperreports/components/barcode4j/AbstractBarcodeEvaluator
instanceKlass net/sf/jasperreports/renderers/AreaHyperlinksRenderable
instanceKlass net/sf/jasperreports/engine/JRRenderable
instanceKlass sun/util/cldr/CLDRBaseLocaleDataMetaInfo$TZCanonicalIDMapHolder
instanceKlass sun/util/locale/provider/JRELocaleProviderAdapter$$Lambda$899
instanceKlass sun/util/cldr/CLDRLocaleProviderAdapter$$Lambda$898
instanceKlass sun/util/locale/provider/TimeZoneNameUtility$TimeZoneNameGetter
instanceKlass sun/util/locale/provider/TimeZoneNameUtility
instanceKlass net/sf/jasperreports/engine/fill/SimpleTextFormat
instanceKlass sun/util/locale/provider/JRELocaleProviderAdapter$$Lambda$897
instanceKlass net/sf/jasperreports/engine/fill/JRFillHyperlinkHelper
instanceKlass net/sf/jasperreports/engine/fill/JRFillTextElement$FillStyleObjects
instanceKlass net/sf/jasperreports/engine/fill/CachingParagraph
instanceKlass net/sf/jasperreports/engine/fill/CachingLineBox
instanceKlass net/sf/jasperreports/engine/fill/JRFillElement$1
instanceKlass net/sf/jasperreports/engine/fill/SimpleElementRange
instanceKlass net/sf/jasperreports/engine/fill/JRPrintBand$ElementsIterator
instanceKlass net/sf/jasperreports/engine/fill/JRPrintBand
instanceKlass net/sf/jasperreports/engine/base/JRBasePrintPage
instanceKlass net/sf/jasperreports/engine/fill/JRCalculator$1
instanceKlass net/sf/jasperreports/engine/fill/AbstractValueProvider
instanceKlass net/sf/jasperreports/engine/fill/JRAbstractExtendedIncrementer
instanceKlass net/sf/jasperreports/engine/fill/JRDefaultIncrementerFactory$1
instanceKlass net/sf/jasperreports/engine/fill/JRIntegerIncrementerFactory$1
instanceKlass net/sf/jasperreports/engine/fill/JRExtendedIncrementer
instanceKlass net/sf/jasperreports/engine/fill/JRIncrementer
instanceKlass net/sf/jasperreports/engine/fill/JRAbstractExtendedIncrementerFactory
instanceKlass net/sf/jasperreports/engine/fill/JRExtendedIncrementerFactory
instanceKlass net/sf/jasperreports/engine/util/JRDataUtils
instanceKlass org/apache/commons/collections4/iterators/AbstractEmptyIterator
instanceKlass org/apache/commons/collections4/ResettableIterator
instanceKlass org/apache/commons/collections4/OrderedMapIterator
instanceKlass org/apache/commons/collections4/OrderedIterator
instanceKlass org/apache/commons/collections4/OrderedMap
instanceKlass net/sf/jasperreports/engine/fill/DatasetSortUtil
instanceKlass net/sf/jasperreports/components/headertoolbar/HeaderToolbarParameterContributor
instanceKlass net/sf/jasperreports/engine/ParameterContributorContext
instanceKlass net/sf/jasperreports/engine/scriptlets/DefaultScriptletFactory
instanceKlass net/sf/jasperreports/engine/scriptlets/ScriptletFactoryContext
instanceKlass net/sf/jasperreports/engine/util/DefaultFormatFactory
instanceKlass net/sf/jasperreports/engine/util/FormatFactory
instanceKlass net/sf/jasperreports/engine/fill/JREvaluationTime$1
instanceKlass net/sf/jasperreports/engine/fill/JRResourcesFillUtil$ResourcesFillContext
instanceKlass net/sf/jasperreports/engine/fill/JRResourcesFillUtil
instanceKlass net/sf/jasperreports/engine/SimpleJasperReportsContext
instanceKlass net/sf/jasperreports/engine/fill/JREvaluationTime
instanceKlass net/sf/jasperreports/engine/fill/FillBaseExpressionValues
instanceKlass net/sf/jasperreports/engine/fill/FillFunctionContext
instanceKlass net/sf/jasperreports/engine/component/ConditionalStyleAwareFillComponent
instanceKlass net/sf/jasperreports/engine/JRBreak
instanceKlass net/sf/jasperreports/engine/fill/JRYComparator
instanceKlass net/sf/jasperreports/engine/JRFrame
instanceKlass net/sf/jasperreports/engine/JRPrintImage
instanceKlass net/sf/jasperreports/engine/JRPrintGraphicElement
instanceKlass net/sf/jasperreports/engine/component/BaseFillComponent
instanceKlass net/sf/jasperreports/engine/component/ComponentsEnvironment
instanceKlass net/sf/jasperreports/engine/component/FillContext
instanceKlass net/sf/jasperreports/engine/util/JRCloneUtils
instanceKlass net/sf/jasperreports/components/headertoolbar/HeaderToolbarConditionalStyleProvider
instanceKlass net/sf/jasperreports/engine/fill/FillStyleProviderContext
instanceKlass net/sf/jasperreports/engine/ElementsVisitor
instanceKlass net/sf/jasperreports/engine/util/ElementsVisitorUtils
instanceKlass net/sf/jasperreports/engine/fill/DefaultPrintElementOriginator
instanceKlass net/sf/jasperreports/engine/util/MarkupProcessorFactory
instanceKlass net/sf/jasperreports/engine/util/JRSingletonCache
instanceKlass net/sf/jasperreports/engine/fill/JRTemplateElement
instanceKlass net/sf/jasperreports/engine/fill/JRRecordedValuesPrintElement
instanceKlass net/sf/jasperreports/engine/fill/JRTemplatePrintElement
instanceKlass net/sf/jasperreports/engine/virtualization/VirtualizationSerializable
instanceKlass net/sf/jasperreports/engine/JRPrintText
instanceKlass net/sf/jasperreports/engine/fill/TextFormat
instanceKlass net/sf/jasperreports/engine/JRPrintHyperlink
instanceKlass net/sf/jasperreports/engine/JRPrintAnchor
instanceKlass net/sf/jasperreports/engine/style/StyleProviderContext
instanceKlass net/sf/jasperreports/engine/JROrigin
instanceKlass sun/font/SunFontManager$$Lambda$896
instanceKlass sun/font/SunFontManager$8
instanceKlass sun/font/FileFont$CreatedFontFileDisposerRecord
instanceKlass java/awt/Font$2
instanceKlass sun/nio/fs/WindowsChannelFactory$2
instanceKlass sun/nio/fs/WindowsPath$1
instanceKlass sun/security/provider/AbstractDrbg$NonceProvider
instanceKlass sun/security/provider/AbstractDrbg$SeederHolder$$Lambda$895
instanceKlass java/lang/invoke/LambdaForm$DMH
instanceKlass java/lang/invoke/LambdaForm$DMH
instanceKlass java/nio/file/Files$AcceptAllFilter
instanceKlass java/net/NetworkInterface$2
instanceKlass java/net/DefaultInterface
instanceKlass java/net/InterfaceAddress
instanceKlass java/net/NetworkInterface$1
instanceKlass sun/security/provider/SeedGenerator$1
instanceKlass sun/security/provider/SeedGenerator
instanceKlass sun/security/provider/AbstractDrbg$SeederHolder
instanceKlass java/security/DrbgParameters$NextBytes
instanceKlass java/nio/file/TempFileHelper
instanceKlass java/awt/Font$1
instanceKlass net/sf/jasperreports/engine/fonts/SimpleFontFace
instanceKlass net/sf/jasperreports/engine/fonts/FontFace
instanceKlass net/sf/jasperreports/engine/fonts/SimpleFontFamily
instanceKlass net/sf/jasperreports/engine/util/JRResourcesUtil$$Lambda$894
instanceKlass net/sf/jasperreports/engine/util/ThreadLocalStack
instanceKlass net/sf/jasperreports/engine/util/JRResourcesUtil
instanceKlass net/sf/jasperreports/repo/InputStreamPersistenceService
instanceKlass net/sf/jasperreports/repo/FileRepositoryService
instanceKlass net/sf/jasperreports/repo/DefaultRepositoryPersistenceServiceFactory
instanceKlass net/sf/jasperreports/repo/PersistenceUtil
instanceKlass net/sf/jasperreports/repo/ObjectResource
instanceKlass net/sf/jasperreports/repo/Resource
instanceKlass net/sf/jasperreports/engine/base/JRBaseFont
instanceKlass org/jfree/chart/axis/AxisLocation
instanceKlass org/jfree/chart/plot/PlotOrientation
instanceKlass org/jfree/util/UnitType
instanceKlass org/jfree/chart/block/BlockBorder
instanceKlass org/jfree/chart/block/BlockFrame
instanceKlass org/jfree/ui/VerticalAlignment
instanceKlass org/jfree/ui/HorizontalAlignment
instanceKlass org/jfree/ui/RectangleEdge
instanceKlass net/sf/jasperreports/chartthemes/spring/ChartThemesConstants
instanceKlass org/springframework/core/MethodParameter
instanceKlass java/beans/SimpleBeanInfo
instanceKlass jdk/internal/HotSpotIntrinsicCandidate
instanceKlass java/beans/BeanProperty
instanceKlass com/sun/beans/WildcardTypeImpl
instanceKlass com/sun/beans/introspect/PropertyInfo
instanceKlass com/sun/beans/introspect/EventSetInfo
instanceKlass java/lang/reflect/Executable$$Lambda$893
instanceKlass sun/reflect/generics/reflectiveObjects/ParameterizedTypeImpl
instanceKlass java/lang/reflect/ParameterizedType
instanceKlass sun/reflect/generics/reflectiveObjects/LazyReflectiveObjectGenerator
instanceKlass java/lang/reflect/WildcardType
instanceKlass sun/reflect/generics/tree/MethodTypeSignature
instanceKlass sun/reflect/generics/tree/Wildcard
instanceKlass sun/reflect/generics/tree/BottomSignature
instanceKlass javax/swing/SwingContainer
instanceKlass java/beans/JavaBean
instanceKlass com/sun/beans/finder/ClassFinder
instanceKlass java/beans/BeanInfo
instanceKlass com/sun/beans/finder/InstanceFinder
instanceKlass java/beans/WeakIdentityMap
instanceKlass java/beans/ThreadGroupContext
instanceKlass org/springframework/beans/CachedIntrospectionResults
instanceKlass org/springframework/beans/PropertyAccessorUtils
instanceKlass org/springframework/beans/factory/config/RuntimeBeanNameReference
instanceKlass org/springframework/beans/factory/support/BeanDefinitionValueResolver
instanceKlass org/springframework/beans/factory/support/AbstractAutowireCapableBeanFactory$1
instanceKlass org/springframework/beans/factory/support/AbstractBeanFactory$1
instanceKlass org/springframework/beans/TypeConverterDelegate
instanceKlass org/springframework/beans/BeanWrapperImpl$PropertyTokenHolder
instanceKlass org/springframework/core/ErrorCoded
instanceKlass org/springframework/beans/PropertyEditorRegistrySupport
instanceKlass net/sf/jasperreports/chartthemes/spring/GenericChartTheme
instanceKlass org/springframework/beans/factory/BeanFactoryUtils
instanceKlass net/sf/jasperreports/chartthemes/ChartThemeMapBundle
instanceKlass net/sf/jasperreports/engine/util/MessageProviderFactory
instanceKlass net/sf/jasperreports/web/util/WebResourceHandler
instanceKlass net/sf/jasperreports/repo/ResourceInfo
instanceKlass net/sf/jasperreports/repo/DefaultRepositoryService
instanceKlass net/sf/jasperreports/repo/StreamRepositoryService
instanceKlass net/sf/jasperreports/repo/RepositoryUtil
instanceKlass net/sf/jasperreports/engine/fonts/FontExtensionsCollector
instanceKlass net/sf/jasperreports/engine/fonts/FontSet
instanceKlass net/sf/jasperreports/engine/fonts/FontSetFamily
instanceKlass net/sf/jasperreports/engine/fonts/FontExtensionsContainer
instanceKlass net/sf/jasperreports/engine/fonts/SimpleFontExtensionHelper
instanceKlass net/sf/jasperreports/repo/RepositoryService
instanceKlass net/sf/jasperreports/engine/query/JRQueryExecuterFactoryBundle
instanceKlass org/joda/time/ReadablePartial
instanceKlass net/sf/jasperreports/functions/AbstractFunctionSupport
instanceKlass net/sf/jasperreports/functions/FunctionSupport
instanceKlass net/sf/jasperreports/functions/standard/LogicalFunctions
instanceKlass net/sf/jasperreports/functions/standard/MathFunctions
instanceKlass net/sf/jasperreports/functions/FunctionsBundle
instanceKlass net/sf/jasperreports/functions/FunctionsRegistryFactory
instanceKlass net/sf/jasperreports/customvisualization/CVComponentExtensionsRegistryFactory$2
instanceKlass net/sf/jasperreports/customvisualization/CVComponentExtensionsRegistryFactory$1
instanceKlass net/sf/jasperreports/customvisualization/fill/CVFillFactory
instanceKlass net/sf/jasperreports/customvisualization/CVCompiler
instanceKlass net/sf/jasperreports/customvisualization/xml/CVDigester
instanceKlass net/sf/jasperreports/customvisualization/CVComponentExtensionsRegistryFactory
instanceKlass net/sf/jasperreports/util/SecretsProvider
instanceKlass net/sf/jasperreports/util/IdentitySecretsProviderFactory
instanceKlass net/sf/jasperreports/util/SecretsProviderFactory
instanceKlass net/sf/jasperreports/util/IdentitySecretsProviderExtensionsRegistryFactory
instanceKlass net/sf/jasperreports/extensions/SpringExtensionsRegistry
instanceKlass org/springframework/beans/factory/config/AbstractFactoryBean
instanceKlass org/springframework/beans/factory/parsing/ImportDefinition
instanceKlass org/springframework/beans/factory/config/ConstructorArgumentValues$ValueHolder
instanceKlass org/springframework/beans/factory/parsing/ConstructorArgumentEntry
instanceKlass org/springframework/core/Conventions
instanceKlass org/springframework/beans/factory/config/FieldRetrievingFactoryBean
instanceKlass org/springframework/beans/factory/InitializingBean
instanceKlass org/springframework/beans/factory/FactoryBean
instanceKlass org/springframework/beans/factory/support/BeanDefinitionBuilder
instanceKlass org/springframework/beans/factory/xml/ParserContext
instanceKlass org/springframework/beans/factory/xml/AbstractBeanDefinitionParser
instanceKlass org/springframework/beans/factory/xml/BeanDefinitionParser
instanceKlass org/springframework/beans/factory/xml/NamespaceHandlerSupport
instanceKlass org/springframework/beans/factory/xml/NamespaceHandler
instanceKlass org/springframework/util/ResourceUtils
instanceKlass org/springframework/core/io/support/ResourcePatternUtils
instanceKlass org/springframework/util/SystemPropertyUtils
instanceKlass org/springframework/beans/factory/config/BeanDefinitionHolder
instanceKlass org/springframework/util/ObjectUtils
instanceKlass org/springframework/beans/factory/config/RuntimeBeanReference
instanceKlass org/springframework/beans/factory/config/BeanReference
instanceKlass org/springframework/beans/factory/config/TypedStringValue
instanceKlass org/springframework/beans/factory/parsing/PropertyEntry
instanceKlass org/springframework/beans/factory/config/ConstructorArgumentValues
instanceKlass org/springframework/beans/factory/support/MethodOverrides
instanceKlass org/springframework/beans/factory/support/BeanDefinitionReaderUtils
instanceKlass org/springframework/beans/factory/parsing/BeanEntry
instanceKlass org/springframework/util/xml/DomUtils
instanceKlass org/apache/xerces/dom/NodeListCache
instanceKlass org/springframework/beans/factory/xml/DocumentDefaultsDefinition
instanceKlass org/springframework/beans/factory/parsing/ParseState
instanceKlass org/springframework/beans/Mergeable
instanceKlass org/springframework/beans/factory/support/MethodOverride
instanceKlass org/springframework/beans/factory/parsing/ParseState$Entry
instanceKlass org/springframework/beans/factory/parsing/DefaultsDefinition
instanceKlass org/springframework/beans/factory/xml/BeanDefinitionParserDelegate
instanceKlass org/apache/xerces/dom/CharacterDataImpl$1
instanceKlass org/apache/xerces/dom/NamedNodeMapImpl
instanceKlass org/apache/xerces/dom/DeferredDocumentImpl$IntVector
instanceKlass org/springframework/beans/factory/parsing/ReaderContext
instanceKlass org/springframework/beans/factory/xml/DefaultNamespaceHandlerResolver
instanceKlass org/springframework/beans/BeanUtils
instanceKlass org/apache/xerces/impl/xs/util/ShortListImpl
instanceKlass org/apache/xerces/impl/dv/xs/ListDV$ListData
instanceKlass org/apache/xerces/impl/xs/AttributePSVImpl
instanceKlass org/apache/xerces/xs/AttributePSVI
instanceKlass org/apache/xerces/impl/dtd/models/CMStateSet
instanceKlass org/apache/xerces/impl/xs/models/XSDFACM
instanceKlass org/apache/xerces/impl/dv/xs/XSSimpleTypeDecl$ValidationContextImpl
instanceKlass org/apache/xerces/impl/xs/traversers/XSDAbstractTraverser$FacetInfo
instanceKlass org/xml/sax/Parser
instanceKlass org/apache/xerces/xs/PSVIProvider
instanceKlass org/apache/xerces/impl/xs/opti/NamedNodeMapImpl
instanceKlass org/apache/xerces/impl/xs/traversers/XSDAbstractParticleTraverser$ParticleArray
instanceKlass org/apache/xerces/impl/xs/XSAnnotationImpl
instanceKlass org/apache/xerces/impl/xs/traversers/OneElement
instanceKlass org/apache/xerces/impl/xs/traversers/Container
instanceKlass org/apache/xerces/impl/xs/traversers/OneAttr
instanceKlass org/apache/xerces/impl/xs/util/XIntPool
instanceKlass org/apache/xerces/impl/xs/util/XInt
instanceKlass org/apache/xerces/impl/xs/traversers/XSAttributeChecker
instanceKlass org/apache/xerces/util/DOMUtil
instanceKlass org/apache/xerces/util/NamespaceSupport$Prefixes
instanceKlass org/w3c/dom/NamedNodeMap
instanceKlass org/apache/xerces/impl/xs/traversers/XSDHandler$XSDKey
instanceKlass org/springframework/core/io/support/PropertiesLoaderUtils
instanceKlass org/apache/xerces/impl/xs/XMLSchemaLoader$LocationArray
instanceKlass org/apache/xerces/impl/Constants$ArrayEnumeration
instanceKlass org/apache/xerces/impl/Constants
instanceKlass org/apache/xerces/dom/DeferredDocumentImpl$RefCount
instanceKlass org/w3c/dom/events/MutationEvent
instanceKlass org/w3c/dom/events/Event
instanceKlass org/w3c/dom/traversal/NodeIterator
instanceKlass org/w3c/dom/ranges/Range
instanceKlass org/w3c/dom/traversal/TreeWalker
instanceKlass org/w3c/dom/DocumentFragment
instanceKlass org/w3c/dom/Comment
instanceKlass org/w3c/dom/CDATASection
instanceKlass org/w3c/dom/Text
instanceKlass org/w3c/dom/ProcessingInstruction
instanceKlass org/w3c/dom/Attr
instanceKlass org/w3c/dom/DocumentType
instanceKlass org/w3c/dom/Notation
instanceKlass org/apache/xerces/util/XMLSymbols
instanceKlass org/apache/xerces/impl/xs/XMLSchemaValidator$LocalIDKey
instanceKlass org/apache/xerces/impl/xs/XMLSchemaValidator$ValueStoreBase
instanceKlass org/apache/xerces/impl/xs/XMLSchemaValidator$ValueStoreCache
instanceKlass org/apache/xerces/util/IntStack
instanceKlass org/apache/xerces/impl/xs/identity/XPathMatcher
instanceKlass org/apache/xerces/impl/xs/XMLSchemaValidator$XPathMatcherStack
instanceKlass org/apache/xerces/impl/xs/XSNotationDecl
instanceKlass org/apache/xerces/impl/xs/XSDeclarationPool
instanceKlass org/apache/xerces/impl/xs/opti/SchemaDOMParser$BooleanStack
instanceKlass org/apache/xerces/impl/xs/opti/DefaultXMLDocumentHandler
instanceKlass org/apache/xerces/impl/xs/traversers/XSDocumentInfo
instanceKlass org/apache/xerces/impl/xs/opti/DefaultNode
instanceKlass org/apache/xerces/impl/xs/traversers/XSDAbstractTraverser
instanceKlass org/apache/xerces/impl/xs/traversers/XSDHandler
instanceKlass org/apache/xerces/impl/xs/XSMessageFormatter
instanceKlass org/apache/xerces/util/DefaultErrorHandler
instanceKlass org/w3c/dom/DOMStringList
instanceKlass org/apache/xerces/impl/xs/XMLSchemaLoader
instanceKlass org/w3c/dom/DOMConfiguration
instanceKlass org/apache/xerces/xs/XSLoader
instanceKlass org/apache/xerces/impl/xs/models/XSEmptyCM
instanceKlass org/apache/xerces/impl/xs/models/XSCMValidator
instanceKlass org/apache/xerces/impl/xs/models/CMBuilder
instanceKlass org/apache/xerces/impl/dtd/models/CMNode
instanceKlass org/apache/xerces/impl/xs/models/CMNodeFactory
instanceKlass org/apache/xerces/impl/xs/util/XSObjectListImpl$1
instanceKlass org/apache/xerces/impl/xs/XSModelGroupImpl
instanceKlass org/apache/xerces/xs/XSModelGroup
instanceKlass org/apache/xerces/impl/xs/XSParticleDecl
instanceKlass org/apache/xerces/impl/xs/XSWildcardDecl
instanceKlass org/apache/xerces/impl/xs/XSAttributeDecl
instanceKlass org/apache/xerces/impl/xs/XSAttributeUseImpl
instanceKlass org/apache/xerces/xs/XSAttributeUse
instanceKlass org/apache/xerces/impl/xs/XSAttributeGroupDecl
instanceKlass org/apache/xerces/impl/xs/identity/IdentityConstraint
instanceKlass org/apache/xerces/xs/XSIDCDefinition
instanceKlass org/apache/xerces/xs/XSAnnotation
instanceKlass org/apache/xerces/xs/XSNamedMap
instanceKlass org/apache/xerces/impl/xpath/regex/Token
instanceKlass org/apache/xerces/impl/xpath/regex/REUtil
instanceKlass org/apache/xerces/impl/xpath/regex/RegexParser
instanceKlass org/apache/xerces/impl/xpath/regex/Op
instanceKlass org/apache/xerces/impl/xpath/regex/RegularExpression
instanceKlass org/apache/xerces/impl/dv/xs/DecimalDV$XDecimal
instanceKlass org/apache/xerces/xs/datatypes/XSDecimal
instanceKlass org/apache/xerces/impl/dv/xs/XSSimpleTypeDecl$2
instanceKlass org/apache/xerces/impl/dv/xs/XSSimpleTypeDecl$1
instanceKlass org/apache/xerces/xs/datatypes/XSQName
instanceKlass org/apache/xerces/util/URI
instanceKlass org/apache/xerces/impl/dv/util/ByteListImpl
instanceKlass org/apache/xerces/xs/datatypes/ByteList
instanceKlass javax/xml/datatype/Duration
instanceKlass javax/xml/datatype/XMLGregorianCalendar
instanceKlass org/apache/xerces/impl/dv/xs/AbstractDateTimeDV$DateTimeData
instanceKlass org/apache/xerces/xs/datatypes/XSDateTime
instanceKlass javax/xml/datatype/DatatypeFactory
instanceKlass org/apache/xerces/impl/dv/xs/TypeValidator
instanceKlass org/apache/xerces/xs/datatypes/ObjectList
instanceKlass org/apache/xerces/impl/dv/ValidatedInfo
instanceKlass org/apache/xerces/xs/ShortList
instanceKlass org/apache/xerces/impl/xs/util/XSObjectListImpl
instanceKlass org/apache/xerces/impl/dv/xs/XSSimpleTypeDecl
instanceKlass org/apache/xerces/impl/dv/XSFacets
instanceKlass org/apache/xerces/util/SymbolHash$Entry
instanceKlass org/apache/xerces/util/SymbolHash
instanceKlass org/apache/xerces/impl/dv/XSSimpleType
instanceKlass org/apache/xerces/impl/dv/SchemaDVFactory
instanceKlass org/apache/xerces/impl/xs/XSGroupDecl
instanceKlass org/apache/xerces/impl/xs/util/SimpleLocator
instanceKlass org/apache/xerces/impl/xs/SchemaSymbols
instanceKlass org/apache/xerces/xs/XSWildcard
instanceKlass org/apache/xerces/xs/XSParticle
instanceKlass org/apache/xerces/impl/xs/XSComplexTypeDecl
instanceKlass org/w3c/dom/TypeInfo
instanceKlass org/apache/xerces/xs/XSComplexTypeDefinition
instanceKlass org/apache/xerces/xs/XSObjectList
instanceKlass org/apache/xerces/xs/XSModelGroupDefinition
instanceKlass org/apache/xerces/xs/XSAttributeGroupDefinition
instanceKlass org/apache/xerces/impl/xs/SubstitutionGroupHandler$OneSubGroup
instanceKlass org/apache/xerces/impl/xs/XSElementDecl
instanceKlass org/apache/xerces/impl/xs/SubstitutionGroupHandler
instanceKlass org/apache/xerces/impl/xs/XSGrammarBucket
instanceKlass org/apache/xerces/impl/xs/XMLSchemaValidator$XSIErrorReporter
instanceKlass org/apache/xerces/xs/XSModel
instanceKlass org/apache/xerces/xs/StringList
instanceKlass org/apache/xerces/impl/xs/ElementPSVImpl
instanceKlass org/apache/xerces/xs/ElementPSVI
instanceKlass org/apache/xerces/xs/XSAttributeDeclaration
instanceKlass org/apache/xerces/impl/xs/identity/ValueStore
instanceKlass org/apache/xerces/impl/xs/SchemaGrammar
instanceKlass org/apache/xerces/xs/XSNamespaceItem
instanceKlass org/apache/xerces/xni/grammars/XSGrammar
instanceKlass org/apache/xerces/xni/grammars/XMLSchemaDescription
instanceKlass org/apache/xerces/xs/XSNotationDeclaration
instanceKlass org/apache/xerces/xs/XSElementDeclaration
instanceKlass org/apache/xerces/xs/XSTerm
instanceKlass org/apache/xerces/xni/grammars/Grammar
instanceKlass org/apache/xerces/util/XMLChar
instanceKlass org/apache/xerces/xni/parser/XMLInputSource
instanceKlass org/apache/xerces/impl/ExternalSubsetResolver
instanceKlass org/apache/xerces/util/EntityResolverWrapper
instanceKlass org/xml/sax/ext/EntityResolver2
instanceKlass org/apache/xerces/util/ErrorHandlerWrapper
instanceKlass org/xml/sax/helpers/DefaultHandler
instanceKlass org/apache/xerces/impl/msg/XMLMessageFormatter
instanceKlass org/apache/xerces/impl/XMLVersionDetector
instanceKlass org/apache/xerces/impl/validation/ValidationManager
instanceKlass org/apache/xerces/impl/dv/dtd/NMTOKENDatatypeValidator
instanceKlass org/apache/xerces/impl/dv/dtd/NOTATIONDatatypeValidator
instanceKlass org/apache/xerces/impl/dv/dtd/ENTITYDatatypeValidator
instanceKlass org/apache/xerces/impl/dv/dtd/ListDatatypeValidator
instanceKlass org/apache/xerces/impl/dv/dtd/IDREFDatatypeValidator
instanceKlass org/apache/xerces/impl/dv/dtd/IDDatatypeValidator
instanceKlass org/apache/xerces/impl/dv/dtd/StringDatatypeValidator
instanceKlass org/apache/xerces/impl/dv/DatatypeValidator
instanceKlass org/apache/xerces/impl/dv/SecuritySupport$2
instanceKlass org/apache/xerces/impl/dv/SecuritySupport$1
instanceKlass org/apache/xerces/impl/dv/SecuritySupport
instanceKlass org/apache/xerces/impl/dv/ObjectFactory
instanceKlass org/apache/xerces/impl/dv/DTDDVFactory
instanceKlass org/apache/xerces/impl/dtd/DTDGrammarBucket
instanceKlass org/apache/xerces/impl/dtd/XMLAttributeDecl
instanceKlass org/apache/xerces/impl/dtd/XMLSimpleType
instanceKlass org/apache/xerces/impl/dtd/XMLElementDecl
instanceKlass org/apache/xerces/impl/validation/ValidationState
instanceKlass org/apache/xerces/impl/dv/ValidationContext
instanceKlass org/apache/xerces/impl/validation/EntityState
instanceKlass org/apache/xerces/impl/dtd/XMLEntityDecl
instanceKlass org/apache/xerces/impl/XMLDocumentScannerImpl$TrailingMiscDispatcher
instanceKlass org/apache/xerces/impl/XMLDocumentScannerImpl$DTDDispatcher
instanceKlass org/apache/xerces/impl/XMLDocumentScannerImpl$PrologDispatcher
instanceKlass org/apache/xerces/impl/XMLDocumentScannerImpl$XMLDeclDispatcher
instanceKlass org/apache/xerces/util/NamespaceSupport
instanceKlass org/apache/xerces/util/XMLAttributesImpl$Attribute
instanceKlass org/apache/xerces/util/XMLAttributesImpl
instanceKlass org/apache/xerces/impl/XMLDocumentFragmentScannerImpl$FragmentContentDispatcher
instanceKlass org/apache/xerces/xni/QName
instanceKlass org/apache/xerces/impl/XMLDocumentFragmentScannerImpl$ElementStack
instanceKlass org/apache/xerces/xni/grammars/XMLDTDDescription
instanceKlass org/apache/xerces/xni/grammars/XMLGrammarDescription
instanceKlass org/apache/xerces/impl/XMLDocumentFragmentScannerImpl$Dispatcher
instanceKlass org/apache/xerces/xni/XMLAttributes
instanceKlass org/apache/xerces/xni/XMLString
instanceKlass org/apache/xerces/impl/XMLErrorReporter
instanceKlass org/apache/xerces/impl/XMLEntityManager$CharacterBuffer
instanceKlass org/apache/xerces/impl/XMLEntityManager$CharacterBufferPool
instanceKlass org/apache/xerces/util/AugmentationsImpl$AugmentationsItemsContainer
instanceKlass org/apache/xerces/util/AugmentationsImpl
instanceKlass org/apache/xerces/util/XMLResourceIdentifierImpl
instanceKlass org/apache/xerces/xni/Augmentations
instanceKlass org/apache/xerces/impl/XMLEntityManager$Entity
instanceKlass org/apache/xerces/impl/XMLEntityScanner
instanceKlass org/apache/xerces/xni/XMLResourceIdentifier
instanceKlass org/apache/xerces/impl/XMLEntityManager
instanceKlass org/apache/xerces/util/SymbolTable$Entry
instanceKlass org/apache/xerces/xni/grammars/XMLGrammarPool
instanceKlass org/apache/xerces/util/SymbolTable
instanceKlass org/apache/xerces/xni/NamespaceContext
instanceKlass org/apache/xerces/xni/XMLLocator
instanceKlass org/apache/xerces/impl/dtd/XMLDTDValidator
instanceKlass org/apache/xerces/xni/grammars/XMLGrammarLoader
instanceKlass org/apache/xerces/impl/dtd/XMLDTDProcessor
instanceKlass org/apache/xerces/xni/parser/XMLDTDContentModelFilter
instanceKlass org/apache/xerces/xni/parser/XMLDTDFilter
instanceKlass org/apache/xerces/xni/parser/XMLDTDScanner
instanceKlass org/apache/xerces/util/MessageFormatter
instanceKlass org/apache/xerces/impl/XMLScanner
instanceKlass org/apache/xerces/impl/XMLEntityHandler
instanceKlass org/apache/xerces/impl/dtd/XMLDTDValidatorFilter
instanceKlass org/apache/xerces/xni/parser/XMLDocumentScanner
instanceKlass org/apache/xerces/xni/parser/XMLDTDContentModelSource
instanceKlass org/apache/xerces/util/ParserConfigurationSettings
instanceKlass org/apache/xerces/parsers/XML11Configurable
instanceKlass org/apache/xerces/xni/parser/XMLPullParserConfiguration
instanceKlass org/apache/xerces/xni/parser/XMLParserConfiguration
instanceKlass org/apache/xerces/parsers/SecuritySupport$6
instanceKlass org/apache/xerces/parsers/SecuritySupport$7
instanceKlass org/apache/xerces/parsers/SecuritySupport$4
instanceKlass org/apache/xerces/parsers/SecuritySupport$2
instanceKlass org/apache/xerces/parsers/SecuritySupport$1
instanceKlass org/apache/xerces/parsers/SecuritySupport
instanceKlass org/apache/xerces/parsers/ObjectFactory
instanceKlass org/apache/xerces/xni/parser/XMLErrorHandler
instanceKlass org/apache/xerces/xni/parser/XMLEntityResolver
instanceKlass org/w3c/dom/Element
instanceKlass org/apache/xerces/xs/XSSimpleTypeDefinition
instanceKlass org/apache/xerces/xs/XSTypeDefinition
instanceKlass org/apache/xerces/xs/XSObject
instanceKlass org/apache/xerces/xs/ItemPSVI
instanceKlass org/w3c/dom/EntityReference
instanceKlass org/w3c/dom/Entity
instanceKlass org/w3c/dom/ranges/DocumentRange
instanceKlass org/w3c/dom/events/DocumentEvent
instanceKlass org/w3c/dom/traversal/DocumentTraversal
instanceKlass org/apache/xerces/dom/DeferredNode
instanceKlass org/apache/xerces/dom/NodeImpl
instanceKlass org/w3c/dom/events/EventTarget
instanceKlass org/w3c/dom/NodeList
instanceKlass org/w3c/dom/DOMError
instanceKlass org/w3c/dom/CharacterData
instanceKlass org/apache/xerces/jaxp/TeeXMLDocumentFilterImpl
instanceKlass org/apache/xerces/impl/xs/XMLSchemaValidator
instanceKlass org/apache/xerces/impl/RevalidationHandler
instanceKlass org/apache/xerces/impl/xs/identity/FieldActivator
instanceKlass org/apache/xerces/xni/parser/XMLDocumentFilter
instanceKlass org/apache/xerces/xni/parser/XMLDocumentSource
instanceKlass org/apache/xerces/xni/parser/XMLComponent
instanceKlass org/apache/xerces/xni/parser/XMLComponentManager
instanceKlass org/apache/xerces/parsers/XMLParser
instanceKlass org/apache/xerces/xni/XMLDTDContentModelHandler
instanceKlass org/apache/xerces/xni/XMLDocumentHandler
instanceKlass org/apache/xerces/xni/parser/XMLDTDSource
instanceKlass org/apache/xerces/xni/XMLDTDHandler
instanceKlass org/w3c/dom/Document
instanceKlass org/apache/xerces/jaxp/JAXPConstants
instanceKlass javax/xml/parsers/DocumentBuilder
instanceKlass javax/xml/parsers/FactoryFinder$1
instanceKlass javax/xml/parsers/FactoryFinder$$Lambda$892
instanceKlass javax/xml/parsers/FactoryFinder
instanceKlass javax/xml/parsers/DocumentBuilderFactory
instanceKlass org/springframework/beans/factory/xml/PluggableSchemaResolver
instanceKlass org/springframework/beans/factory/xml/BeansDtdResolver
instanceKlass org/springframework/beans/factory/xml/DelegatingEntityResolver
instanceKlass org/springframework/core/io/support/EncodedResource
instanceKlass org/springframework/core/io/AbstractResource
instanceKlass org/springframework/util/xml/XmlValidationModeDetector
instanceKlass org/springframework/util/xml/SimpleSaxErrorHandler
instanceKlass org/springframework/beans/factory/xml/DefaultDocumentLoader
instanceKlass org/springframework/beans/factory/parsing/NullSourceExtractor
instanceKlass org/springframework/beans/factory/parsing/EmptyReaderEventListener
instanceKlass org/springframework/beans/factory/parsing/FailFastProblemReporter
instanceKlass org/springframework/beans/factory/parsing/ComponentDefinition
instanceKlass org/springframework/beans/factory/xml/DefaultBeanDefinitionDocumentReader
instanceKlass org/springframework/beans/factory/xml/BeanDefinitionDocumentReader
instanceKlass org/springframework/core/io/DefaultResourceLoader
instanceKlass org/springframework/util/AntPathMatcher
instanceKlass org/springframework/util/PathMatcher
instanceKlass org/springframework/core/io/support/PathMatchingResourcePatternResolver
instanceKlass org/springframework/core/io/support/ResourcePatternResolver
instanceKlass org/springframework/beans/factory/support/DefaultBeanNameGenerator
instanceKlass org/springframework/util/ReflectionUtils$3
instanceKlass org/springframework/util/ReflectionUtils$FieldFilter
instanceKlass org/springframework/util/ReflectionUtils$MethodCallback
instanceKlass org/springframework/util/ReflectionUtils$FieldCallback
instanceKlass org/springframework/util/ReflectionUtils
instanceKlass org/springframework/core/Constants
instanceKlass org/springframework/beans/factory/xml/NamespaceHandlerResolver
instanceKlass org/xml/sax/EntityResolver
instanceKlass org/springframework/beans/factory/parsing/SourceExtractor
instanceKlass org/springframework/beans/factory/parsing/ProblemReporter
instanceKlass org/springframework/beans/factory/xml/DocumentLoader
instanceKlass org/springframework/beans/factory/parsing/ReaderEventListener
instanceKlass org/springframework/core/io/ResourceLoader
instanceKlass org/springframework/beans/factory/support/BeanNameGenerator
instanceKlass org/springframework/beans/factory/support/AbstractBeanDefinitionReader
instanceKlass org/springframework/beans/factory/support/BeanDefinitionReader
instanceKlass org/springframework/beans/factory/support/SimpleAutowireCandidateResolver
instanceKlass org/springframework/beans/factory/support/AutowireCandidateResolver
instanceKlass org/springframework/beans/factory/support/AutowireUtils
instanceKlass org/springframework/beans/factory/BeanClassLoaderAware
instanceKlass org/springframework/beans/factory/BeanFactoryAware
instanceKlass org/springframework/beans/factory/BeanNameAware
instanceKlass org/springframework/beans/factory/support/SimpleInstantiationStrategy
instanceKlass org/springframework/core/JdkVersion
instanceKlass org/springframework/core/ConcurrentMap
instanceKlass org/springframework/core/CollectionFactory
instanceKlass org/springframework/beans/factory/support/InstantiationStrategy
instanceKlass org/springframework/beans/factory/support/ConstructorResolver
instanceKlass org/springframework/beans/BeanWrapper
instanceKlass org/springframework/beans/ConfigurablePropertyAccessor
instanceKlass org/springframework/beans/PropertyAccessor
instanceKlass org/springframework/beans/MutablePropertyValues
instanceKlass org/springframework/beans/PropertyValues
instanceKlass org/springframework/core/AttributeAccessorSupport
instanceKlass org/springframework/beans/factory/config/BeanDefinition
instanceKlass org/springframework/beans/BeanMetadataElement
instanceKlass org/springframework/core/AttributeAccessor
instanceKlass org/springframework/beans/TypeConverter
instanceKlass org/springframework/beans/PropertyEditorRegistry
instanceKlass org/springframework/beans/factory/ObjectFactory
instanceKlass org/springframework/beans/factory/support/DefaultSingletonBeanRegistry
instanceKlass org/springframework/beans/factory/config/ConfigurableListableBeanFactory
instanceKlass org/springframework/beans/factory/config/ConfigurableBeanFactory
instanceKlass org/springframework/beans/factory/config/SingletonBeanRegistry
instanceKlass org/springframework/beans/factory/HierarchicalBeanFactory
instanceKlass org/springframework/beans/factory/config/AutowireCapableBeanFactory
instanceKlass org/springframework/beans/factory/ListableBeanFactory
instanceKlass org/springframework/beans/factory/BeanFactory
instanceKlass org/springframework/beans/factory/support/BeanDefinitionRegistry
instanceKlass net/sf/jasperreports/extensions/SpringExtensionsRegistryFactory
instanceKlass net/sf/jasperreports/components/headertoolbar/HeaderToolbarConditionalStyleProviderFactory
instanceKlass net/sf/jasperreports/components/headertoolbar/HeaderToolbarConditionalStyleProviderExtensionFactory
instanceKlass net/sf/jasperreports/components/iconlabel/IconLabelComponentFillFactory
instanceKlass net/sf/jasperreports/components/iconlabel/IconLabelComponentCompiler
instanceKlass net/sf/jasperreports/components/sort/SortComponentFillFactory
instanceKlass net/sf/jasperreports/components/sort/SortComponentCompiler
instanceKlass net/sf/jasperreports/components/map/fill/MapFillFactory
instanceKlass net/sf/jasperreports/components/map/MapCompiler
instanceKlass net/sf/jasperreports/engine/convert/ElementConverter
instanceKlass net/sf/jasperreports/components/spiderchart/SpiderChartFillFactory
instanceKlass net/sf/jasperreports/components/spiderchart/SpiderChartCompiler
instanceKlass net/sf/jasperreports/components/spiderchart/SpiderChartDesignConverter
instanceKlass net/sf/jasperreports/components/barcode4j/BarcodeFillFactory
instanceKlass net/sf/jasperreports/components/barcode4j/BarcodeCompiler
instanceKlass net/sf/jasperreports/components/barcode4j/BarcodeDesignConverter
instanceKlass net/sf/jasperreports/components/barbecue/BarbecueFillFactory
instanceKlass net/sf/jasperreports/components/barbecue/BarbecueCompiler
instanceKlass net/sf/jasperreports/components/barbecue/BarbecueDesignConverter
instanceKlass net/sf/jasperreports/components/table/FillTableFactory
instanceKlass net/sf/jasperreports/components/table/BaseColumn
instanceKlass net/sf/jasperreports/components/table/ColumnVisitor
instanceKlass net/sf/jasperreports/components/table/TableCompiler$ColumnCellSelector
instanceKlass net/sf/jasperreports/components/table/TableCompiler
instanceKlass net/sf/jasperreports/components/table/TableDesignConverter
instanceKlass net/sf/jasperreports/components/list/FillListFactory
instanceKlass net/sf/jasperreports/components/list/ListComponentCompiler
instanceKlass net/sf/jasperreports/components/list/ListDesignConverter
instanceKlass net/sf/jasperreports/components/ComponentsXmlDigesterConfigurer
instanceKlass net/sf/jasperreports/components/ComponentsExtensionsRegistryFactory
instanceKlass net/sf/jasperreports/extensions/DefaultExtensionsRegistryFactory$2
instanceKlass net/sf/jasperreports/engine/export/GenericElementHandler
instanceKlass net/sf/jasperreports/extensions/DefaultExtensionsRegistryFactory$1
instanceKlass net/sf/jasperreports/engine/export/GenericElementHandlerBundle
instanceKlass net/sf/jasperreports/extensions/DefaultExtensionsRegistryFactory
instanceKlass net/sf/jasperreports/web/util/JacksonMapping
instanceKlass net/sf/jasperreports/web/util/JacksonMappingExtensionsRegistryFactory
instanceKlass net/sf/jasperreports/engine/style/StyleProvider
instanceKlass net/sf/jasperreports/engine/style/PropertyStyleProviderFactory
instanceKlass net/sf/jasperreports/engine/style/StyleProviderFactory
instanceKlass net/sf/jasperreports/engine/style/PropertyStyleProviderExtensionFactory
instanceKlass net/sf/jasperreports/data/DataFileService
instanceKlass net/sf/jasperreports/data/BuiltinDataFileServiceFactory
instanceKlass net/sf/jasperreports/engine/util/Designator
instanceKlass net/sf/jasperreports/data/DataFileServiceFactory
instanceKlass net/sf/jasperreports/data/DataAdapterParameterContributorFactory
instanceKlass net/sf/jasperreports/data/DataAdapterParameterContributorExtensionsRegistryFactory
instanceKlass net/sf/jasperreports/engine/query/JRSqlAbstractEqualClause
instanceKlass net/sf/jasperreports/engine/query/ParameterTypeSelectorClauseFunction
instanceKlass net/sf/jasperreports/engine/query/JRSqlAbstractInClause
instanceKlass net/sf/jasperreports/engine/query/StandardSingleQueryClauseFunctionBundle
instanceKlass net/sf/jasperreports/engine/query/QueryClauseFunctionBundle
instanceKlass net/sf/jasperreports/engine/query/SQLQueryClauseFunctionsExtensions
instanceKlass net/sf/jasperreports/web/util/RequirejsModuleMapping
instanceKlass net/sf/jasperreports/web/util/RequirejsModuleMappingExtensionsRegistryFactory
instanceKlass net/sf/jasperreports/governors/GovernorFactory
instanceKlass net/sf/jasperreports/engine/scriptlets/ScriptletFactory
instanceKlass net/sf/jasperreports/governors/GovernorExtensionsRegistryFactory
instanceKlass net/sf/jasperreports/engine/export/MatcherExportFilterMapping
instanceKlass net/sf/jasperreports/engine/export/MatcherExportFilterMappingExtensionsRegistryFactory
instanceKlass net/sf/jasperreports/util/CastorMapping
instanceKlass net/sf/jasperreports/util/CastorMappingExtensionsRegistryFactory
instanceKlass net/sf/jasperreports/web/util/WebResourceHandlersExtensionRegistryFactory$1
instanceKlass net/sf/jasperreports/web/util/WebResourceHandlersExtensionRegistryFactory
instanceKlass net/sf/jasperreports/data/DataAdapterService
instanceKlass net/sf/jasperreports/engine/ParameterContributor
instanceKlass net/sf/jasperreports/data/DefaultDataAdapterServiceFactory
instanceKlass net/sf/jasperreports/data/DataAdapterServiceFactory
instanceKlass net/sf/jasperreports/data/DataAdapterContributorFactory
instanceKlass net/sf/jasperreports/data/DefaultDataAdapterServiceExtensionsRegistryFactory
instanceKlass net/sf/jasperreports/engine/fonts/FontExtensionsReceiver
instanceKlass net/sf/jasperreports/engine/fonts/FontExtensionsRegistry
instanceKlass net/sf/jasperreports/engine/fonts/SimpleFontExtensionsRegistryFactory
instanceKlass net/sf/jasperreports/extensions/ListExtensionRegistry
instanceKlass net/sf/jasperreports/web/util/ContentTypeMapping
instanceKlass net/sf/jasperreports/web/util/ContentTypeMappingExtensionsRegistryFactory
instanceKlass net/sf/jasperreports/repo/DefaultRepositoryExtensionRegistry
instanceKlass net/sf/jasperreports/repo/DefaultRepositoryExtensionsRegistryFactory
instanceKlass net/sf/jasperreports/extensions/ListExtensionsRegistry
instanceKlass net/sf/jasperreports/engine/part/PartFillComponent
instanceKlass net/sf/jasperreports/parts/subreport/FillSubreportPartFactory
instanceKlass net/sf/jasperreports/engine/part/PartComponent
instanceKlass net/sf/jasperreports/parts/subreport/SubreportPartComponentCompiler
instanceKlass net/sf/jasperreports/engine/part/PartComponentXmlWriter
instanceKlass net/sf/jasperreports/engine/part/DefaultPartComponentManager
instanceKlass net/sf/jasperreports/engine/part/PartComponentManager
instanceKlass net/sf/jasperreports/parts/PartComponentsXmlDigesterConfigurer
instanceKlass net/sf/jasperreports/engine/part/DefaultPartComponentsBundle
instanceKlass net/sf/jasperreports/engine/part/PartComponentsBundle
instanceKlass net/sf/jasperreports/engine/part/PartComponentFillFactory
instanceKlass net/sf/jasperreports/engine/part/PartComponentCompiler
instanceKlass net/sf/jasperreports/parts/PartComponentsExtensionsRegistryFactory
instanceKlass net/sf/jasperreports/engine/query/SQLBetweenBaseClause
instanceKlass net/sf/jasperreports/engine/query/ClauseFunctionParameterHandler
instanceKlass net/sf/jasperreports/engine/query/SQLLessOrGreaterBaseClause
instanceKlass net/sf/jasperreports/types/date/DateRange
instanceKlass net/sf/jasperreports/types/date/DateRangeBaseSQLEqualityClause
instanceKlass net/sf/jasperreports/engine/query/StandardParameterTypesClauseFunction
instanceKlass net/sf/jasperreports/engine/query/StandardSingleQueryParameterTypesClauseFunctionBundle
instanceKlass net/sf/jasperreports/engine/query/ParameterTypesClauseFunctionBundle
instanceKlass net/sf/jasperreports/engine/query/ParameterTypesClauseFunction
instanceKlass net/sf/jasperreports/engine/query/JRClauseFunction
instanceKlass net/sf/jasperreports/types/date/DateRangeQueryClauseExtensions
instanceKlass net/sf/jasperreports/components/headertoolbar/HeaderToolbarParameterContributorFactory
instanceKlass net/sf/jasperreports/components/headertoolbar/HeaderToolbarParameterContributorExtensionFactory
instanceKlass com/jaspersoft/ireport/designer/utils/query/IRQueryExecuterExtensionsRegistryFactory$1
instanceKlass com/jaspersoft/ireport/designer/utils/query/IRQueryExecuterExtensionsRegistryFactory
instanceKlass com/jaspersoft/ireport/designer/dataadapter/IRDataAdapterParameterContributorFactory
instanceKlass net/sf/jasperreports/engine/ParameterContributorFactory
instanceKlass com/jaspersoft/ireport/designer/dataadapter/IRDataAdapterParameterContributorExtensionsRegistryFactory
instanceKlass com/jaspersoft/ireport/designer/jrctx/JRCTXExtensionsRegistryFactory$1
instanceKlass net/sf/jasperreports/charts/ChartTheme
instanceKlass com/jaspersoft/ireport/designer/jrctx/JRCTXExtensionsRegistryFactory
instanceKlass net/sf/jasperreports/charts/ChartThemeBundle
instanceKlass net/sf/jasperreports/repo/PersistenceService
instanceKlass net/sf/jasperreports/repo/FileRepositoryPersistenceServiceFactory
instanceKlass net/sf/jasperreports/repo/PersistenceServiceFactory
instanceKlass net/sf/jasperreports/extensions/SingletonExtensionRegistry
instanceKlass net/sf/jasperreports/repo/FileRepositoryExtensionsRegistryFactory
instanceKlass net/sf/jasperreports/engine/util/ObjectUtils
instanceKlass net/sf/jasperreports/extensions/DefaultExtensionsRegistry$URLRegistries
instanceKlass net/sf/jasperreports/components/html/HtmlComponentExtensionsRegistryFactory$1
instanceKlass net/sf/jasperreports/engine/component/FillComponent
instanceKlass net/sf/jasperreports/components/html/HtmlComponentFillFactory
instanceKlass net/sf/jasperreports/components/html/HtmlComponentXmlWriter
instanceKlass net/sf/jasperreports/components/html/HtmlComponentCompiler
instanceKlass net/sf/jasperreports/engine/JRPrintElement
instanceKlass net/sf/jasperreports/components/html/HtmlComponentDesignConverter
instanceKlass net/sf/jasperreports/engine/component/DefaultComponentManager
instanceKlass net/sf/jasperreports/engine/component/ComponentManager
instanceKlass net/sf/jasperreports/engine/component/DefaultComponentXmlParser
instanceKlass org/apache/commons/digester/Rule
instanceKlass net/sf/jasperreports/components/html/HtmlComponentDigester
instanceKlass net/sf/jasperreports/engine/component/DefaultComponentsBundle
instanceKlass net/sf/jasperreports/engine/component/ComponentsBundle
instanceKlass net/sf/jasperreports/engine/component/ComponentFillFactory
instanceKlass net/sf/jasperreports/engine/component/ComponentXmlWriter
instanceKlass net/sf/jasperreports/engine/component/ComponentCompiler
instanceKlass net/sf/jasperreports/engine/component/ComponentDesignConverter
instanceKlass net/sf/jasperreports/engine/component/ComponentsXmlParser
instanceKlass net/sf/jasperreports/engine/component/XmlDigesterConfigurer
instanceKlass net/sf/jasperreports/components/html/HtmlComponentExtensionsRegistryFactory
instanceKlass net/sf/jasperreports/extensions/HtmlElementExtensionsRegistryFactory$1
instanceKlass net/sf/jasperreports/extensions/HtmlElementExtensionsRegistryFactory
instanceKlass net/sf/jasperreports/extensions/ExtensionsRegistryFactory
instanceKlass net/sf/jasperreports/engine/util/ClassLoaderResource
instanceKlass net/sf/jasperreports/engine/fonts/FontFamily
instanceKlass net/sf/jasperreports/extensions/DefaultExtensionsRegistry
instanceKlass net/sf/jasperreports/engine/util/ClassUtils
instanceKlass net/sf/jasperreports/extensions/ExtensionsRegistry
instanceKlass net/sf/jasperreports/extensions/ExtensionsEnvironment
instanceKlass org/w3c/dom/Node
instanceKlass net/sf/jasperreports/engine/util/JRStyledTextParser
instanceKlass net/sf/jasperreports/engine/fill/BoundActionExecutionContext
instanceKlass net/sf/jasperreports/engine/fill/EvaluationBoundAction
instanceKlass net/sf/jasperreports/engine/fill/ElementEvaluationsCollector
instanceKlass net/sf/jasperreports/engine/PrintElementVisitor
instanceKlass net/sf/jasperreports/engine/fill/DelayedFillActions
instanceKlass net/sf/jasperreports/engine/fill/VirtualizationListener
instanceKlass net/sf/jasperreports/engine/util/MD5Digest
instanceKlass net/sf/jasperreports/engine/util/JRQueryParser
instanceKlass net/sf/jasperreports/engine/util/DigestUtils
instanceKlass net/sf/jasperreports/engine/fill/FillDatasetPosition
instanceKlass net/sf/jasperreports/engine/fill/JRFillDataset$1
instanceKlass net/sf/jasperreports/engine/fill/JRIncrementerFactory
instanceKlass net/sf/jasperreports/engine/fill/JRFillVariable
instanceKlass net/sf/jasperreports/engine/fill/JRCalculable
instanceKlass net/sf/jasperreports/engine/fill/JRFillField
instanceKlass net/sf/jasperreports/engine/fill/JRFillParameter
instanceKlass net/sf/jasperreports/engine/JRValueParameter
instanceKlass net/sf/jasperreports/engine/fill/JRFillSection
instanceKlass net/sf/jasperreports/engine/fill/JRFillElementContainer$1
instanceKlass net/sf/jasperreports/engine/ExpressionReturnValue
instanceKlass net/sf/jasperreports/engine/fill/JRFillCommonReturnValue
instanceKlass net/sf/jasperreports/engine/fill/FillReturnValues
instanceKlass net/sf/jasperreports/engine/fill/JRFillBand$1
instanceKlass net/sf/jasperreports/engine/fill/JRFillElement
instanceKlass net/sf/jasperreports/engine/fill/DynamicPropertiesHolder
instanceKlass net/sf/jasperreports/engine/JRPrintElementContainer
instanceKlass net/sf/jasperreports/engine/fill/FillReturnValues$SourceContext
instanceKlass net/sf/jasperreports/engine/fill/JRBaseFiller$DefaultStyleListener
instanceKlass net/sf/jasperreports/engine/fill/JRFillElementGroup
instanceKlass net/sf/jasperreports/engine/fill/JRFillCloneable
instanceKlass net/sf/jasperreports/engine/fill/FillContainerContext
instanceKlass net/sf/jasperreports/engine/fill/JROriginProvider
instanceKlass net/sf/jasperreports/engine/fill/JRFillObjectFactory$StylesList
instanceKlass net/sf/jasperreports/charts/JRChartAxis
instanceKlass net/sf/jasperreports/crosstabs/JRCrosstabDataset
instanceKlass net/sf/jasperreports/charts/JRScatterPlot
instanceKlass net/sf/jasperreports/charts/JRTimeSeriesPlot
instanceKlass net/sf/jasperreports/charts/JRMultiAxisPlot
instanceKlass net/sf/jasperreports/charts/JRThermometerPlot
instanceKlass net/sf/jasperreports/charts/JRMeterPlot
instanceKlass net/sf/jasperreports/charts/JRHighLowPlot
instanceKlass net/sf/jasperreports/charts/JRValueDataset
instanceKlass net/sf/jasperreports/charts/JRCandlestickPlot
instanceKlass net/sf/jasperreports/charts/JRTimeAxisFormat
instanceKlass net/sf/jasperreports/charts/JRBubblePlot
instanceKlass net/sf/jasperreports/charts/JRYAxisFormat
instanceKlass net/sf/jasperreports/charts/JRXAxisFormat
instanceKlass net/sf/jasperreports/charts/JRXyzDataset
instanceKlass net/sf/jasperreports/charts/JRXyzSeries
instanceKlass net/sf/jasperreports/charts/JRXyDataset
instanceKlass net/sf/jasperreports/charts/JRHighLowDataset
instanceKlass net/sf/jasperreports/charts/JRAreaPlot
instanceKlass net/sf/jasperreports/charts/JRBar3DPlot
instanceKlass net/sf/jasperreports/charts/JRXySeries
instanceKlass net/sf/jasperreports/charts/JRBarPlot
instanceKlass net/sf/jasperreports/charts/JRGanttSeries
instanceKlass net/sf/jasperreports/charts/JRTimeSeries
instanceKlass net/sf/jasperreports/charts/JRCategorySeries
instanceKlass net/sf/jasperreports/charts/JRLinePlot
instanceKlass net/sf/jasperreports/charts/JRCommonLinePlot
instanceKlass net/sf/jasperreports/charts/JRCategoryPlot
instanceKlass net/sf/jasperreports/charts/JRValueAxisFormat
instanceKlass net/sf/jasperreports/charts/JRCategoryAxisFormat
instanceKlass net/sf/jasperreports/charts/JRPieSeries
instanceKlass net/sf/jasperreports/charts/JRPie3DPlot
instanceKlass net/sf/jasperreports/charts/JRCategoryDataset
instanceKlass net/sf/jasperreports/charts/JRGanttDataset
instanceKlass net/sf/jasperreports/charts/JRPiePlot
instanceKlass net/sf/jasperreports/engine/JRChartPlot
instanceKlass net/sf/jasperreports/charts/JRPieDataset
instanceKlass net/sf/jasperreports/engine/JRConditionalStyle
instanceKlass net/sf/jasperreports/charts/JRTimeSeriesDataset
instanceKlass net/sf/jasperreports/charts/JRTimePeriodDataset
instanceKlass net/sf/jasperreports/engine/JRChartDataset
instanceKlass net/sf/jasperreports/engine/fill/JRFillElementDataset
instanceKlass net/sf/jasperreports/engine/JRElementDataset
instanceKlass net/sf/jasperreports/engine/DatasetRunHolder
instanceKlass net/sf/jasperreports/engine/VariableReturnValue
instanceKlass net/sf/jasperreports/engine/CommonReturnValue
instanceKlass net/sf/jasperreports/charts/JRTimePeriodSeries
instanceKlass net/sf/jasperreports/engine/JasperPrint$DefaultStyleProvider
instanceKlass net/sf/jasperreports/engine/PrintPageFormat
instanceKlass net/sf/jasperreports/engine/PrintParts
instanceKlass net/sf/jasperreports/engine/JasperPrint
instanceKlass net/sf/jasperreports/engine/fill/JRCalculator
instanceKlass net/sf/jasperreports/engine/fill/JasperReportsContextAware
instanceKlass net/sf/jasperreports/functions/FunctionContext
instanceKlass net/sf/jasperreports/engine/fill/ExpressionValues
instanceKlass net/sf/jasperreports/engine/fill/JREvaluator
instanceKlass net/sf/jasperreports/engine/fill/DatasetExpressionEvaluator
instanceKlass net/sf/jasperreports/engine/util/SingleProtectionDomainFactory
instanceKlass net/sf/jasperreports/engine/util/ProtectionDomainFactory
instanceKlass net/sf/jasperreports/engine/util/JRStringUtil
instanceKlass org/apache/commons/collections4/map/AbstractHashedMap$HashEntry
instanceKlass org/apache/commons/collections4/KeyValue
instanceKlass org/apache/commons/collections4/MapIterator
instanceKlass org/apache/commons/collections4/IterableMap
instanceKlass org/apache/commons/collections4/IterableGet
instanceKlass org/apache/commons/collections4/Get
instanceKlass org/apache/commons/collections4/Put
instanceKlass net/sf/jasperreports/engine/design/JRAbstractCompiler
instanceKlass net/sf/jasperreports/engine/design/JRMultiClassCompiler
instanceKlass net/sf/jasperreports/engine/design/JRClassCompiler
instanceKlass net/sf/jasperreports/engine/design/JRCompiler
instanceKlass net/sf/jasperreports/engine/JasperCompileManager
instanceKlass net/sf/jasperreports/engine/fill/JRFillDataset$CacheRecordIndexCallback
instanceKlass net/sf/jasperreports/engine/query/QueryExecutionContext
instanceKlass net/sf/jasperreports/engine/JRAbstractScriptlet
instanceKlass net/sf/jasperreports/engine/fill/JRFillDataset
instanceKlass net/sf/jasperreports/engine/fill/DatasetFillContext
instanceKlass net/sf/jasperreports/engine/JRPropertiesUtil$PropertySuffix
instanceKlass net/sf/jasperreports/engine/util/DeduplicableRegistry
instanceKlass java/lang/Math$RandomNumberGeneratorHolder
instanceKlass net/sf/jasperreports/renderers/AbstractRenderer
instanceKlass net/sf/jasperreports/renderers/DataRenderable
instanceKlass net/sf/jasperreports/renderers/util/RendererUtil
instanceKlass net/sf/jasperreports/renderers/Renderable
instanceKlass net/sf/jasperreports/renderers/RenderersCache
instanceKlass net/sf/jasperreports/engine/fonts/FontUtil
instanceKlass net/sf/jasperreports/engine/JRStyledTextAttributeSelector
instanceKlass net/sf/jasperreports/engine/util/JRStyledTextUtil$FamilyFonts
instanceKlass net/sf/jasperreports/engine/util/JRStyledTextUtil
instanceKlass net/sf/jasperreports/engine/fill/JRFillContext
instanceKlass net/sf/jasperreports/repo/SimpleRepositoryContext
instanceKlass sun/font/SunFontManager$11
instanceKlass sun/font/SunFontManager$10
instanceKlass sun/font/SunFontManager$13
instanceKlass net/sf/jasperreports/engine/util/JRGraphEnvInitializer
instanceKlass net/sf/jasperreports/engine/fill/JRBaseFiller$1
instanceKlass net/sf/jasperreports/engine/fill/GroupFooterElementRange
instanceKlass net/sf/jasperreports/engine/fill/ElementRange
instanceKlass net/sf/jasperreports/engine/fill/PrintElementOriginator
instanceKlass net/sf/jasperreports/engine/fill/FillerPageAddedEvent
instanceKlass net/sf/jasperreports/engine/JRPrintPage
instanceKlass net/sf/jasperreports/engine/JRPrintElementListContainer
instanceKlass net/sf/jasperreports/engine/JRStyleSetter
instanceKlass net/sf/jasperreports/engine/fill/FillerParent
instanceKlass net/sf/jasperreports/engine/fill/JRFillExpressionEvaluator
instanceKlass net/sf/jasperreports/repo/RepositoryContext
instanceKlass net/sf/jasperreports/engine/fill/JRFiller$1
instanceKlass net/sf/jasperreports/engine/fill/BaseReportFiller
instanceKlass net/sf/jasperreports/engine/fill/ReportFiller
instanceKlass net/sf/jasperreports/engine/fill/JRFiller
instanceKlass net/sf/jasperreports/engine/fill/SimpleJasperReportSource
instanceKlass net/sf/jasperreports/repo/SimpleRepositoryResourceContext
instanceKlass net/sf/jasperreports/crosstabs/JRCrosstab
instanceKlass net/sf/jasperreports/engine/design/JRReportCompileData
instanceKlass net/sf/jasperreports/engine/util/CloneStore
instanceKlass net/sf/jasperreports/engine/base/JRBaseVariable
instanceKlass net/sf/jasperreports/engine/util/StoreCloneable
instanceKlass net/sf/jasperreports/engine/base/JRBaseQueryChunk
instanceKlass net/sf/jasperreports/engine/JRQueryChunk
instanceKlass net/sf/jasperreports/engine/base/JRBaseQuery
instanceKlass net/sf/jasperreports/engine/base/JRBaseParameter
instanceKlass net/sf/jasperreports/engine/base/JRBaseField
instanceKlass net/sf/jasperreports/engine/base/JRBaseDataset
instanceKlass java/io/ObjectInputStream$GetField
instanceKlass net/sf/jasperreports/components/barcode4j/BarcodeVisitor
instanceKlass net/sf/jasperreports/components/barcode4j/BarcodeComponent
instanceKlass net/sf/jasperreports/engine/util/Designated
instanceKlass net/sf/jasperreports/engine/JRImage
instanceKlass net/sf/jasperreports/engine/JRCommonImage
instanceKlass net/sf/jasperreports/engine/JRImageAlignment
instanceKlass net/sf/jasperreports/engine/component/BaseComponentContext
instanceKlass net/sf/jasperreports/engine/component/ComponentContext
instanceKlass net/sf/jasperreports/components/barbecue/StandardBarbecueComponent
instanceKlass net/sf/jasperreports/components/barbecue/BarbecueComponent
instanceKlass net/sf/jasperreports/engine/component/ContextAwareComponent
instanceKlass net/sf/jasperreports/engine/component/Component
instanceKlass net/sf/jasperreports/engine/component/ComponentKey
instanceKlass net/sf/jasperreports/engine/JRComponentElement
instanceKlass net/sf/jasperreports/engine/JRLine
instanceKlass net/sf/jasperreports/engine/JRGraphicElement
instanceKlass net/sf/jasperreports/engine/JRCommonGraphicElement
instanceKlass net/sf/jasperreports/engine/JRStaticText
instanceKlass net/sf/jasperreports/engine/JRHyperlinkHelper$1
instanceKlass net/sf/jasperreports/engine/JRHyperlinkHelper
instanceKlass net/sf/jasperreports/engine/type/EnumUtil
instanceKlass net/sf/jasperreports/engine/base/JRBaseExpressionChunk
instanceKlass net/sf/jasperreports/engine/JRExpressionChunk
instanceKlass net/sf/jasperreports/engine/base/JRBaseExpression
instanceKlass net/sf/jasperreports/engine/TabStop
instanceKlass net/sf/jasperreports/engine/base/JRBaseParagraph
instanceKlass net/sf/jasperreports/engine/base/JRBasePen
instanceKlass net/sf/jasperreports/engine/base/JRBoxPen
instanceKlass net/sf/jasperreports/engine/JRPen
instanceKlass net/sf/jasperreports/engine/base/JRBaseLineBox
instanceKlass net/sf/jasperreports/engine/Deduplicable
instanceKlass net/sf/jasperreports/engine/JRHyperlinkParameter
instanceKlass net/sf/jasperreports/engine/JRLineBox
instanceKlass net/sf/jasperreports/engine/JRParagraph
instanceKlass net/sf/jasperreports/engine/base/JRBaseElement
instanceKlass net/sf/jasperreports/engine/JRTextField
instanceKlass net/sf/jasperreports/engine/JRHyperlink
instanceKlass net/sf/jasperreports/engine/JRAnchor
instanceKlass net/sf/jasperreports/engine/JREvaluation
instanceKlass net/sf/jasperreports/engine/JRTextElement
instanceKlass net/sf/jasperreports/engine/JRCommonText
instanceKlass net/sf/jasperreports/engine/JRFont
instanceKlass net/sf/jasperreports/engine/JRTextAlignment
instanceKlass net/sf/jasperreports/engine/JRPart
instanceKlass net/sf/jasperreports/engine/base/JRBaseSection
instanceKlass java/io/ObjectStreamClass$ExceptionInfo
instanceKlass java/util/function/UnaryOperator
instanceKlass net/sf/jasperreports/engine/JRExpression
instanceKlass net/sf/jasperreports/engine/JRElement
instanceKlass net/sf/jasperreports/engine/JRCommonElement
instanceKlass net/sf/jasperreports/engine/base/JRBaseElementGroup
instanceKlass java/io/SerialCallbackContext
instanceKlass java/io/ObjectInputStream$FieldValues
instanceKlass java/io/ObjectStreamClass$ClassDataSlot
instanceKlass net/sf/jasperreports/engine/JRExpressionCollector
instanceKlass net/sf/jasperreports/engine/DatasetPropertyExpression
instanceKlass net/sf/jasperreports/engine/JRPropertyExpression
instanceKlass net/sf/jasperreports/engine/JRPropertiesMap
instanceKlass net/sf/jasperreports/engine/JRGroup
instanceKlass net/sf/jasperreports/engine/JRSortField
instanceKlass net/sf/jasperreports/engine/JRVariable
instanceKlass net/sf/jasperreports/engine/JRScriptlet
instanceKlass net/sf/jasperreports/engine/JRAbstractObjectFactory
instanceKlass net/sf/jasperreports/engine/JRVisitor
instanceKlass net/sf/jasperreports/engine/JRQuery
instanceKlass net/sf/jasperreports/engine/JRParameter
instanceKlass net/sf/jasperreports/engine/JRField
instanceKlass net/sf/jasperreports/engine/util/StyleResolver
instanceKlass net/sf/jasperreports/engine/JRStyle
instanceKlass net/sf/jasperreports/engine/JRParagraphContainer
instanceKlass net/sf/jasperreports/engine/JRPenContainer
instanceKlass net/sf/jasperreports/engine/JRBoxContainer
instanceKlass net/sf/jasperreports/engine/JRStyleContainer
instanceKlass net/sf/jasperreports/engine/JRReportTemplate
instanceKlass net/sf/jasperreports/engine/type/JREnum
instanceKlass net/sf/jasperreports/engine/type/NamedEnum
instanceKlass net/sf/jasperreports/engine/JRSection
instanceKlass net/sf/jasperreports/engine/JRBand
instanceKlass net/sf/jasperreports/engine/JRElementGroup
instanceKlass net/sf/jasperreports/engine/JRChild
instanceKlass net/sf/jasperreports/engine/JRVisitable
instanceKlass net/sf/jasperreports/engine/JRDataset
instanceKlass net/sf/jasperreports/engine/JRCloneable
instanceKlass net/sf/jasperreports/engine/base/JRBaseReport
instanceKlass net/sf/jasperreports/engine/design/events/JRChangeEventsSupport
instanceKlass net/sf/jasperreports/engine/JRReport
instanceKlass net/sf/jasperreports/engine/JRIdentifiable
instanceKlass net/sf/jasperreports/engine/JRDefaultStyleProvider
instanceKlass java/io/ObjectInputFilter$Config$$Lambda$891
instanceKlass jdk/internal/access/JavaObjectInputFilterAccess
instanceKlass java/io/ObjectInputFilter$Config$$Lambda$890
instanceKlass java/io/ObjectInputFilter
instanceKlass java/io/ObjectInputFilter$Config
instanceKlass java/io/ObjectInputStream$ValidationList
instanceKlass java/io/ObjectInputStream$HandleTable$HandleList
instanceKlass java/io/ObjectInputStream$HandleTable
instanceKlass java/io/ObjectInputStream$$Lambda$889
instanceKlass jdk/internal/access/JavaObjectInputStreamAccess
instanceKlass java/lang/invoke/LambdaForm$DMH
instanceKlass net/sf/jasperreports/engine/util/FileResolver
instanceKlass net/sf/jasperreports/engine/fill/JasperReportSource
instanceKlass net/sf/jasperreports/repo/RepositoryResourceContext
instanceKlass net/sf/jasperreports/engine/JasperFillManager
instanceKlass net/sf/jasperreports/engine/util/JRLoader
instanceKlass net/sf/jasperreports/engine/JRPropertiesUtil
instanceKlass net/sf/jasperreports/engine/DefaultJasperReportsContext
instanceKlass net/sf/jasperreports/engine/JRPropertiesHolder
instanceKlass net/sf/jasperreports/engine/JasperReportsContext
instanceKlass net/sf/jasperreports/engine/JRResultSetDataSource
instanceKlass java/awt/geom/EllipseIterator
instanceKlass bridging/BPJSSuratKontrol$6
instanceKlass bridging/BPJSSuratKontrol$5
instanceKlass bridging/BPJSSuratKontrol$4
instanceKlass bridging/BPJSSuratKontrol$3
instanceKlass bridging/BPJSSuratKontrol$38
instanceKlass bridging/BPJSSuratKontrol$36
instanceKlass bridging/BPJSSuratKontrol$34
instanceKlass bridging/BPJSSuratKontrol$32
instanceKlass bridging/BPJSSuratKontrol$30
instanceKlass bridging/BPJSSuratKontrol$27
instanceKlass bridging/BPJSSuratKontrol$25
instanceKlass bridging/BPJSSuratKontrol$22
instanceKlass bridging/BPJSSuratKontrol$20
instanceKlass bridging/BPJSSuratKontrol$18
instanceKlass bridging/BPJSSuratKontrol$16
instanceKlass bridging/BPJSSuratKontrol$14
instanceKlass bridging/BPJSSuratKontrol$12
instanceKlass bridging/BPJSSuratKontrol$10
instanceKlass bridging/BPJSSuratKontrol$7
instanceKlass bridging/BPJSCekReferensiSpesialistikKontrol$6
instanceKlass bridging/BPJSCekReferensiSpesialistikKontrol$4
instanceKlass bridging/BPJSCekReferensiDokterKontrol$6
instanceKlass bridging/BPJSCekReferensiDokterKontrol$4
instanceKlass bridging/ApiBPJS
instanceKlass javax/sound/sampled/LineListener
instanceKlass javax/swing/JToggleButton$1
instanceKlass ipsrs/IPSRSRingkasanPengajuanBarangNonMedis$6
instanceKlass ipsrs/IPSRSRingkasanPengajuanBarangNonMedis$5
instanceKlass ipsrs/IPSRSRingkasanPengajuanBarangNonMedis$4
instanceKlass ipsrs/IPSRSRingkasanPengajuanBarangNonMedis$3
instanceKlass ipsrs/IPSRSRingkasanPengajuanBarangNonMedis$36
instanceKlass ipsrs/IPSRSRingkasanPengajuanBarangNonMedis$32
instanceKlass ipsrs/IPSRSRingkasanPengajuanBarangNonMedis$30
instanceKlass ipsrs/IPSRSRingkasanPengajuanBarangNonMedis$27
instanceKlass ipsrs/IPSRSRingkasanPengajuanBarangNonMedis$25
instanceKlass ipsrs/IPSRSRingkasanPengajuanBarangNonMedis$23
instanceKlass ipsrs/IPSRSRingkasanPengajuanBarangNonMedis$21
instanceKlass ipsrs/IPSRSRingkasanPengajuanBarangNonMedis$18
instanceKlass ipsrs/IPSRSRingkasanPengajuanBarangNonMedis$17
instanceKlass ipsrs/IPSRSRingkasanPengajuanBarangNonMedis$16
instanceKlass ipsrs/IPSRSRingkasanPengajuanBarangNonMedis$15
instanceKlass ipsrs/IPSRSRingkasanPengajuanBarangNonMedis$14
instanceKlass ipsrs/IPSRSRingkasanPengajuanBarangNonMedis$13
instanceKlass ipsrs/IPSRSRingkasanPengajuanBarangNonMedis$12
instanceKlass ipsrs/IPSRSRingkasanPengajuanBarangNonMedis$11
instanceKlass ipsrs/IPSRSRingkasanPengajuanBarangNonMedis$10
instanceKlass ipsrs/IPSRSRingkasanPengajuanBarangNonMedis$9
instanceKlass ipsrs/IPSRSRingkasanPengajuanBarangNonMedis$8
instanceKlass ipsrs/IPSRSRingkasanPengajuanBarangNonMedis$7
instanceKlass ipsrs/DlgRHPembelianIPSRS$8
instanceKlass ipsrs/DlgRHPembelianIPSRS$7
instanceKlass ipsrs/DlgRHPembelianIPSRS$6
instanceKlass ipsrs/DlgRHPembelianIPSRS$5
instanceKlass ipsrs/DlgRHPembelianIPSRS$4
instanceKlass ipsrs/DlgRHPembelianIPSRS$3
instanceKlass ipsrs/DlgRHPembelianIPSRS$29
instanceKlass ipsrs/DlgRHPembelianIPSRS$28
instanceKlass ipsrs/DlgRHPembelianIPSRS$22
instanceKlass ipsrs/DlgRHPembelianIPSRS$20
instanceKlass ipsrs/DlgRHPembelianIPSRS$17
instanceKlass ipsrs/DlgRHPembelianIPSRS$15
instanceKlass ipsrs/DlgRHPembelianIPSRS$13
instanceKlass ipsrs/DlgRHPembelianIPSRS$11
instanceKlass ipsrs/IPSRSRiwayatBarang$4
instanceKlass ipsrs/IPSRSRiwayatBarang$3
instanceKlass ipsrs/IPSRSRiwayatBarang$15
instanceKlass ipsrs/IPSRSRiwayatBarang$13
instanceKlass ipsrs/IPSRSRiwayatBarang$11
instanceKlass ipsrs/IPSRSRiwayatBarang$9
instanceKlass ipsrs/IPSRSRiwayatBarang$7
instanceKlass ipsrs/IPSRSRingkasanPengeluaranBarangNonMedis$6
instanceKlass ipsrs/IPSRSRingkasanPengeluaranBarangNonMedis$5
instanceKlass ipsrs/IPSRSRingkasanPengeluaranBarangNonMedis$4
instanceKlass ipsrs/IPSRSRingkasanPengeluaranBarangNonMedis$3
instanceKlass ipsrs/IPSRSRingkasanPengeluaranBarangNonMedis$35
instanceKlass ipsrs/IPSRSRingkasanPengeluaranBarangNonMedis$30
instanceKlass ipsrs/IPSRSRingkasanPengeluaranBarangNonMedis$29
instanceKlass ipsrs/IPSRSRingkasanPengeluaranBarangNonMedis$26
instanceKlass ipsrs/IPSRSRingkasanPengeluaranBarangNonMedis$24
instanceKlass ipsrs/IPSRSRingkasanPengeluaranBarangNonMedis$22
instanceKlass ipsrs/IPSRSRingkasanPengeluaranBarangNonMedis$20
instanceKlass ipsrs/IPSRSRingkasanPengeluaranBarangNonMedis$18
instanceKlass ipsrs/IPSRSRingkasanPengeluaranBarangNonMedis$17
instanceKlass ipsrs/IPSRSRingkasanPengeluaranBarangNonMedis$16
instanceKlass ipsrs/IPSRSRingkasanPengeluaranBarangNonMedis$15
instanceKlass ipsrs/IPSRSRingkasanPengeluaranBarangNonMedis$14
instanceKlass ipsrs/IPSRSRingkasanPengeluaranBarangNonMedis$13
instanceKlass ipsrs/IPSRSRingkasanPengeluaranBarangNonMedis$12
instanceKlass ipsrs/IPSRSRingkasanPengeluaranBarangNonMedis$11
instanceKlass ipsrs/IPSRSRingkasanPengeluaranBarangNonMedis$10
instanceKlass ipsrs/IPSRSRingkasanPengeluaranBarangNonMedis$9
instanceKlass ipsrs/IPSRSRingkasanPengeluaranBarangNonMedis$8
instanceKlass ipsrs/IPSRSRingkasanPengeluaranBarangNonMedis$7
instanceKlass ipsrs/IPSRSRingkasanPemesananBarangNonMedis$8
instanceKlass ipsrs/IPSRSRingkasanPemesananBarangNonMedis$7
instanceKlass ipsrs/IPSRSRingkasanPemesananBarangNonMedis$6
instanceKlass ipsrs/IPSRSRingkasanPemesananBarangNonMedis$5
instanceKlass ipsrs/IPSRSRingkasanPemesananBarangNonMedis$4
instanceKlass ipsrs/IPSRSRingkasanPemesananBarangNonMedis$3
instanceKlass ipsrs/IPSRSRingkasanPemesananBarangNonMedis$41
instanceKlass ipsrs/IPSRSRingkasanPemesananBarangNonMedis$40
instanceKlass ipsrs/IPSRSRingkasanPemesananBarangNonMedis$34
instanceKlass ipsrs/IPSRSRingkasanPemesananBarangNonMedis$32
instanceKlass ipsrs/IPSRSRingkasanPemesananBarangNonMedis$29
instanceKlass ipsrs/IPSRSRingkasanPemesananBarangNonMedis$27
instanceKlass ipsrs/IPSRSRingkasanPemesananBarangNonMedis$25
instanceKlass ipsrs/IPSRSRingkasanPemesananBarangNonMedis$23
instanceKlass ipsrs/IPSRSRingkasanPemesananBarangNonMedis$20
instanceKlass ipsrs/IPSRSRingkasanPemesananBarangNonMedis$19
instanceKlass ipsrs/IPSRSRingkasanPemesananBarangNonMedis$18
instanceKlass ipsrs/IPSRSRingkasanPemesananBarangNonMedis$17
instanceKlass ipsrs/IPSRSRingkasanPemesananBarangNonMedis$16
instanceKlass ipsrs/IPSRSRingkasanPemesananBarangNonMedis$15
instanceKlass ipsrs/IPSRSRingkasanPemesananBarangNonMedis$14
instanceKlass ipsrs/IPSRSRingkasanPemesananBarangNonMedis$13
instanceKlass ipsrs/IPSRSRingkasanPemesananBarangNonMedis$12
instanceKlass ipsrs/IPSRSRingkasanPemesananBarangNonMedis$11
instanceKlass ipsrs/IPSRSRingkasanPemesananBarangNonMedis$10
instanceKlass ipsrs/IPSRSRingkasanPemesananBarangNonMedis$9
instanceKlass ipsrs/DlgRekapPermintaanNonMedis$4
instanceKlass ipsrs/DlgRekapPermintaanNonMedis$3
instanceKlass ipsrs/DlgRekapPermintaanNonMedis$20
instanceKlass ipsrs/DlgRekapPermintaanNonMedis$18
instanceKlass ipsrs/DlgRekapPermintaanNonMedis$16
instanceKlass ipsrs/DlgRekapPermintaanNonMedis$14
instanceKlass ipsrs/DlgRekapPermintaanNonMedis$12
instanceKlass ipsrs/DlgRekapPermintaanNonMedis$9
instanceKlass ipsrs/IPSRSSuratPemesanan$6
instanceKlass ipsrs/IPSRSSuratPemesanan$5
instanceKlass ipsrs/IPSRSSuratPemesanan$4
instanceKlass ipsrs/IPSRSSuratPemesanan$3
instanceKlass ipsrs/IPSRSSuratPemesanan$37
instanceKlass ipsrs/IPSRSSuratPemesanan$35
instanceKlass ipsrs/IPSRSSuratPemesanan$33
instanceKlass ipsrs/IPSRSSuratPemesanan$30
instanceKlass ipsrs/IPSRSSuratPemesanan$28
instanceKlass ipsrs/IPSRSSuratPemesanan$26
instanceKlass ipsrs/IPSRSSuratPemesanan$24
instanceKlass ipsrs/IPSRSSuratPemesanan$22
instanceKlass ipsrs/IPSRSSuratPemesanan$21
instanceKlass ipsrs/IPSRSSuratPemesanan$17
instanceKlass ipsrs/IPSRSSuratPemesanan$14
instanceKlass ipsrs/IPSRSSuratPemesanan$11
instanceKlass ipsrs/IPSRSSuratPemesanan$10
instanceKlass ipsrs/IPSRSSuratPemesanan$9
instanceKlass ipsrs/IPSRSSuratPemesanan$8
instanceKlass ipsrs/IPSRSSuratPemesanan$7
instanceKlass ipsrs/IPSRSCariSuplier$10
instanceKlass ipsrs/IPSRSCariSuplier$9
instanceKlass ipsrs/IPSRSCariSuplier$7
instanceKlass ipsrs/IPSRSCariSuplier$5
instanceKlass ipsrs/IPSRSPermintaan$4
instanceKlass ipsrs/IPSRSPermintaan$3
instanceKlass sun/util/locale/LocaleExtensions
instanceKlass ipsrs/IPSRSPermintaan$25
instanceKlass ipsrs/IPSRSPermintaan$22
instanceKlass ipsrs/IPSRSPermintaan$19
instanceKlass ipsrs/IPSRSPermintaan$17
instanceKlass ipsrs/IPSRSPermintaan$16
instanceKlass ipsrs/IPSRSPermintaan$14
instanceKlass ipsrs/IPSRSPermintaan$12
instanceKlass ipsrs/IPSRSPermintaan$9
instanceKlass ipsrs/IPSRSPermintaan$5
instanceKlass ipsrs/IPSRSCariPermintaan$6
instanceKlass ipsrs/IPSRSCariPermintaan$5
instanceKlass ipsrs/IPSRSCariPermintaan$4
instanceKlass ipsrs/IPSRSCariPermintaan$3
instanceKlass ipsrs/IPSRSCariPermintaan$27
instanceKlass ipsrs/IPSRSCariPermintaan$23
instanceKlass ipsrs/IPSRSCariPermintaan$21
instanceKlass ipsrs/IPSRSCariPermintaan$18
instanceKlass ipsrs/IPSRSCariPermintaan$16
instanceKlass ipsrs/IPSRSCariPermintaan$14
instanceKlass ipsrs/IPSRSCariPermintaan$12
instanceKlass ipsrs/IPSRSCariPermintaan$9
instanceKlass ipsrs/IPSRSCariPermintaan$8
instanceKlass ipsrs/IPSRSCariPermintaan$7
instanceKlass ipsrs/IPSRSBarang$4
instanceKlass ipsrs/IPSRSBarang$3
instanceKlass ipsrs/IPSRSBarang$34
instanceKlass ipsrs/IPSRSBarang$33
instanceKlass ipsrs/IPSRSBarang$29
instanceKlass ipsrs/IPSRSBarang$24
instanceKlass ipsrs/IPSRSBarang$21
instanceKlass ipsrs/IPSRSBarang$19
instanceKlass ipsrs/IPSRSBarang$17
instanceKlass ipsrs/IPSRSBarang$15
instanceKlass ipsrs/IPSRSBarang$13
instanceKlass ipsrs/IPSRSBarang$11
instanceKlass ipsrs/IPSRSBarang$9
instanceKlass ipsrs/IPSRSBarang$5
instanceKlass ipsrs/IPSRSCariJenis$12
instanceKlass ipsrs/IPSRSCariJenis$11
instanceKlass ipsrs/IPSRSCariJenis$9
instanceKlass ipsrs/IPSRSCariJenis$7
instanceKlass ipsrs/IPSRSJenis$27
instanceKlass ipsrs/IPSRSJenis$25
instanceKlass ipsrs/IPSRSJenis$23
instanceKlass ipsrs/IPSRSJenis$21
instanceKlass ipsrs/IPSRSJenis$19
instanceKlass ipsrs/IPSRSJenis$17
instanceKlass ipsrs/IPSRSJenis$15
instanceKlass ipsrs/IPSRSJenis$13
instanceKlass ipsrs/IPSRSJenis$6
instanceKlass ipsrs/IPSRSJenis$5
instanceKlass ipsrs/IPSRSJenis$4
instanceKlass ipsrs/IPSRSJenis$3
instanceKlass javax/swing/JTable$4
instanceKlass sun/datatransfer/DataFlavorUtil$DataFlavorComparator
instanceKlass sun/awt/datatransfer/ClipboardTransferable$DataFactory
instanceKlass sun/awt/datatransfer/ClipboardTransferable$$Lambda$888
instanceKlass java/util/AbstractMap$SimpleEntry
instanceKlass sun/awt/datatransfer/ClipboardTransferable
instanceKlass java/awt/font/TextHitInfo
instanceKlass sun/awt/windows/WInputMethod$1
instanceKlass javax/swing/text/DefaultHighlighter$HighlightInfo
instanceKlass java/text/BreakIterator$BreakIteratorCache
instanceKlass sun/text/SupplementaryCharacterData
instanceKlass sun/text/CompactByteArray
instanceKlass sun/util/resources/BreakIteratorResourceBundle$$Lambda$887
instanceKlass sun/util/resources/Bundles$2
instanceKlass sun/util/locale/provider/JRELocaleProviderAdapter$$Lambda$886
instanceKlass java/text/CalendarBuilder
instanceKlass java/text/ParsePosition
instanceKlass inventory/DlgBarang$8
instanceKlass inventory/DlgBarang$7
instanceKlass inventory/DlgBarang$6
instanceKlass inventory/DlgBarang$5
instanceKlass inventory/DlgBarang$4
instanceKlass inventory/DlgBarang$3
instanceKlass inventory/DlgBarang$2
instanceKlass inventory/DlgBarang$92
instanceKlass inventory/DlgBarang$86
instanceKlass inventory/DlgBarang$84
instanceKlass inventory/DlgBarang$82
instanceKlass inventory/DlgBarang$80
instanceKlass inventory/DlgBarang$52
instanceKlass inventory/DlgBarang$47
instanceKlass inventory/DlgBarang$31
instanceKlass inventory/DlgBarang$29
instanceKlass inventory/DlgBarang$27
instanceKlass inventory/DlgBarang$25
instanceKlass inventory/DlgBarang$23
instanceKlass inventory/DlgBarang$21
instanceKlass inventory/DlgBarang$19
instanceKlass inventory/DlgBarang$17
instanceKlass inventory/DlgBarang$14
instanceKlass inventory/DlgBarang$13
instanceKlass inventory/DlgBarang$12
instanceKlass inventory/DlgBarang$11
instanceKlass inventory/DlgBarang$10
instanceKlass inventory/DlgCariIndustriFarmasi$12
instanceKlass inventory/DlgCariIndustriFarmasi$11
instanceKlass inventory/DlgCariIndustriFarmasi$9
instanceKlass inventory/DlgCariIndustriFarmasi$7
instanceKlass inventory/DlgCariSatuan$12
instanceKlass inventory/DlgCariSatuan$11
instanceKlass inventory/DlgCariSatuan$9
instanceKlass inventory/DlgCariSatuan$7
instanceKlass sun/awt/datatransfer/SunClipboard$$Lambda$885
instanceKlass java/io/ObjectStreamClass$FieldReflector
instanceKlass java/io/ObjectInput
instanceKlass java/util/stream/IntStream
instanceKlass java/io/ObjectStreamClass$2
instanceKlass java/io/ObjectStreamClass$EntryFuture
instanceKlass java/io/ObjectStreamClass$Caches
instanceKlass java/io/ObjectStreamClass
instanceKlass java/io/Bits
instanceKlass java/io/ObjectOutputStream$ReplaceTable
instanceKlass java/io/ObjectOutputStream$HandleTable
instanceKlass java/io/ObjectStreamConstants
instanceKlass java/io/ObjectOutput
instanceKlass java/rmi/MarshalledObject
instanceKlass java/rmi/Remote
instanceKlass sun/datatransfer/DataFlavorUtil$RMI
instanceKlass java/lang/StringCoding$StringEncoder
instanceKlass sun/datatransfer/DataFlavorUtil$IndexOrderComparator
instanceKlass java/util/Collections$ReverseComparator2
instanceKlass java/util/Collections$ReverseComparator
instanceKlass sun/datatransfer/DataFlavorUtil$CharsetComparator
instanceKlass sun/datatransfer/DataFlavorUtil$StandardEncodingsHolder
instanceKlass java/awt/datatransfer/SystemFlavorMap$$Lambda$884
instanceKlass sun/awt/Mutex
instanceKlass sun/awt/datatransfer/ToolkitThreadBlockedHandler
instanceKlass sun/awt/datatransfer/DataTransferer
instanceKlass sun/awt/datatransfer/TransferableProxy
instanceKlass java/awt/datatransfer/MimeType
instanceKlass java/awt/datatransfer/MimeTypeParameterList
instanceKlass javax/swing/plaf/basic/BasicTransferable
instanceKlass java/awt/datatransfer/Clipboard
instanceKlass javax/swing/TransferHandler$TransferAction$2
instanceKlass javax/swing/TransferHandler$TransferAction$1
instanceKlass java/text/FieldPosition$Delegate
instanceKlass java/io/FileOutputStream$1
instanceKlass java/awt/Dialog$$Lambda$883
instanceKlass java/awt/Dialog$$Lambda$882
instanceKlass java/awt/ModalEventFilter$1
instanceKlass java/awt/peer/FileDialogPeer
instanceKlass sun/awt/util/IdentityLinkedList$ListItr
instanceKlass java/awt/Dialog$1
instanceKlass sun/awt/util/IdentityLinkedList$Entry
instanceKlass inventory/DlgObatPeresep$5
instanceKlass inventory/DlgObatPeresep$4
instanceKlass inventory/DlgObatPeresep$3
instanceKlass inventory/DlgObatPeresep$2
instanceKlass inventory/DlgObatPeresep$20
instanceKlass inventory/DlgObatPeresep$18
instanceKlass inventory/DlgObatPeresep$16
instanceKlass inventory/DlgObatPeresep$14
instanceKlass inventory/DlgObatPeresep$10
instanceKlass inventory/DlgObatPeresep$8
instanceKlass inventory/DlgObatPeresep$6
instanceKlass sun/java2d/pipe/SpanClipRenderer$SCRcontext
instanceKlass javax/swing/TransferHandler$DropLocation
instanceKlass javax/swing/JTable$ModelChange
instanceKlass com/fasterxml/jackson/databind/deser/std/BaseNodeDeserializer$1
instanceKlass com/fasterxml/jackson/core/io/CharTypes
instanceKlass com/fasterxml/jackson/databind/deser/std/JsonNodeDeserializer$1
instanceKlass com/fasterxml/jackson/databind/annotation/JsonTypeResolver
instanceKlass com/fasterxml/jackson/annotation/JsonTypeInfo
instanceKlass com/fasterxml/jackson/databind/util/ArrayBuilders$ArrayIterator
instanceKlass com/fasterxml/jackson/databind/util/ArrayBuilders
instanceKlass com/fasterxml/jackson/annotation/JsonIdentityInfo
instanceKlass com/fasterxml/jackson/annotation/JsonPropertyOrder
instanceKlass com/fasterxml/jackson/databind/annotation/JsonNaming
instanceKlass com/fasterxml/jackson/annotation/JacksonInject
instanceKlass com/fasterxml/jackson/annotation/JsonAnySetter
instanceKlass com/fasterxml/jackson/databind/introspect/POJOPropertyBuilder$Linked
instanceKlass com/fasterxml/jackson/databind/introspect/POJOPropertyBuilder$WithMember
instanceKlass com/fasterxml/jackson/annotation/JsonIgnore
instanceKlass com/fasterxml/jackson/annotation/JsonAutoDetect$1
instanceKlass com/fasterxml/jackson/databind/annotation/JsonSerialize
instanceKlass com/fasterxml/jackson/annotation/JsonGetter
instanceKlass com/fasterxml/jackson/annotation/JsonValue
instanceKlass com/fasterxml/jackson/annotation/JsonAnyGetter
instanceKlass com/fasterxml/jackson/databind/util/BeanUtil
instanceKlass com/fasterxml/jackson/annotation/JsonManagedReference
instanceKlass com/fasterxml/jackson/annotation/JsonBackReference
instanceKlass com/fasterxml/jackson/annotation/JsonView
instanceKlass com/fasterxml/jackson/databind/annotation/JsonDeserialize
instanceKlass com/fasterxml/jackson/annotation/JsonProperty
instanceKlass com/fasterxml/jackson/annotation/JsonSetter
instanceKlass com/fasterxml/jackson/databind/introspect/MemberKey
instanceKlass com/fasterxml/jackson/databind/introspect/AnnotatedMethodMap
instanceKlass com/fasterxml/jackson/databind/introspect/POJOPropertiesCollector
instanceKlass com/fasterxml/jackson/databind/type/ClassKey
instanceKlass com/fasterxml/jackson/databind/util/ClassUtil
instanceKlass com/fasterxml/jackson/core/util/TextBuffer
instanceKlass com/fasterxml/jackson/core/JsonStreamContext
instanceKlass com/fasterxml/jackson/core/util/BufferRecycler
instanceKlass com/fasterxml/jackson/core/io/IOContext
instanceKlass sun/java2d/pipe/RegionClipSpanIterator
instanceKlass java/awt/ColorPaintContext
instanceKlass sun/java2d/loops/GraphicsPrimitive$GeneralBinaryOp
instanceKlass javax/swing/plaf/basic/BasicPopupMenuUI$MouseGrabber$2
instanceKlass javax/accessibility/AccessibleStateSet
instanceKlass javax/swing/JComboBox$AccessibleJComboBox$AccessibleJComboBoxPopupMenuListener
instanceKlass javax/swing/JComboBox$AccessibleJComboBox$AccessibleJComboBoxListSelectionListener
instanceKlass javax/accessibility/AccessibleExtendedText
instanceKlass javax/accessibility/AccessibleEditableText
instanceKlass javax/swing/JComboBox$AccessibleJComboBox$AccessibleJComboBoxPropertyChangeListener
instanceKlass javax/accessibility/AccessibleAction
instanceKlass javax/accessibility/AccessibleSelection
instanceKlass javax/accessibility/AccessibleBundle$1
instanceKlass sun/awt/AWTAccessor$AccessibleBundleAccessor
instanceKlass javax/accessibility/AccessibleBundle
instanceKlass javax/swing/plaf/basic/BasicPopupMenuUI$MouseGrabber$1
instanceKlass java/awt/GridBagLayoutInfo
instanceKlass sun/font/StandardGlyphVector$GlyphStrike
instanceKlass sun/font/FontSubstitution
instanceKlass java/awt/font/GlyphVector
instanceKlass java/awt/KeyboardFocusManager$4
instanceKlass inventory/DlgRekapObatPasien$9
instanceKlass inventory/DlgRekapObatPasien$8
instanceKlass inventory/DlgRekapObatPasien$7
instanceKlass inventory/DlgRekapObatPasien$6
instanceKlass inventory/DlgRekapObatPasien$5
instanceKlass inventory/DlgRekapObatPasien$4
instanceKlass inventory/DlgRekapObatPasien$3
instanceKlass inventory/DlgRekapObatPasien$30
instanceKlass inventory/DlgRekapObatPasien$29
instanceKlass inventory/DlgRekapObatPasien$28
instanceKlass inventory/DlgRekapObatPasien$26
instanceKlass inventory/DlgRekapObatPasien$24
instanceKlass inventory/DlgRekapObatPasien$23
instanceKlass inventory/DlgRekapObatPasien$21
instanceKlass inventory/DlgRekapObatPasien$19
instanceKlass inventory/DlgRekapObatPasien$17
instanceKlass inventory/DlgRekapObatPasien$15
instanceKlass inventory/DlgCariGolongan$12
instanceKlass inventory/DlgCariGolongan$11
instanceKlass inventory/DlgCariGolongan$9
instanceKlass inventory/DlgCariGolongan$7
instanceKlass inventory/DlgCariKategori$12
instanceKlass inventory/DlgCariKategori$11
instanceKlass inventory/DlgCariKategori$9
instanceKlass inventory/DlgCariKategori$7
instanceKlass inventory/DlgCariJenis$12
instanceKlass inventory/DlgCariJenis$11
instanceKlass inventory/DlgCariJenis$9
instanceKlass inventory/DlgCariJenis$7
instanceKlass com/sun/javafx/application/PlatformImpl$$Lambda$881
instanceKlass javax/swing/text/JTextComponent$InputMethodRequestsHandler
instanceKlass sun/awt/geom/Edge
instanceKlass sun/awt/geom/ChainEnd
instanceKlass sun/awt/geom/CurveLink
instanceKlass sun/awt/geom/AreaOp$1
instanceKlass sun/awt/geom/AreaOp
instanceKlass sun/awt/geom/Curve
instanceKlass java/awt/geom/Area
instanceKlass javafx/embed/swing/JFXPanel$HostContainer$$Lambda$880
instanceKlass com/sun/prism/impl/BufferUtil$$Lambda$879
instanceKlass com/sun/prism/impl/BufferUtil
instanceKlass com/sun/prism/d3d/D3DContext$1
instanceKlass com/sun/prism/impl/BaseGraphicsResource
instanceKlass com/sun/prism/shader/Solid_TextureRGB_Loader
instanceKlass java/lang/invoke/LambdaForm$MH
instanceKlass java/lang/invoke/LambdaForm$MH
instanceKlass java/lang/invoke/LambdaForm$MH
instanceKlass java/lang/invoke/LambdaForm$MH
instanceKlass java/lang/invoke/LambdaForm$MH
instanceKlass com/sun/prism/d3d/D3DResourceFactory$$Lambda$878
instanceKlass com/sun/prism/impl/ps/BaseShaderContext$1
instanceKlass com/sun/prism/MultiTexture
instanceKlass com/sun/prism/PrinterGraphics
instanceKlass com/sun/webkit/graphics/WCStroke
instanceKlass com/sun/javafx/webkit/prism/WCGraphicsPrismContext$ContextState
instanceKlass com/sun/javafx/webkit/prism/WCGraphicsPrismContext$$Lambda$877
instanceKlass com/sun/webkit/graphics/WCGradient
instanceKlass com/sun/javafx/webkit/prism/WCGraphicsPrismContext$Layer
instanceKlass com/sun/javafx/geom/transform/Affine3D$1
instanceKlass com/sun/prism/impl/ps/BaseShaderGraphics$$Lambda$876
instanceKlass com/sun/prism/impl/Disposer$Target
instanceKlass com/sun/prism/impl/Disposer
instanceKlass com/sun/prism/impl/PrismTrace
instanceKlass com/sun/prism/d3d/D3DResource$D3DRecord
instanceKlass com/sun/prism/impl/Disposer$Record
instanceKlass com/sun/prism/impl/BaseTexture
instanceKlass com/sun/prism/d3d/D3DContextSource
instanceKlass com/sun/prism/ReadbackRenderTarget
instanceKlass com/sun/prism/d3d/D3DRenderTarget
instanceKlass com/sun/prism/impl/BaseResourcePool$WeakLinkedList
instanceKlass com/sun/prism/impl/BaseResourcePool$$Lambda$875
instanceKlass com/sun/prism/impl/BaseResourcePool$$Lambda$874
instanceKlass com/sun/prism/impl/BaseResourcePool$$Lambda$873
instanceKlass com/sun/prism/impl/BaseResourcePool$$Lambda$872
instanceKlass com/sun/prism/impl/BaseResourcePool$$Lambda$871
instanceKlass com/sun/prism/impl/BaseResourcePool$$Lambda$870
instanceKlass java/lang/invoke/LambdaForm$DMH
instanceKlass com/sun/prism/impl/ManagedResource
instanceKlass com/sun/prism/impl/BaseResourcePool$Predicate
instanceKlass com/sun/prism/impl/BaseResourcePool
instanceKlass com/sun/webkit/WebPage$$Lambda$869
instanceKlass javafx/embed/swing/JFXPanel$HostContainer$$Lambda$868
instanceKlass com/sun/javafx/embed/swing/SwingCursors$1
instanceKlass com/sun/javafx/embed/swing/SwingCursors
instanceKlass com/sun/javafx/cursor/CursorFrame
instanceKlass com/sun/javafx/geom/Path2D$SVGParser
instanceKlass com/sun/javafx/geom/PathIterator
instanceKlass com/sun/javafx/sg/prism/EffectFilter
instanceKlass com/sun/scenario/effect/GaussianShadow$1
instanceKlass com/sun/javafx/tk/Toolkit$1
instanceKlass com/sun/scenario/effect/impl/state/LinearConvolveRenderState
instanceKlass com/sun/scenario/effect/Color4f
instanceKlass com/sun/scenario/effect/impl/state/LinearConvolveKernel
instanceKlass com/sun/scenario/effect/impl/state/RenderState
instanceKlass java/lang/invoke/LambdaForm$MH
instanceKlass java/lang/invoke/LambdaForm$DMH
instanceKlass java/lang/invoke/LambdaForm$MH
instanceKlass java/lang/invoke/LambdaForm$DMH
instanceKlass java/lang/invoke/LambdaForm$MH
instanceKlass java/lang/invoke/LambdaForm$BMH
instanceKlass java/lang/invoke/LambdaForm$DMH
instanceKlass java/lang/invoke/LambdaForm$MH
instanceKlass java/lang/invoke/LambdaForm$MH
instanceKlass java/lang/invoke/LambdaForm$MH
instanceKlass java/lang/invoke/LambdaForm$MH
instanceKlass java/lang/invoke/LambdaForm$MH
instanceKlass java/lang/invoke/LambdaForm$MH
instanceKlass java/lang/invoke/LambdaForm$MH
instanceKlass java/lang/invoke/LambdaForm$MH
instanceKlass java/lang/invoke/LambdaForm$MH
instanceKlass java/lang/invoke/LambdaForm$MH
instanceKlass java/lang/invoke/LambdaForm$MH
instanceKlass java/lang/invoke/LambdaForm$MH
instanceKlass java/lang/invoke/LambdaForm$MH
instanceKlass com/sun/javafx/collections/VetoableListDecorator$ModCountAccessorImpl
instanceKlass com/sun/javafx/collections/VetoableListDecorator$VetoableIteratorDecorator
instanceKlass com/sun/scenario/effect/impl/state/AccessHelper
instanceKlass com/sun/scenario/effect/Effect$$Lambda$867
instanceKlass com/sun/scenario/effect/impl/state/AccessHelper$StateAccessor
instanceKlass javafx/scene/effect/Effect$2
instanceKlass com/sun/javafx/scene/traversal/TabOrderHelper
instanceKlass javafx/scene/web/WebEngine$PulseTimer$$Lambda$866
instanceKlass com/sun/javafx/tk/Toolkit$$Lambda$865
instanceKlass java/lang/invoke/LambdaForm$MH
instanceKlass javafx/animation/AnimationTimer$AnimationTimerReceiver$$Lambda$864
instanceKlass com/sun/scenario/animation/AnimationPulse$PulseData$$Lambda$863
instanceKlass com/sun/scenario/animation/AnimationPulse$PulseData$$Lambda$862
instanceKlass com/sun/scenario/animation/AnimationPulse$PulseData$$Lambda$861
instanceKlass com/sun/scenario/animation/AnimationPulse$PulseData$$Lambda$860
instanceKlass com/sun/scenario/animation/AnimationPulse$PulseData$$Lambda$859
instanceKlass com/sun/scenario/animation/AnimationPulse$PulseData$$Lambda$858
instanceKlass com/sun/scenario/animation/AnimationPulse$PulseData$$Lambda$857
instanceKlass com/sun/scenario/animation/AnimationPulse$PulseData$$Lambda$856
instanceKlass java/lang/invoke/LambdaForm$DMH
instanceKlass java/lang/invoke/LambdaForm$DMH
instanceKlass com/sun/scenario/animation/AnimationPulse$PulseData
instanceKlass com/sun/scenario/animation/AnimationPulse$PulseData$Accessor
instanceKlass com/sun/scenario/animation/AnimationPulse$AnimationPulseHolder
instanceKlass com/sun/scenario/animation/AnimationPulse
instanceKlass com/sun/scenario/animation/AnimationPulseMBean
instanceKlass jdk/jfr/FlightRecorder
instanceKlass com/sun/javafx/logging/PulseLogger$$Lambda$855
instanceKlass com/sun/javafx/logging/PrintLogger$PulseData
instanceKlass com/sun/javafx/logging/PrintLogger$$Lambda$854
instanceKlass com/sun/javafx/logging/PrintLogger$$Lambda$853
instanceKlass com/sun/javafx/logging/Logger
instanceKlass com/sun/javafx/logging/PulseLogger
instanceKlass com/sun/javafx/tk/quantum/EmbeddedScene$$Lambda$852
instanceKlass javafx/embed/swing/JFXPanel$HostContainer$$Lambda$851
instanceKlass bridging/INACBGHybrid$3$$Lambda$850
instanceKlass bridging/INACBGHybrid$3$$Lambda$849
instanceKlass java/lang/invoke/LambdaForm$MH
instanceKlass java/lang/invoke/LambdaForm$DMH
instanceKlass java/lang/invoke/LambdaForm$MH
instanceKlass java/lang/invoke/LambdaForm$DMH
instanceKlass java/lang/invoke/LambdaForm$MH
instanceKlass java/lang/invoke/LambdaForm$MH
instanceKlass java/lang/invoke/LambdaForm$MH
instanceKlass java/lang/invoke/LambdaForm$MH
instanceKlass java/lang/invoke/LambdaForm$MH
instanceKlass java/lang/invoke/LambdaForm$MH
instanceKlass java/lang/invoke/LambdaForm$MH
instanceKlass java/lang/invoke/LambdaForm$MH
instanceKlass java/lang/invoke/LambdaForm$MH
instanceKlass java/lang/invoke/LambdaForm$BMH
instanceKlass java/lang/invoke/LambdaForm$DMH
instanceKlass java/lang/invoke/LambdaForm$MH
instanceKlass java/lang/invoke/LambdaForm$DMH
instanceKlass com/sun/webkit/Disposer$DisposerRunnable
instanceKlass java/lang/invoke/LambdaForm$MH
instanceKlass java/lang/invoke/LambdaForm$DMH
instanceKlass java/lang/invoke/LambdaForm$MH
instanceKlass java/lang/invoke/LambdaForm$MH
instanceKlass java/lang/invoke/LambdaForm$MH
instanceKlass java/lang/invoke/LambdaForm$MH
instanceKlass java/lang/invoke/LambdaForm$MH
instanceKlass java/lang/invoke/LambdaForm$MH
instanceKlass java/lang/invoke/LambdaForm$MH
instanceKlass java/lang/invoke/LambdaForm$MH
instanceKlass java/lang/invoke/LambdaForm$MH
instanceKlass java/lang/invoke/LambdaForm$MH
instanceKlass java/lang/invoke/LambdaForm$MH
instanceKlass java/lang/invoke/StringConcatFactory$Stringifiers$FloatStringifiers
instanceKlass bridging/INACBGHybrid$3$$Lambda$848
instanceKlass com/sun/javafx/webkit/UIClientImpl$$Lambda$847
instanceKlass java/lang/invoke/LambdaForm$MH
instanceKlass java/lang/invoke/LambdaForm$MH
instanceKlass java/lang/invoke/LambdaForm$MH
instanceKlass java/lang/invoke/LambdaForm$MH
instanceKlass java/lang/invoke/LambdaForm$MH
instanceKlass java/lang/invoke/LambdaForm$MH
instanceKlass javafx/scene/web/DirectoryLock$Descriptor
instanceKlass sun/nio/ch/FileKey
instanceKlass sun/nio/ch/FileLockTable
instanceKlass java/nio/channels/FileLock
instanceKlass java/nio/file/attribute/PosixFilePermissions$1
instanceKlass java/util/RegularEnumSet$EnumSetIterator
instanceKlass java/nio/file/attribute/PosixFilePermissions
instanceKlass javafx/scene/web/DirectoryLock
instanceKlass java/util/Formattable
instanceKlass java/util/Formatter$Conversion
instanceKlass java/util/Formatter$Flags
instanceKlass java/util/Formatter$FormatSpecifier
instanceKlass java/util/Formatter$FixedString
instanceKlass java/util/Formatter$FormatString
instanceKlass java/util/regex/Pattern$$Lambda$846
instanceKlass java/util/regex/CharPredicates$$Lambda$845
instanceKlass java/util/Formatter
instanceKlass java/lang/invoke/LambdaForm$MH
instanceKlass java/lang/invoke/LambdaForm$MH
instanceKlass java/lang/invoke/LambdaForm$MH
instanceKlass java/lang/invoke/LambdaForm$MH
instanceKlass java/lang/invoke/LambdaForm$MH
instanceKlass java/lang/invoke/LambdaForm$MH
instanceKlass java/lang/invoke/LambdaForm$MH
instanceKlass java/lang/invoke/LambdaForm$MH
instanceKlass java/lang/invoke/LambdaForm$MH
instanceKlass java/lang/invoke/LambdaForm$MH
instanceKlass java/lang/invoke/LambdaForm$MH
instanceKlass java/lang/invoke/LambdaForm$MH
instanceKlass com/sun/glass/ui/win/WinApplication$$Lambda$844
instanceKlass com/sun/javafx/tk/Toolkit$$Lambda$843
instanceKlass com/sun/javafx/tk/quantum/EmbeddedStage$$Lambda$842
instanceKlass com/sun/javafx/tk/quantum/EmbeddedStage$$Lambda$841
instanceKlass javafx/embed/swing/JFXPanel$HostContainer$$Lambda$840
instanceKlass java/lang/invoke/LambdaForm$MH
instanceKlass java/lang/invoke/LambdaForm$DMH
instanceKlass java/lang/invoke/LambdaForm$DMH
instanceKlass javafx/embed/swing/JFXPanel$HostContainer$$Lambda$839
instanceKlass java/lang/invoke/LambdaForm$DMH
instanceKlass com/sun/javafx/util/TempState
instanceKlass javafx/scene/Parent$5
instanceKlass javafx/scene/shape/SVGPath$1
instanceKlass com/sun/javafx/scene/shape/SVGPathHelper$SVGPathAccessor
instanceKlass com/sun/scenario/effect/EffectHelper
instanceKlass javafx/scene/effect/Effect$1
instanceKlass com/sun/scenario/effect/EffectHelper$EffectAccessor
instanceKlass com/sun/javafx/css/BitSet$1
instanceKlass javafx/collections/SetChangeListener
instanceKlass javafx/scene/control/SkinBase$StyleableProperties
instanceKlass com/sun/javafx/scene/control/Logging
instanceKlass javafx/scene/control/skin/ScrollBarSkin$$Lambda$838
instanceKlass javafx/scene/control/skin/ScrollBarSkin$$Lambda$837
instanceKlass com/sun/javafx/scene/control/LambdaMultiplePropertyChangeListenerHandler$$Lambda$836
instanceKlass java/lang/invoke/LambdaForm$DMH
instanceKlass javafx/beans/value/WeakChangeListener
instanceKlass com/sun/javafx/scene/control/LambdaMultiplePropertyChangeListenerHandler$$Lambda$835
instanceKlass com/sun/javafx/scene/control/LambdaMultiplePropertyChangeListenerHandler$$Lambda$834
instanceKlass com/sun/javafx/scene/control/LambdaMultiplePropertyChangeListenerHandler
instanceKlass javafx/scene/control/skin/ScrollBarSkin$$Lambda$833
instanceKlass javafx/scene/layout/StackPane$StyleableProperties
instanceKlass com/sun/javafx/binding/ExpressionHelperBase$$Lambda$832
instanceKlass javafx/scene/control/skin/ScrollBarSkin$$Lambda$831
instanceKlass javafx/scene/control/skin/ScrollBarSkin$$Lambda$830
instanceKlass javafx/scene/control/skin/ScrollBarSkin$$Lambda$829
instanceKlass javafx/scene/control/skin/ScrollBarSkin$$Lambda$828
instanceKlass javafx/scene/control/skin/ScrollBarSkin$$Lambda$827
instanceKlass javafx/scene/control/skin/ScrollBarSkin$$Lambda$826
instanceKlass javafx/scene/control/skin/ScrollBarSkin$$Lambda$825
instanceKlass javafx/scene/control/skin/ScrollBarSkin$$Lambda$824
instanceKlass javafx/scene/control/skin/ScrollBarSkin$$Lambda$823
instanceKlass javafx/scene/control/skin/ScrollBarSkin$$Lambda$822
instanceKlass javafx/scene/control/skin/ScrollBarSkin$$Lambda$821
instanceKlass com/sun/javafx/scene/control/Properties
instanceKlass javafx/scene/layout/StackPane$$Lambda$820
instanceKlass javafx/scene/layout/Pane$1
instanceKlass com/sun/javafx/scene/layout/PaneHelper$PaneAccessor
instanceKlass com/sun/javafx/scene/control/behavior/ScrollBarBehavior$$Lambda$819
instanceKlass com/sun/javafx/scene/control/behavior/ScrollBarBehavior$$Lambda$818
instanceKlass com/sun/javafx/scene/control/behavior/ScrollBarBehavior$$Lambda$817
instanceKlass com/sun/javafx/scene/control/behavior/ScrollBarBehavior$$Lambda$816
instanceKlass com/sun/javafx/embed/swing/SwingDnD$$Lambda$815
instanceKlass com/sun/javafx/scene/control/behavior/ScrollBarBehavior$$Lambda$814
instanceKlass com/sun/javafx/embed/HostDragStartListener
instanceKlass com/sun/javafx/scene/control/behavior/BehaviorBase$$Lambda$813
instanceKlass com/sun/javafx/scene/control/inputmap/InputMap$$Lambda$812
instanceKlass java/awt/dnd/DropTargetAdapter
instanceKlass java/util/AbstractList$RandomAccessSpliterator
instanceKlass java/awt/dnd/DragSourceAdapter
instanceKlass java/awt/dnd/DragSourceMotionListener
instanceKlass com/sun/javafx/scene/control/behavior/ScrollBarBehavior$$Lambda$811
instanceKlass com/sun/javafx/scene/control/behavior/ScrollBarBehavior$$Lambda$810
instanceKlass com/sun/javafx/scene/control/behavior/ScrollBarBehavior$$Lambda$809
instanceKlass com/sun/javafx/scene/control/behavior/ScrollBarBehavior$$Lambda$808
instanceKlass java/lang/invoke/LambdaForm$DMH
instanceKlass com/sun/javafx/scene/control/behavior/ScrollBarBehavior$$Lambda$807
instanceKlass java/util/function/Predicate
instanceKlass com/sun/javafx/scene/control/inputmap/InputMap$$Lambda$806
instanceKlass com/sun/javafx/scene/control/inputmap/InputMap$$Lambda$805
instanceKlass com/sun/javafx/scene/control/inputmap/InputMap$$Lambda$804
instanceKlass com/sun/javafx/scene/control/behavior/ScrollBarBehavior$$Lambda$803
instanceKlass com/sun/javafx/scene/control/inputmap/KeyBinding
instanceKlass com/sun/javafx/scene/control/behavior/ScrollBarBehavior$$Lambda$802
instanceKlass com/sun/javafx/scene/control/inputmap/InputMap$Mapping
instanceKlass com/sun/javafx/scene/control/inputmap/InputMap$$Lambda$801
instanceKlass com/sun/javafx/scene/control/inputmap/InputMap$$Lambda$800
instanceKlass com/sun/javafx/scene/control/inputmap/InputMap
instanceKlass com/sun/javafx/scene/control/behavior/BehaviorBase
instanceKlass javafx/scene/control/SkinBase$$Lambda$799
instanceKlass javafx/scene/control/SkinBase
instanceKlass java/awt/image/PixelGrabber
instanceKlass javafx/scene/layout/BackgroundFill
instanceKlass java/awt/Cursor$$Lambda$798
instanceKlass javafx/scene/paint/Stop
instanceKlass java/lang/invoke/LambdaForm$DMH
instanceKlass java/awt/Cursor$$Lambda$797
instanceKlass com/sun/javafx/css/StyleCacheEntry
instanceKlass java/awt/dnd/DragSource
instanceKlass javafx/css/Style
instanceKlass javafx/css/Match
instanceKlass com/sun/javafx/embed/swing/SwingDnD$DnDTransferable
instanceKlass com/sun/javafx/css/CalculatedValue
instanceKlass com/sun/javafx/css/StyleCacheEntry$Key
instanceKlass java/awt/dnd/DragGestureRecognizer
instanceKlass com/sun/javafx/css/StyleCache
instanceKlass java/awt/dnd/DragSourceListener
instanceKlass com/sun/javafx/embed/swing/SwingDnD
instanceKlass javafx/scene/Node$20
instanceKlass javafx/embed/swing/JFXPanel$HostContainer$$Lambda$796
instanceKlass javafx/scene/Scene$InputMethodRequestsDelegate
instanceKlass javafx/scene/Scene$DropTargetListener
instanceKlass com/sun/javafx/scene/transform/TransformUtils
instanceKlass javafx/scene/Node$NodeTransformation
instanceKlass javafx/scene/Camera$$Lambda$795
instanceKlass javafx/scene/ParallelCamera$1
instanceKlass javafx/scene/Camera$1
instanceKlass com/sun/javafx/scene/ParallelCameraHelper$ParallelCameraAccessor
instanceKlass com/sun/javafx/scene/CameraHelper$CameraAccessor
instanceKlass com/sun/javafx/geom/Point2D
instanceKlass com/sun/scenario/effect/Effect
instanceKlass javafx/scene/Scene$ScenePeerPaintListener
instanceKlass javafx/scene/Scene$ScenePeerListener
instanceKlass com/sun/javafx/tk/quantum/GlassScene$$Lambda$794
instanceKlass com/sun/prism/impl/QueuedPixelSource
instanceKlass com/sun/javafx/geom/DirtyRegionContainer
instanceKlass com/sun/javafx/geom/DirtyRegionPool
instanceKlass com/sun/javafx/geom/Rectangle
instanceKlass com/sun/javafx/sg/prism/NodePath
instanceKlass com/sun/prism/PixelSource
instanceKlass com/sun/prism/paint/Paint
instanceKlass com/sun/javafx/tk/quantum/ViewPainter
instanceKlass com/sun/javafx/tk/quantum/GlassSceneDnDEventHandler
instanceKlass com/sun/javafx/embed/EmbeddedSceneDSInterface
instanceKlass com/sun/javafx/embed/EmbeddedSceneDTInterface
instanceKlass com/sun/javafx/tk/quantum/EmbeddedSceneDnD
instanceKlass javafx/scene/image/PixelFormat
instanceKlass com/sun/prism/PresentableState
instanceKlass com/sun/glass/ui/ClipboardAssistance
instanceKlass com/sun/javafx/embed/EmbeddedSceneInterface
instanceKlass com/sun/javafx/stage/WindowPeerListener
instanceKlass com/sun/javafx/tk/quantum/GlassStage$$Lambda$793
instanceKlass com/sun/javafx/tk/quantum/GlassStage$$Lambda$792
instanceKlass com/sun/javafx/tk/quantum/GlassStage$$Lambda$791
instanceKlass javafx/scene/input/KeyCombination$Modifier
instanceKlass com/sun/javafx/tk/quantum/GlassStage
instanceKlass com/sun/javafx/embed/EmbeddedStageInterface
instanceKlass com/sun/javafx/event/EventUtil
instanceKlass javafx/scene/Scene$KeyHandler$$Lambda$790
instanceKlass javafx/scene/Scene$KeyHandler
instanceKlass com/sun/javafx/event/EventDispatchChainImpl
instanceKlass com/sun/javafx/tk/TKStageListener
instanceKlass javafx/stage/Window$TKBoundsConfigurator
instanceKlass com/sun/javafx/stage/EmbeddedWindow$1
instanceKlass com/sun/javafx/stage/WindowHelper
instanceKlass javafx/stage/Window$1
instanceKlass com/sun/javafx/stage/EmbeddedWindowHelper$EmbeddedWindowAccessor
instanceKlass com/sun/javafx/stage/WindowHelper$WindowAccessor
instanceKlass javafx/scene/web/WebView$StyleableProperties
instanceKlass javafx/css/converter/CursorConverter$Holder
instanceKlass javafx/scene/Node$StyleableProperties
instanceKlass javafx/scene/layout/BorderWidths
instanceKlass com/sun/javafx/scene/layout/region/BorderImageSlices
instanceKlass javafx/scene/layout/Border
instanceKlass javafx/scene/layout/BackgroundSize
instanceKlass javafx/scene/layout/BackgroundPosition
instanceKlass com/sun/javafx/scene/layout/region/RepeatStruct
instanceKlass javafx/scene/layout/CornerRadii
instanceKlass javafx/scene/layout/Background
instanceKlass javafx/scene/layout/Region$StyleableProperties
instanceKlass javafx/scene/control/Control$StyleableProperties
instanceKlass javafx/scene/control/ScrollBar$StyleableProperties
instanceKlass com/sun/javafx/css/StyleCache$Key
instanceKlass javafx/scene/CssStyleHelper$CacheContainer
instanceKlass com/sun/javafx/css/StyleMap$$Lambda$789
instanceKlass com/sun/javafx/css/CascadingStyle
instanceKlass com/sun/javafx/css/StyleMap
instanceKlass com/sun/javafx/css/StyleManager$Cache$Key
instanceKlass com/sun/javafx/css/StyleManager$Cache
instanceKlass com/sun/javafx/css/StyleManager$Key
instanceKlass java/lang/ClassLoader$$Lambda$788
instanceKlass com/sun/javafx/css/StyleManager$$Lambda$787
instanceKlass com/sun/javafx/css/StyleManager$CacheContainer
instanceKlass javafx/css/converter/FontConverter$FontStyleConverter$Holder
instanceKlass javafx/css/converter/FontConverter$Holder
instanceKlass com/sun/javafx/scene/text/FontHelper
instanceKlass javafx/scene/text/Font$1
instanceKlass com/sun/javafx/scene/text/FontHelper$FontAccessor
instanceKlass com/sun/javafx/util/Logging
instanceKlass javafx/css/CssMetaData
instanceKlass javafx/scene/CssStyleHelper
instanceKlass javafx/scene/Scene$ClickCounter
instanceKlass javafx/scene/Scene$ClickGenerator
instanceKlass javafx/scene/Scene$MouseHandler$1
instanceKlass com/sun/javafx/event/EventQueue
instanceKlass javafx/scene/Scene$MouseHandler
instanceKlass com/sun/javafx/scene/traversal/TraversalEngine$BaseEngineContext
instanceKlass com/sun/javafx/scene/traversal/ContainerTabOrder
instanceKlass com/sun/javafx/scene/traversal/Algorithm
instanceKlass com/sun/javafx/scene/traversal/TraversalContext
instanceKlass javafx/scene/Scene$TouchMap
instanceKlass javafx/scene/Scene$TouchGesture
instanceKlass javafx/scene/Scene$TargetWrapper
instanceKlass javafx/scene/Scene$ScenePulseListener
instanceKlass javafx/scene/SceneAntialiasing
instanceKlass javafx/scene/Scene$$Lambda$786
instanceKlass com/sun/javafx/scene/SceneHelper
instanceKlass javafx/scene/Scene$2
instanceKlass com/sun/javafx/tk/TKDropTargetListener
instanceKlass com/sun/javafx/tk/TKScenePaintListener
instanceKlass com/sun/javafx/tk/TKSceneListener
instanceKlass com/sun/javafx/scene/SceneHelper$SceneAccessor
instanceKlass com/sun/javafx/perf/PerformanceTracker$SceneAccessor
instanceKlass com/sun/javafx/scene/traversal/TraversalEngine
instanceKlass bridging/INACBGHybrid$3$2
instanceKlass bridging/INACBGHybrid$3$$Lambda$785
instanceKlass bridging/INACBGHybrid$3$$Lambda$784
instanceKlass bridging/INACBGHybrid$3$$Lambda$783
instanceKlass bridging/INACBGHybrid$3$$Lambda$782
instanceKlass bridging/INACBGHybrid$3$$Lambda$781
instanceKlass sun/invoke/util/VerifyAccess$1
instanceKlass bridging/INACBGHybrid$3$1
instanceKlass javafx/scene/web/WebView$$Lambda$780
instanceKlass javafx/scene/web/WebView$$Lambda$779
instanceKlass javafx/scene/Node$MiscProperties
instanceKlass com/sun/javafx/webkit/InputMethodClientImpl
instanceKlass com/sun/javafx/scene/input/ExtendedInputMethodRequests
instanceKlass com/sun/webkit/InputMethodClient
instanceKlass javafx/scene/web/WebView$$Lambda$778
instanceKlass javafx/scene/web/WebView$$Lambda$777
instanceKlass javafx/scene/web/WebView$$Lambda$776
instanceKlass com/sun/javafx/scene/EventHandlerProperties
instanceKlass javafx/scene/web/WebView$$Lambda$775
instanceKlass javafx/scene/web/WebView$$Lambda$774
instanceKlass javafx/scene/web/WebView$$Lambda$773
instanceKlass javafx/scene/web/WebView$$Lambda$772
instanceKlass javafx/event/WeakEventHandler
instanceKlass com/sun/javafx/event/CompositeEventHandler$EventProcessorRecord
instanceKlass com/sun/javafx/event/CompositeEventHandler
instanceKlass com/sun/javafx/event/BasicEventDispatcher
instanceKlass javafx/geometry/Insets
instanceKlass javafx/scene/layout/Region$$Lambda$771
instanceKlass com/sun/javafx/webkit/theme/ScrollBarWidget$1
instanceKlass javafx/scene/control/Control$$Lambda$770
instanceKlass java/lang/invoke/LambdaForm$DMH
instanceKlass com/sun/javafx/css/StyleManager$RefList
instanceKlass javafx/css/converter/FontConverter$FontWeightConverter$Holder
instanceKlass javafx/css/converter/StringConverter$Holder
instanceKlass javafx/css/converter/FontConverter$FontSizeConverter$Holder
instanceKlass javafx/css/converter/EffectConverter$Holder
instanceKlass javafx/scene/effect/Effect
instanceKlass com/sun/javafx/scene/layout/region/Margins
instanceKlass com/sun/javafx/scene/layout/region/Margins$Holder
instanceKlass javafx/css/converter/BooleanConverter$Holder
instanceKlass javafx/css/converter/SizeConverter$Holder
instanceKlass javafx/css/converter/InsetsConverter$Holder
instanceKlass com/sun/javafx/css/SelectorPartitioning$Slot
instanceKlass com/sun/javafx/css/SelectorPartitioning$Partition
instanceKlass javafx/css/converter/PaintConverter$Holder
instanceKlass javafx/css/converter/StopConverter$Holder
instanceKlass javafx/css/converter/LadderConverter$Holder
instanceKlass javafx/css/converter/DeriveColorConverter$Holder
instanceKlass javafx/css/converter/URLConverter$Holder
instanceKlass javafx/css/StyleConverter
instanceKlass javafx/css/Size
instanceKlass javafx/css/ParsedValue
instanceKlass javafx/css/Declaration
instanceKlass javafx/css/Rule$Observables
instanceKlass com/sun/javafx/css/SelectorPartitioning$$Lambda$769
instanceKlass com/sun/javafx/css/SelectorPartitioning$PartitionKey
instanceKlass com/sun/javafx/css/SelectorPartitioning
instanceKlass com/sun/javafx/css/StyleManager$StylesheetContainer
instanceKlass javafx/collections/ModifiableObservableListBase$SubObservableList
instanceKlass javafx/css/StyleClass
instanceKlass javafx/css/Selector
instanceKlass javafx/css/Rule
instanceKlass javafx/css/StyleConverter$StringStore
instanceKlass jdk/internal/jimage/ImageBufferCache$2
instanceKlass jdk/internal/jimage/ImageBufferCache
instanceKlass sun/net/www/protocol/jrt/JavaRuntimeURLConnection$$Lambda$768
instanceKlass javafx/css/Stylesheet
instanceKlass javafx/geometry/Point2D
instanceKlass javafx/scene/text/Font
instanceKlass com/sun/javafx/scene/text/TextLine
instanceKlass com/sun/javafx/scene/text/GlyphList
instanceKlass com/sun/javafx/text/PrismTextLayout
instanceKlass com/sun/javafx/scene/text/TextLayout
instanceKlass com/sun/javafx/text/PrismTextLayoutFactory
instanceKlass javafx/scene/text/Text$$Lambda$767
instanceKlass javafx/scene/text/Text$$Lambda$766
instanceKlass javafx/beans/WeakInvalidationListener
instanceKlass javafx/scene/paint/Paint$1
instanceKlass com/sun/javafx/tk/Toolkit$PaintAccessor
instanceKlass javafx/scene/text/Text$1
instanceKlass javafx/scene/shape/Shape$1
instanceKlass com/sun/javafx/scene/text/TextSpan
instanceKlass com/sun/javafx/scene/shape/TextHelper$TextAccessor
instanceKlass com/sun/javafx/scene/shape/ShapeHelper$ShapeAccessor
instanceKlass com/sun/javafx/beans/event/AbstractNotifyListener
instanceKlass com/sun/javafx/scene/control/skin/Utils
instanceKlass com/sun/javafx/css/StyleManager$$Lambda$765
instanceKlass com/sun/javafx/css/StyleManager$ImageCache
instanceKlass com/sun/javafx/css/StyleManager$InstanceHolder
instanceKlass com/sun/javafx/css/StyleManager
instanceKlass com/sun/javafx/application/PlatformImpl$$Lambda$764
instanceKlass com/sun/javafx/application/PlatformImpl$$Lambda$763
instanceKlass com/sun/javafx/tk/quantum/QuantumToolkit$6
instanceKlass com/sun/javafx/application/PlatformImpl$2
instanceKlass com/sun/javafx/application/PlatformImpl$$Lambda$762
instanceKlass javafx/application/Application
instanceKlass javafx/scene/control/Control$1
instanceKlass com/sun/javafx/geom/Vec2d
instanceKlass javafx/scene/layout/Region$1
instanceKlass com/sun/javafx/webkit/theme/ScrollBarWidgetHelper$ScrollBarWidgetAccessor
instanceKlass javafx/scene/control/Skin
instanceKlass com/sun/javafx/scene/control/ControlHelper$ControlAccessor
instanceKlass com/sun/javafx/scene/layout/RegionHelper$RegionAccessor
instanceKlass com/sun/javafx/webkit/theme/RenderThemeImpl$ViewListener$1
instanceKlass javafx/scene/web/WebEngine$PulseTimer$$Lambda$761
instanceKlass com/sun/javafx/tk/TKPulseListener
instanceKlass javafx/animation/AnimationTimer$AnimationTimerReceiver
instanceKlass javafx/animation/AnimationTimer
instanceKlass javafx/scene/web/WebEngine$PulseTimer
instanceKlass javafx/scene/web/WebEngine$SelfDisposer
instanceKlass javafx/scene/web/WebHistory$$Lambda$760
instanceKlass com/sun/webkit/event/WCChangeListener
instanceKlass com/sun/webkit/event/WCChangeEvent
instanceKlass com/sun/webkit/BackForwardList$1
instanceKlass com/sun/webkit/BackForwardList
instanceKlass javafx/beans/value/ObservableIntegerValue
instanceKlass javafx/beans/value/WritableIntegerValue
instanceKlass javafx/scene/web/WebHistory
instanceKlass javafx/scene/web/WebEngine$PageLoadListener
instanceKlass com/sun/webkit/Disposer$$Lambda$759
instanceKlass com/sun/webkit/Disposer
instanceKlass com/sun/webkit/WebPage$$Lambda$758
instanceKlass com/sun/javafx/font/directwrite/DWRITE_GLYPH_METRICS
instanceKlass com/sun/javafx/font/directwrite/DWRITE_GLYPH_RUN
instanceKlass com/sun/javafx/font/directwrite/RECT
instanceKlass com/sun/javafx/font/directwrite/D2D1_MATRIX_3X2_F
instanceKlass com/sun/javafx/font/directwrite/D2D1_COLOR_F
instanceKlass com/sun/javafx/font/directwrite/DWGlyph
instanceKlass com/sun/javafx/font/CMap
instanceKlass com/sun/javafx/font/Glyph
instanceKlass com/sun/javafx/font/PrismMetrics
instanceKlass com/sun/javafx/font/WindowsFontMap$FamilyDescription
instanceKlass com/sun/javafx/font/WindowsFontMap
instanceKlass com/sun/javafx/font/Disposer$1
instanceKlass com/sun/javafx/font/Disposer
instanceKlass com/sun/javafx/font/CompositeStrikeDisposer
instanceKlass com/sun/javafx/font/Metrics
instanceKlass com/sun/javafx/font/CompositeStrike
instanceKlass com/sun/javafx/font/FontStrikeDesc
instanceKlass com/sun/javafx/font/PrismFont
instanceKlass com/sun/javafx/font/PrismFontFactory$TTFilter
instanceKlass com/sun/javafx/font/PrismFontFactory$$Lambda$757
instanceKlass com/sun/javafx/font/PrismCompositeFontResource
instanceKlass com/sun/javafx/font/PrismFontFile$DirectoryEntry
instanceKlass com/sun/javafx/font/FontFileReader$Buffer
instanceKlass com/sun/javafx/font/FontFileReader$$Lambda$756
instanceKlass com/sun/javafx/font/FontFileReader
instanceKlass com/sun/javafx/font/PrismFontStrike
instanceKlass com/sun/javafx/font/DisposerRecord
instanceKlass com/sun/javafx/font/CharToGlyphMapper
instanceKlass com/sun/javafx/font/FontStrike
instanceKlass com/sun/javafx/font/LogicalFont
instanceKlass com/sun/javafx/font/CompositeFontResource
instanceKlass com/sun/javafx/font/directwrite/IUnknown
instanceKlass com/sun/javafx/font/directwrite/OS$$Lambda$755
instanceKlass com/sun/javafx/font/directwrite/OS
instanceKlass com/sun/javafx/font/PrismFontFile
instanceKlass com/sun/javafx/font/FontConstants
instanceKlass com/sun/javafx/text/GlyphLayout
instanceKlass com/sun/javafx/font/PrismFontFactory$$Lambda$754
instanceKlass com/sun/javafx/font/FontResource
instanceKlass com/sun/javafx/font/PGFont
instanceKlass com/sun/javafx/font/PrismFontFactory
instanceKlass com/sun/webkit/graphics/WCPoint
instanceKlass com/sun/webkit/network/NetworkContext$$Lambda$753
instanceKlass com/sun/webkit/network/ByteBufferAllocator
instanceKlass com/sun/webkit/network/ByteBufferPool
instanceKlass com/sun/webkit/network/NetworkContext$URLLoaderThreadFactory
instanceKlass com/sun/webkit/network/NetworkContext
instanceKlass com/sun/webkit/Timer$$Lambda$752
instanceKlass com/sun/webkit/Timer
instanceKlass com/sun/javafx/webkit/theme/ScrollBarThemeImpl$$Lambda$751
instanceKlass com/sun/javafx/webkit/theme/RenderThemeImpl$ViewListener
instanceKlass com/sun/javafx/webkit/theme/RenderThemeImpl$$Lambda$750
instanceKlass com/sun/javafx/webkit/theme/RenderThemeImpl$Pool$Notifier
instanceKlass com/sun/javafx/webkit/theme/RenderThemeImpl$Pool
instanceKlass com/sun/webkit/graphics/WCRectangle
instanceKlass com/sun/webkit/WebPage$RenderFrame
instanceKlass javafx/scene/web/WebEngine$InspectorClientImpl
instanceKlass com/sun/javafx/util/WeakReferenceQueue$1
instanceKlass com/sun/javafx/util/WeakReferenceQueue
instanceKlass javafx/scene/input/DataFormat
instanceKlass com/sun/javafx/webkit/UIClientImpl$FileExtensionInfo
instanceKlass com/sun/javafx/webkit/UIClientImpl
instanceKlass com/sun/javafx/webkit/WebPageClientImpl$$Lambda$749
instanceKlass com/sun/javafx/webkit/WebPageClientImpl
instanceKlass com/sun/webkit/network/CookieStore
instanceKlass com/sun/webkit/WebPage$$Lambda$748
instanceKlass com/sun/webkit/WCWidget
instanceKlass java/net/CookieHandler
instanceKlass javafx/scene/web/WebEngine$$Lambda$747
instanceKlass javafx/scene/web/PopupFeatures
instanceKlass javafx/scene/web/WebEngine$DebuggerImpl
instanceKlass javafx/scene/web/WebEngine$LoadWorker
instanceKlass com/sun/webkit/ContextMenu
instanceKlass com/sun/webkit/Pasteboard
instanceKlass com/sun/webkit/PopupMenu
instanceKlass com/sun/javafx/webkit/theme/RenderThemeImpl$FormControl
instanceKlass com/sun/javafx/webkit/theme/RenderThemeImpl$Widget
instanceKlass java/util/concurrent/RunnableScheduledFuture
instanceKlass java/util/concurrent/ScheduledFuture
instanceKlass java/util/concurrent/ScheduledExecutorService
instanceKlass javafx/scene/Cursor
instanceKlass com/sun/media/jfxmedia/events/PlayerTimeListener
instanceKlass com/sun/media/jfxmedia/events/BufferListener
instanceKlass com/sun/media/jfxmedia/events/VideoTrackSizeListener
instanceKlass com/sun/media/jfxmedia/events/MediaErrorListener
instanceKlass com/sun/media/jfxmedia/events/PlayerStateListener
instanceKlass com/sun/webkit/graphics/WCImageDecoder
instanceKlass com/sun/webkit/graphics/WCGraphicsContext
instanceKlass com/sun/prism/ResourceFactoryListener
instanceKlass com/sun/webkit/graphics/WCFontCustomPlatformData
instanceKlass javafx/scene/control/Skinnable
instanceKlass com/sun/javafx/logging/PlatformLogger$1
instanceKlass com/sun/webkit/perf/PerfLogger$$Lambda$746
instanceKlass com/sun/webkit/perf/PerfLogger$$Lambda$745
instanceKlass java/lang/invoke/LambdaForm$DMH
instanceKlass com/sun/webkit/perf/PerfLogger
instanceKlass javafx/scene/web/WebEngine$$Lambda$744
instanceKlass com/sun/javafx/webkit/Accessor$PageAccessor
instanceKlass com/sun/webkit/WebPage
instanceKlass com/sun/javafx/scene/web/Debugger
instanceKlass javafx/concurrent/Worker
instanceKlass com/sun/webkit/Utilities
instanceKlass com/sun/webkit/graphics/Ref
instanceKlass com/sun/webkit/EventLoop
instanceKlass com/sun/webkit/CursorManager
instanceKlass com/sun/webkit/graphics/WCGraphicsManager
instanceKlass com/sun/javafx/webkit/theme/Renderer
instanceKlass com/sun/webkit/Invoker
instanceKlass com/sun/webkit/DisposerRecord
instanceKlass com/sun/webkit/LoadListenerClient
instanceKlass com/sun/webkit/WebPageClient
instanceKlass com/sun/webkit/UIClient
instanceKlass com/sun/webkit/InspectorClient
instanceKlass com/sun/webkit/ThemeClient
instanceKlass com/sun/javafx/webkit/Accessor
instanceKlass javafx/beans/binding/NumberBinding
instanceKlass com/sun/javafx/collections/VetoableListDecorator$$Lambda$743
instanceKlass com/sun/javafx/collections/VetoableListDecorator$ModCountAccessor
instanceKlass java/awt/Polygon$PolygonPathIterator
instanceKlass com/sun/javafx/collections/VetoableListDecorator
instanceKlass java/awt/Polygon
instanceKlass com/sun/javafx/collections/TrackableObservableList$$Lambda$742
instanceKlass sun/swing/ImageCache$Entry
instanceKlass sun/swing/ImageCache
instanceKlass sun/swing/CachedPainter
instanceKlass javafx/scene/Node$$Lambda$741
instanceKlass javafx/stage/Window
instanceKlass javafx/scene/Node$$Lambda$740
instanceKlass java/lang/invoke/LambdaForm$DMH
instanceKlass javafx/scene/Node$$Lambda$739
instanceKlass javafx/scene/Node$$Lambda$738
instanceKlass java/util/WeakHashMap$HashIterator
instanceKlass javafx/event/EventType
instanceKlass javafx/event/Event$$Lambda$737
instanceKlass javafx/event/EventDispatchChain
instanceKlass javafx/scene/web/WebView$11
instanceKlass javafx/scene/Parent$1
instanceKlass javafx/scene/PropertyHelper$$Lambda$736
instanceKlass javafx/scene/PropertyHelper
instanceKlass javafx/scene/input/InputMethodRequests
instanceKlass com/sun/java/scene/web/WebViewHelper$WebViewAccessor
instanceKlass bridging/INACBGHybrid$$Lambda$735
instanceKlass com/sun/javafx/scene/ParentHelper$ParentAccessor
instanceKlass javafx/beans/value/ChangeListener
instanceKlass bridging/INACBGHybrid$3
instanceKlass com/sun/javafx/application/PlatformImpl$$Lambda$734
instanceKlass javafx/embed/swing/JFXPanel$$Lambda$733
instanceKlass javafx/embed/swing/JFXPanel$$Lambda$732
instanceKlass javax/swing/Popup
instanceKlass javax/swing/PopupFactory$1
instanceKlass sun/swing/SwingAccessor$PopupFactoryAccessor
instanceKlass javax/swing/PopupFactory
instanceKlass javax/swing/plaf/basic/BasicToolTipUI$PropertyChangeHandler
instanceKlass org/jdesktop/animation/timing/Animator$1
instanceKlass sun/java2d/pipe/RegionSpanIterator
instanceKlass sun/java2d/pipe/ShapeSpanIterator
instanceKlass sun/java2d/pipe/SpanIterator
instanceKlass java/awt/LightweightDispatcher$2
instanceKlass sun/awt/SunToolkit$1
instanceKlass java/awt/KeyboardFocusManager$2
instanceKlass java/awt/Window$1DisposeAction
instanceKlass java/awt/geom/RoundRectIterator
instanceKlass javax/swing/JComponent$ActionStandin
instanceKlass sun/awt/ModalExclude
instanceKlass javax/swing/JComponent$IntVector
instanceKlass javax/swing/JComponent$KeyboardState
instanceKlass sun/awt/DebugSettings
instanceKlass jdk/swing/interop/SwingInterOpUtils
instanceKlass java/awt/LightweightDispatcher$1
instanceKlass java/awt/Container$MouseEventTargetFilter
instanceKlass java/awt/Container$EventTargetFilter
instanceKlass java/awt/Cursor$CursorDisposer
instanceKlass java/awt/event/MouseEvent$1
instanceKlass sun/awt/AWTAccessor$MouseEventAccessor
instanceKlass java/security/DomainCombiner
instanceKlass java/text/AttributedString$AttributedStringIterator
instanceKlass java/text/AttributedCharacterIterator
instanceKlass java/text/AttributedString
instanceKlass sun/awt/im/CompositionAreaHandler
instanceKlass java/awt/KeyboardFocusManager$3
instanceKlass javax/swing/RepaintManager$3
instanceKlass java/awt/KeyboardFocusManager$LightweightFocusRequest
instanceKlass java/awt/DefaultKeyboardFocusManager$TypeAheadMarker
instanceKlass java/awt/KeyboardFocusManager$HeavyweightFocusRequest
instanceKlass sun/awt/KeyboardFocusManagerPeerImpl$KfmAccessor
instanceKlass java/awt/image/ImageFilter
instanceKlass sun/awt/image/OffScreenImageSource
instanceKlass java/awt/image/FilteredImageSource
instanceKlass sun/java2d/loops/ProcessPath$Edge
instanceKlass sun/java2d/loops/ProcessPath$ActiveEdgeList
instanceKlass sun/java2d/loops/ProcessPath$Point
instanceKlass sun/java2d/loops/ProcessPath$FillData
instanceKlass sun/java2d/loops/ProcessPath$ProcessHandler
instanceKlass sun/java2d/loops/ProcessPath$1
instanceKlass sun/java2d/loops/ProcessPath$EndSubPathHandler
instanceKlass sun/java2d/loops/ProcessPath
instanceKlass java/awt/geom/RectIterator
instanceKlass sun/java2d/d3d/D3DPaints
instanceKlass java/lang/FdLibm
instanceKlass java/lang/FdLibm$Cbrt
instanceKlass sun/java2d/marlin/DHelpers
instanceKlass java/awt/geom/Path2D$Iterator
instanceKlass sun/java2d/cmm/CMSManager
instanceKlass java/io/RandomAccessFile$1
instanceKlass sun/font/SunFontManager$4
instanceKlass sun/java2d/loops/FontInfo
instanceKlass java/awt/PrintGraphics
instanceKlass java/awt/print/PrinterGraphics
instanceKlass sun/swing/MenuItemLayoutHelper$ColumnAlignment
instanceKlass sun/swing/MenuItemLayoutHelper$LayoutResult
instanceKlass sun/swing/MenuItemLayoutHelper$RectSize
instanceKlass sun/java2d/marlin/ArrayCacheConst
instanceKlass sun/java2d/marlin/DDasher$LengthIterator
instanceKlass sun/java2d/marlin/DDasher
instanceKlass sun/java2d/marlin/DStroker
instanceKlass sun/java2d/marlin/Renderer
instanceKlass sun/awt/geom/PathConsumer2D
instanceKlass sun/java2d/marlin/MarlinTileGenerator
instanceKlass sun/java2d/pipe/AATileGenerator
instanceKlass sun/java2d/marlin/DRenderer
instanceKlass sun/java2d/marlin/MarlinRenderer
instanceKlass sun/java2d/marlin/OffHeapArray$$Lambda$731
instanceKlass sun/java2d/marlin/OffHeapArray
instanceKlass sun/java2d/marlin/MarlinCache
instanceKlass sun/java2d/marlin/IntArrayCache$Reference
instanceKlass sun/java2d/marlin/DHelpers$IndexStack
instanceKlass sun/java2d/marlin/DTransformingPathConsumer2D$PathClipFilter
instanceKlass sun/java2d/marlin/ByteArrayCache$Reference
instanceKlass sun/java2d/marlin/DoubleArrayCache$Reference
instanceKlass sun/java2d/marlin/DHelpers$PolyStack
instanceKlass sun/java2d/marlin/DTransformingPathConsumer2D$ClosedPathDetector
instanceKlass sun/java2d/marlin/DTransformingPathConsumer2D$PathTracer
instanceKlass sun/java2d/marlin/DTransformingPathConsumer2D$DeltaTransformFilter
instanceKlass sun/java2d/marlin/DTransformingPathConsumer2D$DeltaScaleFilter
instanceKlass sun/java2d/marlin/DTransformingPathConsumer2D$Path2DWrapper
instanceKlass sun/java2d/marlin/DTransformingPathConsumer2D
instanceKlass sun/java2d/marlin/DTransformingPathConsumer2D$CurveClipSplitter
instanceKlass sun/java2d/marlin/DTransformingPathConsumer2D$CurveBasicMonotonizer
instanceKlass sun/java2d/marlin/DMarlinRenderingEngine$NormalizingPathIterator
instanceKlass java/awt/geom/PathIterator
instanceKlass sun/java2d/marlin/DRendererContext$PathConsumer2DAdapter
instanceKlass sun/java2d/marlin/ByteArrayCache
instanceKlass sun/java2d/marlin/DoubleArrayCache
instanceKlass sun/java2d/marlin/IntArrayCache
instanceKlass sun/java2d/marlin/DPathSimplifier
instanceKlass sun/java2d/marlin/DCollinearSimplifier
instanceKlass sun/java2d/marlin/DPathConsumer2D
instanceKlass sun/java2d/marlin/DCurve
instanceKlass sun/java2d/marlin/IRendererContext
instanceKlass sun/java2d/ReentrantContext
instanceKlass sun/awt/SunGraphicsCallback
instanceKlass sun/java2d/d3d/D3DScreenUpdateManager$$Lambda$730
instanceKlass sun/java2d/pipe/BufferedPaints
instanceKlass sun/java2d/d3d/D3DSurfaceData$1
instanceKlass sun/java2d/d3d/D3DSurfaceData$1Status
instanceKlass javax/swing/RepaintManager$4
instanceKlass java/awt/SplashScreen
instanceKlass com/mysql/jdbc/Blob
instanceKlass com/mysql/jdbc/OutputStreamWatcher
instanceKlass java/awt/GraphicsDevice$1
instanceKlass fungsi/akses
instanceKlass java/net/InetAddress$CachedLocalHost
instanceKlass java/util/concurrent/atomic/Striped64$1
instanceKlass java/net/InetAddress$CachedAddresses
instanceKlass sun/net/InetAddressCachePolicy$2
instanceKlass sun/net/InetAddressCachePolicy$1
instanceKlass sun/net/InetAddressCachePolicy
instanceKlass java/net/InetAddress$NameServiceAddresses
instanceKlass java/net/InetAddress$Addresses
instanceKlass java/util/concurrent/ConcurrentSkipListMap$Iter
instanceKlass simrskhanza/frmUtama$1
instanceKlass simrskhanza/frmUtama$$Lambda$729
instanceKlass simrskhanza/frmUtama$$Lambda$728
instanceKlass simrskhanza/frmUtama$$Lambda$727
instanceKlass simrskhanza/frmUtama$$Lambda$726
instanceKlass simrskhanza/frmUtama$$Lambda$725
instanceKlass simrskhanza/frmUtama$$Lambda$724
instanceKlass simrskhanza/frmUtama$$Lambda$723
instanceKlass simrskhanza/frmUtama$$Lambda$722
instanceKlass simrskhanza/frmUtama$$Lambda$721
instanceKlass simrskhanza/frmUtama$$Lambda$720
instanceKlass simrskhanza/frmUtama$$Lambda$719
instanceKlass simrskhanza/frmUtama$$Lambda$718
instanceKlass simrskhanza/frmUtama$$Lambda$717
instanceKlass simrskhanza/frmUtama$$Lambda$716
instanceKlass simrskhanza/frmUtama$$Lambda$715
instanceKlass simrskhanza/frmUtama$$Lambda$714
instanceKlass simrskhanza/frmUtama$$Lambda$713
instanceKlass simrskhanza/frmUtama$$Lambda$712
instanceKlass simrskhanza/frmUtama$$Lambda$711
instanceKlass simrskhanza/frmUtama$$Lambda$710
instanceKlass simrskhanza/frmUtama$$Lambda$709
instanceKlass simrskhanza/frmUtama$$Lambda$708
instanceKlass simrskhanza/frmUtama$$Lambda$707
instanceKlass simrskhanza/frmUtama$$Lambda$706
instanceKlass simrskhanza/frmUtama$$Lambda$705
instanceKlass simrskhanza/frmUtama$$Lambda$704
instanceKlass simrskhanza/frmUtama$$Lambda$703
instanceKlass simrskhanza/frmUtama$$Lambda$702
instanceKlass simrskhanza/frmUtama$$Lambda$701
instanceKlass simrskhanza/frmUtama$$Lambda$700
instanceKlass simrskhanza/frmUtama$$Lambda$699
instanceKlass simrskhanza/frmUtama$$Lambda$698
instanceKlass simrskhanza/frmUtama$$Lambda$697
instanceKlass simrskhanza/frmUtama$$Lambda$696
instanceKlass simrskhanza/frmUtama$$Lambda$695
instanceKlass simrskhanza/frmUtama$$Lambda$694
instanceKlass simrskhanza/frmUtama$$Lambda$693
instanceKlass simrskhanza/frmUtama$$Lambda$692
instanceKlass simrskhanza/frmUtama$$Lambda$691
instanceKlass simrskhanza/frmUtama$$Lambda$690
instanceKlass simrskhanza/frmUtama$$Lambda$689
instanceKlass simrskhanza/frmUtama$$Lambda$688
instanceKlass simrskhanza/frmUtama$$Lambda$687
instanceKlass simrskhanza/frmUtama$$Lambda$686
instanceKlass simrskhanza/frmUtama$$Lambda$685
instanceKlass simrskhanza/frmUtama$$Lambda$684
instanceKlass simrskhanza/frmUtama$$Lambda$683
instanceKlass simrskhanza/frmUtama$$Lambda$682
instanceKlass simrskhanza/frmUtama$$Lambda$681
instanceKlass simrskhanza/frmUtama$$Lambda$680
instanceKlass simrskhanza/frmUtama$$Lambda$679
instanceKlass simrskhanza/frmUtama$$Lambda$678
instanceKlass simrskhanza/frmUtama$$Lambda$677
instanceKlass simrskhanza/frmUtama$$Lambda$676
instanceKlass simrskhanza/frmUtama$$Lambda$675
instanceKlass simrskhanza/frmUtama$$Lambda$674
instanceKlass simrskhanza/frmUtama$$Lambda$673
instanceKlass simrskhanza/frmUtama$$Lambda$672
instanceKlass simrskhanza/frmUtama$$Lambda$671
instanceKlass simrskhanza/frmUtama$$Lambda$670
instanceKlass simrskhanza/frmUtama$$Lambda$669
instanceKlass simrskhanza/frmUtama$$Lambda$668
instanceKlass simrskhanza/frmUtama$$Lambda$667
instanceKlass simrskhanza/frmUtama$$Lambda$666
instanceKlass simrskhanza/frmUtama$$Lambda$665
instanceKlass simrskhanza/frmUtama$$Lambda$664
instanceKlass simrskhanza/frmUtama$$Lambda$663
instanceKlass simrskhanza/frmUtama$$Lambda$662
instanceKlass simrskhanza/frmUtama$$Lambda$661
instanceKlass simrskhanza/frmUtama$$Lambda$660
instanceKlass simrskhanza/frmUtama$$Lambda$659
instanceKlass simrskhanza/frmUtama$$Lambda$658
instanceKlass simrskhanza/frmUtama$$Lambda$657
instanceKlass simrskhanza/frmUtama$$Lambda$656
instanceKlass simrskhanza/frmUtama$$Lambda$655
instanceKlass simrskhanza/frmUtama$$Lambda$654
instanceKlass simrskhanza/frmUtama$$Lambda$653
instanceKlass simrskhanza/frmUtama$$Lambda$652
instanceKlass simrskhanza/frmUtama$$Lambda$651
instanceKlass simrskhanza/frmUtama$$Lambda$650
instanceKlass simrskhanza/frmUtama$$Lambda$649
instanceKlass simrskhanza/frmUtama$$Lambda$648
instanceKlass simrskhanza/frmUtama$$Lambda$647
instanceKlass simrskhanza/frmUtama$$Lambda$646
instanceKlass simrskhanza/frmUtama$$Lambda$645
instanceKlass simrskhanza/frmUtama$$Lambda$644
instanceKlass simrskhanza/frmUtama$$Lambda$643
instanceKlass simrskhanza/frmUtama$$Lambda$642
instanceKlass simrskhanza/frmUtama$$Lambda$641
instanceKlass simrskhanza/frmUtama$$Lambda$640
instanceKlass simrskhanza/frmUtama$$Lambda$639
instanceKlass simrskhanza/frmUtama$$Lambda$638
instanceKlass simrskhanza/frmUtama$$Lambda$637
instanceKlass simrskhanza/frmUtama$$Lambda$636
instanceKlass simrskhanza/frmUtama$$Lambda$635
instanceKlass simrskhanza/frmUtama$$Lambda$634
instanceKlass simrskhanza/frmUtama$$Lambda$633
instanceKlass simrskhanza/frmUtama$$Lambda$632
instanceKlass simrskhanza/frmUtama$$Lambda$631
instanceKlass simrskhanza/frmUtama$$Lambda$630
instanceKlass simrskhanza/frmUtama$$Lambda$629
instanceKlass simrskhanza/frmUtama$$Lambda$628
instanceKlass simrskhanza/frmUtama$$Lambda$627
instanceKlass simrskhanza/frmUtama$$Lambda$626
instanceKlass simrskhanza/frmUtama$$Lambda$625
instanceKlass simrskhanza/frmUtama$$Lambda$624
instanceKlass simrskhanza/frmUtama$$Lambda$623
instanceKlass simrskhanza/frmUtama$$Lambda$622
instanceKlass sun/awt/image/JPEGImageDecoder$1
instanceKlass simrskhanza/frmUtama$$Lambda$621
instanceKlass simrskhanza/frmUtama$$Lambda$620
instanceKlass simrskhanza/frmUtama$$Lambda$619
instanceKlass simrskhanza/frmUtama$$Lambda$618
instanceKlass simrskhanza/frmUtama$$Lambda$617
instanceKlass simrskhanza/frmUtama$$Lambda$616
instanceKlass simrskhanza/frmUtama$$Lambda$615
instanceKlass simrskhanza/frmUtama$$Lambda$614
instanceKlass simrskhanza/frmUtama$$Lambda$613
instanceKlass simrskhanza/frmUtama$$Lambda$612
instanceKlass simrskhanza/frmUtama$$Lambda$611
instanceKlass simrskhanza/frmUtama$$Lambda$610
instanceKlass simrskhanza/frmUtama$$Lambda$609
instanceKlass simrskhanza/frmUtama$$Lambda$608
instanceKlass simrskhanza/frmUtama$$Lambda$607
instanceKlass simrskhanza/frmUtama$$Lambda$606
instanceKlass simrskhanza/frmUtama$$Lambda$605
instanceKlass simrskhanza/frmUtama$$Lambda$604
instanceKlass simrskhanza/frmUtama$$Lambda$603
instanceKlass simrskhanza/frmUtama$$Lambda$602
instanceKlass simrskhanza/frmUtama$$Lambda$601
instanceKlass simrskhanza/frmUtama$$Lambda$600
instanceKlass simrskhanza/frmUtama$$Lambda$599
instanceKlass simrskhanza/frmUtama$$Lambda$598
instanceKlass simrskhanza/frmUtama$$Lambda$597
instanceKlass simrskhanza/frmUtama$$Lambda$596
instanceKlass simrskhanza/frmUtama$$Lambda$595
instanceKlass simrskhanza/frmUtama$$Lambda$594
instanceKlass simrskhanza/frmUtama$$Lambda$593
instanceKlass simrskhanza/frmUtama$$Lambda$592
instanceKlass simrskhanza/frmUtama$$Lambda$591
instanceKlass simrskhanza/frmUtama$$Lambda$590
instanceKlass simrskhanza/frmUtama$$Lambda$589
instanceKlass simrskhanza/frmUtama$$Lambda$588
instanceKlass simrskhanza/frmUtama$$Lambda$587
instanceKlass simrskhanza/frmUtama$$Lambda$586
instanceKlass simrskhanza/frmUtama$$Lambda$585
instanceKlass simrskhanza/frmUtama$$Lambda$584
instanceKlass simrskhanza/frmUtama$$Lambda$583
instanceKlass simrskhanza/frmUtama$$Lambda$582
instanceKlass simrskhanza/frmUtama$$Lambda$581
instanceKlass simrskhanza/frmUtama$$Lambda$580
instanceKlass simrskhanza/frmUtama$$Lambda$579
instanceKlass simrskhanza/frmUtama$$Lambda$578
instanceKlass simrskhanza/frmUtama$$Lambda$577
instanceKlass simrskhanza/frmUtama$$Lambda$576
instanceKlass simrskhanza/frmUtama$$Lambda$575
instanceKlass simrskhanza/frmUtama$$Lambda$574
instanceKlass simrskhanza/frmUtama$$Lambda$573
instanceKlass simrskhanza/frmUtama$$Lambda$572
instanceKlass simrskhanza/frmUtama$$Lambda$571
instanceKlass simrskhanza/frmUtama$$Lambda$570
instanceKlass simrskhanza/frmUtama$$Lambda$569
instanceKlass simrskhanza/frmUtama$$Lambda$568
instanceKlass simrskhanza/frmUtama$$Lambda$567
instanceKlass simrskhanza/frmUtama$$Lambda$566
instanceKlass simrskhanza/frmUtama$$Lambda$565
instanceKlass simrskhanza/frmUtama$$Lambda$564
instanceKlass simrskhanza/frmUtama$$Lambda$563
instanceKlass simrskhanza/frmUtama$$Lambda$562
instanceKlass simrskhanza/frmUtama$$Lambda$561
instanceKlass simrskhanza/frmUtama$$Lambda$560
instanceKlass simrskhanza/frmUtama$$Lambda$559
instanceKlass simrskhanza/frmUtama$$Lambda$558
instanceKlass simrskhanza/frmUtama$$Lambda$557
instanceKlass simrskhanza/frmUtama$$Lambda$556
instanceKlass simrskhanza/frmUtama$$Lambda$555
instanceKlass simrskhanza/frmUtama$$Lambda$554
instanceKlass simrskhanza/frmUtama$$Lambda$553
instanceKlass simrskhanza/frmUtama$$Lambda$552
instanceKlass simrskhanza/frmUtama$$Lambda$551
instanceKlass simrskhanza/frmUtama$$Lambda$550
instanceKlass simrskhanza/frmUtama$$Lambda$549
instanceKlass simrskhanza/frmUtama$$Lambda$548
instanceKlass simrskhanza/frmUtama$$Lambda$547
instanceKlass simrskhanza/frmUtama$$Lambda$546
instanceKlass simrskhanza/frmUtama$$Lambda$545
instanceKlass simrskhanza/frmUtama$$Lambda$544
instanceKlass simrskhanza/frmUtama$$Lambda$543
instanceKlass simrskhanza/frmUtama$$Lambda$542
instanceKlass simrskhanza/frmUtama$$Lambda$541
instanceKlass simrskhanza/frmUtama$$Lambda$540
instanceKlass simrskhanza/frmUtama$$Lambda$539
instanceKlass simrskhanza/frmUtama$$Lambda$538
instanceKlass simrskhanza/frmUtama$$Lambda$537
instanceKlass simrskhanza/frmUtama$$Lambda$536
instanceKlass simrskhanza/frmUtama$$Lambda$535
instanceKlass simrskhanza/frmUtama$$Lambda$534
instanceKlass simrskhanza/frmUtama$$Lambda$533
instanceKlass simrskhanza/frmUtama$$Lambda$532
instanceKlass simrskhanza/frmUtama$$Lambda$531
instanceKlass simrskhanza/frmUtama$$Lambda$530
instanceKlass simrskhanza/frmUtama$$Lambda$529
instanceKlass simrskhanza/frmUtama$$Lambda$528
instanceKlass simrskhanza/frmUtama$$Lambda$527
instanceKlass simrskhanza/frmUtama$$Lambda$526
instanceKlass simrskhanza/frmUtama$$Lambda$525
instanceKlass simrskhanza/frmUtama$$Lambda$524
instanceKlass simrskhanza/frmUtama$$Lambda$523
instanceKlass simrskhanza/frmUtama$$Lambda$522
instanceKlass simrskhanza/frmUtama$$Lambda$521
instanceKlass simrskhanza/frmUtama$$Lambda$520
instanceKlass simrskhanza/frmUtama$$Lambda$519
instanceKlass simrskhanza/frmUtama$$Lambda$518
instanceKlass simrskhanza/frmUtama$$Lambda$517
instanceKlass simrskhanza/frmUtama$$Lambda$516
instanceKlass simrskhanza/frmUtama$$Lambda$515
instanceKlass simrskhanza/frmUtama$$Lambda$514
instanceKlass simrskhanza/frmUtama$$Lambda$513
instanceKlass simrskhanza/frmUtama$$Lambda$512
instanceKlass simrskhanza/frmUtama$$Lambda$511
instanceKlass simrskhanza/frmUtama$$Lambda$510
instanceKlass simrskhanza/frmUtama$$Lambda$509
instanceKlass simrskhanza/frmUtama$$Lambda$508
instanceKlass simrskhanza/frmUtama$$Lambda$507
instanceKlass simrskhanza/frmUtama$$Lambda$506
instanceKlass simrskhanza/frmUtama$$Lambda$505
instanceKlass simrskhanza/frmUtama$$Lambda$504
instanceKlass simrskhanza/frmUtama$$Lambda$503
instanceKlass simrskhanza/frmUtama$$Lambda$502
instanceKlass simrskhanza/frmUtama$$Lambda$501
instanceKlass simrskhanza/frmUtama$$Lambda$500
instanceKlass simrskhanza/frmUtama$$Lambda$499
instanceKlass simrskhanza/frmUtama$$Lambda$498
instanceKlass simrskhanza/frmUtama$$Lambda$497
instanceKlass simrskhanza/frmUtama$$Lambda$496
instanceKlass simrskhanza/frmUtama$$Lambda$495
instanceKlass simrskhanza/frmUtama$$Lambda$494
instanceKlass simrskhanza/frmUtama$$Lambda$493
instanceKlass simrskhanza/frmUtama$$Lambda$492
instanceKlass simrskhanza/frmUtama$$Lambda$491
instanceKlass simrskhanza/frmUtama$$Lambda$490
instanceKlass simrskhanza/frmUtama$$Lambda$489
instanceKlass simrskhanza/frmUtama$$Lambda$488
instanceKlass simrskhanza/frmUtama$$Lambda$487
instanceKlass simrskhanza/frmUtama$$Lambda$486
instanceKlass simrskhanza/frmUtama$$Lambda$485
instanceKlass simrskhanza/frmUtama$$Lambda$484
instanceKlass simrskhanza/frmUtama$$Lambda$483
instanceKlass simrskhanza/frmUtama$$Lambda$482
instanceKlass simrskhanza/frmUtama$$Lambda$481
instanceKlass simrskhanza/frmUtama$$Lambda$480
instanceKlass simrskhanza/frmUtama$$Lambda$479
instanceKlass simrskhanza/frmUtama$$Lambda$478
instanceKlass simrskhanza/frmUtama$$Lambda$477
instanceKlass simrskhanza/frmUtama$$Lambda$476
instanceKlass simrskhanza/frmUtama$$Lambda$475
instanceKlass simrskhanza/frmUtama$$Lambda$474
instanceKlass simrskhanza/frmUtama$$Lambda$473
instanceKlass simrskhanza/frmUtama$$Lambda$472
instanceKlass simrskhanza/frmUtama$$Lambda$471
instanceKlass simrskhanza/frmUtama$$Lambda$470
instanceKlass simrskhanza/frmUtama$$Lambda$469
instanceKlass simrskhanza/frmUtama$$Lambda$468
instanceKlass simrskhanza/frmUtama$$Lambda$467
instanceKlass simrskhanza/frmUtama$$Lambda$466
instanceKlass simrskhanza/frmUtama$$Lambda$465
instanceKlass simrskhanza/frmUtama$$Lambda$464
instanceKlass simrskhanza/frmUtama$$Lambda$463
instanceKlass simrskhanza/frmUtama$$Lambda$462
instanceKlass simrskhanza/frmUtama$$Lambda$461
instanceKlass simrskhanza/frmUtama$$Lambda$460
instanceKlass simrskhanza/frmUtama$$Lambda$459
instanceKlass simrskhanza/frmUtama$$Lambda$458
instanceKlass simrskhanza/frmUtama$$Lambda$457
instanceKlass simrskhanza/frmUtama$$Lambda$456
instanceKlass simrskhanza/frmUtama$$Lambda$455
instanceKlass simrskhanza/frmUtama$$Lambda$454
instanceKlass simrskhanza/frmUtama$$Lambda$453
instanceKlass simrskhanza/frmUtama$$Lambda$452
instanceKlass simrskhanza/frmUtama$$Lambda$451
instanceKlass simrskhanza/frmUtama$$Lambda$450
instanceKlass simrskhanza/frmUtama$$Lambda$449
instanceKlass simrskhanza/frmUtama$$Lambda$448
instanceKlass simrskhanza/frmUtama$$Lambda$447
instanceKlass simrskhanza/frmUtama$$Lambda$446
instanceKlass simrskhanza/frmUtama$$Lambda$445
instanceKlass simrskhanza/frmUtama$$Lambda$444
instanceKlass simrskhanza/frmUtama$$Lambda$443
instanceKlass simrskhanza/frmUtama$$Lambda$442
instanceKlass simrskhanza/frmUtama$$Lambda$441
instanceKlass simrskhanza/frmUtama$$Lambda$440
instanceKlass simrskhanza/frmUtama$$Lambda$439
instanceKlass simrskhanza/frmUtama$$Lambda$438
instanceKlass simrskhanza/frmUtama$$Lambda$437
instanceKlass simrskhanza/frmUtama$$Lambda$436
instanceKlass simrskhanza/frmUtama$$Lambda$435
instanceKlass simrskhanza/frmUtama$$Lambda$434
instanceKlass simrskhanza/frmUtama$$Lambda$433
instanceKlass simrskhanza/frmUtama$$Lambda$432
instanceKlass simrskhanza/frmUtama$$Lambda$431
instanceKlass simrskhanza/frmUtama$$Lambda$430
instanceKlass simrskhanza/frmUtama$$Lambda$429
instanceKlass simrskhanza/frmUtama$$Lambda$428
instanceKlass simrskhanza/frmUtama$$Lambda$427
instanceKlass simrskhanza/frmUtama$$Lambda$426
instanceKlass simrskhanza/frmUtama$$Lambda$425
instanceKlass simrskhanza/frmUtama$$Lambda$424
instanceKlass simrskhanza/frmUtama$$Lambda$423
instanceKlass simrskhanza/frmUtama$$Lambda$422
instanceKlass simrskhanza/frmUtama$$Lambda$421
instanceKlass simrskhanza/frmUtama$$Lambda$420
instanceKlass simrskhanza/frmUtama$$Lambda$419
instanceKlass simrskhanza/frmUtama$$Lambda$418
instanceKlass simrskhanza/frmUtama$$Lambda$417
instanceKlass simrskhanza/frmUtama$$Lambda$416
instanceKlass simrskhanza/frmUtama$$Lambda$415
instanceKlass simrskhanza/frmUtama$$Lambda$414
instanceKlass simrskhanza/frmUtama$$Lambda$413
instanceKlass simrskhanza/frmUtama$$Lambda$412
instanceKlass simrskhanza/frmUtama$$Lambda$411
instanceKlass simrskhanza/frmUtama$$Lambda$410
instanceKlass simrskhanza/frmUtama$$Lambda$409
instanceKlass simrskhanza/frmUtama$$Lambda$408
instanceKlass simrskhanza/frmUtama$$Lambda$407
instanceKlass simrskhanza/frmUtama$$Lambda$406
instanceKlass simrskhanza/frmUtama$$Lambda$405
instanceKlass simrskhanza/frmUtama$$Lambda$404
instanceKlass simrskhanza/frmUtama$$Lambda$403
instanceKlass simrskhanza/frmUtama$$Lambda$402
instanceKlass simrskhanza/frmUtama$$Lambda$401
instanceKlass simrskhanza/frmUtama$$Lambda$400
instanceKlass simrskhanza/frmUtama$$Lambda$399
instanceKlass simrskhanza/frmUtama$$Lambda$398
instanceKlass simrskhanza/frmUtama$$Lambda$397
instanceKlass simrskhanza/frmUtama$$Lambda$396
instanceKlass simrskhanza/frmUtama$$Lambda$395
instanceKlass simrskhanza/frmUtama$$Lambda$394
instanceKlass simrskhanza/frmUtama$$Lambda$393
instanceKlass simrskhanza/frmUtama$$Lambda$392
instanceKlass simrskhanza/frmUtama$$Lambda$391
instanceKlass simrskhanza/frmUtama$$Lambda$390
instanceKlass simrskhanza/frmUtama$$Lambda$389
instanceKlass simrskhanza/frmUtama$$Lambda$388
instanceKlass simrskhanza/frmUtama$$Lambda$387
instanceKlass simrskhanza/frmUtama$$Lambda$386
instanceKlass simrskhanza/frmUtama$$Lambda$385
instanceKlass simrskhanza/frmUtama$$Lambda$384
instanceKlass simrskhanza/frmUtama$$Lambda$383
instanceKlass simrskhanza/frmUtama$$Lambda$382
instanceKlass simrskhanza/frmUtama$$Lambda$381
instanceKlass simrskhanza/frmUtama$$Lambda$380
instanceKlass simrskhanza/frmUtama$$Lambda$379
instanceKlass simrskhanza/frmUtama$$Lambda$378
instanceKlass simrskhanza/frmUtama$$Lambda$377
instanceKlass simrskhanza/frmUtama$$Lambda$376
instanceKlass simrskhanza/frmUtama$$Lambda$375
instanceKlass simrskhanza/frmUtama$$Lambda$374
instanceKlass simrskhanza/frmUtama$$Lambda$373
instanceKlass simrskhanza/frmUtama$$Lambda$372
instanceKlass simrskhanza/frmUtama$$Lambda$371
instanceKlass simrskhanza/frmUtama$$Lambda$370
instanceKlass simrskhanza/frmUtama$$Lambda$369
instanceKlass simrskhanza/frmUtama$$Lambda$368
instanceKlass simrskhanza/frmUtama$$Lambda$367
instanceKlass simrskhanza/frmUtama$$Lambda$366
instanceKlass simrskhanza/frmUtama$$Lambda$365
instanceKlass simrskhanza/frmUtama$$Lambda$364
instanceKlass simrskhanza/frmUtama$$Lambda$363
instanceKlass simrskhanza/frmUtama$$Lambda$362
instanceKlass simrskhanza/frmUtama$$Lambda$361
instanceKlass simrskhanza/frmUtama$$Lambda$360
instanceKlass simrskhanza/frmUtama$$Lambda$359
instanceKlass simrskhanza/frmUtama$$Lambda$358
instanceKlass simrskhanza/frmUtama$$Lambda$357
instanceKlass simrskhanza/frmUtama$$Lambda$356
instanceKlass simrskhanza/frmUtama$$Lambda$355
instanceKlass simrskhanza/frmUtama$$Lambda$354
instanceKlass simrskhanza/frmUtama$$Lambda$353
instanceKlass simrskhanza/frmUtama$$Lambda$352
instanceKlass simrskhanza/frmUtama$$Lambda$351
instanceKlass simrskhanza/frmUtama$$Lambda$350
instanceKlass simrskhanza/frmUtama$$Lambda$349
instanceKlass simrskhanza/frmUtama$$Lambda$348
instanceKlass simrskhanza/frmUtama$$Lambda$347
instanceKlass simrskhanza/frmUtama$$Lambda$346
instanceKlass simrskhanza/frmUtama$$Lambda$345
instanceKlass simrskhanza/frmUtama$$Lambda$344
instanceKlass simrskhanza/frmUtama$$Lambda$343
instanceKlass simrskhanza/frmUtama$$Lambda$342
instanceKlass simrskhanza/frmUtama$$Lambda$341
instanceKlass simrskhanza/frmUtama$$Lambda$340
instanceKlass simrskhanza/frmUtama$$Lambda$339
instanceKlass simrskhanza/frmUtama$$Lambda$338
instanceKlass simrskhanza/frmUtama$$Lambda$337
instanceKlass simrskhanza/frmUtama$$Lambda$336
instanceKlass simrskhanza/frmUtama$$Lambda$335
instanceKlass simrskhanza/frmUtama$$Lambda$334
instanceKlass simrskhanza/frmUtama$$Lambda$333
instanceKlass simrskhanza/frmUtama$$Lambda$332
instanceKlass simrskhanza/frmUtama$$Lambda$331
instanceKlass simrskhanza/frmUtama$$Lambda$330
instanceKlass simrskhanza/frmUtama$$Lambda$329
instanceKlass simrskhanza/frmUtama$$Lambda$328
instanceKlass simrskhanza/frmUtama$$Lambda$327
instanceKlass simrskhanza/frmUtama$$Lambda$326
instanceKlass simrskhanza/frmUtama$$Lambda$325
instanceKlass simrskhanza/frmUtama$$Lambda$324
instanceKlass simrskhanza/frmUtama$$Lambda$323
instanceKlass simrskhanza/frmUtama$$Lambda$322
instanceKlass simrskhanza/frmUtama$$Lambda$321
instanceKlass simrskhanza/frmUtama$$Lambda$320
instanceKlass simrskhanza/frmUtama$$Lambda$319
instanceKlass simrskhanza/frmUtama$$Lambda$318
instanceKlass simrskhanza/frmUtama$$Lambda$317
instanceKlass simrskhanza/frmUtama$$Lambda$316
instanceKlass simrskhanza/frmUtama$$Lambda$315
instanceKlass simrskhanza/frmUtama$$Lambda$314
instanceKlass simrskhanza/frmUtama$$Lambda$313
instanceKlass simrskhanza/frmUtama$$Lambda$312
instanceKlass simrskhanza/frmUtama$$Lambda$311
instanceKlass simrskhanza/frmUtama$$Lambda$310
instanceKlass simrskhanza/frmUtama$$Lambda$309
instanceKlass simrskhanza/frmUtama$$Lambda$308
instanceKlass simrskhanza/frmUtama$$Lambda$307
instanceKlass simrskhanza/frmUtama$$Lambda$306
instanceKlass simrskhanza/frmUtama$$Lambda$305
instanceKlass simrskhanza/frmUtama$$Lambda$304
instanceKlass simrskhanza/frmUtama$$Lambda$303
instanceKlass simrskhanza/frmUtama$$Lambda$302
instanceKlass simrskhanza/frmUtama$$Lambda$301
instanceKlass simrskhanza/frmUtama$$Lambda$300
instanceKlass simrskhanza/frmUtama$$Lambda$299
instanceKlass simrskhanza/frmUtama$$Lambda$298
instanceKlass simrskhanza/frmUtama$$Lambda$297
instanceKlass simrskhanza/frmUtama$$Lambda$296
instanceKlass simrskhanza/frmUtama$$Lambda$295
instanceKlass simrskhanza/frmUtama$$Lambda$294
instanceKlass simrskhanza/frmUtama$$Lambda$293
instanceKlass simrskhanza/frmUtama$$Lambda$292
instanceKlass simrskhanza/frmUtama$$Lambda$291
instanceKlass simrskhanza/frmUtama$$Lambda$290
instanceKlass simrskhanza/frmUtama$$Lambda$289
instanceKlass simrskhanza/frmUtama$$Lambda$288
instanceKlass simrskhanza/frmUtama$$Lambda$287
instanceKlass simrskhanza/frmUtama$$Lambda$286
instanceKlass simrskhanza/frmUtama$$Lambda$285
instanceKlass simrskhanza/frmUtama$$Lambda$284
instanceKlass simrskhanza/frmUtama$$Lambda$283
instanceKlass simrskhanza/frmUtama$$Lambda$282
instanceKlass simrskhanza/frmUtama$$Lambda$281
instanceKlass simrskhanza/frmUtama$$Lambda$280
instanceKlass simrskhanza/frmUtama$$Lambda$279
instanceKlass simrskhanza/frmUtama$$Lambda$278
instanceKlass simrskhanza/frmUtama$$Lambda$277
instanceKlass simrskhanza/frmUtama$$Lambda$276
instanceKlass simrskhanza/frmUtama$$Lambda$275
instanceKlass simrskhanza/frmUtama$$Lambda$274
instanceKlass simrskhanza/frmUtama$$Lambda$273
instanceKlass simrskhanza/frmUtama$$Lambda$272
instanceKlass simrskhanza/frmUtama$$Lambda$271
instanceKlass simrskhanza/frmUtama$$Lambda$270
instanceKlass simrskhanza/frmUtama$$Lambda$269
instanceKlass simrskhanza/frmUtama$$Lambda$268
instanceKlass simrskhanza/frmUtama$$Lambda$267
instanceKlass simrskhanza/frmUtama$$Lambda$266
instanceKlass simrskhanza/frmUtama$$Lambda$265
instanceKlass simrskhanza/frmUtama$$Lambda$264
instanceKlass simrskhanza/frmUtama$$Lambda$263
instanceKlass simrskhanza/frmUtama$$Lambda$262
instanceKlass simrskhanza/frmUtama$$Lambda$261
instanceKlass simrskhanza/frmUtama$$Lambda$260
instanceKlass simrskhanza/frmUtama$$Lambda$259
instanceKlass simrskhanza/frmUtama$$Lambda$258
instanceKlass simrskhanza/frmUtama$$Lambda$257
instanceKlass simrskhanza/frmUtama$$Lambda$256
instanceKlass simrskhanza/frmUtama$$Lambda$255
instanceKlass simrskhanza/frmUtama$$Lambda$254
instanceKlass simrskhanza/frmUtama$$Lambda$253
instanceKlass simrskhanza/frmUtama$$Lambda$252
instanceKlass simrskhanza/frmUtama$$Lambda$251
instanceKlass simrskhanza/frmUtama$$Lambda$250
instanceKlass simrskhanza/frmUtama$$Lambda$249
instanceKlass simrskhanza/frmUtama$$Lambda$248
instanceKlass simrskhanza/frmUtama$$Lambda$247
instanceKlass simrskhanza/frmUtama$$Lambda$246
instanceKlass simrskhanza/frmUtama$$Lambda$245
instanceKlass simrskhanza/frmUtama$$Lambda$244
instanceKlass simrskhanza/frmUtama$$Lambda$243
instanceKlass simrskhanza/frmUtama$$Lambda$242
instanceKlass simrskhanza/frmUtama$$Lambda$241
instanceKlass simrskhanza/frmUtama$$Lambda$240
instanceKlass simrskhanza/frmUtama$$Lambda$239
instanceKlass simrskhanza/frmUtama$$Lambda$238
instanceKlass simrskhanza/frmUtama$$Lambda$237
instanceKlass simrskhanza/frmUtama$$Lambda$236
instanceKlass simrskhanza/frmUtama$534
instanceKlass simrskhanza/frmUtama$532
instanceKlass simrskhanza/frmUtama$531
instanceKlass simrskhanza/frmUtama$530
instanceKlass simrskhanza/frmUtama$529
instanceKlass simrskhanza/frmUtama$528
instanceKlass simrskhanza/frmUtama$527
instanceKlass simrskhanza/frmUtama$526
instanceKlass simrskhanza/frmUtama$525
instanceKlass simrskhanza/frmUtama$524
instanceKlass simrskhanza/frmUtama$523
instanceKlass simrskhanza/frmUtama$522
instanceKlass simrskhanza/frmUtama$521
instanceKlass simrskhanza/frmUtama$520
instanceKlass simrskhanza/frmUtama$519
instanceKlass simrskhanza/frmUtama$518
instanceKlass simrskhanza/frmUtama$517
instanceKlass simrskhanza/frmUtama$516
instanceKlass simrskhanza/frmUtama$515
instanceKlass simrskhanza/frmUtama$514
instanceKlass simrskhanza/frmUtama$513
instanceKlass simrskhanza/frmUtama$512
instanceKlass simrskhanza/frmUtama$511
instanceKlass simrskhanza/frmUtama$510
instanceKlass simrskhanza/frmUtama$509
instanceKlass simrskhanza/frmUtama$508
instanceKlass simrskhanza/frmUtama$507
instanceKlass simrskhanza/frmUtama$506
instanceKlass simrskhanza/frmUtama$505
instanceKlass simrskhanza/frmUtama$504
instanceKlass simrskhanza/frmUtama$503
instanceKlass simrskhanza/frmUtama$502
instanceKlass simrskhanza/frmUtama$501
instanceKlass simrskhanza/frmUtama$500
instanceKlass simrskhanza/frmUtama$499
instanceKlass simrskhanza/frmUtama$498
instanceKlass simrskhanza/frmUtama$497
instanceKlass simrskhanza/frmUtama$496
instanceKlass simrskhanza/frmUtama$495
instanceKlass simrskhanza/frmUtama$494
instanceKlass simrskhanza/frmUtama$493
instanceKlass simrskhanza/frmUtama$492
instanceKlass simrskhanza/frmUtama$491
instanceKlass simrskhanza/frmUtama$490
instanceKlass simrskhanza/frmUtama$489
instanceKlass simrskhanza/frmUtama$488
instanceKlass simrskhanza/frmUtama$487
instanceKlass javax/accessibility/AccessibleText
instanceKlass simrskhanza/frmUtama$485
instanceKlass simrskhanza/frmUtama$484
instanceKlass simrskhanza/frmUtama$483
instanceKlass simrskhanza/frmUtama$482
instanceKlass simrskhanza/frmUtama$481
instanceKlass simrskhanza/frmUtama$480
instanceKlass simrskhanza/frmUtama$479
instanceKlass simrskhanza/frmUtama$478
instanceKlass simrskhanza/frmUtama$477
instanceKlass simrskhanza/frmUtama$476
instanceKlass simrskhanza/frmUtama$475
instanceKlass simrskhanza/frmUtama$474
instanceKlass simrskhanza/frmUtama$472
instanceKlass simrskhanza/frmUtama$470
instanceKlass simrskhanza/frmUtama$469
instanceKlass simrskhanza/frmUtama$468
instanceKlass simrskhanza/frmUtama$467
instanceKlass simrskhanza/frmUtama$466
instanceKlass simrskhanza/frmUtama$465
instanceKlass simrskhanza/frmUtama$464
instanceKlass simrskhanza/frmUtama$463
instanceKlass simrskhanza/frmUtama$462
instanceKlass simrskhanza/frmUtama$461
instanceKlass simrskhanza/frmUtama$460
instanceKlass simrskhanza/frmUtama$459
instanceKlass simrskhanza/frmUtama$458
instanceKlass simrskhanza/frmUtama$457
instanceKlass simrskhanza/frmUtama$456
instanceKlass simrskhanza/frmUtama$455
instanceKlass simrskhanza/frmUtama$454
instanceKlass simrskhanza/frmUtama$453
instanceKlass simrskhanza/frmUtama$452
instanceKlass simrskhanza/frmUtama$451
instanceKlass simrskhanza/frmUtama$450
instanceKlass simrskhanza/frmUtama$449
instanceKlass simrskhanza/frmUtama$448
instanceKlass simrskhanza/frmUtama$447
instanceKlass simrskhanza/frmUtama$446
instanceKlass simrskhanza/frmUtama$445
instanceKlass simrskhanza/frmUtama$444
instanceKlass simrskhanza/frmUtama$443
instanceKlass simrskhanza/frmUtama$442
instanceKlass simrskhanza/frmUtama$441
instanceKlass simrskhanza/frmUtama$440
instanceKlass simrskhanza/frmUtama$439
instanceKlass simrskhanza/frmUtama$438
instanceKlass simrskhanza/frmUtama$437
instanceKlass simrskhanza/frmUtama$436
instanceKlass simrskhanza/frmUtama$435
instanceKlass simrskhanza/frmUtama$434
instanceKlass simrskhanza/frmUtama$433
instanceKlass simrskhanza/frmUtama$432
instanceKlass simrskhanza/frmUtama$431
instanceKlass simrskhanza/frmUtama$430
instanceKlass simrskhanza/frmUtama$429
instanceKlass simrskhanza/frmUtama$428
instanceKlass simrskhanza/frmUtama$427
instanceKlass simrskhanza/frmUtama$426
instanceKlass simrskhanza/frmUtama$425
instanceKlass simrskhanza/frmUtama$424
instanceKlass simrskhanza/frmUtama$423
instanceKlass simrskhanza/frmUtama$422
instanceKlass simrskhanza/frmUtama$421
instanceKlass simrskhanza/frmUtama$420
instanceKlass simrskhanza/frmUtama$419
instanceKlass simrskhanza/frmUtama$418
instanceKlass simrskhanza/frmUtama$417
instanceKlass simrskhanza/frmUtama$416
instanceKlass simrskhanza/frmUtama$415
instanceKlass simrskhanza/frmUtama$414
instanceKlass simrskhanza/frmUtama$413
instanceKlass simrskhanza/frmUtama$412
instanceKlass simrskhanza/frmUtama$411
instanceKlass simrskhanza/frmUtama$410
instanceKlass simrskhanza/frmUtama$409
instanceKlass simrskhanza/frmUtama$408
instanceKlass simrskhanza/frmUtama$407
instanceKlass simrskhanza/frmUtama$406
instanceKlass simrskhanza/frmUtama$405
instanceKlass simrskhanza/frmUtama$404
instanceKlass simrskhanza/frmUtama$403
instanceKlass simrskhanza/frmUtama$402
instanceKlass simrskhanza/frmUtama$401
instanceKlass simrskhanza/frmUtama$400
instanceKlass simrskhanza/frmUtama$399
instanceKlass simrskhanza/frmUtama$398
instanceKlass simrskhanza/frmUtama$397
instanceKlass simrskhanza/frmUtama$396
instanceKlass simrskhanza/frmUtama$395
instanceKlass simrskhanza/frmUtama$394
instanceKlass simrskhanza/frmUtama$393
instanceKlass simrskhanza/frmUtama$392
instanceKlass simrskhanza/frmUtama$391
instanceKlass simrskhanza/frmUtama$390
instanceKlass simrskhanza/frmUtama$389
instanceKlass simrskhanza/frmUtama$388
instanceKlass simrskhanza/frmUtama$387
instanceKlass simrskhanza/frmUtama$386
instanceKlass simrskhanza/frmUtama$385
instanceKlass simrskhanza/frmUtama$384
instanceKlass simrskhanza/frmUtama$383
instanceKlass simrskhanza/frmUtama$382
instanceKlass simrskhanza/frmUtama$381
instanceKlass simrskhanza/frmUtama$380
instanceKlass simrskhanza/frmUtama$379
instanceKlass simrskhanza/frmUtama$378
instanceKlass simrskhanza/frmUtama$377
instanceKlass simrskhanza/frmUtama$376
instanceKlass simrskhanza/frmUtama$375
instanceKlass simrskhanza/frmUtama$374
instanceKlass simrskhanza/frmUtama$373
instanceKlass simrskhanza/frmUtama$372
instanceKlass simrskhanza/frmUtama$371
instanceKlass simrskhanza/frmUtama$370
instanceKlass simrskhanza/frmUtama$369
instanceKlass simrskhanza/frmUtama$368
instanceKlass simrskhanza/frmUtama$367
instanceKlass simrskhanza/frmUtama$366
instanceKlass simrskhanza/frmUtama$365
instanceKlass simrskhanza/frmUtama$364
instanceKlass simrskhanza/frmUtama$363
instanceKlass simrskhanza/frmUtama$362
instanceKlass simrskhanza/frmUtama$361
instanceKlass simrskhanza/frmUtama$360
instanceKlass simrskhanza/frmUtama$359
instanceKlass simrskhanza/frmUtama$358
instanceKlass simrskhanza/frmUtama$357
instanceKlass simrskhanza/frmUtama$356
instanceKlass simrskhanza/frmUtama$355
instanceKlass simrskhanza/frmUtama$354
instanceKlass simrskhanza/frmUtama$353
instanceKlass simrskhanza/frmUtama$352
instanceKlass simrskhanza/frmUtama$351
instanceKlass simrskhanza/frmUtama$350
instanceKlass simrskhanza/frmUtama$349
instanceKlass simrskhanza/frmUtama$348
instanceKlass simrskhanza/frmUtama$347
instanceKlass simrskhanza/frmUtama$346
instanceKlass simrskhanza/frmUtama$345
instanceKlass simrskhanza/frmUtama$344
instanceKlass simrskhanza/frmUtama$343
instanceKlass simrskhanza/frmUtama$342
instanceKlass simrskhanza/frmUtama$341
instanceKlass simrskhanza/frmUtama$340
instanceKlass simrskhanza/frmUtama$339
instanceKlass simrskhanza/frmUtama$338
instanceKlass simrskhanza/frmUtama$337
instanceKlass simrskhanza/frmUtama$336
instanceKlass simrskhanza/frmUtama$335
instanceKlass simrskhanza/frmUtama$334
instanceKlass simrskhanza/frmUtama$333
instanceKlass simrskhanza/frmUtama$332
instanceKlass simrskhanza/frmUtama$331
instanceKlass simrskhanza/frmUtama$330
instanceKlass simrskhanza/frmUtama$329
instanceKlass simrskhanza/frmUtama$328
instanceKlass simrskhanza/frmUtama$327
instanceKlass simrskhanza/frmUtama$326
instanceKlass simrskhanza/frmUtama$325
instanceKlass simrskhanza/frmUtama$324
instanceKlass simrskhanza/frmUtama$323
instanceKlass simrskhanza/frmUtama$322
instanceKlass simrskhanza/frmUtama$321
instanceKlass simrskhanza/frmUtama$320
instanceKlass simrskhanza/frmUtama$319
instanceKlass simrskhanza/frmUtama$318
instanceKlass simrskhanza/frmUtama$317
instanceKlass simrskhanza/frmUtama$316
instanceKlass simrskhanza/frmUtama$315
instanceKlass simrskhanza/frmUtama$314
instanceKlass simrskhanza/frmUtama$313
instanceKlass simrskhanza/frmUtama$312
instanceKlass simrskhanza/frmUtama$311
instanceKlass simrskhanza/frmUtama$310
instanceKlass simrskhanza/frmUtama$309
instanceKlass simrskhanza/frmUtama$308
instanceKlass simrskhanza/frmUtama$307
instanceKlass simrskhanza/frmUtama$306
instanceKlass simrskhanza/frmUtama$305
instanceKlass simrskhanza/frmUtama$304
instanceKlass simrskhanza/frmUtama$303
instanceKlass simrskhanza/frmUtama$302
instanceKlass simrskhanza/frmUtama$301
instanceKlass simrskhanza/frmUtama$300
instanceKlass simrskhanza/frmUtama$299
instanceKlass simrskhanza/frmUtama$298
instanceKlass simrskhanza/frmUtama$297
instanceKlass simrskhanza/frmUtama$296
instanceKlass simrskhanza/frmUtama$295
instanceKlass simrskhanza/frmUtama$294
instanceKlass simrskhanza/frmUtama$293
instanceKlass simrskhanza/frmUtama$292
instanceKlass simrskhanza/frmUtama$291
instanceKlass simrskhanza/frmUtama$290
instanceKlass simrskhanza/frmUtama$289
instanceKlass simrskhanza/frmUtama$288
instanceKlass simrskhanza/frmUtama$287
instanceKlass simrskhanza/frmUtama$286
instanceKlass simrskhanza/frmUtama$285
instanceKlass simrskhanza/frmUtama$284
instanceKlass simrskhanza/frmUtama$283
instanceKlass simrskhanza/frmUtama$282
instanceKlass simrskhanza/frmUtama$281
instanceKlass simrskhanza/frmUtama$280
instanceKlass simrskhanza/frmUtama$279
instanceKlass simrskhanza/frmUtama$278
instanceKlass simrskhanza/frmUtama$277
instanceKlass simrskhanza/frmUtama$276
instanceKlass simrskhanza/frmUtama$275
instanceKlass simrskhanza/frmUtama$274
instanceKlass simrskhanza/frmUtama$273
instanceKlass simrskhanza/frmUtama$272
instanceKlass simrskhanza/frmUtama$271
instanceKlass simrskhanza/frmUtama$270
instanceKlass simrskhanza/frmUtama$269
instanceKlass simrskhanza/frmUtama$268
instanceKlass simrskhanza/frmUtama$267
instanceKlass simrskhanza/frmUtama$266
instanceKlass simrskhanza/frmUtama$265
instanceKlass simrskhanza/frmUtama$264
instanceKlass simrskhanza/frmUtama$263
instanceKlass simrskhanza/frmUtama$262
instanceKlass simrskhanza/frmUtama$261
instanceKlass simrskhanza/frmUtama$260
instanceKlass simrskhanza/frmUtama$259
instanceKlass simrskhanza/frmUtama$258
instanceKlass simrskhanza/frmUtama$257
instanceKlass simrskhanza/frmUtama$256
instanceKlass simrskhanza/frmUtama$255
instanceKlass simrskhanza/frmUtama$254
instanceKlass simrskhanza/frmUtama$253
instanceKlass simrskhanza/frmUtama$252
instanceKlass simrskhanza/frmUtama$251
instanceKlass simrskhanza/frmUtama$250
instanceKlass simrskhanza/frmUtama$249
instanceKlass simrskhanza/frmUtama$248
instanceKlass simrskhanza/frmUtama$247
instanceKlass simrskhanza/frmUtama$246
instanceKlass simrskhanza/frmUtama$245
instanceKlass simrskhanza/frmUtama$244
instanceKlass simrskhanza/frmUtama$243
instanceKlass simrskhanza/frmUtama$242
instanceKlass simrskhanza/frmUtama$241
instanceKlass simrskhanza/frmUtama$240
instanceKlass simrskhanza/frmUtama$239
instanceKlass simrskhanza/frmUtama$238
instanceKlass simrskhanza/frmUtama$237
instanceKlass simrskhanza/frmUtama$236
instanceKlass simrskhanza/frmUtama$235
instanceKlass simrskhanza/frmUtama$234
instanceKlass simrskhanza/frmUtama$233
instanceKlass simrskhanza/frmUtama$232
instanceKlass simrskhanza/frmUtama$231
instanceKlass simrskhanza/frmUtama$230
instanceKlass simrskhanza/frmUtama$229
instanceKlass simrskhanza/frmUtama$228
instanceKlass simrskhanza/frmUtama$227
instanceKlass simrskhanza/frmUtama$226
instanceKlass simrskhanza/frmUtama$225
instanceKlass simrskhanza/frmUtama$224
instanceKlass simrskhanza/frmUtama$223
instanceKlass simrskhanza/frmUtama$222
instanceKlass simrskhanza/frmUtama$221
instanceKlass simrskhanza/frmUtama$220
instanceKlass simrskhanza/frmUtama$219
instanceKlass simrskhanza/frmUtama$218
instanceKlass simrskhanza/frmUtama$217
instanceKlass simrskhanza/frmUtama$216
instanceKlass simrskhanza/frmUtama$215
instanceKlass simrskhanza/frmUtama$214
instanceKlass simrskhanza/frmUtama$213
instanceKlass simrskhanza/frmUtama$212
instanceKlass simrskhanza/frmUtama$211
instanceKlass simrskhanza/frmUtama$210
instanceKlass simrskhanza/frmUtama$209
instanceKlass simrskhanza/frmUtama$208
instanceKlass simrskhanza/frmUtama$207
instanceKlass simrskhanza/frmUtama$206
instanceKlass simrskhanza/frmUtama$205
instanceKlass simrskhanza/frmUtama$204
instanceKlass simrskhanza/frmUtama$203
instanceKlass simrskhanza/frmUtama$202
instanceKlass simrskhanza/frmUtama$201
instanceKlass simrskhanza/frmUtama$200
instanceKlass simrskhanza/frmUtama$199
instanceKlass simrskhanza/frmUtama$198
instanceKlass simrskhanza/frmUtama$197
instanceKlass simrskhanza/frmUtama$196
instanceKlass simrskhanza/frmUtama$195
instanceKlass simrskhanza/frmUtama$194
instanceKlass simrskhanza/frmUtama$193
instanceKlass simrskhanza/frmUtama$192
instanceKlass simrskhanza/frmUtama$191
instanceKlass simrskhanza/frmUtama$190
instanceKlass simrskhanza/frmUtama$189
instanceKlass simrskhanza/frmUtama$188
instanceKlass simrskhanza/frmUtama$187
instanceKlass simrskhanza/frmUtama$186
instanceKlass simrskhanza/frmUtama$185
instanceKlass simrskhanza/frmUtama$184
instanceKlass simrskhanza/frmUtama$183
instanceKlass simrskhanza/frmUtama$182
instanceKlass simrskhanza/frmUtama$181
instanceKlass simrskhanza/frmUtama$180
instanceKlass simrskhanza/frmUtama$179
instanceKlass simrskhanza/frmUtama$178
instanceKlass simrskhanza/frmUtama$177
instanceKlass simrskhanza/frmUtama$176
instanceKlass simrskhanza/frmUtama$175
instanceKlass simrskhanza/frmUtama$174
instanceKlass simrskhanza/frmUtama$173
instanceKlass simrskhanza/frmUtama$172
instanceKlass simrskhanza/frmUtama$171
instanceKlass simrskhanza/frmUtama$170
instanceKlass simrskhanza/frmUtama$169
instanceKlass simrskhanza/frmUtama$168
instanceKlass simrskhanza/frmUtama$167
instanceKlass simrskhanza/frmUtama$166
instanceKlass simrskhanza/frmUtama$165
instanceKlass simrskhanza/frmUtama$164
instanceKlass simrskhanza/frmUtama$163
instanceKlass simrskhanza/frmUtama$162
instanceKlass simrskhanza/frmUtama$161
instanceKlass simrskhanza/frmUtama$160
instanceKlass simrskhanza/frmUtama$159
instanceKlass simrskhanza/frmUtama$158
instanceKlass simrskhanza/frmUtama$157
instanceKlass simrskhanza/frmUtama$156
instanceKlass simrskhanza/frmUtama$155
instanceKlass simrskhanza/frmUtama$154
instanceKlass simrskhanza/frmUtama$153
instanceKlass simrskhanza/frmUtama$152
instanceKlass simrskhanza/frmUtama$151
instanceKlass simrskhanza/frmUtama$150
instanceKlass simrskhanza/frmUtama$149
instanceKlass simrskhanza/frmUtama$148
instanceKlass simrskhanza/frmUtama$147
instanceKlass simrskhanza/frmUtama$146
instanceKlass simrskhanza/frmUtama$145
instanceKlass simrskhanza/frmUtama$144
instanceKlass simrskhanza/frmUtama$143
instanceKlass simrskhanza/frmUtama$142
instanceKlass simrskhanza/frmUtama$141
instanceKlass simrskhanza/frmUtama$140
instanceKlass simrskhanza/frmUtama$139
instanceKlass simrskhanza/frmUtama$138
instanceKlass simrskhanza/frmUtama$137
instanceKlass simrskhanza/frmUtama$136
instanceKlass simrskhanza/frmUtama$135
instanceKlass simrskhanza/frmUtama$134
instanceKlass simrskhanza/frmUtama$133
instanceKlass simrskhanza/frmUtama$132
instanceKlass simrskhanza/frmUtama$131
instanceKlass simrskhanza/frmUtama$130
instanceKlass simrskhanza/frmUtama$129
instanceKlass simrskhanza/frmUtama$128
instanceKlass simrskhanza/frmUtama$127
instanceKlass simrskhanza/frmUtama$126
instanceKlass simrskhanza/frmUtama$125
instanceKlass simrskhanza/frmUtama$124
instanceKlass simrskhanza/frmUtama$123
instanceKlass simrskhanza/frmUtama$122
instanceKlass simrskhanza/frmUtama$121
instanceKlass simrskhanza/frmUtama$120
instanceKlass simrskhanza/frmUtama$119
instanceKlass simrskhanza/frmUtama$118
instanceKlass simrskhanza/frmUtama$117
instanceKlass simrskhanza/frmUtama$116
instanceKlass simrskhanza/frmUtama$115
instanceKlass simrskhanza/frmUtama$114
instanceKlass simrskhanza/frmUtama$113
instanceKlass simrskhanza/frmUtama$112
instanceKlass simrskhanza/frmUtama$111
instanceKlass simrskhanza/frmUtama$110
instanceKlass simrskhanza/frmUtama$109
instanceKlass simrskhanza/frmUtama$108
instanceKlass simrskhanza/frmUtama$107
instanceKlass simrskhanza/frmUtama$106
instanceKlass simrskhanza/frmUtama$105
instanceKlass simrskhanza/frmUtama$104
instanceKlass simrskhanza/frmUtama$103
instanceKlass simrskhanza/frmUtama$102
instanceKlass simrskhanza/frmUtama$101
instanceKlass simrskhanza/frmUtama$100
instanceKlass simrskhanza/frmUtama$99
instanceKlass simrskhanza/frmUtama$98
instanceKlass simrskhanza/frmUtama$97
instanceKlass simrskhanza/frmUtama$96
instanceKlass simrskhanza/frmUtama$95
instanceKlass simrskhanza/frmUtama$94
instanceKlass simrskhanza/frmUtama$93
instanceKlass simrskhanza/frmUtama$92
instanceKlass simrskhanza/frmUtama$91
instanceKlass simrskhanza/frmUtama$90
instanceKlass simrskhanza/frmUtama$89
instanceKlass simrskhanza/frmUtama$88
instanceKlass simrskhanza/frmUtama$87
instanceKlass simrskhanza/frmUtama$86
instanceKlass simrskhanza/frmUtama$85
instanceKlass simrskhanza/frmUtama$84
instanceKlass simrskhanza/frmUtama$83
instanceKlass simrskhanza/frmUtama$82
instanceKlass simrskhanza/frmUtama$81
instanceKlass simrskhanza/frmUtama$80
instanceKlass simrskhanza/frmUtama$79
instanceKlass simrskhanza/frmUtama$78
instanceKlass simrskhanza/frmUtama$77
instanceKlass simrskhanza/frmUtama$76
instanceKlass simrskhanza/frmUtama$75
instanceKlass simrskhanza/frmUtama$74
instanceKlass simrskhanza/frmUtama$73
instanceKlass simrskhanza/frmUtama$72
instanceKlass simrskhanza/frmUtama$71
instanceKlass simrskhanza/frmUtama$70
instanceKlass simrskhanza/frmUtama$69
instanceKlass simrskhanza/frmUtama$68
instanceKlass simrskhanza/frmUtama$67
instanceKlass simrskhanza/frmUtama$66
instanceKlass simrskhanza/frmUtama$65
instanceKlass simrskhanza/frmUtama$64
instanceKlass simrskhanza/frmUtama$63
instanceKlass simrskhanza/frmUtama$62
instanceKlass simrskhanza/frmUtama$61
instanceKlass simrskhanza/frmUtama$60
instanceKlass simrskhanza/frmUtama$59
instanceKlass simrskhanza/frmUtama$58
instanceKlass simrskhanza/frmUtama$57
instanceKlass simrskhanza/frmUtama$56
instanceKlass simrskhanza/frmUtama$55
instanceKlass simrskhanza/frmUtama$54
instanceKlass simrskhanza/frmUtama$53
instanceKlass simrskhanza/frmUtama$52
instanceKlass simrskhanza/frmUtama$51
instanceKlass simrskhanza/frmUtama$50
instanceKlass simrskhanza/frmUtama$49
instanceKlass simrskhanza/frmUtama$48
instanceKlass simrskhanza/frmUtama$47
instanceKlass simrskhanza/frmUtama$46
instanceKlass simrskhanza/frmUtama$45
instanceKlass simrskhanza/frmUtama$44
instanceKlass simrskhanza/frmUtama$43
instanceKlass simrskhanza/frmUtama$42
instanceKlass simrskhanza/frmUtama$41
instanceKlass simrskhanza/frmUtama$40
instanceKlass simrskhanza/frmUtama$39
instanceKlass simrskhanza/frmUtama$38
instanceKlass simrskhanza/frmUtama$37
instanceKlass simrskhanza/frmUtama$36
instanceKlass simrskhanza/frmUtama$35
instanceKlass simrskhanza/frmUtama$34
instanceKlass simrskhanza/frmUtama$33
instanceKlass simrskhanza/frmUtama$32
instanceKlass simrskhanza/frmUtama$31
instanceKlass simrskhanza/frmUtama$30
instanceKlass simrskhanza/frmUtama$29
instanceKlass simrskhanza/frmUtama$28
instanceKlass simrskhanza/frmUtama$27
instanceKlass simrskhanza/frmUtama$26
instanceKlass simrskhanza/frmUtama$25
instanceKlass simrskhanza/frmUtama$24
instanceKlass simrskhanza/frmUtama$23
instanceKlass simrskhanza/frmUtama$22
instanceKlass simrskhanza/frmUtama$21
instanceKlass simrskhanza/frmUtama$20
instanceKlass simrskhanza/frmUtama$19
instanceKlass simrskhanza/frmUtama$18
instanceKlass simrskhanza/frmUtama$17
instanceKlass simrskhanza/frmUtama$16
instanceKlass simrskhanza/frmUtama$15
instanceKlass simrskhanza/frmUtama$14
instanceKlass simrskhanza/frmUtama$13
instanceKlass simrskhanza/frmUtama$12
instanceKlass sun/java2d/pipe/AlphaPaintPipe$TileContext
instanceKlass java/awt/GradientPaintContext
instanceKlass java/awt/PaintContext
instanceKlass java/awt/GradientPaint
instanceKlass sun/awt/image/BufImgSurfaceData$ICMColorData
instanceKlass usu/util/GraphicsUtilities
instanceKlass simrskhanza/frmUtama$11
instanceKlass simrskhanza/frmUtama$9
instanceKlass simrskhanza/frmUtama$8
instanceKlass simrskhanza/frmUtama$7
instanceKlass simrskhanza/frmUtama$6
instanceKlass simrskhanza/frmUtama$4
instanceKlass javax/swing/DebugGraphicsInfo
instanceKlass javax/swing/plaf/basic/BasicMenuBarUI$Handler
instanceKlass java/beans/NameGenerator
instanceKlass java/lang/annotation/Documented
instanceKlass java/lang/Deprecated
instanceKlass java/beans/Transient
instanceKlass java/lang/reflect/TypeVariable
instanceKlass sun/reflect/generics/tree/ClassSignature
instanceKlass sun/reflect/generics/tree/Signature
instanceKlass sun/reflect/generics/tree/FormalTypeParameter
instanceKlass sun/reflect/generics/repository/AbstractRepository
instanceKlass com/sun/beans/TypeResolver
instanceKlass com/sun/beans/introspect/MethodInfo$MethodOrder
instanceKlass java/awt/Event
instanceKlass javax/swing/InputVerifier
instanceKlass com/sun/beans/introspect/MethodInfo
instanceKlass com/sun/beans/util/Cache$Ref
instanceKlass com/sun/beans/introspect/ClassInfo
instanceKlass java/beans/Introspector$1
instanceKlass jdk/internal/access/JavaBeansAccess
instanceKlass com/sun/beans/WeakCache
instanceKlass java/beans/Introspector
instanceKlass java/beans/MethodRef
instanceKlass java/beans/FeatureDescriptor
instanceKlass org/jdesktop/animation/timing/interpolation/KeyInterpolators
instanceKlass org/jdesktop/animation/timing/interpolation/KeyTimes
instanceKlass java/awt/geom/CubicCurve2D
instanceKlass java/awt/geom/QuadCurve2D
instanceKlass java/awt/geom/Line2D
instanceKlass org/jdesktop/animation/timing/interpolation/Evaluator
instanceKlass org/jdesktop/animation/timing/interpolation/KeyValues
instanceKlass org/jdesktop/animation/timing/interpolation/KeyFrames
instanceKlass org/jdesktop/animation/timing/TimingTargetAdapter
instanceKlass org/jdesktop/animation/timing/Animator$TimerTarget
instanceKlass org/jdesktop/animation/timing/interpolation/LinearInterpolator
instanceKlass org/jdesktop/animation/timing/TimingSource
instanceKlass org/jdesktop/animation/timing/interpolation/Interpolator
instanceKlass org/jdesktop/animation/timing/TimingEventListener
instanceKlass org/jdesktop/animation/timing/Animator
instanceKlass org/jdesktop/animation/timing/TimingTarget
instanceKlass bridging/INACBGCariCoderNIK$9
instanceKlass bridging/INACBGCariCoderNIK$7
instanceKlass bridging/INACBGCariCoderNIK$5
instanceKlass bridging/INACBGHybrid$2
instanceKlass bridging/INACBGHybrid$1
instanceKlass bridging/INACBGHybrid$$Lambda$235
instanceKlass bridging/INACBGHybrid$4
instanceKlass bridging/INACBGPerawatanCorona$24
instanceKlass bridging/INACBGPerawatanCorona$22
instanceKlass bridging/INACBGPerawatanCorona$20
instanceKlass bridging/INACBGPerawatanCorona$17
instanceKlass bridging/INACBGPerawatanCorona$15
instanceKlass bridging/INACBGPerawatanCorona$13
instanceKlass bridging/INACBGPerawatanCorona$11
instanceKlass bridging/INACBGPerawatanCorona$9
instanceKlass bridging/INACBGPerawatanCorona$7
instanceKlass bridging/INACBGPerawatanCorona$4
instanceKlass bridging/INACBGPerawatanCorona$3
instanceKlass simrskhanza/DlgReg$17
instanceKlass simrskhanza/DlgReg$16
instanceKlass simrskhanza/DlgReg$15
instanceKlass simrskhanza/DlgReg$14
instanceKlass simrskhanza/DlgReg$13
instanceKlass simrskhanza/DlgReg$12
instanceKlass simrskhanza/DlgReg$11
instanceKlass simrskhanza/DlgReg$10
instanceKlass simrskhanza/DlgReg$9
instanceKlass simrskhanza/DlgReg$8
instanceKlass simrskhanza/DlgReg$7
instanceKlass simrskhanza/DlgReg$6
instanceKlass simrskhanza/DlgReg$5
instanceKlass simrskhanza/DlgReg$4
instanceKlass simrskhanza/DlgReg$349
instanceKlass simrskhanza/DlgReg$342
instanceKlass simrskhanza/DlgReg$341
instanceKlass simrskhanza/DlgReg$339
instanceKlass simrskhanza/DlgReg$337
instanceKlass simrskhanza/DlgReg$336
instanceKlass simrskhanza/DlgReg$334
instanceKlass simrskhanza/DlgReg$330
instanceKlass simrskhanza/DlgReg$329
instanceKlass simrskhanza/DlgReg$320
instanceKlass simrskhanza/DlgReg$318
instanceKlass simrskhanza/DlgReg$317
instanceKlass simrskhanza/DlgReg$315
instanceKlass simrskhanza/DlgReg$312
instanceKlass simrskhanza/DlgReg$310
instanceKlass simrskhanza/DlgReg$308
instanceKlass simrskhanza/DlgReg$306
instanceKlass simrskhanza/DlgReg$304
instanceKlass simrskhanza/DlgReg$302
instanceKlass simrskhanza/DlgReg$300
instanceKlass simrskhanza/DlgReg$295
instanceKlass simrskhanza/DlgReg$294
instanceKlass simrskhanza/DlgReg$293
instanceKlass simrskhanza/DlgReg$292
instanceKlass simrskhanza/DlgReg$291
instanceKlass simrskhanza/DlgReg$290
instanceKlass simrskhanza/DlgReg$289
instanceKlass simrskhanza/DlgReg$288
instanceKlass simrskhanza/DlgReg$287
instanceKlass simrskhanza/DlgReg$286
instanceKlass simrskhanza/DlgReg$285
instanceKlass simrskhanza/DlgReg$284
instanceKlass simrskhanza/DlgReg$283
instanceKlass simrskhanza/DlgReg$282
instanceKlass simrskhanza/DlgReg$281
instanceKlass simrskhanza/DlgReg$280
instanceKlass simrskhanza/DlgReg$279
instanceKlass simrskhanza/DlgReg$278
instanceKlass simrskhanza/DlgReg$277
instanceKlass simrskhanza/DlgReg$276
instanceKlass simrskhanza/DlgReg$275
instanceKlass simrskhanza/DlgReg$274
instanceKlass simrskhanza/DlgReg$273
instanceKlass simrskhanza/DlgReg$272
instanceKlass simrskhanza/DlgReg$271
instanceKlass simrskhanza/DlgReg$270
instanceKlass simrskhanza/DlgReg$269
instanceKlass simrskhanza/DlgReg$268
instanceKlass simrskhanza/DlgReg$267
instanceKlass simrskhanza/DlgReg$266
instanceKlass simrskhanza/DlgReg$265
instanceKlass simrskhanza/DlgReg$264
instanceKlass simrskhanza/DlgReg$263
instanceKlass simrskhanza/DlgReg$262
instanceKlass simrskhanza/DlgReg$261
instanceKlass simrskhanza/DlgReg$260
instanceKlass simrskhanza/DlgReg$258
instanceKlass simrskhanza/DlgReg$257
instanceKlass simrskhanza/DlgReg$255
instanceKlass simrskhanza/DlgReg$253
instanceKlass simrskhanza/DlgReg$250
instanceKlass simrskhanza/DlgReg$248
instanceKlass simrskhanza/DlgReg$247
instanceKlass simrskhanza/DlgReg$246
instanceKlass simrskhanza/DlgReg$245
instanceKlass simrskhanza/DlgReg$244
instanceKlass simrskhanza/DlgReg$243
instanceKlass simrskhanza/DlgReg$242
instanceKlass simrskhanza/DlgReg$241
instanceKlass simrskhanza/DlgReg$240
instanceKlass simrskhanza/DlgReg$239
instanceKlass simrskhanza/DlgReg$238
instanceKlass simrskhanza/DlgReg$237
instanceKlass simrskhanza/DlgReg$236
instanceKlass simrskhanza/DlgReg$235
instanceKlass simrskhanza/DlgReg$234
instanceKlass simrskhanza/DlgReg$233
instanceKlass simrskhanza/DlgReg$232
instanceKlass simrskhanza/DlgReg$231
instanceKlass simrskhanza/DlgReg$230
instanceKlass simrskhanza/DlgReg$229
instanceKlass simrskhanza/DlgReg$228
instanceKlass simrskhanza/DlgReg$227
instanceKlass simrskhanza/DlgReg$226
instanceKlass simrskhanza/DlgReg$225
instanceKlass simrskhanza/DlgReg$224
instanceKlass simrskhanza/DlgReg$223
instanceKlass simrskhanza/DlgReg$222
instanceKlass simrskhanza/DlgReg$221
instanceKlass simrskhanza/DlgReg$220
instanceKlass simrskhanza/DlgReg$219
instanceKlass simrskhanza/DlgReg$218
instanceKlass simrskhanza/DlgReg$217
instanceKlass simrskhanza/DlgReg$216
instanceKlass simrskhanza/DlgReg$215
instanceKlass simrskhanza/DlgReg$214
instanceKlass simrskhanza/DlgReg$213
instanceKlass simrskhanza/DlgReg$212
instanceKlass simrskhanza/DlgReg$211
instanceKlass simrskhanza/DlgReg$210
instanceKlass simrskhanza/DlgReg$209
instanceKlass simrskhanza/DlgReg$208
instanceKlass simrskhanza/DlgReg$207
instanceKlass simrskhanza/DlgReg$206
instanceKlass simrskhanza/DlgReg$205
instanceKlass simrskhanza/DlgReg$204
instanceKlass simrskhanza/DlgReg$203
instanceKlass simrskhanza/DlgReg$202
instanceKlass simrskhanza/DlgReg$201
instanceKlass simrskhanza/DlgReg$200
instanceKlass simrskhanza/DlgReg$199
instanceKlass simrskhanza/DlgReg$198
instanceKlass simrskhanza/DlgReg$197
instanceKlass simrskhanza/DlgReg$196
instanceKlass simrskhanza/DlgReg$195
instanceKlass simrskhanza/DlgReg$194
instanceKlass simrskhanza/DlgReg$193
instanceKlass simrskhanza/DlgReg$192
instanceKlass simrskhanza/DlgReg$191
instanceKlass simrskhanza/DlgReg$190
instanceKlass simrskhanza/DlgReg$189
instanceKlass simrskhanza/DlgReg$188
instanceKlass simrskhanza/DlgReg$187
instanceKlass simrskhanza/DlgReg$186
instanceKlass simrskhanza/DlgReg$185
instanceKlass simrskhanza/DlgReg$184
instanceKlass simrskhanza/DlgReg$183
instanceKlass simrskhanza/DlgReg$182
instanceKlass simrskhanza/DlgReg$181
instanceKlass simrskhanza/DlgReg$180
instanceKlass simrskhanza/DlgReg$179
instanceKlass simrskhanza/DlgReg$178
instanceKlass simrskhanza/DlgReg$177
instanceKlass simrskhanza/DlgReg$176
instanceKlass simrskhanza/DlgReg$175
instanceKlass simrskhanza/DlgReg$174
instanceKlass simrskhanza/DlgReg$173
instanceKlass simrskhanza/DlgReg$172
instanceKlass simrskhanza/DlgReg$171
instanceKlass simrskhanza/DlgReg$170
instanceKlass simrskhanza/DlgReg$169
instanceKlass simrskhanza/DlgReg$168
instanceKlass simrskhanza/DlgReg$167
instanceKlass simrskhanza/DlgReg$166
instanceKlass simrskhanza/DlgReg$165
instanceKlass simrskhanza/DlgReg$164
instanceKlass simrskhanza/DlgReg$163
instanceKlass simrskhanza/DlgReg$162
instanceKlass simrskhanza/DlgReg$161
instanceKlass simrskhanza/DlgReg$160
instanceKlass simrskhanza/DlgReg$159
instanceKlass simrskhanza/DlgReg$158
instanceKlass simrskhanza/DlgReg$157
instanceKlass simrskhanza/DlgReg$156
instanceKlass simrskhanza/DlgReg$155
instanceKlass simrskhanza/DlgReg$154
instanceKlass simrskhanza/DlgReg$153
instanceKlass simrskhanza/DlgReg$152
instanceKlass simrskhanza/DlgReg$151
instanceKlass simrskhanza/DlgReg$150
instanceKlass simrskhanza/DlgReg$149
instanceKlass simrskhanza/DlgReg$148
instanceKlass simrskhanza/DlgReg$147
instanceKlass simrskhanza/DlgReg$146
instanceKlass simrskhanza/DlgReg$145
instanceKlass simrskhanza/DlgReg$144
instanceKlass simrskhanza/DlgReg$143
instanceKlass simrskhanza/DlgReg$142
instanceKlass simrskhanza/DlgReg$141
instanceKlass simrskhanza/DlgReg$140
instanceKlass simrskhanza/DlgReg$139
instanceKlass simrskhanza/DlgReg$138
instanceKlass simrskhanza/DlgReg$137
instanceKlass simrskhanza/DlgReg$136
instanceKlass simrskhanza/DlgReg$135
instanceKlass simrskhanza/DlgReg$134
instanceKlass simrskhanza/DlgReg$133
instanceKlass simrskhanza/DlgReg$132
instanceKlass simrskhanza/DlgReg$131
instanceKlass simrskhanza/DlgReg$130
instanceKlass simrskhanza/DlgReg$129
instanceKlass simrskhanza/DlgReg$128
instanceKlass simrskhanza/DlgReg$127
instanceKlass simrskhanza/DlgReg$126
instanceKlass simrskhanza/DlgReg$125
instanceKlass simrskhanza/DlgReg$124
instanceKlass simrskhanza/DlgReg$123
instanceKlass simrskhanza/DlgReg$122
instanceKlass simrskhanza/DlgReg$121
instanceKlass simrskhanza/DlgReg$120
instanceKlass simrskhanza/DlgReg$119
instanceKlass simrskhanza/DlgReg$118
instanceKlass simrskhanza/DlgReg$117
instanceKlass simrskhanza/DlgReg$116
instanceKlass simrskhanza/DlgReg$115
instanceKlass simrskhanza/DlgReg$114
instanceKlass simrskhanza/DlgReg$113
instanceKlass simrskhanza/DlgReg$112
instanceKlass simrskhanza/DlgReg$111
instanceKlass simrskhanza/DlgReg$110
instanceKlass simrskhanza/DlgReg$109
instanceKlass simrskhanza/DlgReg$108
instanceKlass simrskhanza/DlgReg$107
instanceKlass simrskhanza/DlgReg$106
instanceKlass simrskhanza/DlgReg$105
instanceKlass simrskhanza/DlgReg$104
instanceKlass simrskhanza/DlgReg$103
instanceKlass simrskhanza/DlgReg$102
instanceKlass simrskhanza/DlgReg$101
instanceKlass simrskhanza/DlgReg$100
instanceKlass simrskhanza/DlgReg$99
instanceKlass simrskhanza/DlgReg$98
instanceKlass simrskhanza/DlgReg$97
instanceKlass simrskhanza/DlgReg$96
instanceKlass simrskhanza/DlgReg$95
instanceKlass simrskhanza/DlgReg$94
instanceKlass simrskhanza/DlgReg$93
instanceKlass simrskhanza/DlgReg$92
instanceKlass simrskhanza/DlgReg$91
instanceKlass simrskhanza/DlgReg$90
instanceKlass simrskhanza/DlgReg$89
instanceKlass simrskhanza/DlgReg$88
instanceKlass simrskhanza/DlgReg$87
instanceKlass simrskhanza/DlgReg$86
instanceKlass simrskhanza/DlgReg$85
instanceKlass simrskhanza/DlgReg$84
instanceKlass simrskhanza/DlgReg$83
instanceKlass simrskhanza/DlgReg$82
instanceKlass simrskhanza/DlgReg$81
instanceKlass simrskhanza/DlgReg$80
instanceKlass simrskhanza/DlgReg$79
instanceKlass simrskhanza/DlgReg$78
instanceKlass simrskhanza/DlgReg$77
instanceKlass simrskhanza/DlgReg$76
instanceKlass simrskhanza/DlgReg$75
instanceKlass simrskhanza/DlgReg$74
instanceKlass simrskhanza/DlgReg$73
instanceKlass simrskhanza/DlgReg$72
instanceKlass simrskhanza/DlgReg$71
instanceKlass simrskhanza/DlgReg$70
instanceKlass simrskhanza/DlgReg$69
instanceKlass simrskhanza/DlgReg$68
instanceKlass simrskhanza/DlgReg$67
instanceKlass simrskhanza/DlgReg$66
instanceKlass simrskhanza/DlgReg$65
instanceKlass simrskhanza/DlgReg$64
instanceKlass simrskhanza/DlgReg$63
instanceKlass simrskhanza/DlgReg$62
instanceKlass simrskhanza/DlgReg$61
instanceKlass simrskhanza/DlgReg$60
instanceKlass simrskhanza/DlgReg$59
instanceKlass simrskhanza/DlgReg$58
instanceKlass simrskhanza/DlgReg$57
instanceKlass simrskhanza/DlgReg$56
instanceKlass simrskhanza/DlgReg$55
instanceKlass simrskhanza/DlgReg$54
instanceKlass simrskhanza/DlgReg$53
instanceKlass simrskhanza/DlgReg$52
instanceKlass simrskhanza/DlgReg$51
instanceKlass simrskhanza/DlgReg$50
instanceKlass simrskhanza/DlgReg$49
instanceKlass simrskhanza/DlgReg$48
instanceKlass simrskhanza/DlgReg$47
instanceKlass simrskhanza/DlgReg$46
instanceKlass simrskhanza/DlgReg$45
instanceKlass simrskhanza/DlgReg$44
instanceKlass simrskhanza/DlgReg$43
instanceKlass simrskhanza/DlgReg$42
instanceKlass simrskhanza/DlgReg$41
instanceKlass simrskhanza/DlgReg$40
instanceKlass simrskhanza/DlgReg$39
instanceKlass simrskhanza/DlgReg$38
instanceKlass simrskhanza/DlgReg$37
instanceKlass simrskhanza/DlgReg$36
instanceKlass simrskhanza/DlgReg$35
instanceKlass simrskhanza/DlgReg$34
instanceKlass simrskhanza/DlgReg$33
instanceKlass simrskhanza/DlgReg$32
instanceKlass simrskhanza/DlgReg$31
instanceKlass simrskhanza/DlgReg$30
instanceKlass simrskhanza/DlgReg$29
instanceKlass simrskhanza/DlgReg$28
instanceKlass simrskhanza/DlgReg$27
instanceKlass simrskhanza/DlgReg$26
instanceKlass simrskhanza/DlgReg$25
instanceKlass simrskhanza/DlgReg$24
instanceKlass simrskhanza/DlgReg$23
instanceKlass simrskhanza/DlgReg$22
instanceKlass simrskhanza/DlgReg$21
instanceKlass simrskhanza/DlgReg$20
instanceKlass simrskhanza/DlgReg$19
instanceKlass simrskhanza/DlgReg$18
instanceKlass simrskhanza/DlgRujukMasuk$4
instanceKlass simrskhanza/DlgRujukMasuk$45
instanceKlass simrskhanza/DlgRujukMasuk$40
instanceKlass simrskhanza/DlgRujukMasuk$35
instanceKlass simrskhanza/DlgRujukMasuk$33
instanceKlass simrskhanza/DlgRujukMasuk$30
instanceKlass simrskhanza/DlgRujukMasuk$28
instanceKlass simrskhanza/DlgRujukMasuk$26
instanceKlass simrskhanza/DlgRujukMasuk$24
instanceKlass simrskhanza/DlgRujukMasuk$22
instanceKlass simrskhanza/DlgRujukMasuk$20
instanceKlass simrskhanza/DlgRujukMasuk$18
instanceKlass simrskhanza/DlgRujukMasuk$15
instanceKlass simrskhanza/DlgRujukMasuk$14
instanceKlass simrskhanza/DlgRujukMasuk$13
instanceKlass simrskhanza/DlgRujukMasuk$12
instanceKlass simrskhanza/DlgRujukMasuk$10
instanceKlass simrskhanza/DlgRujukMasuk$8
instanceKlass laporan/DlgCariPenyakit$12
instanceKlass laporan/DlgCariPenyakit$11
instanceKlass laporan/DlgCariPenyakit$9
instanceKlass laporan/DlgCariPenyakit$7
instanceKlass laporan/DlgPenyakit$32
instanceKlass laporan/DlgPenyakit$28
instanceKlass laporan/DlgPenyakit$21
instanceKlass laporan/DlgPenyakit$19
instanceKlass laporan/DlgPenyakit$16
instanceKlass laporan/DlgPenyakit$14
instanceKlass laporan/DlgPenyakit$12
instanceKlass laporan/DlgPenyakit$10
instanceKlass laporan/DlgPenyakit$8
instanceKlass laporan/DlgPenyakit$6
instanceKlass laporan/DlgKtgPenyakit$21
instanceKlass laporan/DlgKtgPenyakit$19
instanceKlass laporan/DlgKtgPenyakit$16
instanceKlass laporan/DlgKtgPenyakit$14
instanceKlass laporan/DlgKtgPenyakit$12
instanceKlass laporan/DlgKtgPenyakit$10
instanceKlass laporan/DlgKtgPenyakit$8
instanceKlass laporan/DlgKtgPenyakit$6
instanceKlass simrskhanza/DlgCariPoli2$12
instanceKlass simrskhanza/DlgCariPoli2$11
instanceKlass simrskhanza/DlgCariPoli2$9
instanceKlass simrskhanza/DlgCariPoli2$7
instanceKlass kepegawaian/DlgCariDokter2$12
instanceKlass kepegawaian/DlgCariDokter2$11
instanceKlass kepegawaian/DlgCariDokter2$9
instanceKlass kepegawaian/DlgCariDokter2$7
instanceKlass simrskhanza/DlgPasien$42
instanceKlass simrskhanza/DlgPasien$41
instanceKlass simrskhanza/DlgPasien$40
instanceKlass simrskhanza/DlgPasien$39
instanceKlass simrskhanza/DlgPasien$38
instanceKlass simrskhanza/DlgPasien$37
instanceKlass simrskhanza/DlgPasien$36
instanceKlass simrskhanza/DlgPasien$35
instanceKlass simrskhanza/DlgPasien$34
instanceKlass simrskhanza/DlgPasien$33
instanceKlass simrskhanza/DlgPasien$32
instanceKlass simrskhanza/DlgPasien$31
instanceKlass simrskhanza/DlgPasien$30
instanceKlass simrskhanza/DlgPasien$29
instanceKlass simrskhanza/DlgPasien$28
instanceKlass simrskhanza/DlgPasien$27
instanceKlass simrskhanza/DlgPasien$26
instanceKlass simrskhanza/DlgPasien$25
instanceKlass simrskhanza/DlgPasien$24
instanceKlass simrskhanza/DlgPasien$23
instanceKlass simrskhanza/DlgPasien$22
instanceKlass simrskhanza/DlgPasien$21
instanceKlass simrskhanza/DlgPasien$20
instanceKlass simrskhanza/DlgPasien$19
instanceKlass simrskhanza/DlgPasien$18
instanceKlass simrskhanza/DlgPasien$17
instanceKlass simrskhanza/DlgPasien$16
instanceKlass simrskhanza/DlgPasien$15
instanceKlass simrskhanza/DlgPasien$14
instanceKlass simrskhanza/DlgPasien$13
instanceKlass simrskhanza/DlgPasien$12
instanceKlass simrskhanza/DlgPasien$11
instanceKlass simrskhanza/DlgPasien$10
instanceKlass simrskhanza/DlgPasien$9
instanceKlass simrskhanza/DlgPasien$8
instanceKlass simrskhanza/DlgPasien$7
instanceKlass simrskhanza/DlgPasien$6
instanceKlass simrskhanza/DlgPasien$5
instanceKlass simrskhanza/DlgPasien$234
instanceKlass simrskhanza/DlgPasien$233
instanceKlass simrskhanza/DlgPasien$232
instanceKlass simrskhanza/DlgPasien$231
instanceKlass simrskhanza/DlgPasien$223
instanceKlass simrskhanza/DlgPasien$219
instanceKlass simrskhanza/DlgPasien$218
instanceKlass simrskhanza/DlgPasien$211
instanceKlass simrskhanza/DlgPasien$210
instanceKlass simrskhanza/DlgPasien$209
instanceKlass simrskhanza/DlgPasien$208
instanceKlass simrskhanza/DlgPasien$207
instanceKlass simrskhanza/DlgPasien$206
instanceKlass simrskhanza/DlgPasien$205
instanceKlass simrskhanza/DlgPasien$204
instanceKlass simrskhanza/DlgPasien$203
instanceKlass simrskhanza/DlgPasien$202
instanceKlass simrskhanza/DlgPasien$201
instanceKlass simrskhanza/DlgPasien$199
instanceKlass simrskhanza/DlgPasien$197
instanceKlass simrskhanza/DlgPasien$195
instanceKlass simrskhanza/DlgPasien$191
instanceKlass simrskhanza/DlgPasien$190
instanceKlass simrskhanza/DlgPasien$185
instanceKlass simrskhanza/DlgPasien$184
instanceKlass simrskhanza/DlgPasien$180
instanceKlass simrskhanza/DlgPasien$171
instanceKlass simrskhanza/DlgPasien$170
instanceKlass simrskhanza/DlgPasien$169
instanceKlass simrskhanza/DlgPasien$168
instanceKlass simrskhanza/DlgPasien$158
instanceKlass simrskhanza/DlgPasien$151
instanceKlass simrskhanza/DlgPasien$150
instanceKlass simrskhanza/DlgPasien$141
instanceKlass simrskhanza/DlgPasien$134
instanceKlass simrskhanza/DlgPasien$130
instanceKlass simrskhanza/DlgPasien$128
instanceKlass simrskhanza/DlgPasien$126
instanceKlass simrskhanza/DlgPasien$124
instanceKlass simrskhanza/DlgPasien$122
instanceKlass simrskhanza/DlgPasien$120
instanceKlass simrskhanza/DlgPasien$118
instanceKlass simrskhanza/DlgPasien$114
instanceKlass simrskhanza/DlgPasien$112
instanceKlass simrskhanza/DlgPasien$111
instanceKlass simrskhanza/DlgPasien$110
instanceKlass simrskhanza/DlgPasien$109
instanceKlass simrskhanza/DlgPasien$108
instanceKlass simrskhanza/DlgPasien$107
instanceKlass simrskhanza/DlgPasien$106
instanceKlass simrskhanza/DlgPasien$104
instanceKlass simrskhanza/DlgPasien$103
instanceKlass simrskhanza/DlgPasien$102
instanceKlass simrskhanza/DlgPasien$101
instanceKlass simrskhanza/DlgPasien$100
instanceKlass simrskhanza/DlgPasien$99
instanceKlass simrskhanza/DlgPasien$98
instanceKlass simrskhanza/DlgPasien$97
instanceKlass simrskhanza/DlgPasien$96
instanceKlass simrskhanza/DlgPasien$95
instanceKlass simrskhanza/DlgPasien$94
instanceKlass simrskhanza/DlgPasien$93
instanceKlass simrskhanza/DlgPasien$92
instanceKlass simrskhanza/DlgPasien$91
instanceKlass simrskhanza/DlgPasien$90
instanceKlass simrskhanza/DlgPasien$89
instanceKlass simrskhanza/DlgPasien$88
instanceKlass simrskhanza/DlgPasien$87
instanceKlass simrskhanza/DlgPasien$86
instanceKlass simrskhanza/DlgPasien$85
instanceKlass simrskhanza/DlgPasien$84
instanceKlass simrskhanza/DlgPasien$83
instanceKlass simrskhanza/DlgPasien$82
instanceKlass simrskhanza/DlgPasien$81
instanceKlass simrskhanza/DlgPasien$80
instanceKlass simrskhanza/DlgPasien$79
instanceKlass simrskhanza/DlgPasien$78
instanceKlass simrskhanza/DlgPasien$77
instanceKlass simrskhanza/DlgPasien$76
instanceKlass simrskhanza/DlgPasien$75
instanceKlass simrskhanza/DlgPasien$74
instanceKlass simrskhanza/DlgPasien$73
instanceKlass simrskhanza/DlgPasien$72
instanceKlass simrskhanza/DlgPasien$71
instanceKlass simrskhanza/DlgPasien$70
instanceKlass simrskhanza/DlgPasien$69
instanceKlass simrskhanza/DlgPasien$68
instanceKlass simrskhanza/DlgPasien$67
instanceKlass simrskhanza/DlgPasien$66
instanceKlass simrskhanza/DlgPasien$65
instanceKlass simrskhanza/DlgPasien$64
instanceKlass simrskhanza/DlgPasien$63
instanceKlass simrskhanza/DlgPasien$62
instanceKlass simrskhanza/DlgPasien$61
instanceKlass simrskhanza/DlgPasien$60
instanceKlass simrskhanza/DlgPasien$59
instanceKlass simrskhanza/DlgPasien$58
instanceKlass simrskhanza/DlgPasien$57
instanceKlass simrskhanza/DlgPasien$56
instanceKlass simrskhanza/DlgPasien$55
instanceKlass simrskhanza/DlgPasien$54
instanceKlass simrskhanza/DlgPasien$53
instanceKlass simrskhanza/DlgPasien$52
instanceKlass simrskhanza/DlgPasien$51
instanceKlass simrskhanza/DlgPasien$50
instanceKlass simrskhanza/DlgPasien$49
instanceKlass simrskhanza/DlgPasien$48
instanceKlass simrskhanza/DlgPasien$47
instanceKlass simrskhanza/DlgPasien$46
instanceKlass simrskhanza/DlgPasien$45
instanceKlass simrskhanza/DlgPasien$44
instanceKlass simrskhanza/DlgPasien$43
instanceKlass bridging/YaskiReferensiKelurahan$4
instanceKlass bridging/YaskiReferensiKelurahan$3
instanceKlass bridging/YaskiReferensiKelurahan$9
instanceKlass bridging/YaskiReferensiKelurahan$8
instanceKlass bridging/YaskiReferensiKelurahan$6
instanceKlass bridging/YaskiReferensiKecamatan$4
instanceKlass bridging/YaskiReferensiKecamatan$3
instanceKlass bridging/YaskiReferensiKecamatan$9
instanceKlass bridging/YaskiReferensiKecamatan$8
instanceKlass bridging/YaskiReferensiKecamatan$6
instanceKlass bridging/YaskiReferensiKabupaten$4
instanceKlass bridging/YaskiReferensiKabupaten$3
instanceKlass bridging/YaskiReferensiKabupaten$9
instanceKlass bridging/YaskiReferensiKabupaten$8
instanceKlass bridging/YaskiReferensiKabupaten$6
instanceKlass bridging/YaskiReferensiPropinsi$6
instanceKlass bridging/YaskiReferensiPropinsi$4
instanceKlass simrskhanza/DlgJabatanPolri$18
instanceKlass simrskhanza/DlgJabatanPolri$16
instanceKlass simrskhanza/DlgJabatanPolri$14
instanceKlass simrskhanza/DlgJabatanPolri$12
instanceKlass simrskhanza/DlgJabatanPolri$10
instanceKlass simrskhanza/DlgJabatanPolri$8
instanceKlass simrskhanza/DlgPangkatPolri$18
instanceKlass simrskhanza/DlgPangkatPolri$16
instanceKlass simrskhanza/DlgPangkatPolri$14
instanceKlass simrskhanza/DlgPangkatPolri$12
instanceKlass simrskhanza/DlgPangkatPolri$10
instanceKlass simrskhanza/DlgPangkatPolri$8
instanceKlass simrskhanza/DlgSatuanPolri$18
instanceKlass simrskhanza/DlgSatuanPolri$16
instanceKlass simrskhanza/DlgSatuanPolri$14
instanceKlass simrskhanza/DlgSatuanPolri$12
instanceKlass simrskhanza/DlgSatuanPolri$10
instanceKlass simrskhanza/DlgSatuanPolri$8
instanceKlass simrskhanza/DlgGolonganPolri$18
instanceKlass simrskhanza/DlgGolonganPolri$16
instanceKlass simrskhanza/DlgGolonganPolri$14
instanceKlass simrskhanza/DlgGolonganPolri$12
instanceKlass simrskhanza/DlgGolonganPolri$10
instanceKlass simrskhanza/DlgGolonganPolri$8
instanceKlass simrskhanza/DlgJabatanTNI$18
instanceKlass simrskhanza/DlgJabatanTNI$16
instanceKlass simrskhanza/DlgJabatanTNI$14
instanceKlass simrskhanza/DlgJabatanTNI$12
instanceKlass simrskhanza/DlgJabatanTNI$10
instanceKlass simrskhanza/DlgJabatanTNI$8
instanceKlass simrskhanza/DlgPangkatTNI$18
instanceKlass simrskhanza/DlgPangkatTNI$16
instanceKlass simrskhanza/DlgPangkatTNI$14
instanceKlass simrskhanza/DlgPangkatTNI$12
instanceKlass simrskhanza/DlgPangkatTNI$10
instanceKlass simrskhanza/DlgPangkatTNI$8
instanceKlass simrskhanza/DlgSatuanTNI$18
instanceKlass simrskhanza/DlgSatuanTNI$16
instanceKlass simrskhanza/DlgSatuanTNI$14
instanceKlass simrskhanza/DlgSatuanTNI$12
instanceKlass simrskhanza/DlgSatuanTNI$10
instanceKlass simrskhanza/DlgSatuanTNI$8
instanceKlass simrskhanza/DlgGolonganTNI$18
instanceKlass simrskhanza/DlgGolonganTNI$16
instanceKlass simrskhanza/DlgGolonganTNI$14
instanceKlass simrskhanza/DlgGolonganTNI$12
instanceKlass simrskhanza/DlgGolonganTNI$10
instanceKlass simrskhanza/DlgGolonganTNI$8
instanceKlass simrskhanza/DlgCariSuku$12
instanceKlass simrskhanza/DlgCariSuku$11
instanceKlass simrskhanza/DlgCariSuku$9
instanceKlass simrskhanza/DlgCariSuku$7
instanceKlass simrskhanza/DlgCariCacatFisik$12
instanceKlass simrskhanza/DlgCariCacatFisik$11
instanceKlass simrskhanza/DlgCariCacatFisik$9
instanceKlass simrskhanza/DlgCariCacatFisik$7
instanceKlass simrskhanza/DlgCariBahasa$12
instanceKlass simrskhanza/DlgCariBahasa$11
instanceKlass simrskhanza/DlgCariBahasa$9
instanceKlass simrskhanza/DlgCariBahasa$7
instanceKlass simrskhanza/DlgCariPerusahaan$12
instanceKlass simrskhanza/DlgCariPerusahaan$11
instanceKlass simrskhanza/DlgCariPerusahaan$9
instanceKlass simrskhanza/DlgCariPerusahaan$7
instanceKlass simrskhanza/DlgKelurahan$18
instanceKlass simrskhanza/DlgKelurahan$16
instanceKlass simrskhanza/DlgKelurahan$14
instanceKlass simrskhanza/DlgKelurahan$12
instanceKlass simrskhanza/DlgKelurahan$10
instanceKlass simrskhanza/DlgKelurahan$8
instanceKlass simrskhanza/DlgKecamatan$18
instanceKlass simrskhanza/DlgKecamatan$16
instanceKlass simrskhanza/DlgKecamatan$14
instanceKlass simrskhanza/DlgKecamatan$12
instanceKlass simrskhanza/DlgKecamatan$10
instanceKlass simrskhanza/DlgKecamatan$8
instanceKlass simrskhanza/DlgPropinsi$18
instanceKlass simrskhanza/DlgPropinsi$16
instanceKlass simrskhanza/DlgPropinsi$14
instanceKlass simrskhanza/DlgPropinsi$12
instanceKlass simrskhanza/DlgPropinsi$10
instanceKlass simrskhanza/DlgPropinsi$8
instanceKlass simrskhanza/DlgKabupaten$18
instanceKlass simrskhanza/DlgKabupaten$16
instanceKlass simrskhanza/DlgKabupaten$14
instanceKlass simrskhanza/DlgKabupaten$12
instanceKlass simrskhanza/DlgKabupaten$10
instanceKlass simrskhanza/DlgKabupaten$8
instanceKlass org/jfree/data/general/PieDataset
instanceKlass org/jfree/data/KeyedValues
instanceKlass org/jfree/data/Values
instanceKlass org/jfree/data/category/CategoryDataset
instanceKlass org/jfree/data/general/Dataset
instanceKlass org/jfree/data/KeyedValues2D
instanceKlass org/jfree/data/Values2D
instanceKlass simrskhanza/DlgKasirRalan$10
instanceKlass simrskhanza/DlgKasirRalan$9
instanceKlass simrskhanza/DlgKasirRalan$8
instanceKlass simrskhanza/DlgKasirRalan$7
instanceKlass simrskhanza/DlgKasirRalan$6
instanceKlass simrskhanza/DlgKasirRalan$5
instanceKlass simrskhanza/DlgKasirRalan$335
instanceKlass simrskhanza/DlgKasirRalan$333
instanceKlass simrskhanza/DlgKasirRalan$331
instanceKlass simrskhanza/DlgKasirRalan$329
instanceKlass simrskhanza/DlgKasirRalan$327
instanceKlass simrskhanza/DlgKasirRalan$325
instanceKlass simrskhanza/DlgKasirRalan$322
instanceKlass simrskhanza/DlgKasirRalan$313
instanceKlass simrskhanza/DlgKasirRalan$312
instanceKlass simrskhanza/DlgKasirRalan$311
instanceKlass simrskhanza/DlgKasirRalan$310
instanceKlass simrskhanza/DlgKasirRalan$308
instanceKlass simrskhanza/DlgKasirRalan$306
instanceKlass simrskhanza/DlgKasirRalan$304
instanceKlass simrskhanza/DlgKasirRalan$302
instanceKlass simrskhanza/DlgKasirRalan$300
instanceKlass simrskhanza/DlgKasirRalan$299
instanceKlass simrskhanza/DlgKasirRalan$298
instanceKlass simrskhanza/DlgKasirRalan$297
instanceKlass simrskhanza/DlgKasirRalan$296
instanceKlass simrskhanza/DlgKasirRalan$295
instanceKlass simrskhanza/DlgKasirRalan$294
instanceKlass simrskhanza/DlgKasirRalan$293
instanceKlass simrskhanza/DlgKasirRalan$290
instanceKlass simrskhanza/DlgKasirRalan$289
instanceKlass simrskhanza/DlgKasirRalan$288
instanceKlass simrskhanza/DlgKasirRalan$287
instanceKlass simrskhanza/DlgKasirRalan$286
instanceKlass simrskhanza/DlgKasirRalan$285
instanceKlass simrskhanza/DlgKasirRalan$284
instanceKlass simrskhanza/DlgKasirRalan$283
instanceKlass simrskhanza/DlgKasirRalan$282
instanceKlass simrskhanza/DlgKasirRalan$281
instanceKlass simrskhanza/DlgKasirRalan$280
instanceKlass simrskhanza/DlgKasirRalan$279
instanceKlass simrskhanza/DlgKasirRalan$278
instanceKlass simrskhanza/DlgKasirRalan$277
instanceKlass simrskhanza/DlgKasirRalan$276
instanceKlass simrskhanza/DlgKasirRalan$275
instanceKlass simrskhanza/DlgKasirRalan$274
instanceKlass simrskhanza/DlgKasirRalan$273
instanceKlass simrskhanza/DlgKasirRalan$272
instanceKlass simrskhanza/DlgKasirRalan$271
instanceKlass simrskhanza/DlgKasirRalan$270
instanceKlass simrskhanza/DlgKasirRalan$269
instanceKlass simrskhanza/DlgKasirRalan$268
instanceKlass simrskhanza/DlgKasirRalan$267
instanceKlass simrskhanza/DlgKasirRalan$266
instanceKlass simrskhanza/DlgKasirRalan$265
instanceKlass simrskhanza/DlgKasirRalan$264
instanceKlass simrskhanza/DlgKasirRalan$263
instanceKlass simrskhanza/DlgKasirRalan$262
instanceKlass simrskhanza/DlgKasirRalan$261
instanceKlass simrskhanza/DlgKasirRalan$260
instanceKlass simrskhanza/DlgKasirRalan$259
instanceKlass simrskhanza/DlgKasirRalan$258
instanceKlass simrskhanza/DlgKasirRalan$257
instanceKlass simrskhanza/DlgKasirRalan$256
instanceKlass simrskhanza/DlgKasirRalan$255
instanceKlass simrskhanza/DlgKasirRalan$254
instanceKlass simrskhanza/DlgKasirRalan$253
instanceKlass simrskhanza/DlgKasirRalan$252
instanceKlass simrskhanza/DlgKasirRalan$251
instanceKlass simrskhanza/DlgKasirRalan$249
instanceKlass simrskhanza/DlgKasirRalan$248
instanceKlass simrskhanza/DlgKasirRalan$247
instanceKlass simrskhanza/DlgKasirRalan$245
instanceKlass simrskhanza/DlgKasirRalan$244
instanceKlass simrskhanza/DlgKasirRalan$242
instanceKlass simrskhanza/DlgKasirRalan$239
instanceKlass simrskhanza/DlgKasirRalan$237
instanceKlass simrskhanza/DlgKasirRalan$235
instanceKlass simrskhanza/DlgKasirRalan$233
instanceKlass simrskhanza/DlgKasirRalan$231
instanceKlass simrskhanza/DlgKasirRalan$228
instanceKlass simrskhanza/DlgKasirRalan$227
instanceKlass simrskhanza/DlgKasirRalan$226
instanceKlass simrskhanza/DlgKasirRalan$225
instanceKlass simrskhanza/DlgKasirRalan$224
instanceKlass simrskhanza/DlgKasirRalan$223
instanceKlass simrskhanza/DlgKasirRalan$222
instanceKlass simrskhanza/DlgKasirRalan$221
instanceKlass simrskhanza/DlgKasirRalan$220
instanceKlass simrskhanza/DlgKasirRalan$219
instanceKlass simrskhanza/DlgKasirRalan$218
instanceKlass simrskhanza/DlgKasirRalan$217
instanceKlass simrskhanza/DlgKasirRalan$216
instanceKlass simrskhanza/DlgKasirRalan$215
instanceKlass simrskhanza/DlgKasirRalan$214
instanceKlass simrskhanza/DlgKasirRalan$213
instanceKlass simrskhanza/DlgKasirRalan$212
instanceKlass simrskhanza/DlgKasirRalan$211
instanceKlass simrskhanza/DlgKasirRalan$210
instanceKlass simrskhanza/DlgKasirRalan$209
instanceKlass simrskhanza/DlgKasirRalan$208
instanceKlass simrskhanza/DlgKasirRalan$207
instanceKlass simrskhanza/DlgKasirRalan$206
instanceKlass simrskhanza/DlgKasirRalan$205
instanceKlass simrskhanza/DlgKasirRalan$204
instanceKlass simrskhanza/DlgKasirRalan$203
instanceKlass simrskhanza/DlgKasirRalan$202
instanceKlass simrskhanza/DlgKasirRalan$201
instanceKlass simrskhanza/DlgKasirRalan$200
instanceKlass simrskhanza/DlgKasirRalan$199
instanceKlass simrskhanza/DlgKasirRalan$198
instanceKlass simrskhanza/DlgKasirRalan$197
instanceKlass simrskhanza/DlgKasirRalan$196
instanceKlass simrskhanza/DlgKasirRalan$195
instanceKlass simrskhanza/DlgKasirRalan$194
instanceKlass simrskhanza/DlgKasirRalan$193
instanceKlass simrskhanza/DlgKasirRalan$192
instanceKlass simrskhanza/DlgKasirRalan$191
instanceKlass simrskhanza/DlgKasirRalan$190
instanceKlass simrskhanza/DlgKasirRalan$189
instanceKlass simrskhanza/DlgKasirRalan$188
instanceKlass simrskhanza/DlgKasirRalan$187
instanceKlass simrskhanza/DlgKasirRalan$186
instanceKlass simrskhanza/DlgKasirRalan$185
instanceKlass simrskhanza/DlgKasirRalan$184
instanceKlass simrskhanza/DlgKasirRalan$183
instanceKlass simrskhanza/DlgKasirRalan$182
instanceKlass simrskhanza/DlgKasirRalan$181
instanceKlass simrskhanza/DlgKasirRalan$180
instanceKlass simrskhanza/DlgKasirRalan$179
instanceKlass simrskhanza/DlgKasirRalan$178
instanceKlass simrskhanza/DlgKasirRalan$177
instanceKlass simrskhanza/DlgKasirRalan$176
instanceKlass simrskhanza/DlgKasirRalan$175
instanceKlass simrskhanza/DlgKasirRalan$174
instanceKlass simrskhanza/DlgKasirRalan$173
instanceKlass simrskhanza/DlgKasirRalan$172
instanceKlass simrskhanza/DlgKasirRalan$171
instanceKlass simrskhanza/DlgKasirRalan$170
instanceKlass simrskhanza/DlgKasirRalan$169
instanceKlass simrskhanza/DlgKasirRalan$168
instanceKlass simrskhanza/DlgKasirRalan$167
instanceKlass simrskhanza/DlgKasirRalan$166
instanceKlass simrskhanza/DlgKasirRalan$165
instanceKlass simrskhanza/DlgKasirRalan$164
instanceKlass simrskhanza/DlgKasirRalan$163
instanceKlass simrskhanza/DlgKasirRalan$162
instanceKlass simrskhanza/DlgKasirRalan$161
instanceKlass simrskhanza/DlgKasirRalan$160
instanceKlass simrskhanza/DlgKasirRalan$159
instanceKlass simrskhanza/DlgKasirRalan$158
instanceKlass simrskhanza/DlgKasirRalan$157
instanceKlass simrskhanza/DlgKasirRalan$156
instanceKlass simrskhanza/DlgKasirRalan$155
instanceKlass simrskhanza/DlgKasirRalan$154
instanceKlass simrskhanza/DlgKasirRalan$153
instanceKlass simrskhanza/DlgKasirRalan$152
instanceKlass simrskhanza/DlgKasirRalan$151
instanceKlass simrskhanza/DlgKasirRalan$150
instanceKlass simrskhanza/DlgKasirRalan$149
instanceKlass simrskhanza/DlgKasirRalan$148
instanceKlass simrskhanza/DlgKasirRalan$147
instanceKlass simrskhanza/DlgKasirRalan$146
instanceKlass simrskhanza/DlgKasirRalan$145
instanceKlass simrskhanza/DlgKasirRalan$144
instanceKlass simrskhanza/DlgKasirRalan$143
instanceKlass simrskhanza/DlgKasirRalan$142
instanceKlass simrskhanza/DlgKasirRalan$141
instanceKlass simrskhanza/DlgKasirRalan$140
instanceKlass simrskhanza/DlgKasirRalan$139
instanceKlass simrskhanza/DlgKasirRalan$138
instanceKlass simrskhanza/DlgKasirRalan$137
instanceKlass simrskhanza/DlgKasirRalan$136
instanceKlass simrskhanza/DlgKasirRalan$135
instanceKlass simrskhanza/DlgKasirRalan$134
instanceKlass simrskhanza/DlgKasirRalan$133
instanceKlass simrskhanza/DlgKasirRalan$132
instanceKlass simrskhanza/DlgKasirRalan$131
instanceKlass simrskhanza/DlgKasirRalan$130
instanceKlass simrskhanza/DlgKasirRalan$129
instanceKlass simrskhanza/DlgKasirRalan$128
instanceKlass simrskhanza/DlgKasirRalan$127
instanceKlass simrskhanza/DlgKasirRalan$126
instanceKlass simrskhanza/DlgKasirRalan$125
instanceKlass simrskhanza/DlgKasirRalan$124
instanceKlass simrskhanza/DlgKasirRalan$123
instanceKlass simrskhanza/DlgKasirRalan$122
instanceKlass simrskhanza/DlgKasirRalan$121
instanceKlass simrskhanza/DlgKasirRalan$120
instanceKlass simrskhanza/DlgKasirRalan$119
instanceKlass simrskhanza/DlgKasirRalan$118
instanceKlass simrskhanza/DlgKasirRalan$117
instanceKlass simrskhanza/DlgKasirRalan$116
instanceKlass simrskhanza/DlgKasirRalan$115
instanceKlass simrskhanza/DlgKasirRalan$114
instanceKlass simrskhanza/DlgKasirRalan$113
instanceKlass simrskhanza/DlgKasirRalan$112
instanceKlass simrskhanza/DlgKasirRalan$111
instanceKlass simrskhanza/DlgKasirRalan$110
instanceKlass simrskhanza/DlgKasirRalan$109
instanceKlass simrskhanza/DlgKasirRalan$108
instanceKlass simrskhanza/DlgKasirRalan$107
instanceKlass simrskhanza/DlgKasirRalan$106
instanceKlass simrskhanza/DlgKasirRalan$105
instanceKlass simrskhanza/DlgKasirRalan$104
instanceKlass simrskhanza/DlgKasirRalan$103
instanceKlass simrskhanza/DlgKasirRalan$102
instanceKlass simrskhanza/DlgKasirRalan$101
instanceKlass simrskhanza/DlgKasirRalan$100
instanceKlass simrskhanza/DlgKasirRalan$99
instanceKlass simrskhanza/DlgKasirRalan$98
instanceKlass simrskhanza/DlgKasirRalan$97
instanceKlass simrskhanza/DlgKasirRalan$96
instanceKlass simrskhanza/DlgKasirRalan$95
instanceKlass simrskhanza/DlgKasirRalan$94
instanceKlass simrskhanza/DlgKasirRalan$93
instanceKlass simrskhanza/DlgKasirRalan$92
instanceKlass simrskhanza/DlgKasirRalan$91
instanceKlass simrskhanza/DlgKasirRalan$90
instanceKlass simrskhanza/DlgKasirRalan$89
instanceKlass simrskhanza/DlgKasirRalan$88
instanceKlass simrskhanza/DlgKasirRalan$87
instanceKlass simrskhanza/DlgKasirRalan$86
instanceKlass simrskhanza/DlgKasirRalan$85
instanceKlass simrskhanza/DlgKasirRalan$84
instanceKlass simrskhanza/DlgKasirRalan$83
instanceKlass simrskhanza/DlgKasirRalan$82
instanceKlass simrskhanza/DlgKasirRalan$81
instanceKlass simrskhanza/DlgKasirRalan$80
instanceKlass simrskhanza/DlgKasirRalan$79
instanceKlass simrskhanza/DlgKasirRalan$78
instanceKlass simrskhanza/DlgKasirRalan$77
instanceKlass simrskhanza/DlgKasirRalan$76
instanceKlass simrskhanza/DlgKasirRalan$75
instanceKlass simrskhanza/DlgKasirRalan$74
instanceKlass simrskhanza/DlgKasirRalan$73
instanceKlass simrskhanza/DlgKasirRalan$72
instanceKlass simrskhanza/DlgKasirRalan$71
instanceKlass simrskhanza/DlgKasirRalan$70
instanceKlass simrskhanza/DlgKasirRalan$69
instanceKlass simrskhanza/DlgKasirRalan$68
instanceKlass simrskhanza/DlgKasirRalan$67
instanceKlass simrskhanza/DlgKasirRalan$66
instanceKlass simrskhanza/DlgKasirRalan$65
instanceKlass simrskhanza/DlgKasirRalan$64
instanceKlass simrskhanza/DlgKasirRalan$63
instanceKlass simrskhanza/DlgKasirRalan$62
instanceKlass simrskhanza/DlgKasirRalan$61
instanceKlass simrskhanza/DlgKasirRalan$60
instanceKlass simrskhanza/DlgKasirRalan$59
instanceKlass simrskhanza/DlgKasirRalan$58
instanceKlass simrskhanza/DlgKasirRalan$57
instanceKlass simrskhanza/DlgKasirRalan$56
instanceKlass simrskhanza/DlgKasirRalan$55
instanceKlass simrskhanza/DlgKasirRalan$54
instanceKlass simrskhanza/DlgKasirRalan$53
instanceKlass simrskhanza/DlgKasirRalan$52
instanceKlass simrskhanza/DlgKasirRalan$51
instanceKlass simrskhanza/DlgKasirRalan$50
instanceKlass simrskhanza/DlgKasirRalan$49
instanceKlass simrskhanza/DlgKasirRalan$48
instanceKlass simrskhanza/DlgKasirRalan$47
instanceKlass simrskhanza/DlgKasirRalan$46
instanceKlass simrskhanza/DlgKasirRalan$45
instanceKlass simrskhanza/DlgKasirRalan$44
instanceKlass simrskhanza/DlgKasirRalan$43
instanceKlass simrskhanza/DlgKasirRalan$42
instanceKlass simrskhanza/DlgKasirRalan$41
instanceKlass simrskhanza/DlgKasirRalan$40
instanceKlass simrskhanza/DlgKasirRalan$39
instanceKlass simrskhanza/DlgKasirRalan$38
instanceKlass simrskhanza/DlgKasirRalan$37
instanceKlass simrskhanza/DlgKasirRalan$36
instanceKlass simrskhanza/DlgKasirRalan$35
instanceKlass simrskhanza/DlgKasirRalan$34
instanceKlass simrskhanza/DlgKasirRalan$33
instanceKlass simrskhanza/DlgKasirRalan$32
instanceKlass simrskhanza/DlgKasirRalan$31
instanceKlass simrskhanza/DlgKasirRalan$30
instanceKlass simrskhanza/DlgKasirRalan$29
instanceKlass simrskhanza/DlgKasirRalan$28
instanceKlass simrskhanza/DlgKasirRalan$27
instanceKlass simrskhanza/DlgKasirRalan$26
instanceKlass simrskhanza/DlgKasirRalan$25
instanceKlass simrskhanza/DlgKasirRalan$24
instanceKlass simrskhanza/DlgKasirRalan$23
instanceKlass simrskhanza/DlgKasirRalan$22
instanceKlass simrskhanza/DlgKasirRalan$21
instanceKlass simrskhanza/DlgKasirRalan$20
instanceKlass simrskhanza/DlgKasirRalan$19
instanceKlass simrskhanza/DlgKasirRalan$18
instanceKlass simrskhanza/DlgKasirRalan$17
instanceKlass simrskhanza/DlgKasirRalan$16
instanceKlass simrskhanza/DlgKasirRalan$15
instanceKlass simrskhanza/DlgKasirRalan$14
instanceKlass simrskhanza/DlgKasirRalan$13
instanceKlass simrskhanza/DlgKasirRalan$12
instanceKlass simrskhanza/DlgKasirRalan$11
instanceKlass simrskhanza/DlgRawatJalan$288
instanceKlass simrskhanza/DlgRawatJalan$26
instanceKlass simrskhanza/DlgRawatJalan$25
instanceKlass simrskhanza/DlgRawatJalan$24
instanceKlass simrskhanza/DlgRawatJalan$23
instanceKlass simrskhanza/DlgRawatJalan$22
instanceKlass simrskhanza/DlgRawatJalan$21
instanceKlass simrskhanza/DlgRawatJalan$20
instanceKlass simrskhanza/DlgRawatJalan$19
instanceKlass simrskhanza/DlgRawatJalan$18
instanceKlass simrskhanza/DlgRawatJalan$17
instanceKlass simrskhanza/DlgRawatJalan$16
instanceKlass simrskhanza/DlgRawatJalan$15
instanceKlass simrskhanza/DlgRawatJalan$14
instanceKlass simrskhanza/DlgRawatJalan$13
instanceKlass simrskhanza/DlgRawatJalan$286
instanceKlass simrskhanza/DlgRawatJalan$285
instanceKlass simrskhanza/DlgRawatJalan$284
instanceKlass simrskhanza/DlgRawatJalan$283
instanceKlass simrskhanza/DlgRawatJalan$282
instanceKlass simrskhanza/DlgRawatJalan$281
instanceKlass simrskhanza/DlgRawatJalan$280
instanceKlass simrskhanza/DlgRawatJalan$279
instanceKlass simrskhanza/DlgRawatJalan$278
instanceKlass simrskhanza/DlgRawatJalan$277
instanceKlass simrskhanza/DlgRawatJalan$276
instanceKlass simrskhanza/DlgRawatJalan$275
instanceKlass simrskhanza/DlgRawatJalan$274
instanceKlass simrskhanza/DlgRawatJalan$273
instanceKlass simrskhanza/DlgRawatJalan$272
instanceKlass simrskhanza/DlgRawatJalan$271
instanceKlass simrskhanza/DlgRawatJalan$270
instanceKlass simrskhanza/DlgRawatJalan$269
instanceKlass simrskhanza/DlgRawatJalan$268
instanceKlass simrskhanza/DlgRawatJalan$267
instanceKlass simrskhanza/DlgRawatJalan$266
instanceKlass simrskhanza/DlgRawatJalan$265
instanceKlass simrskhanza/DlgRawatJalan$264
instanceKlass simrskhanza/DlgRawatJalan$263
instanceKlass simrskhanza/DlgRawatJalan$262
instanceKlass simrskhanza/DlgRawatJalan$261
instanceKlass simrskhanza/DlgRawatJalan$260
instanceKlass simrskhanza/DlgRawatJalan$259
instanceKlass simrskhanza/DlgRawatJalan$258
instanceKlass simrskhanza/DlgRawatJalan$257
instanceKlass simrskhanza/DlgRawatJalan$256
instanceKlass simrskhanza/DlgRawatJalan$255
instanceKlass simrskhanza/DlgRawatJalan$254
instanceKlass simrskhanza/DlgRawatJalan$253
instanceKlass simrskhanza/DlgRawatJalan$252
instanceKlass simrskhanza/DlgRawatJalan$251
instanceKlass simrskhanza/DlgRawatJalan$250
instanceKlass simrskhanza/DlgRawatJalan$249
instanceKlass simrskhanza/DlgRawatJalan$248
instanceKlass simrskhanza/DlgRawatJalan$247
instanceKlass simrskhanza/DlgRawatJalan$246
instanceKlass simrskhanza/DlgRawatJalan$245
instanceKlass simrskhanza/DlgRawatJalan$244
instanceKlass simrskhanza/DlgRawatJalan$243
instanceKlass simrskhanza/DlgRawatJalan$242
instanceKlass simrskhanza/DlgRawatJalan$241
instanceKlass simrskhanza/DlgRawatJalan$240
instanceKlass simrskhanza/DlgRawatJalan$239
instanceKlass simrskhanza/DlgRawatJalan$238
instanceKlass simrskhanza/DlgRawatJalan$237
instanceKlass simrskhanza/DlgRawatJalan$236
instanceKlass simrskhanza/DlgRawatJalan$235
instanceKlass simrskhanza/DlgRawatJalan$234
instanceKlass simrskhanza/DlgRawatJalan$233
instanceKlass simrskhanza/DlgRawatJalan$232
instanceKlass simrskhanza/DlgRawatJalan$231
instanceKlass simrskhanza/DlgRawatJalan$230
instanceKlass simrskhanza/DlgRawatJalan$229
instanceKlass simrskhanza/DlgRawatJalan$228
instanceKlass simrskhanza/DlgRawatJalan$227
instanceKlass simrskhanza/DlgRawatJalan$226
instanceKlass simrskhanza/DlgRawatJalan$225
instanceKlass simrskhanza/DlgRawatJalan$224
instanceKlass simrskhanza/DlgRawatJalan$223
instanceKlass simrskhanza/DlgRawatJalan$222
instanceKlass simrskhanza/DlgRawatJalan$221
instanceKlass simrskhanza/DlgRawatJalan$220
instanceKlass simrskhanza/DlgRawatJalan$219
instanceKlass simrskhanza/DlgRawatJalan$218
instanceKlass simrskhanza/DlgRawatJalan$217
instanceKlass simrskhanza/DlgRawatJalan$216
instanceKlass simrskhanza/DlgRawatJalan$215
instanceKlass simrskhanza/DlgRawatJalan$214
instanceKlass simrskhanza/DlgRawatJalan$213
instanceKlass simrskhanza/DlgRawatJalan$212
instanceKlass simrskhanza/DlgRawatJalan$211
instanceKlass simrskhanza/DlgRawatJalan$210
instanceKlass simrskhanza/DlgRawatJalan$209
instanceKlass simrskhanza/DlgRawatJalan$208
instanceKlass simrskhanza/DlgRawatJalan$207
instanceKlass simrskhanza/DlgRawatJalan$206
instanceKlass simrskhanza/DlgRawatJalan$205
instanceKlass simrskhanza/DlgRawatJalan$204
instanceKlass simrskhanza/DlgRawatJalan$203
instanceKlass simrskhanza/DlgRawatJalan$202
instanceKlass simrskhanza/DlgRawatJalan$201
instanceKlass simrskhanza/DlgRawatJalan$200
instanceKlass simrskhanza/DlgRawatJalan$199
instanceKlass simrskhanza/DlgRawatJalan$198
instanceKlass simrskhanza/DlgRawatJalan$197
instanceKlass simrskhanza/DlgRawatJalan$196
instanceKlass simrskhanza/DlgRawatJalan$195
instanceKlass simrskhanza/DlgRawatJalan$194
instanceKlass simrskhanza/DlgRawatJalan$193
instanceKlass simrskhanza/DlgRawatJalan$192
instanceKlass simrskhanza/DlgRawatJalan$183
instanceKlass simrskhanza/DlgRawatJalan$182
instanceKlass simrskhanza/DlgRawatJalan$180
instanceKlass simrskhanza/DlgRawatJalan$178
instanceKlass simrskhanza/DlgRawatJalan$177
instanceKlass simrskhanza/DlgRawatJalan$175
instanceKlass simrskhanza/DlgRawatJalan$168
instanceKlass simrskhanza/DlgRawatJalan$165
instanceKlass simrskhanza/DlgRawatJalan$147
instanceKlass simrskhanza/DlgRawatJalan$123
instanceKlass simrskhanza/DlgRawatJalan$120
instanceKlass simrskhanza/DlgRawatJalan$119
instanceKlass simrskhanza/DlgRawatJalan$117
instanceKlass simrskhanza/DlgRawatJalan$115
instanceKlass simrskhanza/DlgRawatJalan$113
instanceKlass simrskhanza/DlgRawatJalan$111
instanceKlass simrskhanza/DlgRawatJalan$109
instanceKlass simrskhanza/DlgRawatJalan$107
instanceKlass simrskhanza/DlgRawatJalan$105
instanceKlass simrskhanza/DlgRawatJalan$103
instanceKlass simrskhanza/DlgRawatJalan$101
instanceKlass simrskhanza/DlgRawatJalan$99
instanceKlass simrskhanza/DlgRawatJalan$97
instanceKlass simrskhanza/DlgRawatJalan$96
instanceKlass simrskhanza/DlgRawatJalan$95
instanceKlass simrskhanza/DlgRawatJalan$90
instanceKlass simrskhanza/DlgRawatJalan$75
instanceKlass simrskhanza/DlgRawatJalan$68
instanceKlass simrskhanza/DlgRawatJalan$66
instanceKlass simrskhanza/DlgRawatJalan$60
instanceKlass simrskhanza/DlgRawatJalan$54
instanceKlass simrskhanza/DlgRawatJalan$50
instanceKlass simrskhanza/DlgRawatJalan$48
instanceKlass simrskhanza/DlgRawatJalan$46
instanceKlass simrskhanza/DlgRawatJalan$43
instanceKlass simrskhanza/DlgRawatJalan$41
instanceKlass simrskhanza/DlgRawatJalan$39
instanceKlass simrskhanza/DlgRawatJalan$37
instanceKlass simrskhanza/DlgRawatJalan$35
instanceKlass simrskhanza/DlgRawatJalan$33
instanceKlass simrskhanza/DlgRawatJalan$31
instanceKlass simrskhanza/DlgRawatJalan$29
instanceKlass simrskhanza/DlgRawatJalan$27
instanceKlass laporan/DlgDiagnosaPenyakitSoap$5
instanceKlass laporan/DlgDiagnosaPenyakitSoap$4
instanceKlass laporan/DlgDiagnosaPenyakitSoap$3
instanceKlass laporan/DlgDiagnosaPenyakitSoap$2
instanceKlass laporan/DlgDiagnosaPenyakitSoap$21
instanceKlass laporan/DlgDiagnosaPenyakitSoap$19
instanceKlass laporan/DlgDiagnosaPenyakitSoap$17
instanceKlass laporan/DlgDiagnosaPenyakitSoap$15
instanceKlass laporan/DlgDiagnosaPenyakitSoap$13
instanceKlass laporan/DlgDiagnosaPenyakitSoap$11
instanceKlass laporan/DlgDiagnosaPenyakitSoap$9
instanceKlass laporan/DlgDiagnosaPenyakitSoap$7
instanceKlass rekammedis/DlgMasterP$26
instanceKlass rekammedis/DlgMasterP$24
instanceKlass rekammedis/DlgMasterP$22
instanceKlass rekammedis/DlgMasterP$20
instanceKlass rekammedis/DlgMasterP$18
instanceKlass rekammedis/DlgMasterP$16
instanceKlass rekammedis/DlgMasterP$14
instanceKlass rekammedis/DlgMasterP$12
instanceKlass rekammedis/DlgMasterP$10
instanceKlass rekammedis/DlgMasterP$8
instanceKlass rekammedis/DlgMasterO$26
instanceKlass rekammedis/DlgMasterO$24
instanceKlass rekammedis/DlgMasterO$22
instanceKlass rekammedis/DlgMasterO$20
instanceKlass rekammedis/DlgMasterO$18
instanceKlass rekammedis/DlgMasterO$16
instanceKlass rekammedis/DlgMasterO$14
instanceKlass rekammedis/DlgMasterO$12
instanceKlass rekammedis/DlgMasterO$10
instanceKlass rekammedis/DlgMasterO$8
instanceKlass rekammedis/DlgMasterS$26
instanceKlass rekammedis/DlgMasterS$24
instanceKlass rekammedis/DlgMasterS$22
instanceKlass rekammedis/DlgMasterS$20
instanceKlass rekammedis/DlgMasterS$18
instanceKlass rekammedis/DlgMasterS$16
instanceKlass rekammedis/DlgMasterS$14
instanceKlass rekammedis/DlgMasterS$12
instanceKlass rekammedis/DlgMasterS$10
instanceKlass rekammedis/DlgMasterS$8
instanceKlass rekammedis/MasterCariTemplateSOAPIE$13
instanceKlass rekammedis/MasterCariTemplateSOAPIE$12
instanceKlass rekammedis/MasterCariTemplateSOAPIE$10
instanceKlass rekammedis/MasterCariTemplateSOAPIE$8
instanceKlass rekammedis/MasterCariTemplateSOAPIE$6
instanceKlass com/sun/javafx/application/PlatformImpl$$Lambda$234
instanceKlass com/sun/glass/ui/InvokeLaterDispatcher$Future
instanceKlass java/util/concurrent/LinkedBlockingDeque$Node
instanceKlass com/sun/javafx/application/PlatformImpl$$Lambda$233
instanceKlass javafx/application/Platform
instanceKlass javafx/embed/swing/SwingNode$2
instanceKlass javafx/embed/swing/SwingNode$1
instanceKlass com/sun/javafx/sg/prism/NGNode
instanceKlass com/sun/javafx/embed/swing/SwingNodeHelper$SwingNodeAccessor
instanceKlass javafx/event/EventHandler
instanceKlass javafx/scene/Node$$Lambda$232
instanceKlass com/sun/javafx/scene/BoundsAccessor
instanceKlass java/lang/invoke/LambdaForm$DMH
instanceKlass javafx/collections/SetChangeListener$Change
instanceKlass com/sun/javafx/css/BitSet
instanceKlass javafx/css/PseudoClass
instanceKlass javafx/geometry/Point3D
instanceKlass com/sun/javafx/scene/transform/TransformHelper
instanceKlass javafx/scene/transform/Transform$1
instanceKlass javafx/event/EventDispatcher
instanceKlass com/sun/javafx/scene/transform/TransformHelper$TransformAccessor
instanceKlass javafx/scene/transform/Transform
instanceKlass javafx/scene/Node$1
instanceKlass com/sun/glass/ui/Accessible$EventHandler
instanceKlass javafx/beans/value/WritableDoubleValue
instanceKlass javafx/beans/value/WritableNumberValue
instanceKlass javafx/beans/binding/StringExpression
instanceKlass javafx/beans/value/ObservableStringValue
instanceKlass javafx/beans/value/WritableStringValue
instanceKlass javafx/css/StyleableProperty
instanceKlass com/sun/javafx/scene/NodeHelper$NodeAccessor
instanceKlass com/sun/javafx/scene/NodeHelper
instanceKlass javafx/embed/swing/JFXPanel$$Lambda$231
instanceKlass javafx/embed/swing/JFXPanel$$Lambda$230
instanceKlass javafx/embed/swing/JFXPanel$1
instanceKlass rekammedis/GambarOdontogram$$Lambda$229
instanceKlass rekammedis/GambarOdontogram$6
instanceKlass rekammedis/GambarOdontogram$4
instanceKlass rekammedis/GambarOdontogram$2
instanceKlass javax/swing/plaf/basic/BasicProgressBarUI$Handler
instanceKlass javax/swing/JProgressBar$ModelListener
instanceKlass com/sun/scenario/animation/AbstractMasterTimer$MainLoop
instanceKlass com/sun/scenario/DelayedRunnable
instanceKlass com/sun/scenario/animation/shared/TimerReceiver
instanceKlass javafx/embed/swing/JFXPanel$HostContainer
instanceKlass com/sun/scenario/animation/shared/PulseReceiver
instanceKlass com/sun/javafx/animation/TickCalculation
instanceKlass com/sun/scenario/animation/AbstractMasterTimer$$Lambda$228
instanceKlass com/sun/scenario/Settings
instanceKlass javafx/collections/ListChangeBuilder$SubChange
instanceKlass javafx/geometry/Rectangle2D
instanceKlass javafx/stage/Screen$$Lambda$227
instanceKlass com/sun/javafx/tk/TKScreenConfigurationListener
instanceKlass com/sun/javafx/binding/ExpressionHelperBase
instanceKlass javafx/collections/WeakListChangeListener
instanceKlass javafx/beans/WeakListener
instanceKlass javafx/collections/FXCollections$UnmodifiableObservableListImpl$$Lambda$226
instanceKlass javafx/collections/ListChangeListener
instanceKlass javafx/collections/ListChangeBuilder
instanceKlass javafx/collections/ListChangeListener$Change
instanceKlass javafx/util/Callback
instanceKlass com/sun/javafx/collections/SortableList
instanceKlass javafx/collections/FXCollections$EmptyObservableList$1
instanceKlass javafx/collections/ObservableFloatArray
instanceKlass javafx/collections/ObservableIntegerArray
instanceKlass javafx/collections/ObservableArray
instanceKlass javafx/collections/ObservableSet
instanceKlass javafx/collections/ObservableList
instanceKlass javafx/collections/ObservableMap
instanceKlass javafx/collections/FXCollections
instanceKlass javafx/stage/Screen
instanceKlass com/sun/javafx/tk/quantum/QuantumToolkit$$Lambda$225
instanceKlass com/sun/javafx/tk/quantum/QuantumToolkit$$Lambda$224
instanceKlass com/sun/prism/impl/ps/BaseShaderContext$State
instanceKlass com/sun/javafx/geom/Vec3d
instanceKlass com/sun/prism/impl/VertexBuffer
instanceKlass com/sun/javafx/geom/BaseBounds
instanceKlass com/sun/javafx/geom/transform/GeneralTransform3D
instanceKlass com/sun/javafx/geom/transform/BaseTransform
instanceKlass com/sun/javafx/geom/transform/CanTransformVec3d
instanceKlass com/sun/prism/MaskTextureGraphics
instanceKlass com/sun/prism/ReadbackGraphics
instanceKlass com/sun/prism/ps/ShaderGraphics
instanceKlass com/sun/prism/impl/BaseGraphics
instanceKlass com/sun/prism/RectShadowGraphics
instanceKlass com/sun/prism/Graphics
instanceKlass com/sun/prism/impl/BaseContext
instanceKlass com/sun/prism/impl/TextureResourcePool
instanceKlass com/sun/prism/impl/ResourcePool
instanceKlass com/sun/prism/PhongMaterial
instanceKlass com/sun/prism/Material
instanceKlass com/sun/prism/ps/Shader
instanceKlass com/sun/prism/Mesh
instanceKlass com/sun/prism/MeshView
instanceKlass com/sun/prism/Presentable
instanceKlass com/sun/prism/RTTexture
instanceKlass com/sun/prism/RenderTarget
instanceKlass com/sun/prism/Surface
instanceKlass com/sun/prism/Texture
instanceKlass com/sun/prism/shape/ShapeRep
instanceKlass java/util/concurrent/Executors$RunnableAdapter
instanceKlass com/sun/javafx/tk/quantum/QuantumRenderer$$Lambda$223
instanceKlass com/sun/javafx/tk/quantum/QuantumRenderer$$Lambda$222
instanceKlass com/sun/glass/ui/Screen$$Lambda$221
instanceKlass com/sun/glass/ui/win/WinApplication$$Lambda$220
instanceKlass java/lang/invoke/LambdaForm$DMH
instanceKlass java/lang/invoke/LambdaForm$MH
instanceKlass java/lang/invoke/LambdaForm$DMH
instanceKlass java/lang/invoke/LambdaForm$DMH
instanceKlass com/sun/glass/ui/win/WinApplication$$Lambda$219
instanceKlass com/sun/glass/ui/win/WinApplication$$Lambda$218
instanceKlass com/sun/glass/ui/win/WinApplication$$Lambda$217
instanceKlass com/sun/glass/ui/Application$$Lambda$216
instanceKlass java/util/concurrent/BlockingDeque
instanceKlass com/sun/glass/ui/win/WinApplication$$Lambda$215
instanceKlass com/sun/glass/ui/win/WinApplication$1
instanceKlass com/sun/glass/ui/Accessible
instanceKlass com/sun/glass/ui/View
instanceKlass com/sun/glass/ui/Timer
instanceKlass com/sun/glass/ui/Pixels
instanceKlass com/sun/glass/ui/Cursor
instanceKlass com/sun/glass/ui/GlassRobot
instanceKlass com/sun/glass/ui/Window
instanceKlass com/sun/glass/ui/delegate/MenuDelegate
instanceKlass com/sun/glass/ui/InvokeLaterDispatcher$InvokeLaterSubmitter
instanceKlass com/sun/glass/ui/delegate/MenuItemDelegate
instanceKlass com/sun/glass/ui/delegate/MenuBarDelegate
instanceKlass com/sun/glass/ui/delegate/ClipboardDelegate
instanceKlass com/sun/glass/ui/Platform$$Lambda$214
instanceKlass com/sun/glass/ui/Platform
instanceKlass com/sun/glass/ui/PlatformFactory
instanceKlass com/sun/javafx/tk/quantum/QuantumToolkit$$Lambda$213
instanceKlass com/sun/javafx/application/PlatformImpl$$Lambda$212
instanceKlass com/sun/javafx/tk/quantum/QuantumToolkit$$Lambda$211
instanceKlass com/sun/javafx/tk/quantum/PaintCollector$$Lambda$210
instanceKlass java/lang/invoke/LambdaForm$DMH
instanceKlass com/sun/javafx/tk/quantum/GlassScene
instanceKlass com/sun/javafx/tk/TKScene
instanceKlass com/sun/javafx/tk/quantum/PaintCollector
instanceKlass com/sun/javafx/tk/CompletionListener
instanceKlass com/sun/glass/ui/Application$$Lambda$209
instanceKlass com/sun/glass/ui/Application
instanceKlass com/sun/glass/ui/View$Capability
instanceKlass com/sun/glass/ui/Screen
instanceKlass com/sun/prism/impl/BaseResourceFactory
instanceKlass com/sun/prism/ps/ShaderFactory
instanceKlass com/sun/prism/d3d/D3DPipeline$$Lambda$208
instanceKlass com/sun/prism/ResourceFactory
instanceKlass com/sun/prism/GraphicsResource
instanceKlass java/lang/invoke/LambdaForm$MH
instanceKlass java/lang/invoke/LambdaForm$DMH
instanceKlass java/lang/invoke/LambdaForm$MH
instanceKlass java/lang/invoke/LambdaForm$DMH
instanceKlass java/lang/invoke/LambdaForm$MH
instanceKlass java/lang/invoke/LambdaForm$MH
instanceKlass java/lang/invoke/LambdaForm$MH
instanceKlass java/lang/invoke/LambdaForm$MH
instanceKlass java/lang/invoke/LambdaForm$MH
instanceKlass java/lang/invoke/LambdaForm$MH
instanceKlass java/lang/invoke/LambdaForm$MH
instanceKlass java/lang/invoke/LambdaForm$MH
instanceKlass com/sun/javafx/font/FontFactory
instanceKlass com/sun/prism/GraphicsPipeline
instanceKlass com/sun/javafx/tk/quantum/QuantumRenderer$QuantumThreadFactory$$Lambda$207
instanceKlass com/sun/javafx/tk/quantum/QuantumRenderer$QuantumThreadFactory$$Lambda$206
instanceKlass com/sun/javafx/tk/quantum/QuantumRenderer$PipelineRunnable
instanceKlass com/sun/javafx/tk/quantum/QuantumRenderer$QuantumThreadFactory
instanceKlass com/sun/javafx/tk/quantum/QuantumRenderer$$Lambda$205
instanceKlass com/sun/javafx/tk/quantum/GlassSystemMenu$$Lambda$204
instanceKlass javafx/scene/input/KeyCombination
instanceKlass com/sun/glass/ui/Menu$EventHandler
instanceKlass com/sun/glass/ui/MenuItem$Callback
instanceKlass com/sun/javafx/menu/MenuItemBase
instanceKlass com/sun/javafx/tk/quantum/GlassSystemMenu
instanceKlass com/sun/prism/impl/PrismSettings$$Lambda$203
instanceKlass com/sun/prism/impl/PrismSettings
instanceKlass com/sun/javafx/tk/quantum/PerformanceTrackerHelper$1
instanceKlass com/sun/javafx/tk/quantum/PerformanceTrackerHelper
instanceKlass com/sun/javafx/tk/quantum/QuantumToolkit$PulseTask
instanceKlass com/sun/javafx/geom/PathConsumer2D
instanceKlass com/sun/javafx/geom/Shape
instanceKlass com/sun/prism/BasicStroke
instanceKlass com/sun/javafx/tk/quantum/QuantumToolkit$3
instanceKlass com/sun/javafx/tk/quantum/QuantumToolkit$$Lambda$202
instanceKlass com/sun/javafx/tk/quantum/QuantumToolkit$$Lambda$201
instanceKlass com/sun/javafx/tk/quantum/QuantumToolkit$$Lambda$200
instanceKlass com/sun/javafx/tk/quantum/QuantumToolkit$$Lambda$199
instanceKlass com/sun/javafx/tk/quantum/QuantumToolkit$$Lambda$198
instanceKlass com/sun/javafx/tk/quantum/QuantumToolkit$$Lambda$197
instanceKlass com/sun/javafx/tk/quantum/QuantumToolkit$$Lambda$196
instanceKlass com/sun/javafx/tk/quantum/QuantumToolkit$$Lambda$195
instanceKlass com/sun/javafx/tk/quantum/QuantumToolkit$$Lambda$194
instanceKlass com/sun/glass/ui/Application$EventHandler
instanceKlass com/sun/scenario/effect/Filterable
instanceKlass com/sun/scenario/effect/LockableResource
instanceKlass com/sun/scenario/effect/FilterContext
instanceKlass com/sun/javafx/tk/FontLoader
instanceKlass com/sun/javafx/tk/TKSystemMenu
instanceKlass com/sun/scenario/animation/AbstractMasterTimer
instanceKlass com/sun/javafx/runtime/async/AbstractAsyncOperation
instanceKlass com/sun/javafx/runtime/async/AsyncOperation
instanceKlass com/sun/javafx/tk/AppletWindow
instanceKlass com/sun/glass/ui/Screen$EventHandler
instanceKlass com/sun/javafx/scene/text/TextLayoutFactory
instanceKlass javafx/scene/shape/PathElement
instanceKlass com/sun/javafx/tk/TKStage
instanceKlass com/sun/javafx/tk/PlatformImage
instanceKlass com/sun/javafx/tk/ImageLoader
instanceKlass com/sun/javafx/tk/ScreenConfigurationAccessor
instanceKlass com/sun/javafx/perf/PerformanceTracker
instanceKlass java/lang/StrictMath
instanceKlass java/text/BreakIterator
instanceKlass java/lang/StackStreamFactory$FrameBuffer
instanceKlass java/lang/StackStreamFactory$1
instanceKlass java/lang/StackStreamFactory
instanceKlass com/sun/glass/utils/NativeLibLoader$$Lambda$193
instanceKlass com/sun/glass/utils/NativeLibLoader$$Lambda$192
instanceKlass com/sun/glass/utils/NativeLibLoader
instanceKlass javax/swing/text/GlyphView$GlyphPainter
instanceKlass com/sun/javafx/PlatformUtil$$Lambda$191
instanceKlass com/sun/javafx/PlatformUtil$$Lambda$190
instanceKlass com/sun/javafx/PlatformUtil$$Lambda$189
instanceKlass com/sun/javafx/PlatformUtil$$Lambda$188
instanceKlass com/sun/javafx/PlatformUtil
instanceKlass com/sun/javafx/runtime/VersionInfo
instanceKlass com/sun/javafx/tk/Toolkit$$Lambda$187
instanceKlass java/util/regex/Pattern$$Lambda$186
instanceKlass java/util/regex/Pattern$BmpCharPredicate$$Lambda$185
instanceKlass java/util/regex/CharPredicates$$Lambda$184
instanceKlass java/util/regex/CharPredicates
instanceKlass javafx/scene/image/Image$1
instanceKlass javafx/scene/image/PixelReader
instanceKlass javafx/beans/binding/NumberExpressionBase
instanceKlass javafx/beans/binding/NumberExpression
instanceKlass javafx/beans/value/ObservableDoubleValue
instanceKlass javafx/beans/value/ObservableNumberValue
instanceKlass com/sun/javafx/tk/Toolkit$ImageAccessor
instanceKlass javafx/geometry/Bounds
instanceKlass com/sun/javafx/util/Utils
instanceKlass javafx/scene/image/Image
instanceKlass com/sun/javafx/tk/Toolkit$$Lambda$183
instanceKlass javafx/animation/Interpolatable
instanceKlass javafx/scene/paint/Paint
instanceKlass com/sun/javafx/tk/TKClipboard
instanceKlass com/sun/javafx/tk/Toolkit
instanceKlass com/sun/javafx/application/PlatformImpl$1
instanceKlass com/sun/javafx/application/PlatformImpl$$Lambda$182
instanceKlass com/sun/javafx/application/PlatformImpl$$Lambda$181
instanceKlass com/sun/javafx/application/PlatformImpl$$Lambda$180
instanceKlass javafx/beans/InvalidationListener
instanceKlass javafx/beans/value/WritableObjectValue
instanceKlass javafx/beans/binding/Binding
instanceKlass javafx/beans/binding/ObjectExpression
instanceKlass javafx/beans/value/ObservableObjectValue
instanceKlass java/util/concurrent/CountDownLatch
instanceKlass com/sun/javafx/tk/TKListener
instanceKlass javafx/beans/binding/BooleanExpression
instanceKlass javafx/beans/value/ObservableBooleanValue
instanceKlass javax/swing/RepaintManager$2$1
instanceKlass javafx/beans/value/WritableBooleanValue
instanceKlass javafx/beans/property/Property
instanceKlass javafx/beans/value/WritableValue
instanceKlass javafx/beans/property/ReadOnlyProperty
instanceKlass javafx/beans/value/ObservableValue
instanceKlass javafx/beans/Observable
instanceKlass com/sun/javafx/application/PlatformImpl
instanceKlass javafx/embed/swing/JFXPanel$$Lambda$179
instanceKlass java/awt/WaitDispatchSupport$4
instanceKlass java/awt/WaitDispatchSupport$2
instanceKlass javafx/embed/swing/JFXPanel$$Lambda$178
instanceKlass java/awt/WaitDispatchSupport$1
instanceKlass java/awt/WaitDispatchSupport$5
instanceKlass java/awt/WaitDispatchSupport
instanceKlass javafx/embed/swing/JFXPanel$$Lambda$177
instanceKlass com/sun/javafx/embed/swing/newimpl/JFXPanelInteropN
instanceKlass javafx/embed/swing/JFXPanel$$Lambda$176
instanceKlass java/awt/SecondaryLoop
instanceKlass javafx/scene/Scene
instanceKlass jdk/internal/logger/DefaultLoggerFinder$1
instanceKlass com/sun/javafx/logging/PlatformLogger
instanceKlass com/sun/javafx/embed/HostInterface
instanceKlass com/sun/javafx/application/PlatformImpl$FinishListener
instanceKlass javafx/scene/web/WebEngine
instanceKlass javafx/scene/Node
instanceKlass javafx/css/Styleable
instanceKlass javafx/event/EventTarget
instanceKlass simrskhanza/DlgKamarInap$20
instanceKlass simrskhanza/DlgKamarInap$19
instanceKlass simrskhanza/DlgKamarInap$18
instanceKlass simrskhanza/DlgKamarInap$17
instanceKlass simrskhanza/DlgKamarInap$16
instanceKlass simrskhanza/DlgKamarInap$15
instanceKlass simrskhanza/DlgKamarInap$14
instanceKlass simrskhanza/DlgKamarInap$13
instanceKlass simrskhanza/DlgKamarInap$12
instanceKlass simrskhanza/DlgKamarInap$11
instanceKlass simrskhanza/DlgKamarInap$10
instanceKlass simrskhanza/DlgKamarInap$9
instanceKlass simrskhanza/DlgKamarInap$8
instanceKlass simrskhanza/DlgKamarInap$7
instanceKlass simrskhanza/DlgKamarInap$6
instanceKlass simrskhanza/DlgKamarInap$5
instanceKlass simrskhanza/DlgKamarInap$4
instanceKlass simrskhanza/DlgKamarInap$3
instanceKlass simrskhanza/DlgKamarInap$318
instanceKlass simrskhanza/DlgKamarInap$316
instanceKlass simrskhanza/DlgKamarInap$314
instanceKlass simrskhanza/DlgKamarInap$312
instanceKlass simrskhanza/DlgKamarInap$310
instanceKlass simrskhanza/DlgKamarInap$308
instanceKlass simrskhanza/DlgKamarInap$306
instanceKlass simrskhanza/DlgKamarInap$304
instanceKlass simrskhanza/DlgKamarInap$302
instanceKlass simrskhanza/DlgKamarInap$297
instanceKlass simrskhanza/DlgKamarInap$295
instanceKlass simrskhanza/DlgKamarInap$292
instanceKlass simrskhanza/DlgKamarInap$290
instanceKlass simrskhanza/DlgKamarInap$288
instanceKlass simrskhanza/DlgKamarInap$286
instanceKlass simrskhanza/DlgKamarInap$284
instanceKlass simrskhanza/DlgKamarInap$282
instanceKlass simrskhanza/DlgKamarInap$279
instanceKlass simrskhanza/DlgKamarInap$276
instanceKlass simrskhanza/DlgKamarInap$274
instanceKlass simrskhanza/DlgKamarInap$272
instanceKlass simrskhanza/DlgKamarInap$270
instanceKlass simrskhanza/DlgKamarInap$268
instanceKlass simrskhanza/DlgKamarInap$265
instanceKlass simrskhanza/DlgKamarInap$264
instanceKlass simrskhanza/DlgKamarInap$262
instanceKlass simrskhanza/DlgKamarInap$261
instanceKlass simrskhanza/DlgKamarInap$260
instanceKlass simrskhanza/DlgKamarInap$259
instanceKlass simrskhanza/DlgKamarInap$258
instanceKlass simrskhanza/DlgKamarInap$257
instanceKlass simrskhanza/DlgKamarInap$256
instanceKlass simrskhanza/DlgKamarInap$255
instanceKlass simrskhanza/DlgKamarInap$253
instanceKlass simrskhanza/DlgKamarInap$252
instanceKlass simrskhanza/DlgKamarInap$251
instanceKlass simrskhanza/DlgKamarInap$249
instanceKlass simrskhanza/DlgKamarInap$248
instanceKlass simrskhanza/DlgKamarInap$246
instanceKlass simrskhanza/DlgKamarInap$244
instanceKlass simrskhanza/DlgKamarInap$242
instanceKlass simrskhanza/DlgKamarInap$238
instanceKlass simrskhanza/DlgKamarInap$237
instanceKlass simrskhanza/DlgKamarInap$236
instanceKlass simrskhanza/DlgKamarInap$235
instanceKlass simrskhanza/DlgKamarInap$234
instanceKlass simrskhanza/DlgKamarInap$233
instanceKlass simrskhanza/DlgKamarInap$232
instanceKlass simrskhanza/DlgKamarInap$231
instanceKlass simrskhanza/DlgKamarInap$230
instanceKlass simrskhanza/DlgKamarInap$229
instanceKlass simrskhanza/DlgKamarInap$228
instanceKlass simrskhanza/DlgKamarInap$227
instanceKlass simrskhanza/DlgKamarInap$226
instanceKlass simrskhanza/DlgKamarInap$225
instanceKlass simrskhanza/DlgKamarInap$224
instanceKlass simrskhanza/DlgKamarInap$223
instanceKlass simrskhanza/DlgKamarInap$222
instanceKlass simrskhanza/DlgKamarInap$221
instanceKlass simrskhanza/DlgKamarInap$220
instanceKlass simrskhanza/DlgKamarInap$219
instanceKlass simrskhanza/DlgKamarInap$218
instanceKlass simrskhanza/DlgKamarInap$217
instanceKlass simrskhanza/DlgKamarInap$216
instanceKlass simrskhanza/DlgKamarInap$215
instanceKlass simrskhanza/DlgKamarInap$214
instanceKlass simrskhanza/DlgKamarInap$213
instanceKlass simrskhanza/DlgKamarInap$212
instanceKlass simrskhanza/DlgKamarInap$211
instanceKlass simrskhanza/DlgKamarInap$210
instanceKlass simrskhanza/DlgKamarInap$209
instanceKlass simrskhanza/DlgKamarInap$208
instanceKlass simrskhanza/DlgKamarInap$207
instanceKlass simrskhanza/DlgKamarInap$206
instanceKlass simrskhanza/DlgKamarInap$205
instanceKlass simrskhanza/DlgKamarInap$204
instanceKlass simrskhanza/DlgKamarInap$203
instanceKlass simrskhanza/DlgKamarInap$202
instanceKlass simrskhanza/DlgKamarInap$201
instanceKlass simrskhanza/DlgKamarInap$200
instanceKlass simrskhanza/DlgKamarInap$199
instanceKlass simrskhanza/DlgKamarInap$198
instanceKlass simrskhanza/DlgKamarInap$197
instanceKlass simrskhanza/DlgKamarInap$196
instanceKlass simrskhanza/DlgKamarInap$195
instanceKlass simrskhanza/DlgKamarInap$194
instanceKlass simrskhanza/DlgKamarInap$193
instanceKlass simrskhanza/DlgKamarInap$192
instanceKlass simrskhanza/DlgKamarInap$191
instanceKlass simrskhanza/DlgKamarInap$190
instanceKlass simrskhanza/DlgKamarInap$189
instanceKlass simrskhanza/DlgKamarInap$188
instanceKlass simrskhanza/DlgKamarInap$187
instanceKlass simrskhanza/DlgKamarInap$186
instanceKlass simrskhanza/DlgKamarInap$185
instanceKlass simrskhanza/DlgKamarInap$184
instanceKlass simrskhanza/DlgKamarInap$183
instanceKlass simrskhanza/DlgKamarInap$182
instanceKlass simrskhanza/DlgKamarInap$181
instanceKlass simrskhanza/DlgKamarInap$180
instanceKlass simrskhanza/DlgKamarInap$179
instanceKlass simrskhanza/DlgKamarInap$178
instanceKlass simrskhanza/DlgKamarInap$177
instanceKlass simrskhanza/DlgKamarInap$176
instanceKlass simrskhanza/DlgKamarInap$175
instanceKlass simrskhanza/DlgKamarInap$174
instanceKlass simrskhanza/DlgKamarInap$173
instanceKlass simrskhanza/DlgKamarInap$172
instanceKlass simrskhanza/DlgKamarInap$171
instanceKlass simrskhanza/DlgKamarInap$170
instanceKlass simrskhanza/DlgKamarInap$169
instanceKlass simrskhanza/DlgKamarInap$168
instanceKlass simrskhanza/DlgKamarInap$167
instanceKlass simrskhanza/DlgKamarInap$166
instanceKlass simrskhanza/DlgKamarInap$165
instanceKlass simrskhanza/DlgKamarInap$164
instanceKlass simrskhanza/DlgKamarInap$163
instanceKlass simrskhanza/DlgKamarInap$162
instanceKlass simrskhanza/DlgKamarInap$161
instanceKlass simrskhanza/DlgKamarInap$160
instanceKlass simrskhanza/DlgKamarInap$159
instanceKlass simrskhanza/DlgKamarInap$158
instanceKlass simrskhanza/DlgKamarInap$157
instanceKlass simrskhanza/DlgKamarInap$156
instanceKlass simrskhanza/DlgKamarInap$155
instanceKlass simrskhanza/DlgKamarInap$154
instanceKlass simrskhanza/DlgKamarInap$153
instanceKlass simrskhanza/DlgKamarInap$152
instanceKlass simrskhanza/DlgKamarInap$151
instanceKlass simrskhanza/DlgKamarInap$150
instanceKlass simrskhanza/DlgKamarInap$149
instanceKlass simrskhanza/DlgKamarInap$148
instanceKlass simrskhanza/DlgKamarInap$147
instanceKlass simrskhanza/DlgKamarInap$146
instanceKlass simrskhanza/DlgKamarInap$145
instanceKlass simrskhanza/DlgKamarInap$144
instanceKlass simrskhanza/DlgKamarInap$143
instanceKlass simrskhanza/DlgKamarInap$142
instanceKlass simrskhanza/DlgKamarInap$141
instanceKlass simrskhanza/DlgKamarInap$140
instanceKlass simrskhanza/DlgKamarInap$139
instanceKlass simrskhanza/DlgKamarInap$138
instanceKlass simrskhanza/DlgKamarInap$137
instanceKlass simrskhanza/DlgKamarInap$136
instanceKlass simrskhanza/DlgKamarInap$135
instanceKlass simrskhanza/DlgKamarInap$134
instanceKlass simrskhanza/DlgKamarInap$133
instanceKlass simrskhanza/DlgKamarInap$132
instanceKlass simrskhanza/DlgKamarInap$131
instanceKlass simrskhanza/DlgKamarInap$130
instanceKlass simrskhanza/DlgKamarInap$129
instanceKlass simrskhanza/DlgKamarInap$128
instanceKlass simrskhanza/DlgKamarInap$127
instanceKlass simrskhanza/DlgKamarInap$126
instanceKlass simrskhanza/DlgKamarInap$125
instanceKlass simrskhanza/DlgKamarInap$124
instanceKlass simrskhanza/DlgKamarInap$123
instanceKlass simrskhanza/DlgKamarInap$122
instanceKlass simrskhanza/DlgKamarInap$121
instanceKlass simrskhanza/DlgKamarInap$120
instanceKlass simrskhanza/DlgKamarInap$119
instanceKlass simrskhanza/DlgKamarInap$118
instanceKlass simrskhanza/DlgKamarInap$117
instanceKlass simrskhanza/DlgKamarInap$116
instanceKlass simrskhanza/DlgKamarInap$115
instanceKlass simrskhanza/DlgKamarInap$114
instanceKlass simrskhanza/DlgKamarInap$113
instanceKlass simrskhanza/DlgKamarInap$112
instanceKlass simrskhanza/DlgKamarInap$111
instanceKlass simrskhanza/DlgKamarInap$110
instanceKlass simrskhanza/DlgKamarInap$109
instanceKlass simrskhanza/DlgKamarInap$108
instanceKlass simrskhanza/DlgKamarInap$107
instanceKlass simrskhanza/DlgKamarInap$106
instanceKlass simrskhanza/DlgKamarInap$105
instanceKlass simrskhanza/DlgKamarInap$104
instanceKlass simrskhanza/DlgKamarInap$103
instanceKlass simrskhanza/DlgKamarInap$102
instanceKlass simrskhanza/DlgKamarInap$101
instanceKlass simrskhanza/DlgKamarInap$100
instanceKlass simrskhanza/DlgKamarInap$99
instanceKlass simrskhanza/DlgKamarInap$98
instanceKlass simrskhanza/DlgKamarInap$97
instanceKlass simrskhanza/DlgKamarInap$96
instanceKlass simrskhanza/DlgKamarInap$95
instanceKlass simrskhanza/DlgKamarInap$94
instanceKlass simrskhanza/DlgKamarInap$93
instanceKlass simrskhanza/DlgKamarInap$92
instanceKlass simrskhanza/DlgKamarInap$91
instanceKlass simrskhanza/DlgKamarInap$90
instanceKlass simrskhanza/DlgKamarInap$89
instanceKlass simrskhanza/DlgKamarInap$88
instanceKlass simrskhanza/DlgKamarInap$87
instanceKlass simrskhanza/DlgKamarInap$86
instanceKlass simrskhanza/DlgKamarInap$85
instanceKlass simrskhanza/DlgKamarInap$84
instanceKlass simrskhanza/DlgKamarInap$83
instanceKlass simrskhanza/DlgKamarInap$82
instanceKlass simrskhanza/DlgKamarInap$81
instanceKlass simrskhanza/DlgKamarInap$80
instanceKlass simrskhanza/DlgKamarInap$79
instanceKlass simrskhanza/DlgKamarInap$78
instanceKlass simrskhanza/DlgKamarInap$77
instanceKlass simrskhanza/DlgKamarInap$76
instanceKlass simrskhanza/DlgKamarInap$75
instanceKlass simrskhanza/DlgKamarInap$74
instanceKlass simrskhanza/DlgKamarInap$73
instanceKlass simrskhanza/DlgKamarInap$72
instanceKlass simrskhanza/DlgKamarInap$71
instanceKlass simrskhanza/DlgKamarInap$70
instanceKlass simrskhanza/DlgKamarInap$69
instanceKlass simrskhanza/DlgKamarInap$68
instanceKlass simrskhanza/DlgKamarInap$67
instanceKlass simrskhanza/DlgKamarInap$66
instanceKlass simrskhanza/DlgKamarInap$65
instanceKlass simrskhanza/DlgKamarInap$64
instanceKlass simrskhanza/DlgKamarInap$63
instanceKlass simrskhanza/DlgKamarInap$62
instanceKlass simrskhanza/DlgKamarInap$61
instanceKlass simrskhanza/DlgKamarInap$60
instanceKlass simrskhanza/DlgKamarInap$59
instanceKlass simrskhanza/DlgKamarInap$58
instanceKlass simrskhanza/DlgKamarInap$57
instanceKlass simrskhanza/DlgKamarInap$53
instanceKlass simrskhanza/DlgKamarInap$51
instanceKlass simrskhanza/DlgKamarInap$48
instanceKlass simrskhanza/DlgKamarInap$46
instanceKlass simrskhanza/DlgKamarInap$44
instanceKlass simrskhanza/DlgKamarInap$40
instanceKlass simrskhanza/DlgKamarInap$38
instanceKlass simrskhanza/DlgKamarInap$36
instanceKlass simrskhanza/DlgKamarInap$33
instanceKlass simrskhanza/DlgKamarInap$31
instanceKlass simrskhanza/DlgKamarInap$29
instanceKlass simrskhanza/DlgKamarInap$27
instanceKlass simrskhanza/DlgKamarInap$25
instanceKlass surat/SuratKonsul$8
instanceKlass surat/SuratKonsul$7
instanceKlass surat/SuratKonsul$6
instanceKlass surat/SuratKonsul$5
instanceKlass surat/SuratKonsul$4
instanceKlass surat/SuratKonsul$3
instanceKlass surat/SuratKonsul$53
instanceKlass surat/SuratKonsul$52
instanceKlass surat/SuratKonsul$50
instanceKlass surat/SuratKonsul$44
instanceKlass surat/SuratKonsul$43
instanceKlass surat/SuratKonsul$41
instanceKlass surat/SuratKonsul$37
instanceKlass surat/SuratKonsul$35
instanceKlass surat/SuratKonsul$32
instanceKlass surat/SuratKonsul$30
instanceKlass surat/SuratKonsul$27
instanceKlass surat/SuratKonsul$25
instanceKlass surat/SuratKonsul$23
instanceKlass surat/SuratKonsul$21
instanceKlass surat/SuratKonsul$19
instanceKlass surat/SuratKonsul$17
instanceKlass surat/SuratKonsul$15
instanceKlass surat/SuratKonsul$13
instanceKlass surat/SuratKonsul$9
instanceKlass javax/swing/plaf/basic/BasicRadioButtonUI$KeyHandler
instanceKlass javax/swing/plaf/metal/MetalIconFactory$RadioButtonIcon
instanceKlass simrskhanza/DlgCariPoli3$12
instanceKlass simrskhanza/DlgCariPoli3$11
instanceKlass simrskhanza/DlgCariPoli3$9
instanceKlass simrskhanza/DlgCariPoli3$7
instanceKlass kepegawaian/DlgCariDokter3$12
instanceKlass kepegawaian/DlgCariDokter3$11
instanceKlass kepegawaian/DlgCariDokter3$9
instanceKlass kepegawaian/DlgCariDokter3$7
instanceKlass laporan/DlgDiagnosaPenyakit$5
instanceKlass laporan/DlgDiagnosaPenyakit$4
instanceKlass laporan/DlgDiagnosaPenyakit$3
instanceKlass laporan/DlgDiagnosaPenyakit$2
instanceKlass laporan/DlgDiagnosaPenyakit$20
instanceKlass laporan/DlgDiagnosaPenyakit$17
instanceKlass laporan/DlgDiagnosaPenyakit$15
instanceKlass laporan/DlgDiagnosaPenyakit$13
instanceKlass laporan/DlgDiagnosaPenyakit$11
instanceKlass laporan/DlgDiagnosaPenyakit$9
instanceKlass laporan/DlgDiagnosaPenyakit$7
instanceKlass laporan/PanelDiagnosa$15
instanceKlass laporan/PanelDiagnosa$14
instanceKlass laporan/PanelDiagnosa$12
instanceKlass laporan/PanelDiagnosa$11
instanceKlass laporan/PanelDiagnosa$8
instanceKlass laporan/PanelDiagnosa$7
instanceKlass keuangan/DlgBilingRanap$15
instanceKlass keuangan/DlgBilingRanap$14
instanceKlass keuangan/DlgBilingRanap$13
instanceKlass keuangan/DlgBilingRanap$12
instanceKlass keuangan/DlgBilingRanap$11
instanceKlass keuangan/DlgBilingRanap$10
instanceKlass keuangan/DlgBilingRanap$111
instanceKlass keuangan/DlgBilingRanap$109
instanceKlass keuangan/DlgBilingRanap$108
instanceKlass keuangan/DlgBilingRanap$107
instanceKlass keuangan/DlgBilingRanap$106
instanceKlass keuangan/DlgBilingRanap$105
instanceKlass keuangan/DlgBilingRanap$103
instanceKlass keuangan/DlgBilingRanap$100
instanceKlass keuangan/DlgBilingRanap$97
instanceKlass keuangan/DlgBilingRanap$94
instanceKlass keuangan/DlgBilingRanap$88
instanceKlass keuangan/DlgBilingRanap$86
instanceKlass keuangan/DlgBilingRanap$84
instanceKlass keuangan/DlgBilingRanap$82
instanceKlass keuangan/DlgBilingRanap$79
instanceKlass keuangan/DlgBilingRanap$76
instanceKlass keuangan/DlgBilingRanap$75
instanceKlass keuangan/DlgBilingRanap$74
instanceKlass keuangan/DlgBilingRanap$72
instanceKlass keuangan/DlgBilingRanap$71
instanceKlass keuangan/DlgBilingRanap$70
instanceKlass keuangan/DlgBilingRanap$69
instanceKlass keuangan/DlgBilingRanap$68
instanceKlass keuangan/DlgBilingRanap$67
instanceKlass keuangan/DlgBilingRanap$66
instanceKlass keuangan/DlgBilingRanap$65
instanceKlass keuangan/DlgBilingRanap$63
instanceKlass keuangan/DlgBilingRanap$62
instanceKlass keuangan/DlgBilingRanap$61
instanceKlass keuangan/DlgBilingRanap$60
instanceKlass keuangan/DlgBilingRanap$57
instanceKlass keuangan/DlgBilingRanap$55
instanceKlass keuangan/DlgBilingRanap$53
instanceKlass keuangan/DlgBilingRanap$51
instanceKlass keuangan/DlgBilingRanap$50
instanceKlass keuangan/DlgBilingRanap$49
instanceKlass keuangan/DlgBilingRanap$48
instanceKlass keuangan/DlgBilingRanap$47
instanceKlass keuangan/DlgBilingRanap$46
instanceKlass keuangan/DlgBilingRanap$45
instanceKlass keuangan/DlgBilingRanap$44
instanceKlass keuangan/DlgBilingRanap$43
instanceKlass keuangan/DlgBilingRanap$42
instanceKlass keuangan/DlgBilingRanap$41
instanceKlass keuangan/DlgBilingRanap$40
instanceKlass keuangan/DlgBilingRanap$39
instanceKlass keuangan/DlgBilingRanap$38
instanceKlass keuangan/DlgBilingRanap$37
instanceKlass keuangan/DlgBilingRanap$36
instanceKlass keuangan/DlgBilingRanap$35
instanceKlass keuangan/DlgBilingRanap$34
instanceKlass keuangan/DlgBilingRanap$33
instanceKlass keuangan/DlgBilingRanap$32
instanceKlass keuangan/DlgBilingRanap$31
instanceKlass keuangan/DlgBilingRanap$30
instanceKlass keuangan/DlgBilingRanap$29
instanceKlass keuangan/DlgBilingRanap$28
instanceKlass keuangan/DlgBilingRanap$27
instanceKlass keuangan/DlgBilingRanap$26
instanceKlass keuangan/DlgBilingRanap$25
instanceKlass keuangan/DlgBilingRanap$24
instanceKlass keuangan/DlgBilingRanap$23
instanceKlass keuangan/DlgBilingRanap$22
instanceKlass keuangan/DlgBilingRanap$21
instanceKlass keuangan/DlgBilingRanap$20
instanceKlass keuangan/DlgBilingRanap$19
instanceKlass keuangan/DlgBilingRanap$18
instanceKlass keuangan/DlgBilingRanap$17
instanceKlass keuangan/DlgBilingRanap$16
instanceKlass keuangan/DlgDeposit$40
instanceKlass keuangan/DlgDeposit$4
instanceKlass keuangan/DlgDeposit$3
instanceKlass keuangan/DlgDeposit$38
instanceKlass keuangan/DlgDeposit$34
instanceKlass keuangan/DlgDeposit$31
instanceKlass keuangan/DlgDeposit$24
instanceKlass keuangan/DlgDeposit$22
instanceKlass keuangan/DlgDeposit$19
instanceKlass keuangan/DlgDeposit$17
instanceKlass keuangan/DlgDeposit$15
instanceKlass keuangan/DlgDeposit$13
instanceKlass keuangan/DlgDeposit$11
instanceKlass keuangan/DlgDeposit$9
instanceKlass keuangan/DlgDeposit$5
instanceKlass simrskhanza/DlgRawatInap$258
instanceKlass simrskhanza/DlgRawatInap$17
instanceKlass simrskhanza/DlgRawatInap$16
instanceKlass simrskhanza/DlgRawatInap$15
instanceKlass simrskhanza/DlgRawatInap$14
instanceKlass simrskhanza/DlgRawatInap$13
instanceKlass simrskhanza/DlgRawatInap$12
instanceKlass simrskhanza/DlgRawatInap$11
instanceKlass simrskhanza/DlgRawatInap$10
instanceKlass simrskhanza/DlgRawatInap$9
instanceKlass simrskhanza/DlgRawatInap$256
instanceKlass simrskhanza/DlgRawatInap$255
instanceKlass simrskhanza/DlgRawatInap$254
instanceKlass simrskhanza/DlgRawatInap$253
instanceKlass simrskhanza/DlgRawatInap$252
instanceKlass simrskhanza/DlgRawatInap$251
instanceKlass simrskhanza/DlgRawatInap$250
instanceKlass simrskhanza/DlgRawatInap$249
instanceKlass simrskhanza/DlgRawatInap$248
instanceKlass simrskhanza/DlgRawatInap$247
instanceKlass simrskhanza/DlgRawatInap$246
instanceKlass simrskhanza/DlgRawatInap$245
instanceKlass simrskhanza/DlgRawatInap$244
instanceKlass simrskhanza/DlgRawatInap$243
instanceKlass simrskhanza/DlgRawatInap$242
instanceKlass simrskhanza/DlgRawatInap$241
instanceKlass simrskhanza/DlgRawatInap$240
instanceKlass simrskhanza/DlgRawatInap$239
instanceKlass simrskhanza/DlgRawatInap$238
instanceKlass simrskhanza/DlgRawatInap$237
instanceKlass simrskhanza/DlgRawatInap$236
instanceKlass simrskhanza/DlgRawatInap$235
instanceKlass simrskhanza/DlgRawatInap$234
instanceKlass simrskhanza/DlgRawatInap$233
instanceKlass simrskhanza/DlgRawatInap$232
instanceKlass simrskhanza/DlgRawatInap$231
instanceKlass simrskhanza/DlgRawatInap$230
instanceKlass simrskhanza/DlgRawatInap$229
instanceKlass simrskhanza/DlgRawatInap$228
instanceKlass simrskhanza/DlgRawatInap$227
instanceKlass simrskhanza/DlgRawatInap$226
instanceKlass simrskhanza/DlgRawatInap$225
instanceKlass simrskhanza/DlgRawatInap$224
instanceKlass simrskhanza/DlgRawatInap$223
instanceKlass simrskhanza/DlgRawatInap$222
instanceKlass simrskhanza/DlgRawatInap$221
instanceKlass simrskhanza/DlgRawatInap$220
instanceKlass simrskhanza/DlgRawatInap$219
instanceKlass simrskhanza/DlgRawatInap$218
instanceKlass simrskhanza/DlgRawatInap$217
instanceKlass simrskhanza/DlgRawatInap$216
instanceKlass simrskhanza/DlgRawatInap$215
instanceKlass simrskhanza/DlgRawatInap$214
instanceKlass simrskhanza/DlgRawatInap$213
instanceKlass simrskhanza/DlgRawatInap$212
instanceKlass simrskhanza/DlgRawatInap$211
instanceKlass simrskhanza/DlgRawatInap$210
instanceKlass simrskhanza/DlgRawatInap$209
instanceKlass simrskhanza/DlgRawatInap$208
instanceKlass simrskhanza/DlgRawatInap$207
instanceKlass simrskhanza/DlgRawatInap$206
instanceKlass simrskhanza/DlgRawatInap$205
instanceKlass simrskhanza/DlgRawatInap$204
instanceKlass simrskhanza/DlgRawatInap$203
instanceKlass simrskhanza/DlgRawatInap$202
instanceKlass simrskhanza/DlgRawatInap$201
instanceKlass simrskhanza/DlgRawatInap$200
instanceKlass simrskhanza/DlgRawatInap$199
instanceKlass simrskhanza/DlgRawatInap$198
instanceKlass simrskhanza/DlgRawatInap$197
instanceKlass simrskhanza/DlgRawatInap$196
instanceKlass simrskhanza/DlgRawatInap$195
instanceKlass simrskhanza/DlgRawatInap$194
instanceKlass simrskhanza/DlgRawatInap$193
instanceKlass simrskhanza/DlgRawatInap$192
instanceKlass simrskhanza/DlgRawatInap$191
instanceKlass simrskhanza/DlgRawatInap$190
instanceKlass simrskhanza/DlgRawatInap$189
instanceKlass simrskhanza/DlgRawatInap$188
instanceKlass simrskhanza/DlgRawatInap$187
instanceKlass simrskhanza/DlgRawatInap$186
instanceKlass simrskhanza/DlgRawatInap$185
instanceKlass simrskhanza/DlgRawatInap$184
instanceKlass simrskhanza/DlgRawatInap$183
instanceKlass simrskhanza/DlgRawatInap$182
instanceKlass simrskhanza/DlgRawatInap$181
instanceKlass simrskhanza/DlgRawatInap$180
instanceKlass simrskhanza/DlgRawatInap$179
instanceKlass simrskhanza/DlgRawatInap$178
instanceKlass simrskhanza/DlgRawatInap$177
instanceKlass simrskhanza/DlgRawatInap$168
instanceKlass simrskhanza/DlgRawatInap$167
instanceKlass simrskhanza/DlgRawatInap$165
instanceKlass simrskhanza/DlgRawatInap$163
instanceKlass simrskhanza/DlgRawatInap$162
instanceKlass simrskhanza/DlgRawatInap$160
instanceKlass simrskhanza/DlgRawatInap$138
instanceKlass simrskhanza/DlgRawatInap$114
instanceKlass simrskhanza/DlgRawatInap$110
instanceKlass simrskhanza/DlgRawatInap$108
instanceKlass simrskhanza/DlgRawatInap$106
instanceKlass simrskhanza/DlgRawatInap$104
instanceKlass simrskhanza/DlgRawatInap$102
instanceKlass simrskhanza/DlgRawatInap$100
instanceKlass simrskhanza/DlgRawatInap$98
instanceKlass simrskhanza/DlgRawatInap$96
instanceKlass simrskhanza/DlgRawatInap$94
instanceKlass simrskhanza/DlgRawatInap$92
instanceKlass simrskhanza/DlgRawatInap$90
instanceKlass simrskhanza/DlgRawatInap$89
instanceKlass simrskhanza/DlgRawatInap$83
instanceKlass simrskhanza/DlgRawatInap$73
instanceKlass simrskhanza/DlgRawatInap$69
instanceKlass simrskhanza/DlgRawatInap$65
instanceKlass simrskhanza/DlgRawatInap$63
instanceKlass simrskhanza/DlgRawatInap$61
instanceKlass simrskhanza/DlgRawatInap$59
instanceKlass simrskhanza/DlgRawatInap$54
instanceKlass simrskhanza/DlgRawatInap$52
instanceKlass simrskhanza/DlgRawatInap$50
instanceKlass simrskhanza/DlgRawatInap$45
instanceKlass simrskhanza/DlgRawatInap$43
instanceKlass simrskhanza/DlgRawatInap$41
instanceKlass simrskhanza/DlgRawatInap$35
instanceKlass simrskhanza/DlgRawatInap$32
instanceKlass simrskhanza/DlgRawatInap$30
instanceKlass simrskhanza/DlgRawatInap$28
instanceKlass simrskhanza/DlgRawatInap$26
instanceKlass simrskhanza/DlgRawatInap$24
instanceKlass simrskhanza/DlgRawatInap$22
instanceKlass simrskhanza/DlgRawatInap$20
instanceKlass simrskhanza/DlgRawatInap$18
instanceKlass simrskhanza/DlgCariSoap$13
instanceKlass simrskhanza/DlgCariSoap$11
instanceKlass simrskhanza/DlgCariSoap$9
instanceKlass simrskhanza/DlgCariSoap$7
instanceKlass rekammedis/RMCari5SOAPTerakhir$10
instanceKlass rekammedis/RMCari5SOAPTerakhir$8
instanceKlass rekammedis/RMCari5SOAPTerakhir$6
instanceKlass kepegawaian/DlgCariPegawai2$11
instanceKlass kepegawaian/DlgCariPegawai2$9
instanceKlass kepegawaian/DlgCariPegawai2$7
instanceKlass keuangan/DlgCariPerawatanRanap2$6
instanceKlass keuangan/DlgCariPerawatanRanap2$5
instanceKlass keuangan/DlgCariPerawatanRanap2$4
instanceKlass keuangan/DlgCariPerawatanRanap2$3
instanceKlass keuangan/DlgCariPerawatanRanap2$31
instanceKlass keuangan/DlgCariPerawatanRanap2$29
instanceKlass keuangan/DlgCariPerawatanRanap2$26
instanceKlass keuangan/DlgCariPerawatanRanap2$25
instanceKlass keuangan/DlgCariPerawatanRanap2$24
instanceKlass keuangan/DlgCariPerawatanRanap2$22
instanceKlass keuangan/DlgCariPerawatanRanap2$20
instanceKlass keuangan/DlgCariPerawatanRanap2$17
instanceKlass keuangan/DlgCariPerawatanRanap2$14
instanceKlass keuangan/DlgCariPerawatanRanap2$10
instanceKlass keuangan/DlgCariPerawatanRanap2$9
instanceKlass keuangan/DlgCariPerawatanRanap2$8
instanceKlass keuangan/DlgCariPerawatanRanap2$7
instanceKlass keuangan/DlgCariPerawatanRanap$6
instanceKlass keuangan/DlgCariPerawatanRanap$5
instanceKlass keuangan/DlgCariPerawatanRanap$4
instanceKlass keuangan/DlgCariPerawatanRanap$3
instanceKlass keuangan/DlgCariPerawatanRanap$37
instanceKlass keuangan/DlgCariPerawatanRanap$35
instanceKlass keuangan/DlgCariPerawatanRanap$33
instanceKlass keuangan/DlgCariPerawatanRanap$31
instanceKlass keuangan/DlgCariPerawatanRanap$26
instanceKlass keuangan/DlgCariPerawatanRanap$25
instanceKlass keuangan/DlgCariPerawatanRanap$24
instanceKlass keuangan/DlgCariPerawatanRanap$22
instanceKlass keuangan/DlgCariPerawatanRanap$20
instanceKlass keuangan/DlgCariPerawatanRanap$17
instanceKlass keuangan/DlgCariPerawatanRanap$14
instanceKlass keuangan/DlgCariPerawatanRanap$10
instanceKlass keuangan/DlgCariPerawatanRanap$9
instanceKlass keuangan/DlgCariPerawatanRanap$8
instanceKlass keuangan/DlgCariPerawatanRanap$7
instanceKlass simrskhanza/DlgKtgPerawatan$19
instanceKlass simrskhanza/DlgKtgPerawatan$17
instanceKlass simrskhanza/DlgKtgPerawatan$14
instanceKlass simrskhanza/DlgKtgPerawatan$12
instanceKlass simrskhanza/DlgKtgPerawatan$10
instanceKlass simrskhanza/DlgKtgPerawatan$8
instanceKlass simrskhanza/DlgKtgPerawatan$6
instanceKlass kepegawaian/DlgCariPetugas$12
instanceKlass kepegawaian/DlgCariPetugas$11
instanceKlass kepegawaian/DlgCariPetugas$9
instanceKlass kepegawaian/DlgCariPetugas$7
instanceKlass javax/swing/Timer$1
instanceKlass inventory/DlgPemberianObat$40
instanceKlass inventory/DlgPemberianObat$8
instanceKlass inventory/DlgPemberianObat$7
instanceKlass inventory/DlgPemberianObat$6
instanceKlass inventory/DlgPemberianObat$5
instanceKlass inventory/DlgPemberianObat$4
instanceKlass inventory/DlgPemberianObat$3
instanceKlass inventory/DlgPemberianObat$38
instanceKlass inventory/DlgPemberianObat$37
instanceKlass inventory/DlgPemberianObat$36
instanceKlass inventory/DlgPemberianObat$32
instanceKlass inventory/DlgPemberianObat$27
instanceKlass inventory/DlgPemberianObat$24
instanceKlass inventory/DlgPemberianObat$21
instanceKlass inventory/DlgPemberianObat$19
instanceKlass inventory/DlgPemberianObat$17
instanceKlass inventory/DlgPemberianObat$15
instanceKlass inventory/DlgPemberianObat$11
instanceKlass inventory/DlgPemberianObat$10
instanceKlass inventory/DlgPemberianObat$9
instanceKlass simrskhanza/DlgCariPasien$11
instanceKlass simrskhanza/DlgCariPasien$9
instanceKlass simrskhanza/DlgCariPasien$7
instanceKlass inventory/DlgCariObat3$2
instanceKlass inventory/DlgCariObat3$15
instanceKlass inventory/DlgCariObat3$13
instanceKlass inventory/DlgCariObat3$12
instanceKlass inventory/DlgCariObat3$11
instanceKlass inventory/DlgCariObat3$10
instanceKlass inventory/DlgCariObat3$8
instanceKlass inventory/DlgCariObat2$8
instanceKlass inventory/DlgCariObat2$7
instanceKlass inventory/DlgCariObat2$6
instanceKlass inventory/DlgCariObat2$5
instanceKlass inventory/DlgCariObat2$46
instanceKlass inventory/DlgCariObat2$43
instanceKlass inventory/DlgCariObat2$39
instanceKlass inventory/DlgCariObat2$36
instanceKlass inventory/DlgCariObat2$34
instanceKlass inventory/DlgCariObat2$32
instanceKlass inventory/DlgCariObat2$31
instanceKlass inventory/DlgCariObat2$26
instanceKlass inventory/DlgCariObat2$25
instanceKlass inventory/DlgCariObat2$24
instanceKlass inventory/DlgCariObat2$23
instanceKlass inventory/DlgCariObat2$21
instanceKlass inventory/DlgCariObat2$20
instanceKlass inventory/DlgCariObat2$18
instanceKlass inventory/DlgCariObat2$16
instanceKlass inventory/DlgCariObat2$11
instanceKlass inventory/DlgCariObat2$10
instanceKlass inventory/DlgCariObat2$9
instanceKlass java/util/concurrent/TimeUnit$1
instanceKlass javax/swing/TimerQueue$DelayedTimer
instanceKlass java/util/concurrent/Delayed
instanceKlass inventory/DlgCariObat$45
instanceKlass inventory/DlgCariObat$8
instanceKlass inventory/DlgCariObat$7
instanceKlass inventory/DlgCariObat$6
instanceKlass inventory/DlgCariObat$5
instanceKlass inventory/DlgCariObat$42
instanceKlass inventory/DlgCariObat$38
instanceKlass inventory/DlgCariObat$35
instanceKlass inventory/DlgCariObat$33
instanceKlass inventory/DlgCariObat$28
instanceKlass inventory/DlgCariObat$26
instanceKlass inventory/DlgCariObat$25
instanceKlass inventory/DlgCariObat$24
instanceKlass inventory/DlgCariObat$23
instanceKlass inventory/DlgCariObat$22
instanceKlass inventory/DlgCariObat$20
instanceKlass inventory/DlgCariObat$19
instanceKlass inventory/DlgCariObat$17
instanceKlass inventory/DlgCariObat$15
instanceKlass inventory/DlgCariObat$11
instanceKlass inventory/DlgCariObat$10
instanceKlass inventory/DlgCariObat$9
instanceKlass bridging/ApiPcare
instanceKlass inventory/riwayatobat
instanceKlass inventory/DlgCariMetodeRacik$12
instanceKlass inventory/DlgCariMetodeRacik$11
instanceKlass inventory/DlgCariMetodeRacik$9
instanceKlass inventory/DlgCariMetodeRacik$7
instanceKlass inventory/DlgCariAturanPakai$12
instanceKlass inventory/DlgCariAturanPakai$11
instanceKlass inventory/DlgCariAturanPakai$9
instanceKlass inventory/DlgCariAturanPakai$7
instanceKlass simrskhanza/DlgCariReg$9
instanceKlass simrskhanza/DlgCariReg$7
instanceKlass simrskhanza/DlgCariReg$5
instanceKlass keuangan/DlgKamar$3
instanceKlass keuangan/DlgKamar$35
instanceKlass keuangan/DlgKamar$30
instanceKlass keuangan/DlgKamar$28
instanceKlass keuangan/DlgKamar$26
instanceKlass keuangan/DlgKamar$23
instanceKlass keuangan/DlgKamar$21
instanceKlass keuangan/DlgKamar$18
instanceKlass keuangan/DlgKamar$16
instanceKlass keuangan/DlgKamar$14
instanceKlass keuangan/DlgKamar$12
instanceKlass keuangan/DlgKamar$10
instanceKlass keuangan/DlgKamar$8
instanceKlass keuangan/DlgKamar$4
instanceKlass simrskhanza/DlgCariBangsal$12
instanceKlass simrskhanza/DlgCariBangsal$11
instanceKlass simrskhanza/DlgCariBangsal$9
instanceKlass simrskhanza/DlgCariBangsal$7
instanceKlass simrskhanza/DlgIKBBayi$4
instanceKlass simrskhanza/DlgIKBBayi$120
instanceKlass javax/swing/Autoscroller
instanceKlass simrskhanza/DlgIKBBayi$116
instanceKlass simrskhanza/DlgIKBBayi$114
instanceKlass simrskhanza/DlgIKBBayi$92
instanceKlass simrskhanza/DlgIKBBayi$84
instanceKlass simrskhanza/DlgIKBBayi$82
instanceKlass simrskhanza/DlgIKBBayi$80
instanceKlass simrskhanza/DlgIKBBayi$78
instanceKlass simrskhanza/DlgIKBBayi$76
instanceKlass simrskhanza/DlgIKBBayi$74
instanceKlass simrskhanza/DlgIKBBayi$72
instanceKlass simrskhanza/DlgIKBBayi$70
instanceKlass simrskhanza/DlgIKBBayi$59
instanceKlass simrskhanza/DlgIKBBayi$51
instanceKlass simrskhanza/DlgIKBBayi$44
instanceKlass simrskhanza/DlgIKBBayi$37
instanceKlass simrskhanza/DlgIKBBayi$34
instanceKlass simrskhanza/DlgIKBBayi$31
instanceKlass simrskhanza/DlgIKBBayi$28
instanceKlass simrskhanza/DlgIKBBayi$26
instanceKlass simrskhanza/DlgIKBBayi$25
instanceKlass simrskhanza/DlgIKBBayi$24
instanceKlass simrskhanza/DlgIKBBayi$23
instanceKlass simrskhanza/DlgIKBBayi$22
instanceKlass simrskhanza/DlgIKBBayi$21
instanceKlass simrskhanza/DlgIKBBayi$20
instanceKlass simrskhanza/DlgIKBBayi$19
instanceKlass simrskhanza/DlgIKBBayi$18
instanceKlass simrskhanza/DlgIKBBayi$17
instanceKlass simrskhanza/DlgIKBBayi$16
instanceKlass simrskhanza/DlgIKBBayi$15
instanceKlass simrskhanza/DlgIKBBayi$14
instanceKlass simrskhanza/DlgIKBBayi$13
instanceKlass simrskhanza/DlgIKBBayi$12
instanceKlass simrskhanza/DlgIKBBayi$11
instanceKlass simrskhanza/DlgIKBBayi$10
instanceKlass simrskhanza/DlgIKBBayi$9
instanceKlass simrskhanza/DlgIKBBayi$8
instanceKlass simrskhanza/DlgIKBBayi$7
instanceKlass simrskhanza/DlgIKBBayi$6
instanceKlass simrskhanza/DlgIKBBayi$5
instanceKlass javax/swing/plaf/metal/MetalIconFactory$MenuArrowIcon
instanceKlass javax/swing/JMenu$MenuChangeListener
instanceKlass bridging/DUKCAPILJakartaPostLahir
instanceKlass org/codehaus/jackson/map/ser/BeanSerializerModifier
instanceKlass org/codehaus/jackson/map/Serializers
instanceKlass org/codehaus/jackson/map/ser/std/StdJdkSerializers
instanceKlass org/codehaus/jackson/map/util/Provider
instanceKlass org/codehaus/jackson/map/SerializerFactory$Config
instanceKlass org/codehaus/jackson/map/ResolvableSerializer
instanceKlass org/codehaus/jackson/map/deser/ValueInstantiators
instanceKlass org/codehaus/jackson/map/AbstractTypeResolver
instanceKlass org/codehaus/jackson/map/deser/BeanDeserializerModifier
instanceKlass org/codehaus/jackson/map/KeyDeserializers
instanceKlass org/codehaus/jackson/map/ext/OptionalHandlerFactory
instanceKlass org/codehaus/jackson/map/deser/std/PrimitiveArrayDeserializers
instanceKlass java/lang/Byte$ByteCache
instanceKlass org/codehaus/jackson/map/type/ClassKey
instanceKlass org/codehaus/jackson/map/deser/StdDeserializers
instanceKlass org/codehaus/jackson/map/Deserializers
instanceKlass org/codehaus/jackson/map/DeserializerFactory$Config
instanceKlass org/codehaus/jackson/map/deser/SettableBeanProperty
instanceKlass org/codehaus/jackson/map/BeanProperty
instanceKlass org/codehaus/jackson/map/util/Named
instanceKlass org/codehaus/jackson/map/ResolvableDeserializer
instanceKlass org/codehaus/jackson/map/type/TypeBindings
instanceKlass org/codehaus/jackson/map/KeyDeserializer
instanceKlass org/codehaus/jackson/map/deser/std/StdKeyDeserializers
instanceKlass org/codehaus/jackson/map/DeserializerFactory
instanceKlass org/codehaus/jackson/map/JsonDeserializer
instanceKlass org/codehaus/jackson/map/util/RootNameLookup
instanceKlass org/codehaus/jackson/map/ser/impl/SerializerCache
instanceKlass org/codehaus/jackson/schema/SchemaAware
instanceKlass org/codehaus/jackson/map/JsonSerializer
instanceKlass org/codehaus/jackson/node/JsonNodeFactory
instanceKlass org/codehaus/jackson/map/MapperConfig$Base
instanceKlass org/codehaus/jackson/map/type/TypeParser
instanceKlass org/codehaus/jackson/map/type/TypeFactory
instanceKlass org/codehaus/jackson/sym/Name
instanceKlass org/codehaus/jackson/sym/BytesToNameCanonicalizer
instanceKlass org/codehaus/jackson/sym/CharsToNameCanonicalizer$Bucket
instanceKlass org/codehaus/jackson/sym/CharsToNameCanonicalizer
instanceKlass org/codehaus/jackson/annotate/JacksonAnnotation
instanceKlass sun/reflect/annotation/AnnotationParser$$Lambda$175
instanceKlass org/codehaus/jackson/annotate/JsonAutoDetect
instanceKlass org/codehaus/jackson/map/introspect/VisibilityChecker$Std
instanceKlass org/codehaus/jackson/map/introspect/BasicClassIntrospector$MinimalMethodFilter
instanceKlass org/codehaus/jackson/map/introspect/BasicClassIntrospector$SetterMethodFilter
instanceKlass org/codehaus/jackson/map/introspect/BasicClassIntrospector$GetterMethodFilter
instanceKlass org/codehaus/jackson/map/introspect/AnnotationMap
instanceKlass org/codehaus/jackson/map/util/Annotations
instanceKlass org/codehaus/jackson/map/introspect/Annotated
instanceKlass org/codehaus/jackson/map/MapperConfig
instanceKlass org/codehaus/jackson/map/ClassIntrospector$MixInResolver
instanceKlass org/codehaus/jackson/map/BeanDescription
instanceKlass org/codehaus/jackson/map/introspect/MethodFilter
instanceKlass org/codehaus/jackson/map/SerializerFactory
instanceKlass org/codehaus/jackson/map/DeserializerProvider
instanceKlass org/codehaus/jackson/map/SerializerProvider
instanceKlass org/codehaus/jackson/JsonFactory
instanceKlass org/codehaus/jackson/map/introspect/VisibilityChecker
instanceKlass org/codehaus/jackson/map/AnnotationIntrospector
instanceKlass org/codehaus/jackson/map/ClassIntrospector
instanceKlass org/codehaus/jackson/type/JavaType
instanceKlass org/codehaus/jackson/map/Module$SetupContext
instanceKlass org/codehaus/jackson/map/jsontype/SubtypeResolver
instanceKlass org/codehaus/jackson/JsonParser
instanceKlass org/codehaus/jackson/map/JsonSerializableWithType
instanceKlass org/codehaus/jackson/map/JsonSerializable
instanceKlass org/codehaus/jackson/JsonNode
instanceKlass org/codehaus/jackson/map/MapperConfig$ConfigFeature
instanceKlass org/codehaus/jackson/map/jsontype/TypeResolverBuilder
instanceKlass org/codehaus/jackson/PrettyPrinter
instanceKlass org/codehaus/jackson/map/DeserializationContext
instanceKlass org/springframework/http/converter/FormHttpMessageConverter
instanceKlass org/xml/sax/helpers/LocatorImpl
instanceKlass org/xml/sax/Locator
instanceKlass javax/xml/transform/SourceLocator
instanceKlass org/apache/xml/utils/DefaultErrorHandler
instanceKlass org/xml/sax/ErrorHandler
instanceKlass javax/xml/transform/ErrorListener
instanceKlass org/xml/sax/InputSource
instanceKlass javax/xml/parsers/SAXParserFactory
instanceKlass javax/xml/transform/sax/TemplatesHandler
instanceKlass org/xml/sax/ext/DeclHandler
instanceKlass javax/xml/transform/sax/TransformerHandler
instanceKlass org/xml/sax/DTDHandler
instanceKlass org/xml/sax/ext/LexicalHandler
instanceKlass javax/xml/transform/Transformer
instanceKlass org/xml/sax/XMLFilter
instanceKlass org/xml/sax/XMLReader
instanceKlass org/apache/xml/utils/DOMHelper
instanceKlass org/xml/sax/ContentHandler
instanceKlass sun/security/util/SignatureFileVerifier
instanceKlass sun/security/util/ManifestEntryVerifier
instanceKlass javax/xml/transform/FactoryFinder$1
instanceKlass jdk/xml/internal/SecuritySupport$$Lambda$174
instanceKlass javax/xml/transform/FactoryFinder$$Lambda$173
instanceKlass jdk/xml/internal/SecuritySupport$$Lambda$172
instanceKlass jdk/xml/internal/SecuritySupport
instanceKlass javax/xml/transform/FactoryFinder
instanceKlass javax/xml/transform/TransformerFactory
instanceKlass javax/xml/transform/Source
instanceKlass javax/xml/transform/Result
instanceKlass javax/activation/FileTypeMap
instanceKlass org/springframework/core/io/Resource
instanceKlass org/springframework/core/io/InputStreamSource
instanceKlass java/nio/charset/Charset$1
instanceKlass sun/nio/cs/CharsetMapping$Entry
instanceKlass sun/nio/cs/CharsetMapping$1
instanceKlass sun/nio/cs/CharsetMapping$4
instanceKlass sun/nio/cs/CharsetMapping$3
instanceKlass sun/nio/cs/CharsetMapping$2
instanceKlass sun/nio/cs/CharsetMapping
instanceKlass sun/nio/cs/ext/SJIS_0213$1
instanceKlass sun/nio/cs/DoubleByte
instanceKlass sun/nio/cs/ext/AbstractCharsetProvider$1
instanceKlass sun/util/PreHashedMap$1$1
instanceKlass sun/nio/cs/StandardCharsets$1
instanceKlass java/nio/charset/Charset$3
instanceKlass java/util/AbstractMap$SimpleImmutableEntry
instanceKlass org/springframework/http/MediaType$2
instanceKlass org/springframework/http/MediaType$1
instanceKlass org/springframework/util/CollectionUtils
instanceKlass org/springframework/util/StringUtils
instanceKlass org/springframework/http/MediaType
instanceKlass org/springframework/http/converter/AbstractHttpMessageConverter
instanceKlass org/springframework/http/converter/HttpMessageConverter
instanceKlass org/springframework/web/client/DefaultResponseErrorHandler
instanceKlass org/springframework/web/client/RestTemplate$HeadersExtractor
instanceKlass org/springframework/http/client/ClientHttpRequest
instanceKlass org/springframework/http/HttpOutputMessage
instanceKlass org/springframework/http/HttpRequest
instanceKlass org/springframework/http/HttpMessage
instanceKlass org/springframework/http/client/SimpleClientHttpRequestFactory
instanceKlass org/apache/log4j/spi/LoggingEvent
instanceKlass org/codehaus/jackson/JsonGenerator
instanceKlass org/codehaus/jackson/ObjectCodec
instanceKlass org/codehaus/jackson/Versioned
instanceKlass javax/xml/bind/Binder
instanceKlass org/springframework/util/Assert
instanceKlass org/apache/log4j/CategoryKey
instanceKlass org/apache/log4j/helpers/LogLog
instanceKlass org/apache/log4j/helpers/Loader
instanceKlass org/apache/log4j/spi/Configurator
instanceKlass org/apache/log4j/helpers/OptionConverter
instanceKlass org/apache/log4j/spi/DefaultRepositorySelector
instanceKlass org/apache/log4j/DefaultCategoryFactory
instanceKlass org/apache/log4j/or/DefaultRenderer
instanceKlass org/apache/log4j/or/ObjectRenderer
instanceKlass org/apache/log4j/or/RendererMap
instanceKlass org/apache/log4j/spi/LoggerFactory
instanceKlass org/apache/log4j/Hierarchy
instanceKlass org/apache/log4j/spi/RendererSupport
instanceKlass org/apache/log4j/spi/RepositorySelector
instanceKlass org/apache/log4j/spi/LoggerRepository
instanceKlass org/apache/log4j/LogManager
instanceKlass org/apache/log4j/Priority
instanceKlass org/apache/commons/logging/impl/Log4JLogger
instanceKlass org/apache/commons/logging/Log
instanceKlass org/apache/log4j/Category
instanceKlass org/apache/log4j/spi/AppenderAttachable
instanceKlass org/apache/commons/logging/impl/LogFactoryImpl$1
instanceKlass org/apache/commons/logging/LogFactory$2
instanceKlass org/apache/commons/logging/LogFactory$3
instanceKlass java/lang/WeakPairMap$$Lambda$171
instanceKlass java/lang/Module$$Lambda$170
instanceKlass java/lang/module/ModuleDescriptor$Builder$$Lambda$169
instanceKlass java/lang/module/ModuleDescriptor$Builder
instanceKlass java/lang/reflect/Proxy$ProxyBuilder$$Lambda$168
instanceKlass java/lang/reflect/AccessibleObject$$Lambda$167
instanceKlass org/apache/commons/logging/LogFactory$1
instanceKlass org/apache/commons/logging/LogFactory
instanceKlass org/springframework/util/ClassUtils
instanceKlass org/springframework/web/client/ResponseErrorHandler
instanceKlass org/springframework/web/util/UriTemplate
instanceKlass org/springframework/web/client/ResponseExtractor
instanceKlass org/springframework/web/client/RequestCallback
instanceKlass org/springframework/http/client/support/HttpAccessor
instanceKlass org/springframework/web/client/RestOperations
instanceKlass bridging/DUKCAPILJakartaCekNik
instanceKlass kepegawaian/DlgCariPegawai$11
instanceKlass kepegawaian/DlgCariPegawai$9
instanceKlass kepegawaian/DlgCariPegawai$7
instanceKlass java/time/Instant
instanceKlass java/time/LocalTime
instanceKlass java/time/zone/ZoneOffsetTransition
instanceKlass java/time/LocalDateTime
instanceKlass java/time/chrono/ChronoLocalDateTime
instanceKlass java/time/zone/ZoneOffsetTransitionRule
instanceKlass java/time/zone/ZoneRules
instanceKlass java/time/zone/Ser
instanceKlass java/time/zone/ZoneRulesProvider$1
instanceKlass java/time/zone/ZoneRulesProvider
instanceKlass java/time/ZoneId
instanceKlass java/time/Clock
instanceKlass java/time/temporal/ValueRange
instanceKlass java/time/Duration
instanceKlass java/time/temporal/TemporalAmount
instanceKlass java/time/temporal/TemporalUnit
instanceKlass java/time/temporal/TemporalField
instanceKlass java/time/LocalDate
instanceKlass java/time/chrono/ChronoLocalDate
instanceKlass java/time/temporal/TemporalAdjuster
instanceKlass java/time/temporal/Temporal
instanceKlass java/time/temporal/TemporalAccessor
instanceKlass keuangan/DlgBilingRalan$12
instanceKlass keuangan/DlgBilingRalan$11
instanceKlass keuangan/DlgBilingRalan$10
instanceKlass keuangan/DlgBilingRalan$9
instanceKlass javax/swing/plaf/metal/MetalUtils
instanceKlass keuangan/DlgBilingRalan$108
instanceKlass keuangan/DlgBilingRalan$106
instanceKlass keuangan/DlgBilingRalan$104
instanceKlass keuangan/DlgBilingRalan$102
instanceKlass keuangan/DlgBilingRalan$100
instanceKlass keuangan/DlgBilingRalan$98
instanceKlass keuangan/DlgBilingRalan$96
instanceKlass keuangan/DlgBilingRalan$93
instanceKlass keuangan/DlgBilingRalan$90
instanceKlass keuangan/DlgBilingRalan$88
instanceKlass keuangan/DlgBilingRalan$87
instanceKlass keuangan/DlgBilingRalan$86
instanceKlass keuangan/DlgBilingRalan$85
instanceKlass keuangan/DlgBilingRalan$84
instanceKlass keuangan/DlgBilingRalan$83
instanceKlass keuangan/DlgBilingRalan$82
instanceKlass keuangan/DlgBilingRalan$81
instanceKlass keuangan/DlgBilingRalan$80
instanceKlass keuangan/DlgBilingRalan$79
instanceKlass keuangan/DlgBilingRalan$72
instanceKlass keuangan/DlgBilingRalan$69
instanceKlass keuangan/DlgBilingRalan$68
instanceKlass keuangan/DlgBilingRalan$67
instanceKlass keuangan/DlgBilingRalan$65
instanceKlass keuangan/DlgBilingRalan$64
instanceKlass keuangan/DlgBilingRalan$63
instanceKlass keuangan/DlgBilingRalan$62
instanceKlass keuangan/DlgBilingRalan$61
instanceKlass keuangan/DlgBilingRalan$60
instanceKlass keuangan/DlgBilingRalan$58
instanceKlass keuangan/DlgBilingRalan$56
instanceKlass keuangan/DlgBilingRalan$55
instanceKlass keuangan/DlgBilingRalan$54
instanceKlass keuangan/DlgBilingRalan$53
instanceKlass keuangan/DlgBilingRalan$52
instanceKlass keuangan/DlgBilingRalan$51
instanceKlass keuangan/DlgBilingRalan$48
instanceKlass keuangan/DlgBilingRalan$46
instanceKlass keuangan/DlgBilingRalan$44
instanceKlass keuangan/DlgBilingRalan$42
instanceKlass keuangan/DlgBilingRalan$38
instanceKlass keuangan/DlgBilingRalan$36
instanceKlass keuangan/DlgBilingRalan$35
instanceKlass keuangan/DlgBilingRalan$34
instanceKlass keuangan/DlgBilingRalan$33
instanceKlass keuangan/DlgBilingRalan$32
instanceKlass keuangan/DlgBilingRalan$31
instanceKlass keuangan/DlgBilingRalan$30
instanceKlass keuangan/DlgBilingRalan$29
instanceKlass keuangan/DlgBilingRalan$28
instanceKlass keuangan/DlgBilingRalan$27
instanceKlass keuangan/DlgBilingRalan$26
instanceKlass keuangan/DlgBilingRalan$25
instanceKlass keuangan/DlgBilingRalan$24
instanceKlass keuangan/DlgBilingRalan$23
instanceKlass keuangan/DlgBilingRalan$22
instanceKlass keuangan/DlgBilingRalan$21
instanceKlass keuangan/DlgBilingRalan$20
instanceKlass keuangan/DlgBilingRalan$19
instanceKlass keuangan/DlgBilingRalan$18
instanceKlass keuangan/DlgBilingRalan$17
instanceKlass keuangan/DlgBilingRalan$16
instanceKlass keuangan/DlgBilingRalan$15
instanceKlass javax/swing/plaf/basic/BasicTabbedPaneUI$Handler
instanceKlass javax/swing/plaf/basic/BasicTabbedPaneUI$TabbedPaneLayout
instanceKlass javax/swing/JTabbedPane$ModelListener
instanceKlass javax/accessibility/AccessibleRelationSet
instanceKlass javax/accessibility/AccessibleContext$1
instanceKlass sun/awt/AWTAccessor$AccessibleContextAccessor
instanceKlass javax/accessibility/AccessibleContext
instanceKlass javax/accessibility/AccessibleExtendedComponent
instanceKlass javax/accessibility/AccessibleComponent
instanceKlass javax/swing/text/GapContent$UndoPosRef
instanceKlass java/awt/GridBagConstraints
instanceKlass java/awt/GridBagLayout
instanceKlass javax/swing/text/DefaultCaret$1
instanceKlass javax/swing/TimerQueue$$Lambda$166
instanceKlass javax/swing/TimerQueue
instanceKlass javax/swing/text/AbstractDocument$UndoRedoDocumentEvent
instanceKlass javax/swing/event/DocumentEvent$ElementChange
instanceKlass java/awt/GridLayout
instanceKlass javax/swing/plaf/basic/BasicMenuItemUI$Handler
instanceKlass javax/swing/event/MenuDragMouseListener
instanceKlass sun/swing/MenuItemLayoutHelper
instanceKlass javax/swing/plaf/basic/BasicGraphicsUtils
instanceKlass javax/swing/plaf/metal/MetalIconFactory$MenuItemArrowIcon
instanceKlass javax/swing/JMenuItem$MenuItemFocusListener
instanceKlass javax/swing/text/html/CSS$ShorthandBackgroundParser
instanceKlass javax/swing/text/html/CSS$ShorthandFontParser
instanceKlass javax/swing/text/html/CSS$ShorthandBorderParser
instanceKlass javax/swing/text/TabableView
instanceKlass javax/swing/text/html/StyleSheet$1
instanceKlass javax/swing/text/html/CSSBorder$StrokePainter
instanceKlass javax/swing/text/html/CSSBorder$SolidPainter
instanceKlass javax/swing/text/html/CSSBorder$NullPainter
instanceKlass javax/swing/text/html/CSSBorder$BorderPainter
instanceKlass javax/swing/text/html/StyleSheet$BoxPainter
instanceKlass javax/swing/text/html/StyleSheet$SearchBuffer
instanceKlass javax/swing/text/html/MuxingAttributeSet
instanceKlass javax/swing/text/FlowView$FlowStrategy
instanceKlass javax/swing/text/DefaultStyledDocument$AbstractChangeHandler
instanceKlass javax/swing/text/html/parser/AttributeList
instanceKlass javax/swing/text/html/parser/ContentModel
instanceKlass javax/swing/text/html/parser/ParserDelegator$1
instanceKlass javax/swing/text/html/parser/Entity
instanceKlass javax/swing/text/html/parser/Element
instanceKlass javax/swing/text/html/parser/DTD
instanceKlass javax/swing/text/html/parser/DTDConstants
instanceKlass javax/swing/text/html/HTMLEditorKit$Parser
instanceKlass javax/swing/text/AbstractDocument$DefaultDocumentEventUndoableWrapper
instanceKlass sun/swing/text/UndoableEditLockSupport
instanceKlass javax/swing/event/DocumentEvent$EventType
instanceKlass javax/swing/event/DocumentEvent
instanceKlass javax/swing/undo/AbstractUndoableEdit
instanceKlass javax/swing/undo/UndoableEdit
instanceKlass javax/swing/text/DefaultStyledDocument$ElementBuffer
instanceKlass javax/swing/text/html/CSS$ShorthandMarginParser
instanceKlass javax/swing/text/html/CSS$LengthUnit
instanceKlass javax/swing/text/html/CSSParser
instanceKlass javax/swing/text/html/StyleSheet$CssParser
instanceKlass javax/swing/text/html/CSSParser$CSSParserCallback
instanceKlass javax/swing/text/html/HTMLEditorKit$1
instanceKlass javax/swing/text/html/StyleSheet$SelectorMapping
instanceKlass sun/awt/shell/Win32ShellFolder2$FolderDisposer$1
instanceKlass javax/swing/text/html/CSS$CssValue
instanceKlass javax/swing/text/html/CSS$Value
instanceKlass javax/swing/text/html/CSS$Attribute
instanceKlass javax/swing/text/html/CSS
instanceKlass javax/swing/text/StyledEditorKit$AttributeTracker
instanceKlass javax/swing/text/html/HTML$Attribute
instanceKlass javax/swing/text/html/HTML
instanceKlass javax/swing/text/html/HTML$Tag
instanceKlass javax/swing/event/CaretListener
instanceKlass javax/swing/text/html/HTMLEditorKit$HTMLFactory
instanceKlass javax/swing/text/StyledEditorKit$StyledViewFactory
instanceKlass javax/swing/text/Utilities
instanceKlass javax/swing/text/SegmentCache
instanceKlass javax/swing/SizeRequirements
instanceKlass sun/swing/SwingUtilities2$KeyPair
instanceKlass simrskhanza/DlgCariCaraBayar$14
instanceKlass simrskhanza/DlgCariCaraBayar$13
instanceKlass simrskhanza/DlgCariCaraBayar$12
instanceKlass simrskhanza/DlgCariCaraBayar$11
instanceKlass simrskhanza/DlgCariCaraBayar$9
instanceKlass simrskhanza/DlgCariCaraBayar$7
instanceKlass javax/swing/text/StyledDocument
instanceKlass javax/swing/plaf/metal/MetalIconFactory$CheckBoxIcon
instanceKlass javax/swing/plaf/basic/BasicBorders
instanceKlass simrskhanza/DlgCariPoli$12
instanceKlass simrskhanza/DlgCariPoli$11
instanceKlass simrskhanza/DlgCariPoli$9
instanceKlass simrskhanza/DlgCariPoli$7
instanceKlass fungsi/batasInput
instanceKlass javax/swing/table/TableColumn
instanceKlass javax/swing/JTable$5
instanceKlass javax/swing/JTable$2
instanceKlass javax/swing/JTable$Resizable3
instanceKlass javax/swing/JTable$Resizable2
instanceKlass sun/awt/GlobalCursorManager$NativeUpdater
instanceKlass sun/awt/GlobalCursorManager
instanceKlass sun/java2d/StateTrackableDelegate$1
instanceKlass sun/java2d/d3d/D3DBlitLoops
instanceKlass sun/java2d/loops/ProcessPath$DrawHandler
instanceKlass sun/java2d/pipe/BufferedRenderPipe$AAParallelogramPipe
instanceKlass sun/java2d/pipe/BufferedRenderPipe
instanceKlass sun/java2d/pipe/hw/AccelSurface
instanceKlass javax/swing/RepaintManager$2
instanceKlass javax/swing/KeyboardManager$ComponentKeyStrokePair
instanceKlass java/util/LinkedList$ListItr
instanceKlass sun/awt/im/InputMethodAdapter
instanceKlass java/awt/im/spi/InputMethod
instanceKlass java/awt/im/spi/InputMethodContext
instanceKlass java/awt/im/InputMethodRequests
instanceKlass java/awt/im/InputContext
instanceKlass sun/awt/NullComponentPeer
instanceKlass sun/awt/LightweightPeerHolder
instanceKlass java/awt/peer/DialogPeer
instanceKlass java/awt/peer/LightweightPeer
instanceKlass sun/awt/im/ExecutableInputMethodManager$3
instanceKlass sun/awt/im/InputMethodLocator
instanceKlass sun/awt/windows/WInputMethodDescriptor
instanceKlass java/awt/im/spi/InputMethodDescriptor
instanceKlass sun/awt/im/InputMethodManager
instanceKlass java/lang/invoke/LambdaForm$MH
instanceKlass java/lang/invoke/LambdaForm$MH
instanceKlass java/lang/invoke/LambdaForm$MH
instanceKlass java/lang/invoke/LambdaForm$MH
instanceKlass java/lang/invoke/LambdaForm$MH
instanceKlass java/lang/invoke/LambdaForm$MH
instanceKlass java/lang/invoke/LambdaForm$MH
instanceKlass java/lang/invoke/LambdaForm$MH
instanceKlass java/lang/invoke/LambdaForm$MH
instanceKlass sun/awt/FontConfiguration$2
instanceKlass sun/awt/NativeLibLoader$1
instanceKlass sun/awt/NativeLibLoader
instanceKlass sun/awt/PlatformFont
instanceKlass java/awt/peer/FontPeer
instanceKlass sun/awt/windows/WComponentPeer$2
instanceKlass java/awt/SystemColor$$Lambda$165
instanceKlass sun/awt/AWTAccessor$SystemColorAccessor
instanceKlass java/lang/invoke/LambdaForm$DMH
instanceKlass javax/swing/SwingHeavyWeight
instanceKlass sun/java2d/StateTracker$2
instanceKlass sun/java2d/StateTracker$1
instanceKlass sun/java2d/StateTracker
instanceKlass sun/java2d/SurfaceDataProxy
instanceKlass sun/awt/image/SurfaceManager$FlushableCacheData
instanceKlass sun/java2d/DefaultDisposerRecord
instanceKlass sun/java2d/loops/GraphicsPrimitiveMgr$PrimitiveSpec
instanceKlass sun/java2d/loops/RenderLoops
instanceKlass sun/java2d/windows/GDIRenderer
instanceKlass sun/java2d/loops/GraphicsPrimitiveMgr$2
instanceKlass sun/java2d/loops/GraphicsPrimitiveMgr$1
instanceKlass sun/java2d/loops/GeneralRenderer
instanceKlass sun/java2d/loops/CustomComponent
instanceKlass sun/java2d/pipe/ValidatePipe
instanceKlass java/awt/BasicStroke
instanceKlass java/awt/Stroke
instanceKlass java/awt/AlphaComposite
instanceKlass sun/awt/ConstrainableGraphics
instanceKlass sun/java2d/loops/CompositeType
instanceKlass sun/java2d/loops/GraphicsPrimitiveMgr
instanceKlass sun/java2d/loops/GraphicsPrimitive
instanceKlass sun/java2d/loops/XORComposite
instanceKlass sun/java2d/d3d/D3DScreenUpdateManager$$Lambda$164
instanceKlass sun/java2d/d3d/D3DScreenUpdateManager$$Lambda$163
instanceKlass sun/java2d/ScreenUpdateManager
instanceKlass sun/awt/im/InputMethodWindow
instanceKlass sun/awt/ExtendedKeyCodes
instanceKlass sun/awt/RepaintArea
instanceKlass sun/awt/windows/WWindowPeer$GuiDisposedListener
instanceKlass sun/awt/windows/WWindowPeer$ActiveWindowListener
instanceKlass java/awt/peer/CanvasPeer
instanceKlass java/awt/peer/PanelPeer
instanceKlass java/awt/peer/FramePeer
instanceKlass java/awt/peer/WindowPeer
instanceKlass java/awt/peer/ContainerPeer
instanceKlass kepegawaian/DlgCariDokter$12
instanceKlass kepegawaian/DlgCariDokter$11
instanceKlass sun/awt/image/PNGImageDecoder$Chromaticities
instanceKlass kepegawaian/DlgCariDokter$9
instanceKlass kepegawaian/DlgCariDokter$7
instanceKlass java/text/DontCareFieldPosition$1
instanceKlass java/text/Format$FieldDelegate
instanceKlass sun/net/www/MimeEntry
instanceKlass sun/net/www/MimeTable$DefaultInstanceHolder$1
instanceKlass sun/net/www/MimeTable$DefaultInstanceHolder
instanceKlass sun/net/www/MimeTable$1
instanceKlass sun/net/www/MimeTable
instanceKlass java/net/URLConnection$1
instanceKlass java/net/FileNameMap
instanceKlass sun/net/DefaultProgressMeteringPolicy
instanceKlass sun/net/ProgressMeteringPolicy
instanceKlass sun/net/ProgressMonitor
instanceKlass javax/swing/JTable$SortManager
instanceKlass sun/font/SunFontManager$5
instanceKlass sun/font/SunFontManager$FamilyDescription
instanceKlass javax/swing/border/TitledBorder$$Lambda$162
instanceKlass javax/swing/border/TitledBorder$$Lambda$161
instanceKlass java/awt/event/WindowAdapter
instanceKlass usu/widget/TextBox$1
instanceKlass usu/widget/event/DrafTextListener
instanceKlass usu/widget/event/DrafTextEvent
instanceKlass usu/widget/text/DrafText
instanceKlass javax/swing/plaf/basic/BasicTableUI$Handler
instanceKlass javax/swing/AbstractCellEditor
instanceKlass javax/swing/tree/TreeCellEditor
instanceKlass javax/swing/table/TableCellEditor
instanceKlass javax/swing/CellEditor
instanceKlass javax/swing/plaf/basic/BasicTableHeaderUI$MouseInputHandler
instanceKlass javax/swing/plaf/basic/BasicTableHeaderUI$1
instanceKlass sun/swing/table/DefaultTableCellHeaderRenderer$EmptyIcon
instanceKlass javax/swing/JTable$$Lambda$160
instanceKlass javax/swing/JTable$$Lambda$159
instanceKlass javax/swing/JTable$$Lambda$158
instanceKlass javax/swing/JTable$$Lambda$157
instanceKlass javax/swing/JTable$$Lambda$156
instanceKlass javax/swing/JTable$$Lambda$155
instanceKlass javax/swing/JTable$$Lambda$154
instanceKlass javax/swing/JTable$$Lambda$153
instanceKlass javax/swing/JTable$$Lambda$152
instanceKlass javax/swing/JTable$$Lambda$151
instanceKlass javax/swing/JTable$$Lambda$150
instanceKlass javax/swing/table/DefaultTableColumnModel
instanceKlass javax/swing/table/TableColumnModel
instanceKlass java/awt/Composite
instanceKlass javax/swing/BorderFactory
instanceKlass com/fasterxml/jackson/databind/ser/BeanSerializerModifier
instanceKlass com/fasterxml/jackson/databind/ser/Serializers
instanceKlass com/fasterxml/jackson/databind/cfg/SerializerFactoryConfig
instanceKlass java/util/UUID
instanceKlass java/util/Currency
instanceKlass com/fasterxml/jackson/databind/ser/std/StdJdkSerializers
instanceKlass com/fasterxml/jackson/databind/ser/std/NumberSerializers
instanceKlass com/fasterxml/jackson/databind/deser/DeserializerCache
instanceKlass com/fasterxml/jackson/databind/KeyDeserializer
instanceKlass com/fasterxml/jackson/databind/deser/std/StdKeyDeserializers
instanceKlass com/fasterxml/jackson/databind/deser/KeyDeserializers
instanceKlass com/fasterxml/jackson/databind/deser/ValueInstantiators
instanceKlass com/fasterxml/jackson/databind/AbstractTypeResolver
instanceKlass com/fasterxml/jackson/databind/deser/BeanDeserializerModifier
instanceKlass com/fasterxml/jackson/databind/cfg/DeserializerFactoryConfig
instanceKlass com/fasterxml/jackson/databind/deser/Deserializers
instanceKlass com/fasterxml/jackson/annotation/ObjectIdGenerator
instanceKlass com/fasterxml/jackson/databind/deser/SettableBeanProperty
instanceKlass com/fasterxml/jackson/databind/BeanProperty
instanceKlass com/fasterxml/jackson/databind/introspect/BeanPropertyDefinition
instanceKlass com/fasterxml/jackson/databind/util/Named
instanceKlass com/fasterxml/jackson/databind/deser/ResolvableDeserializer
instanceKlass com/fasterxml/jackson/databind/deser/ContextualDeserializer
instanceKlass com/fasterxml/jackson/databind/JsonDeserializer
instanceKlass com/fasterxml/jackson/databind/ser/SerializerCache
instanceKlass com/fasterxml/jackson/databind/ser/ResolvableSerializer
instanceKlass com/fasterxml/jackson/databind/ser/ContextualSerializer
instanceKlass com/fasterxml/jackson/databind/jsonschema/SchemaAware
instanceKlass com/fasterxml/jackson/databind/JsonSerializer
instanceKlass com/fasterxml/jackson/databind/jsonFormatVisitors/JsonFormatVisitable
instanceKlass com/fasterxml/jackson/databind/node/JsonNodeFactory
instanceKlass com/fasterxml/jackson/databind/node/JsonNodeCreator
instanceKlass com/fasterxml/jackson/databind/cfg/ConfigFeature
instanceKlass com/fasterxml/jackson/databind/util/RootNameLookup
instanceKlass com/fasterxml/jackson/core/sym/BytesToNameCanonicalizer$TableInfo
instanceKlass java/util/concurrent/atomic/AtomicReference
instanceKlass com/fasterxml/jackson/core/sym/Name
instanceKlass com/fasterxml/jackson/core/sym/BytesToNameCanonicalizer
instanceKlass com/fasterxml/jackson/core/sym/CharsToNameCanonicalizer$Bucket
instanceKlass com/fasterxml/jackson/core/sym/CharsToNameCanonicalizer
instanceKlass com/fasterxml/jackson/core/Base64Variant
instanceKlass com/fasterxml/jackson/core/Base64Variants
instanceKlass sun/util/locale/provider/JRELocaleProviderAdapter$$Lambda$149
instanceKlass sun/util/locale/provider/JRELocaleProviderAdapter$$Lambda$148
instanceKlass java/text/DateFormatSymbols
instanceKlass com/fasterxml/jackson/databind/type/TypeParser
instanceKlass com/fasterxml/jackson/databind/type/TypeFactory
instanceKlass com/fasterxml/jackson/databind/cfg/BaseSettings
instanceKlass com/fasterxml/jackson/core/util/DefaultPrettyPrinter$Lf2SpacesIndenter
instanceKlass com/fasterxml/jackson/core/util/DefaultPrettyPrinter$FixedSpaceIndenter
instanceKlass com/fasterxml/jackson/core/io/SerializedString
instanceKlass com/fasterxml/jackson/core/SerializableString
instanceKlass com/fasterxml/jackson/core/util/DefaultPrettyPrinter$NopIndenter
instanceKlass com/fasterxml/jackson/core/util/DefaultPrettyPrinter$Indenter
instanceKlass com/fasterxml/jackson/core/util/DefaultPrettyPrinter
instanceKlass com/fasterxml/jackson/core/util/Instantiatable
instanceKlass java/lang/Class$AnnotationData
instanceKlass com/fasterxml/jackson/annotation/JacksonAnnotation
instanceKlass java/lang/reflect/Proxy$ProxyBuilder$1
instanceKlass java/lang/reflect/ProxyGenerator$ExceptionTableEntry
instanceKlass java/lang/reflect/ProxyGenerator$PrimitiveTypeInfo
instanceKlass java/lang/reflect/ProxyGenerator$FieldInfo
instanceKlass java/lang/reflect/ProxyGenerator$ConstantPool$Entry
instanceKlass java/lang/reflect/ProxyGenerator$MethodInfo
instanceKlass java/lang/reflect/ProxyGenerator$ProxyMethod
instanceKlass java/lang/reflect/ProxyGenerator$ConstantPool
instanceKlass java/lang/reflect/ProxyGenerator
instanceKlass java/lang/reflect/Proxy$$Lambda$147
instanceKlass java/lang/PublicMethods
instanceKlass java/util/Collections$1
instanceKlass java/lang/reflect/Proxy$ProxyBuilder
instanceKlass java/lang/reflect/Proxy$$Lambda$146
instanceKlass java/lang/reflect/Proxy
instanceKlass sun/reflect/annotation/AnnotationInvocationHandler
instanceKlass sun/reflect/annotation/AnnotationParser$1
instanceKlass java/lang/annotation/Target
instanceKlass java/lang/annotation/Inherited
instanceKlass java/lang/annotation/Retention
instanceKlass sun/reflect/annotation/ExceptionProxy
instanceKlass sun/reflect/annotation/AnnotationType$1
instanceKlass sun/reflect/annotation/AnnotationType
instanceKlass java/lang/reflect/GenericArrayType
instanceKlass sun/reflect/generics/visitor/Reifier
instanceKlass sun/reflect/generics/visitor/TypeTreeVisitor
instanceKlass sun/reflect/generics/factory/CoreReflectionFactory
instanceKlass sun/reflect/generics/factory/GenericsFactory
instanceKlass sun/reflect/generics/scope/AbstractScope
instanceKlass sun/reflect/generics/scope/Scope
instanceKlass sun/reflect/generics/tree/ClassTypeSignature
instanceKlass sun/reflect/generics/tree/SimpleClassTypeSignature
instanceKlass sun/reflect/generics/tree/FieldTypeSignature
instanceKlass sun/reflect/generics/tree/BaseType
instanceKlass sun/reflect/generics/tree/TypeSignature
instanceKlass sun/reflect/generics/tree/ReturnType
instanceKlass sun/reflect/generics/tree/TypeArgument
instanceKlass sun/reflect/generics/tree/TypeTree
instanceKlass sun/reflect/generics/tree/Tree
instanceKlass sun/reflect/generics/parser/SignatureParser
instanceKlass com/fasterxml/jackson/annotation/JsonAutoDetect
instanceKlass com/fasterxml/jackson/databind/introspect/VisibilityChecker$Std
instanceKlass com/fasterxml/jackson/databind/introspect/AnnotationMap
instanceKlass com/fasterxml/jackson/databind/util/Annotations
instanceKlass com/fasterxml/jackson/databind/introspect/Annotated
instanceKlass com/fasterxml/jackson/databind/BeanDescription
instanceKlass com/fasterxml/jackson/databind/cfg/MapperConfig
instanceKlass com/fasterxml/jackson/databind/introspect/ClassIntrospector$MixInResolver
instanceKlass com/fasterxml/jackson/databind/jsontype/TypeResolverBuilder
instanceKlass com/fasterxml/jackson/core/JsonGenerator
instanceKlass com/fasterxml/jackson/core/JsonParser
instanceKlass com/fasterxml/jackson/databind/Module$SetupContext
instanceKlass com/fasterxml/jackson/databind/JsonNode
instanceKlass com/fasterxml/jackson/core/TreeNode
instanceKlass com/fasterxml/jackson/core/PrettyPrinter
instanceKlass com/fasterxml/jackson/databind/introspect/VisibilityChecker
instanceKlass com/fasterxml/jackson/databind/AnnotationIntrospector
instanceKlass com/fasterxml/jackson/databind/introspect/ClassIntrospector
instanceKlass com/fasterxml/jackson/databind/JsonSerializable
instanceKlass com/fasterxml/jackson/core/type/ResolvedType
instanceKlass com/fasterxml/jackson/databind/ser/SerializerFactory
instanceKlass com/fasterxml/jackson/databind/deser/DeserializerFactory
instanceKlass com/fasterxml/jackson/databind/DatabindContext
instanceKlass com/fasterxml/jackson/databind/jsontype/SubtypeResolver
instanceKlass com/fasterxml/jackson/core/JsonFactory
instanceKlass com/fasterxml/jackson/core/ObjectCodec
instanceKlass com/fasterxml/jackson/core/Versioned
instanceKlass org/springframework/http/client/HttpComponentsClientHttpRequestFactory
instanceKlass org/springframework/beans/factory/DisposableBean
instanceKlass org/springframework/http/client/ClientHttpRequestFactory
instanceKlass org/apache/http/conn/scheme/SchemeSocketFactory
instanceKlass org/springframework/util/MultiValueMap
instanceKlass bridging/ApiBRI
instanceKlass keuangan/Jurnal
instanceKlass com/mysql/jdbc/PreparedStatement$BatchVisitor
instanceKlass com/mysql/jdbc/PreparedStatement$ParseInfo
instanceKlass com/mysql/jdbc/ParameterBindings
instanceKlass java/sql/ParameterMetaData
instanceKlass java/util/Collections$UnmodifiableMap$UnmodifiableEntrySet$UnmodifiableEntry
instanceKlass java/util/Collections$UnmodifiableMap$UnmodifiableEntrySet$1
instanceKlass com/mysql/jdbc/EscapeProcessor
instanceKlass java/awt/datatransfer/Transferable
instanceKlass javax/swing/event/CellEditorListener
instanceKlass javax/swing/event/TableColumnModelListener
instanceKlass javax/swing/table/TableCellRenderer
instanceKlass java/util/Calendar$Builder
instanceKlass sun/util/locale/provider/JRELocaleProviderAdapter$$Lambda$145
instanceKlass java/awt/Desktop
instanceKlass net/sf/jasperreports/engine/JRExporterParameter
instanceKlass javax/print/attribute/PrintRequestAttributeSet
instanceKlass javax/print/attribute/AttributeSet
instanceKlass javax/print/attribute/Attribute
instanceKlass net/sf/jasperreports/engine/JRDataSource
instanceKlass jxl/write/WritableCell
instanceKlass jxl/Cell
instanceKlass fungsi/validasi
instanceKlass sun/util/resources/LocaleData$LocaleDataResourceBundleProvider
instanceKlass java/util/spi/ResourceBundleProvider
instanceKlass sun/util/locale/provider/JRELocaleProviderAdapter$$Lambda$144
instanceKlass java/text/DecimalFormatSymbols
instanceKlass java/text/DigitList
instanceKlass fungsi/sekuel
instanceKlass com/mysql/jdbc/NetworkResources
instanceKlass com/mysql/jdbc/LicenseConfiguration
instanceKlass com/mysql/jdbc/ResultSetMetaData
instanceKlass jdk/internal/math/FDBigInteger
instanceKlass java/sql/ResultSetMetaData
instanceKlass com/mysql/jdbc/RowDataStatic
instanceKlass com/mysql/jdbc/Constants
instanceKlass com/mysql/jdbc/MysqlDefs
instanceKlass com/mysql/jdbc/Field
instanceKlass java/util/TimerTask
instanceKlass com/mysql/jdbc/SingleByteCharsetConverter
instanceKlass sun/nio/cs/Surrogate
instanceKlass sun/nio/cs/Surrogate$Parser
instanceKlass sun/security/provider/ByteArrayAccess
instanceKlass sun/security/util/MessageDigestSpi2
instanceKlass com/mysql/jdbc/Security
instanceKlass com/mysql/jdbc/authentication/MysqlClearPasswordPlugin
instanceKlass com/mysql/jdbc/authentication/MysqlNativePasswordPlugin
instanceKlass com/mysql/jdbc/authentication/MysqlOldPasswordPlugin
instanceKlass java/net/Socket$3
instanceKlass java/net/Socket$2
instanceKlass sun/net/NetHooks
instanceKlass sun/net/spi/DefaultProxySelector$4
instanceKlass sun/net/spi/DefaultProxySelector$NonProxyInfo
instanceKlass sun/net/NetProperties$1
instanceKlass sun/net/NetProperties
instanceKlass sun/net/spi/DefaultProxySelector$1
instanceKlass java/net/Proxy
instanceKlass java/net/ProxySelector
instanceKlass java/net/SocksSocketImpl$3
instanceKlass java/net/InetSocketAddress$InetSocketAddressHolder
instanceKlass java/net/Inet6Address$Inet6AddressHolder
instanceKlass java/net/AbstractPlainSocketImpl$1
instanceKlass java/net/NetworkInterface
instanceKlass java/net/StandardSocketOptions$StdSocketOption
instanceKlass java/net/SocketOption
instanceKlass java/net/StandardSocketOptions
instanceKlass java/net/SocketImpl
instanceKlass java/net/SocketOptions
instanceKlass java/net/SocksConsts
instanceKlass java/net/Socket
instanceKlass java/net/InetAddress$PlatformNameService
instanceKlass java/net/InetAddress$NameService
instanceKlass java/net/Inet6AddressImpl
instanceKlass java/net/InetAddressImpl
instanceKlass java/net/InetAddressImplFactory
instanceKlass java/util/concurrent/ConcurrentSkipListMap$Node
instanceKlass java/util/concurrent/ConcurrentSkipListMap$Index
instanceKlass java/util/concurrent/ConcurrentNavigableMap
instanceKlass java/util/NavigableSet
instanceKlass java/util/SortedSet
instanceKlass java/net/InetAddress$InetAddressHolder
instanceKlass java/net/InetAddress$2
instanceKlass jdk/internal/access/JavaNetInetAddressAccess
instanceKlass java/net/InetAddress$1
instanceKlass java/net/InetAddress
instanceKlass java/sql/DriverManager
instanceKlass com/mysql/jdbc/ResultSetImpl
instanceKlass com/mysql/jdbc/authentication/Sha256PasswordPlugin
instanceKlass com/mysql/jdbc/AuthenticationPlugin
instanceKlass com/mysql/jdbc/Buffer
instanceKlass com/mysql/jdbc/StreamingNotifiable
instanceKlass com/mysql/jdbc/MysqlIO
instanceKlass com/mysql/jdbc/DatabaseMetaData$IteratorWithCleanup
instanceKlass com/mysql/jdbc/RowData
instanceKlass com/mysql/jdbc/ResultSetRow
instanceKlass com/mysql/jdbc/DatabaseMetaData
instanceKlass java/io/Console
instanceKlass com/mysql/jdbc/TimeUtil
instanceKlass com/mysql/jdbc/log/LogFactory
instanceKlass sun/util/calendar/CalendarUtils
instanceKlass sun/util/calendar/CalendarDate
instanceKlass sun/util/resources/Bundles$CacheKeyReference
instanceKlass sun/util/resources/Bundles$CacheKey
instanceKlass sun/util/resources/Bundles
instanceKlass sun/util/resources/LocaleData$LocaleDataStrategy
instanceKlass sun/util/resources/Bundles$Strategy
instanceKlass sun/util/resources/LocaleData$1
instanceKlass sun/util/resources/provider/NonBaseLocaleDataMetaInfo
instanceKlass sun/util/locale/provider/JRELocaleProviderAdapter$$Lambda$143
instanceKlass sun/util/locale/provider/BaseLocaleDataMetaInfo
instanceKlass sun/util/locale/provider/JRELocaleProviderAdapter$$Lambda$142
instanceKlass sun/util/locale/provider/AvailableLanguageTags
instanceKlass sun/util/cldr/CLDRLocaleProviderAdapter$$Lambda$141
instanceKlass sun/util/resources/cldr/provider/CLDRLocaleDataMetaInfo
instanceKlass sun/util/cldr/CLDRLocaleProviderAdapter$1
instanceKlass sun/util/locale/StringTokenIterator
instanceKlass sun/util/locale/ParseStatus
instanceKlass sun/util/cldr/CLDRBaseLocaleDataMetaInfo
instanceKlass sun/util/locale/provider/LocaleDataMetaInfo
instanceKlass sun/util/locale/provider/LocaleProviderAdapter$1
instanceKlass sun/util/resources/LocaleData
instanceKlass sun/util/locale/provider/LocaleResources
instanceKlass sun/util/locale/LanguageTag
instanceKlass sun/util/locale/provider/ResourceBundleBasedAdapter
instanceKlass sun/util/locale/provider/LocaleProviderAdapter
instanceKlass sun/util/locale/provider/CalendarDataUtility$CalendarWeekParameterGetter
instanceKlass sun/util/locale/provider/LocaleServiceProviderPool$LocalizedObjectGetter
instanceKlass sun/util/locale/provider/LocaleServiceProviderPool
instanceKlass java/util/spi/LocaleServiceProvider
instanceKlass java/util/Locale$Builder
instanceKlass sun/util/locale/provider/CalendarDataUtility
instanceKlass java/util/zip/Checksum$1
instanceKlass java/util/zip/CRC32
instanceKlass java/util/zip/Checksum
instanceKlass sun/util/calendar/ZoneInfoFile$ZoneOffsetTransitionRule
instanceKlass sun/util/calendar/ZoneInfoFile$1
instanceKlass sun/util/calendar/ZoneInfoFile
instanceKlass java/util/TimeZone
instanceKlass sun/util/calendar/CalendarSystem
instanceKlass com/mysql/jdbc/Collation
instanceKlass sun/nio/cs/ArrayEncoder
instanceKlass sun/nio/cs/DelegatableDecoder
instanceKlass sun/nio/cs/ext/ExtendedCharsets$1
instanceKlass java/nio/charset/Charset$ExtendedProviderHolder$1
instanceKlass java/nio/charset/Charset$ExtendedProviderHolder
instanceKlass com/mysql/jdbc/MysqlCharset
instanceKlass com/mysql/jdbc/CharsetMapping
instanceKlass java/sql/Blob
instanceKlass java/sql/SQLXML
instanceKlass com/mysql/jdbc/JDBC4MySQLConnection
instanceKlass com/mysql/jdbc/log/NullLogger
instanceKlass java/util/Calendar
instanceKlass com/mysql/jdbc/StatementInterceptorV2
instanceKlass com/mysql/jdbc/StatementImpl
instanceKlass com/mysql/jdbc/Statement
instanceKlass com/mysql/jdbc/Wrapper
instanceKlass com/mysql/jdbc/ExceptionInterceptor
instanceKlass com/mysql/jdbc/Extension
instanceKlass java/sql/DatabaseMetaData
instanceKlass java/sql/CallableStatement
instanceKlass java/sql/Savepoint
instanceKlass com/mysql/jdbc/ResultSetInternalMethods
instanceKlass java/sql/ResultSet
instanceKlass com/mysql/jdbc/IterateBlock
instanceKlass java/sql/PreparedStatement
instanceKlass java/sql/Statement
instanceKlass com/mysql/jdbc/MySQLConnection
instanceKlass com/mysql/jdbc/Connection
instanceKlass com/mysql/jdbc/MultiHostConnectionProxy
instanceKlass java/lang/reflect/InvocationHandler
instanceKlass java/lang/StackTraceElement$HashedModules
instanceKlass java/lang/Throwable$PrintStreamOrWriter
instanceKlass java/sql/SQLType
instanceKlass java/sql/NClob
instanceKlass java/sql/Clob
instanceKlass com/mysql/jdbc/Util
instanceKlass java/net/URLEncoder
instanceKlass java/net/URLDecoder
instanceKlass java/math/MathContext
instanceKlass com/mysql/jdbc/StringUtils
instanceKlass sun/security/util/ArrayUtil$$Lambda$140
instanceKlass sun/security/util/ArrayUtil
instanceKlass org/apache/commons/codec/binary/BaseNCodec$Context
instanceKlass org/apache/commons/codec/Charsets
instanceKlass org/apache/commons/codec/binary/StringUtils
instanceKlass org/apache/commons/codec/binary/BaseNCodec
instanceKlass org/apache/commons/codec/BinaryDecoder
instanceKlass org/apache/commons/codec/Decoder
instanceKlass org/apache/commons/codec/BinaryEncoder
instanceKlass org/apache/commons/codec/Encoder
instanceKlass java/security/MessageDigestSpi
instanceKlass com/sun/crypto/provider/PKCS5Padding
instanceKlass com/sun/crypto/provider/Padding
instanceKlass com/sun/crypto/provider/FeedbackCipher
instanceKlass com/sun/crypto/provider/SymmetricCipher
instanceKlass com/sun/crypto/provider/AESConstants
instanceKlass com/sun/crypto/provider/CipherCore
instanceKlass javax/crypto/CipherSpi
instanceKlass javax/crypto/ProviderVerifier
instanceKlass javax/crypto/JceSecurity$2
instanceKlass java/net/spi/URLStreamHandlerProvider
instanceKlass java/net/URL$1
instanceKlass java/net/URL$2
instanceKlass java/util/Vector$1
instanceKlass javax/crypto/CryptoPolicyParser$CryptoPermissionEntry
instanceKlass javax/crypto/CryptoPolicyParser$GrantEntry
instanceKlass java/io/StreamTokenizer
instanceKlass javax/crypto/CryptoPolicyParser
instanceKlass java/nio/channels/Channels
instanceKlass sun/nio/ch/FileChannelImpl$Closer
instanceKlass sun/nio/fs/WindowsSecurityDescriptor
instanceKlass sun/nio/fs/BasicFileAttributesHolder
instanceKlass sun/nio/fs/WindowsDirectoryStream$WindowsDirectoryIterator
instanceKlass java/nio/file/Files$1
instanceKlass java/nio/file/DirectoryStream$Filter
instanceKlass sun/nio/fs/WindowsFileSystem$2
instanceKlass java/nio/file/PathMatcher
instanceKlass java/util/regex/Pattern$CharPredicate$$Lambda$139
instanceKlass java/lang/invoke/LambdaForm$DMH
instanceKlass java/util/regex/ASCII
instanceKlass java/util/regex/Pattern$$Lambda$138
instanceKlass java/util/regex/Pattern$BitClass$$Lambda$137
instanceKlass sun/nio/fs/Globs
instanceKlass sun/nio/fs/WindowsDirectoryStream
instanceKlass java/nio/file/DirectoryStream
instanceKlass sun/nio/fs/WindowsChannelFactory$Flags
instanceKlass sun/nio/fs/WindowsChannelFactory$1
instanceKlass sun/nio/fs/WindowsChannelFactory
instanceKlass sun/nio/fs/WindowsFileSystemProvider$1
instanceKlass javax/crypto/JceSecurity$1
instanceKlass sun/security/jca/GetInstance$Instance
instanceKlass sun/security/provider/AbstractDrbg$$Lambda$136
instanceKlass sun/security/provider/EntropySource
instanceKlass java/lang/invoke/LambdaForm$DMH
instanceKlass java/lang/invoke/LambdaForm$DMH
instanceKlass sun/security/provider/AbstractDrbg
instanceKlass java/security/DrbgParameters$Instantiation
instanceKlass java/security/DrbgParameters
instanceKlass sun/security/provider/MoreDrbgParameters
instanceKlass sun/security/provider/DRBG$$Lambda$135
instanceKlass java/security/SecureRandomParameters
instanceKlass java/security/SecureRandomSpi
instanceKlass java/util/AbstractList$Itr
instanceKlass java/util/Random
instanceKlass javax/crypto/JceSecurity
instanceKlass sun/security/ssl/SunJSSE$1
instanceKlass java/security/spec/ECFieldF2m
instanceKlass java/util/regex/IntHashSet
instanceKlass java/util/regex/Matcher
instanceKlass java/util/regex/MatchResult
instanceKlass sun/security/util/ObjectIdentifier
instanceKlass sun/security/util/ByteArrayTagOrder
instanceKlass sun/security/util/ByteArrayLexOrder
instanceKlass sun/security/util/DerEncoder
instanceKlass java/security/spec/ECParameterSpec
instanceKlass java/security/spec/ECPoint
instanceKlass java/security/spec/EllipticCurve
instanceKlass java/security/spec/ECFieldFp
instanceKlass java/security/spec/ECField
instanceKlass sun/security/util/CurveDB
instanceKlass java/util/regex/Pattern$TreeInfo
instanceKlass java/util/regex/Pattern$$Lambda$134
instanceKlass java/util/regex/Pattern$BmpCharPredicate
instanceKlass java/util/regex/Pattern$CharPredicate
instanceKlass java/util/regex/Pattern$Node
instanceKlass java/util/regex/Pattern
instanceKlass sun/security/ec/SunEC$2
instanceKlass sun/security/ec/SunEC$1
instanceKlass sun/security/smartcardio/SunPCSC$1
instanceKlass sun/security/mscapi/SunMSCAPI$2
instanceKlass sun/security/mscapi/SunMSCAPI$1
instanceKlass sun/security/pkcs11/SunPKCS11$Descriptor
instanceKlass javax/security/auth/Subject
instanceKlass javax/security/auth/callback/CallbackHandler
instanceKlass sun/security/jca/ProviderConfig$ProviderLoader
instanceKlass sun/security/jca/ProviderConfig$3
instanceKlass sun/security/rsa/SunRsaSignEntries
instanceKlass sun/security/provider/NativePRNG$NonBlocking
instanceKlass sun/security/provider/NativePRNG$Blocking
instanceKlass java/security/Provider$UString
instanceKlass java/security/Provider$Service
instanceKlass sun/security/provider/NativePRNG
instanceKlass sun/security/provider/SunEntries$1
instanceKlass sun/security/provider/SunEntries
instanceKlass sun/security/jca/ProviderList$ServiceList$1
instanceKlass java/security/Security$1
instanceKlass java/security/Security
instanceKlass sun/security/jca/ProviderList$2
instanceKlass jdk/internal/math/FloatingDecimal$ASCIIToBinaryBuffer
instanceKlass jdk/internal/math/FloatingDecimal$PreparedASCIIToBinaryBuffer
instanceKlass jdk/internal/math/FloatingDecimal$ASCIIToBinaryConverter
instanceKlass jdk/internal/math/FloatingDecimal$BinaryToASCIIBuffer
instanceKlass jdk/internal/math/FloatingDecimal$ExceptionalBinaryToASCIIBuffer
instanceKlass jdk/internal/math/FloatingDecimal$BinaryToASCIIConverter
instanceKlass jdk/internal/math/FloatingDecimal
instanceKlass java/security/Provider$EngineDescription
instanceKlass java/security/Provider$ServiceKey
instanceKlass sun/security/jca/ProviderConfig
instanceKlass sun/security/jca/ProviderList
instanceKlass sun/security/jca/Providers
instanceKlass sun/security/jca/GetInstance
instanceKlass sun/security/jca/ServiceId
instanceKlass javax/crypto/Cipher$Transform
instanceKlass javax/crypto/Cipher
instanceKlass javax/crypto/spec/SecretKeySpec
instanceKlass javax/crypto/SecretKey
instanceKlass javax/security/auth/Destroyable
instanceKlass java/security/spec/KeySpec
instanceKlass javax/crypto/spec/IvParameterSpec
instanceKlass java/security/Key
instanceKlass java/security/spec/AlgorithmParameterSpec
instanceKlass AESsecurity/EnkripsiAES
instanceKlass jdk/internal/util/xml/impl/Input
instanceKlass jdk/internal/org/xml/sax/InputSource
instanceKlass jdk/internal/util/xml/impl/Pair
instanceKlass jdk/internal/util/xml/impl/Attrs
instanceKlass jdk/internal/org/xml/sax/Attributes
instanceKlass jdk/internal/util/xml/impl/Parser
instanceKlass jdk/internal/org/xml/sax/Locator
instanceKlass jdk/internal/org/xml/sax/XMLReader
instanceKlass jdk/internal/util/xml/SAXParser
instanceKlass jdk/internal/org/xml/sax/helpers/DefaultHandler
instanceKlass jdk/internal/org/xml/sax/ErrorHandler
instanceKlass jdk/internal/org/xml/sax/ContentHandler
instanceKlass jdk/internal/org/xml/sax/DTDHandler
instanceKlass jdk/internal/org/xml/sax/EntityResolver
instanceKlass java/net/SocketAddress
instanceKlass com/mysql/jdbc/StandardSocketFactory
instanceKlass com/mysql/jdbc/SocketMetadata
instanceKlass com/mysql/jdbc/SocketFactory
instanceKlass com/mysql/jdbc/PerConnectionLRUFactory
instanceKlass java/util/Date
instanceKlass java/text/FieldPosition
instanceKlass java/util/Locale$1
instanceKlass java/text/Format
instanceKlass com/mysql/jdbc/PerVmServerConfigCacheFactory
instanceKlass com/mysql/jdbc/CacheAdapterFactory
instanceKlass java/util/concurrent/Executors$DelegatedExecutorService
instanceKlass com/mysql/jdbc/AbandonedConnectionCleanupThread$1
instanceKlass com/mysql/jdbc/AbandonedConnectionCleanupThread
instanceKlass java/sql/Connection
instanceKlass com/mysql/jdbc/NonRegisteringDriver
instanceKlass java/sql/Driver
instanceKlass com/mysql/jdbc/ConnectionPropertiesImpl$ConnectionProperty
instanceKlass com/mysql/jdbc/log/StandardLogger
instanceKlass com/mysql/jdbc/log/Log
instanceKlass java/util/concurrent/ConcurrentHashMap$MapEntry
instanceKlass java/util/Properties$EntrySet
instanceKlass java/util/Properties$LineReader
instanceKlass sun/net/www/protocol/jar/JarFileFactory
instanceKlass sun/net/www/protocol/jar/URLJarFile$URLJarFileCloseController
instanceKlass java/util/ResourceBundle$Control$2
instanceKlass java/util/zip/ZipFile$ZipEntryIterator
instanceKlass java/util/jar/JarFile$$Lambda$133
instanceKlass java/util/stream/Collectors$$Lambda$132
instanceKlass java/util/stream/Collectors$$Lambda$131
instanceKlass java/util/stream/Collectors$$Lambda$130
instanceKlass java/util/stream/Collectors$$Lambda$129
instanceKlass java/util/ResourceBundle$ResourceBundleControlProviderHolder$$Lambda$128
instanceKlass java/lang/invoke/LambdaForm$DMH
instanceKlass java/util/ServiceLoader$ProviderSpliterator
instanceKlass java/util/spi/ResourceBundleControlProvider
instanceKlass java/util/ResourceBundle$ResourceBundleControlProviderHolder$$Lambda$127
instanceKlass java/util/ResourceBundle$ResourceBundleControlProviderHolder
instanceKlass com/mysql/jdbc/Messages
instanceKlass javax/naming/RefAddr
instanceKlass com/mysql/jdbc/ConnectionPropertiesImpl
instanceKlass com/mysql/jdbc/ConnectionProperties
instanceKlass javax/naming/Referenceable
instanceKlass javax/sql/DataSource
instanceKlass java/sql/Wrapper
instanceKlass javax/sql/CommonDataSource
instanceKlass jdk/internal/module/ModulePatcher$PatchedModuleReader
instanceKlass fungsi/koneksiDB
instanceKlass javax/swing/LayoutComparator
instanceKlass javax/swing/RepaintManager$PaintManager
instanceKlass javax/swing/JRootPane$RootLayout
instanceKlass java/awt/Window$WindowDisposerRecord
instanceKlass java/awt/Frame$1
instanceKlass sun/awt/AWTAccessor$FrameAccessor
instanceKlass java/awt/Window$1
instanceKlass sun/awt/AWTAccessor$WindowAccessor
instanceKlass javax/swing/event/MenuListener
instanceKlass usu/widget/constan/BackgroundConstan
instanceKlass javax/swing/plaf/basic/BasicDirectoryModel$DoChangeContents
instanceKlass java/util/AbstractList$SubList$1
instanceKlass javax/swing/plaf/basic/BasicDirectoryModel$FilesLoader$1
instanceKlass java/util/Vector$Itr
instanceKlass sun/awt/shell/ShellFolder$1
instanceKlass java/awt/TrayIcon
instanceKlass java/awt/MenuComponent
instanceKlass javax/swing/plaf/basic/BasicDirectoryModel$FilesLoader
instanceKlass javax/swing/plaf/basic/BasicDirectoryModel$1
instanceKlass sun/awt/shell/Win32ShellFolder2$13
instanceKlass javax/swing/filechooser/WindowsFileSystemView$1
instanceKlass sun/awt/shell/Win32ShellFolder2$11
instanceKlass sun/awt/shell/Win32ShellFolder2$ColumnComparator$1
instanceKlass java/util/TimSort
instanceKlass sun/awt/shell/Win32ShellFolder2$18
instanceKlass sun/awt/shell/Win32ShellFolder2$5
instanceKlass sun/awt/shell/Win32ShellFolder2$9
instanceKlass sun/awt/shell/Win32ShellFolder2$4
instanceKlass sun/awt/shell/Win32ShellFolder2$2
instanceKlass sun/awt/shell/Win32ShellFolder2$12
instanceKlass sun/awt/shell/Win32ShellFolder2$ColumnComparator
instanceKlass sun/awt/shell/Win32ShellFolder2$16
instanceKlass sun/awt/shell/Win32ShellFolderManager2$1
instanceKlass sun/awt/shell/Win32ShellFolder2$8
instanceKlass sun/awt/shell/Win32ShellFolder2$10
instanceKlass sun/font/CMap
instanceKlass sun/font/FontScaler
instanceKlass sun/font/TrueTypeFont$DirectoryEntry
instanceKlass java/nio/DirectByteBuffer$Deallocator
instanceKlass sun/nio/ch/Util$BufferCache
instanceKlass sun/nio/ch/Util
instanceKlass sun/nio/ch/IOStatus
instanceKlass sun/nio/ch/NativeThread
instanceKlass java/nio/channels/spi/AbstractInterruptibleChannel$1
instanceKlass sun/nio/ch/Interruptible
instanceKlass sun/nio/ch/NativeDispatcher
instanceKlass sun/nio/ch/NativeThreadSet
instanceKlass sun/nio/ch/IOUtil$1
instanceKlass sun/nio/ch/IOUtil
instanceKlass java/nio/file/attribute/FileAttribute
instanceKlass java/nio/channels/ScatteringByteChannel
instanceKlass java/nio/channels/GatheringByteChannel
instanceKlass java/nio/channels/SeekableByteChannel
instanceKlass java/nio/channels/ByteChannel
instanceKlass java/nio/channels/WritableByteChannel
instanceKlass java/nio/channels/ReadableByteChannel
instanceKlass java/nio/channels/spi/AbstractInterruptibleChannel
instanceKlass java/nio/channels/InterruptibleChannel
instanceKlass java/nio/channels/Channel
instanceKlass sun/font/TrueTypeFont$1
instanceKlass sun/font/TrueTypeFont$TTDisposerRecord
instanceKlass sun/font/StrikeCache$DisposableStrike
instanceKlass sun/font/FontStrikeDisposer
instanceKlass sun/java2d/Disposer$PollDisposable
instanceKlass sun/font/FontStrikeDesc
instanceKlass sun/font/FontDesignMetrics$MetricsKey
instanceKlass java/awt/GraphicsConfiguration
instanceKlass sun/awt/image/SurfaceManager$ProxiedGraphicsConfig
instanceKlass sun/java2d/pipe/hw/AccelGraphicsConfig
instanceKlass sun/java2d/pipe/hw/BufferedContextProvider
instanceKlass sun/java2d/pipe/BufferedContext
instanceKlass sun/java2d/pipe/hw/ContextCapabilities
instanceKlass sun/java2d/d3d/D3DGraphicsDevice$1
instanceKlass sun/java2d/d3d/D3DGraphicsDevice$1Result
instanceKlass sun/java2d/d3d/D3DRenderQueue$1
instanceKlass sun/java2d/pipe/RenderBuffer
instanceKlass sun/java2d/pipe/RenderQueue
instanceKlass java/awt/GraphicsDevice
instanceKlass sun/awt/Win32FontManager$2
instanceKlass sun/font/SunFontManager$3
instanceKlass sun/font/FontFamily
instanceKlass sun/font/Font2DHandle
instanceKlass sun/font/CompositeFontDescriptor
instanceKlass sun/font/SunFontManager$FontRegistrationInfo
instanceKlass java/lang/invoke/LambdaForm$MH
instanceKlass java/lang/invoke/LambdaForm$MH
instanceKlass java/lang/invoke/LambdaForm$MH
instanceKlass java/lang/invoke/LambdaForm$MH
instanceKlass java/lang/invoke/LambdaForm$MH
instanceKlass java/lang/invoke/LambdaForm$MH
instanceKlass java/lang/invoke/LambdaForm$MH
instanceKlass java/lang/Short$ShortCache
instanceKlass sun/awt/FontDescriptor
instanceKlass sun/awt/FontConfiguration
instanceKlass sun/font/SunFontManager$2
instanceKlass sun/awt/Win32FontManager$1
instanceKlass sun/font/FontManagerFactory$1
instanceKlass sun/font/FontUtilities$1
instanceKlass sun/font/FontUtilities
instanceKlass sun/font/FontManagerFactory
instanceKlass sun/font/GlyphList
instanceKlass sun/font/StrikeCache$1
instanceKlass sun/font/StrikeCache
instanceKlass sun/font/FontStrike
instanceKlass sun/font/CharToGlyphMapper
instanceKlass java/awt/geom/Path2D
instanceKlass sun/font/StrikeMetrics
instanceKlass sun/font/Font2D
instanceKlass sun/font/FontManagerNativeLibrary$1
instanceKlass sun/font/FontManagerNativeLibrary
instanceKlass sun/font/SunFontManager$1
instanceKlass sun/font/SunFontManager$T1Filter
instanceKlass sun/font/SunFontManager$TTFilter
instanceKlass java/io/FilenameFilter
instanceKlass sun/font/SunFontManager
instanceKlass sun/font/FontManagerForSGE
instanceKlass sun/font/FontManager
instanceKlass sun/java2d/FontSupport
instanceKlass java/awt/FontMetrics
instanceKlass sun/swing/FilePane$Handler
instanceKlass javax/swing/JList$ListSelectionHandler
instanceKlass javax/swing/plaf/basic/BasicFileChooserUI$Handler
instanceKlass sun/swing/FilePane$DetailsTableRowSorter$1
instanceKlass sun/swing/FilePane$DirectoriesFirstComparatorWrapper
instanceKlass javax/swing/RowSorter$SortKey
instanceKlass sun/swing/FilePane$DetailsTableRowSorter$2
instanceKlass javax/swing/DefaultRowSorter$ModelWrapper
instanceKlass javax/swing/table/TableRowSorter$ComparableComparator
instanceKlass javax/swing/RowSorter
instanceKlass sun/awt/shell/ShellFolderColumnInfo
instanceKlass javax/swing/table/AbstractTableModel
instanceKlass javax/swing/table/TableModel
instanceKlass javax/swing/event/RowSorterListener
instanceKlass javax/swing/event/TableModelListener
instanceKlass sun/swing/FilePane$5
instanceKlass jdk/internal/reflect/ClassDefiner$1
instanceKlass jdk/internal/reflect/ClassDefiner
instanceKlass jdk/internal/reflect/MethodAccessorGenerator$1
instanceKlass jdk/internal/reflect/Label$PatchInfo
instanceKlass jdk/internal/reflect/Label
instanceKlass jdk/internal/reflect/UTF8
instanceKlass jdk/internal/reflect/ClassFileAssembler
instanceKlass jdk/internal/reflect/ByteVectorImpl
instanceKlass jdk/internal/reflect/ByteVector
instanceKlass jdk/internal/reflect/ByteVectorFactory
instanceKlass jdk/internal/reflect/AccessorGenerator
instanceKlass jdk/internal/reflect/ClassFileConstants
instanceKlass javax/swing/plaf/metal/MetalFileChooserUI$5
instanceKlass javax/swing/plaf/metal/MetalFileChooserUI$ButtonAreaLayout
instanceKlass javax/swing/plaf/metal/MetalFileChooserUI$2
instanceKlass javax/swing/ButtonGroup
instanceKlass sun/awt/shell/Win32ShellFolder2$6
instanceKlass sun/awt/shell/Win32ShellFolder2$1
instanceKlass sun/awt/shell/Win32ShellFolder2$FolderDisposer
instanceKlass sun/awt/shell/Win32ShellFolderManager2$ComInvoker$$Lambda$126
instanceKlass sun/awt/shell/Win32ShellFolderManager2$ComInvoker$1
instanceKlass java/util/concurrent/FutureTask$WaitNode
instanceKlass java/util/concurrent/FutureTask
instanceKlass java/util/concurrent/RunnableFuture
instanceKlass java/util/concurrent/Future
instanceKlass sun/awt/shell/Win32ShellFolder2$7
instanceKlass java/util/concurrent/Callable
instanceKlass sun/awt/shell/ShellFolder$4
instanceKlass sun/awt/shell/ShellFolder$3
instanceKlass sun/awt/shell/Win32ShellFolderManager2$ComInvoker$$Lambda$125
instanceKlass sun/awt/shell/Win32ShellFolderManager2$ComInvoker$$Lambda$124
instanceKlass java/util/concurrent/Executors$DefaultThreadFactory
instanceKlass java/util/concurrent/Executors
instanceKlass java/util/concurrent/LinkedBlockingQueue$Node
instanceKlass java/util/concurrent/BlockingQueue
instanceKlass java/util/concurrent/ThreadPoolExecutor$AbortPolicy
instanceKlass java/util/concurrent/RejectedExecutionHandler
instanceKlass java/util/concurrent/AbstractExecutorService
instanceKlass java/util/concurrent/ExecutorService
instanceKlass java/util/concurrent/Executor
instanceKlass sun/awt/shell/ShellFolder$Invoker
instanceKlass sun/awt/shell/ShellFolderManager
instanceKlass javax/swing/ActionPropertyChangeListener
instanceKlass javax/swing/plaf/metal/MetalFileChooserUI$IndentIcon
instanceKlass javax/swing/RootPaneContainer
instanceKlass javax/swing/WindowConstants
instanceKlass javax/swing/KeyboardManager
instanceKlass javax/swing/plaf/basic/BasicComboBoxUI$DefaultKeySelectionManager
instanceKlass javax/swing/JComboBox$KeySelectionManager
instanceKlass javax/swing/plaf/metal/MetalComboBoxIcon
instanceKlass javax/swing/plaf/basic/BasicComboBoxUI$Handler
instanceKlass javax/swing/plaf/basic/BasicComboBoxUI$PropertyChangeHandler
instanceKlass javax/swing/text/Segment
instanceKlass java/text/CharacterIterator
instanceKlass javax/swing/JTextField$ScrollRepainter
instanceKlass javax/swing/plaf/synth/SynthUI
instanceKlass javax/swing/plaf/synth/SynthConstants
instanceKlass java/util/Hashtable$Enumerator
instanceKlass javax/swing/text/JTextComponent$DefaultKeymap
instanceKlass javax/swing/text/Keymap
instanceKlass javax/swing/text/PlainView$2
instanceKlass javax/swing/text/PlainView$1
instanceKlass javax/swing/text/PlainView$FPMethodItem
instanceKlass javax/swing/text/TabExpander
instanceKlass javax/swing/text/StyleContext$KeyEnumeration
instanceKlass javax/swing/text/GapContent$StickyPosition
instanceKlass javax/swing/text/Position
instanceKlass javax/swing/text/AbstractDocument$1
instanceKlass javax/swing/text/AbstractDocument$AbstractElement
instanceKlass javax/swing/tree/TreeNode
instanceKlass javax/swing/text/Element
instanceKlass java/util/LinkedHashMap$LinkedHashIterator
instanceKlass java/util/Collections$3
instanceKlass javax/swing/text/StyleContext$SmallAttributeSet
instanceKlass javax/swing/text/StyleContext$NamedStyle
instanceKlass javax/swing/text/Style
instanceKlass javax/swing/text/SimpleAttributeSet$EmptyAttributeSet
instanceKlass javax/swing/text/SimpleAttributeSet
instanceKlass javax/swing/text/MutableAttributeSet
instanceKlass javax/swing/text/AttributeSet
instanceKlass javax/swing/text/StyleContext$FontKey
instanceKlass java/lang/invoke/LambdaForm$MH
instanceKlass java/lang/invoke/LambdaForm$MH
instanceKlass java/lang/invoke/LambdaForm$MH
instanceKlass java/lang/invoke/LambdaForm$MH
instanceKlass java/lang/invoke/LambdaForm$MH
instanceKlass java/lang/invoke/LambdaForm$MH
instanceKlass java/lang/invoke/LambdaForm$MH
instanceKlass javax/swing/text/AttributeSet$ParagraphAttribute
instanceKlass javax/swing/text/AttributeSet$ColorAttribute
instanceKlass javax/swing/text/AttributeSet$FontAttribute
instanceKlass javax/swing/text/AttributeSet$CharacterAttribute
instanceKlass javax/swing/text/StyleConstants
instanceKlass javax/swing/text/StyleContext
instanceKlass javax/swing/text/AbstractDocument$AttributeContext
instanceKlass javax/swing/text/GapVector
instanceKlass javax/swing/text/AbstractDocument$Content
instanceKlass javax/swing/text/AbstractDocument
instanceKlass javax/swing/text/DefaultHighlighter$SafeDamager
instanceKlass javax/swing/text/LayeredHighlighter$LayerPainter
instanceKlass javax/swing/text/Highlighter$HighlightPainter
instanceKlass javax/swing/text/Highlighter$Highlight
instanceKlass javax/swing/text/LayeredHighlighter
instanceKlass javax/swing/text/Highlighter
instanceKlass javax/swing/text/Document
instanceKlass javax/swing/text/DefaultCaret$Handler
instanceKlass java/awt/datatransfer/ClipboardOwner
instanceKlass javax/swing/text/Caret
instanceKlass javax/swing/plaf/basic/BasicTextUI$UpdateHandler
instanceKlass javax/swing/event/DocumentListener
instanceKlass javax/swing/text/View
instanceKlass javax/swing/text/Position$Bias
instanceKlass javax/swing/text/EditorKit
instanceKlass javax/swing/text/ViewFactory
instanceKlass com/sun/beans/util/Cache$CacheEntry
instanceKlass com/sun/beans/util/Cache
instanceKlass javax/swing/text/JTextComponent$1
instanceKlass sun/swing/SwingAccessor$JTextComponentAccessor
instanceKlass javax/swing/plaf/basic/BasicComboBoxEditor
instanceKlass javax/swing/ComboBoxEditor
instanceKlass java/awt/EventQueue$5
instanceKlass java/awt/EventQueue$4
instanceKlass sun/awt/dnd/SunDragSourceContextPeer
instanceKlass java/awt/dnd/peer/DragSourceContextPeer
instanceKlass javax/swing/plaf/metal/MetalScrollPaneUI$1
instanceKlass javax/swing/plaf/basic/BasicScrollPaneUI$Handler
instanceKlass java/awt/ModalEventFilter
instanceKlass java/awt/EventDispatchThread$HierarchyEventFilter
instanceKlass java/awt/EventFilter
instanceKlass java/awt/EventDispatchThread$1
instanceKlass java/awt/Conditional
instanceKlass java/awt/EventQueue$6
instanceKlass sun/awt/EventQueueItem
instanceKlass java/awt/SequencedEvent$2
instanceKlass java/awt/SequencedEvent$1
instanceKlass sun/awt/AWTAccessor$SequencedEventAccessor
instanceKlass java/awt/event/InvocationEvent$1
instanceKlass sun/awt/AWTAccessor$InvocationEventAccessor
instanceKlass java/awt/ActiveEvent
instanceKlass javax/swing/JComponent$$Lambda$123
instanceKlass java/lang/invoke/VarHandle$AccessDescriptor
instanceKlass java/awt/event/ComponentAdapter
instanceKlass javax/swing/plaf/basic/BasicScrollBarUI$ScrollListener
instanceKlass javax/swing/plaf/basic/BasicScrollBarUI$Handler
instanceKlass javax/swing/plaf/basic/BasicScrollBarUI$PropertyChangeHandler
instanceKlass javax/swing/plaf/basic/BasicScrollBarUI$ModelListener
instanceKlass java/beans/VetoableChangeListener
instanceKlass javax/swing/plaf/basic/BasicButtonListener
instanceKlass javax/swing/plaf/metal/MetalBorders
instanceKlass javax/swing/AbstractButton$Handler
instanceKlass javax/swing/DefaultButtonModel
instanceKlass javax/swing/ButtonModel
instanceKlass javax/swing/plaf/metal/MetalBumps
instanceKlass javax/swing/DefaultBoundedRangeModel
instanceKlass javax/swing/BoundedRangeModel
instanceKlass javax/swing/JScrollBar$ModelListener
instanceKlass java/awt/Adjustable
instanceKlass javax/swing/ViewportLayout
instanceKlass javax/swing/ScrollPaneLayout
instanceKlass javax/swing/ScrollPaneConstants
instanceKlass javax/swing/plaf/basic/BasicComboPopup$Handler
instanceKlass java/awt/event/KeyEvent$1
instanceKlass sun/awt/AWTAccessor$KeyEventAccessor
instanceKlass jdk/internal/reflect/UnsafeFieldAccessorFactory
instanceKlass java/awt/VKCollection
instanceKlass java/lang/invoke/LambdaForm$MH
instanceKlass java/lang/invoke/LambdaForm$MH
instanceKlass java/lang/invoke/LambdaForm$MH
instanceKlass java/lang/invoke/LambdaForm$MH
instanceKlass java/lang/invoke/LambdaForm$MH
instanceKlass java/lang/invoke/LambdaForm$MH
instanceKlass javax/swing/InputMap
instanceKlass javax/swing/plaf/basic/BasicListUI$Handler
instanceKlass javax/swing/plaf/basic/DragRecognitionSupport$BeforeDrag
instanceKlass javax/swing/event/MouseInputListener
instanceKlass javax/swing/ListCellRenderer
instanceKlass java/util/BitSet
instanceKlass javax/swing/DefaultListSelectionModel
instanceKlass javax/swing/ListSelectionModel
instanceKlass java/awt/event/MouseMotionAdapter
instanceKlass javax/swing/ToolTipManager$stillInsideTimerAction
instanceKlass javax/swing/ToolTipManager$outsideTimerAction
instanceKlass javax/swing/Timer$DoPostEvent
instanceKlass javax/swing/ToolTipManager$insideTimerAction
instanceKlass javax/swing/Timer
instanceKlass java/awt/event/MouseAdapter
instanceKlass javax/swing/Scrollable
instanceKlass javax/swing/plaf/basic/BasicPopupMenuUI$MenuKeyboardHelper
instanceKlass javax/swing/MenuSelectionManager
instanceKlass javax/swing/plaf/basic/BasicPopupMenuUI$MouseGrabber
instanceKlass javax/swing/event/ChangeListener
instanceKlass javax/swing/plaf/basic/BasicPopupMenuUI$BasicMenuKeyListener
instanceKlass javax/swing/event/MenuKeyListener
instanceKlass javax/swing/plaf/basic/BasicPopupMenuUI$BasicPopupMenuListener
instanceKlass javax/swing/plaf/basic/BasicLookAndFeel$1
instanceKlass java/awt/Toolkit$SelectiveAWTEventListener
instanceKlass javax/swing/plaf/basic/BasicLookAndFeel$AWTEventHelper
instanceKlass javax/swing/DefaultSingleSelectionModel
instanceKlass javax/swing/SingleSelectionModel
instanceKlass javax/swing/plaf/basic/BasicComboPopup$EmptyListModelClass
instanceKlass javax/swing/plaf/basic/ComboPopup
instanceKlass javax/swing/plaf/basic/BasicComboBoxUI$ComboBoxLayoutManager
instanceKlass java/awt/Graphics
instanceKlass javax/swing/AncestorNotifier
instanceKlass javax/swing/JComboBox$1
instanceKlass javax/swing/event/AncestorListener
instanceKlass javax/swing/MutableComboBoxModel
instanceKlass javax/swing/ComboBoxModel
instanceKlass javax/swing/event/ListDataListener
instanceKlass javax/swing/plaf/basic/BasicHTML
instanceKlass javax/swing/plaf/metal/DefaultMetalTheme$FontDelegate$1
instanceKlass javax/swing/BoxLayout
instanceKlass java/awt/FlowLayout
instanceKlass javax/swing/ActionMap
instanceKlass java/awt/event/FocusAdapter
instanceKlass java/awt/event/KeyAdapter
instanceKlass javax/swing/plaf/metal/MetalFileChooserUI$MetalFileChooserUIAccessor
instanceKlass sun/swing/FilePane$FileChooserUIAccessor
instanceKlass sun/swing/FilePane$3
instanceKlass java/awt/Cursor$1
instanceKlass sun/awt/AWTAccessor$CursorAccessor
instanceKlass java/awt/Cursor
instanceKlass javax/swing/TransferHandler$TransferSupport
instanceKlass javax/swing/TransferHandler$DropHandler
instanceKlass java/awt/datatransfer/SystemFlavorMap$SoftCache
instanceKlass java/awt/datatransfer/SystemFlavorMap$$Lambda$122
instanceKlass java/awt/datatransfer/DataFlavor
instanceKlass java/io/Externalizable
instanceKlass sun/awt/datatransfer/DesktopDatatransferServiceImpl
instanceKlass sun/datatransfer/DataFlavorUtil$DefaultDesktopDatatransferService
instanceKlass sun/datatransfer/DesktopDatatransferService
instanceKlass sun/datatransfer/DataFlavorUtil
instanceKlass java/awt/datatransfer/SystemFlavorMap
instanceKlass java/awt/datatransfer/FlavorTable
instanceKlass java/awt/datatransfer/FlavorMap
instanceKlass java/awt/dnd/DropTargetContext$1
instanceKlass sun/awt/AWTAccessor$DropTargetContextAccessor
instanceKlass java/awt/dnd/DropTargetContext
instanceKlass java/awt/dnd/DropTarget
instanceKlass java/awt/dnd/DropTargetListener
instanceKlass javax/swing/ClientPropertyKey$1
instanceKlass sun/awt/AWTAccessor$ClientPropertyKeyAccessor
instanceKlass java/lang/invoke/LambdaForm$MH
instanceKlass java/lang/invoke/LambdaForm$MH
instanceKlass java/lang/invoke/LambdaForm$MH
instanceKlass java/lang/invoke/LambdaForm$MH
instanceKlass java/lang/invoke/LambdaForm$MH
instanceKlass javax/swing/plaf/metal/MetalIconFactory$FileChooserListViewIcon
instanceKlass javax/swing/plaf/metal/MetalIconFactory$FileChooserDetailViewIcon
instanceKlass javax/swing/plaf/metal/MetalIconFactory
instanceKlass java/awt/image/BufferedImage$1
instanceKlass java/awt/image/WritableRenderedImage
instanceKlass java/awt/image/RenderedImage
instanceKlass java/awt/image/SampleModel
instanceKlass java/awt/geom/Point2D
instanceKlass java/awt/image/DataBuffer$1
instanceKlass sun/awt/image/SunWritableRaster$DataStealer
instanceKlass java/awt/image/DataBuffer
instanceKlass java/awt/image/Raster
instanceKlass sun/awt/image/GifFrame
instanceKlass java/lang/invoke/LambdaForm$MH
instanceKlass java/lang/invoke/LambdaForm$DMH
instanceKlass sun/awt/image/ImageWatched$WeakLink$$Lambda$121
instanceKlass java/lang/invoke/LambdaForm$DMH
instanceKlass sun/awt/image/ImageDecoder
instanceKlass java/awt/image/MultiResolutionImage
instanceKlass java/awt/MediaEntry
instanceKlass sun/awt/image/ImageFetcher$1
instanceKlass sun/awt/image/FetcherInfo
instanceKlass sun/awt/image/ImageConsumerQueue
instanceKlass sun/awt/image/ImageWatched$Link
instanceKlass sun/awt/image/ImageWatched
instanceKlass java/awt/image/ImageConsumer
instanceKlass sun/awt/image/NativeLibLoader$1
instanceKlass sun/awt/image/NativeLibLoader
instanceKlass sun/awt/image/InputStreamImageSource
instanceKlass sun/awt/image/ImageFetchable
instanceKlass java/awt/image/ImageProducer
instanceKlass java/awt/MediaTracker
instanceKlass javax/swing/ImageIcon$2
instanceKlass javax/swing/ImageIcon$1
instanceKlass javax/swing/ImageIcon
instanceKlass javax/swing/Icon
instanceKlass sun/swing/SwingUtilities2$$Lambda$120
instanceKlass javax/swing/AbstractListModel
instanceKlass javax/swing/ListModel
instanceKlass com/sun/java/swing/SwingUtilities3
instanceKlass javax/swing/RepaintManager$ProcessingRunnable
instanceKlass java/awt/geom/RectangularShape
instanceKlass java/awt/Shape
instanceKlass java/awt/BorderLayout
instanceKlass java/awt/LayoutManager2
instanceKlass javax/swing/filechooser/FileView
instanceKlass javax/swing/ArrayTable
instanceKlass sun/swing/UIAction
instanceKlass javax/swing/TransferHandler
instanceKlass javax/swing/event/ListSelectionListener
instanceKlass javax/swing/plaf/ComponentUI
instanceKlass javax/swing/filechooser/FileSystemView$$Lambda$119
instanceKlass javax/swing/filechooser/FileSystemView$$Lambda$118
instanceKlass sun/util/ResourceBundleEnumeration
instanceKlass javax/swing/UIDefaults$1
instanceKlass javax/swing/UIManager$2
instanceKlass sun/awt/KeyboardFocusManagerPeerImpl
instanceKlass java/awt/peer/KeyboardFocusManagerPeer
instanceKlass javax/swing/KeyStroke$1
instanceKlass sun/swing/SwingAccessor$KeyStrokeAccessor
instanceKlass java/awt/AWTKeyStroke
instanceKlass java/awt/FocusTraversalPolicy
instanceKlass java/awt/DefaultKeyboardFocusManager$2
instanceKlass java/awt/DefaultKeyboardFocusManager$1
instanceKlass sun/awt/AWTAccessor$DefaultKeyboardFocusManagerAccessor
instanceKlass java/awt/KeyboardFocusManager$1
instanceKlass sun/awt/AWTAccessor$KeyboardFocusManagerAccessor
instanceKlass java/awt/KeyboardFocusManager
instanceKlass java/awt/KeyEventPostProcessor
instanceKlass java/awt/KeyEventDispatcher
instanceKlass sun/awt/PaintEventDispatcher
instanceKlass javax/swing/RepaintManager$1
instanceKlass sun/swing/SwingAccessor$RepaintManagerAccessor
instanceKlass javax/swing/RepaintManager$DisplayChangedHandler
instanceKlass javax/swing/RepaintManager
instanceKlass javax/swing/plaf/metal/OceanTheme$6
instanceKlass javax/swing/plaf/metal/OceanTheme$5
instanceKlass javax/swing/plaf/metal/OceanTheme$4
instanceKlass javax/swing/plaf/metal/OceanTheme$3
instanceKlass javax/swing/plaf/metal/OceanTheme$2
instanceKlass javax/swing/plaf/metal/OceanTheme$1
instanceKlass javax/swing/plaf/metal/OceanTheme$$Lambda$117
instanceKlass sun/java2d/SunGraphicsEnvironment$1
instanceKlass sun/awt/SunDisplayChanger
instanceKlass sun/java2d/SurfaceManagerFactory
instanceKlass sun/java2d/windows/WindowsFlags$1
instanceKlass sun/java2d/windows/WindowsFlags
instanceKlass java/awt/GraphicsEnvironment$LocalGE
instanceKlass javax/swing/plaf/metal/MetalLookAndFeel$$Lambda$116
instanceKlass javax/swing/plaf/metal/MetalLookAndFeel$$Lambda$115
instanceKlass javax/swing/plaf/metal/MetalLookAndFeel$$Lambda$114
instanceKlass javax/swing/plaf/metal/MetalLookAndFeel$$Lambda$113
instanceKlass javax/swing/plaf/metal/MetalLookAndFeel$$Lambda$112
instanceKlass javax/swing/plaf/metal/MetalLookAndFeel$$Lambda$111
instanceKlass javax/swing/plaf/metal/MetalLookAndFeel$$Lambda$110
instanceKlass javax/swing/plaf/metal/MetalLookAndFeel$$Lambda$109
instanceKlass javax/swing/plaf/metal/MetalLookAndFeel$$Lambda$108
instanceKlass javax/swing/plaf/metal/MetalLookAndFeel$$Lambda$107
instanceKlass javax/swing/plaf/metal/MetalLookAndFeel$$Lambda$106
instanceKlass javax/swing/plaf/metal/MetalLookAndFeel$$Lambda$105
instanceKlass javax/swing/plaf/metal/MetalLookAndFeel$$Lambda$104
instanceKlass javax/swing/plaf/metal/MetalLookAndFeel$$Lambda$103
instanceKlass javax/swing/plaf/metal/MetalLookAndFeel$$Lambda$102
instanceKlass javax/swing/plaf/metal/MetalLookAndFeel$$Lambda$101
instanceKlass javax/swing/plaf/metal/MetalLookAndFeel$$Lambda$100
instanceKlass javax/swing/plaf/metal/MetalLookAndFeel$$Lambda$99
instanceKlass javax/swing/plaf/metal/MetalLookAndFeel$$Lambda$98
instanceKlass javax/swing/plaf/metal/MetalLookAndFeel$$Lambda$97
instanceKlass javax/swing/plaf/metal/MetalLookAndFeel$$Lambda$96
instanceKlass javax/swing/plaf/metal/MetalLookAndFeel$$Lambda$95
instanceKlass javax/swing/plaf/metal/MetalLookAndFeel$$Lambda$94
instanceKlass javax/swing/plaf/metal/MetalLookAndFeel$$Lambda$93
instanceKlass javax/swing/plaf/metal/MetalLookAndFeel$$Lambda$92
instanceKlass javax/swing/plaf/metal/MetalLookAndFeel$$Lambda$91
instanceKlass javax/swing/plaf/metal/MetalLookAndFeel$$Lambda$90
instanceKlass javax/swing/plaf/metal/MetalLookAndFeel$$Lambda$89
instanceKlass javax/swing/plaf/metal/MetalLookAndFeel$$Lambda$88
instanceKlass javax/swing/plaf/metal/MetalLookAndFeel$$Lambda$87
instanceKlass javax/swing/plaf/metal/MetalLookAndFeel$$Lambda$86
instanceKlass javax/swing/plaf/metal/MetalLookAndFeel$$Lambda$85
instanceKlass javax/swing/plaf/metal/MetalLookAndFeel$$Lambda$84
instanceKlass javax/swing/plaf/metal/MetalLookAndFeel$$Lambda$83
instanceKlass javax/swing/plaf/metal/MetalLookAndFeel$$Lambda$82
instanceKlass javax/swing/plaf/metal/MetalLookAndFeel$$Lambda$81
instanceKlass javax/swing/plaf/metal/MetalLookAndFeel$$Lambda$80
instanceKlass javax/swing/plaf/metal/MetalLookAndFeel$$Lambda$79
instanceKlass javax/swing/plaf/metal/MetalLookAndFeel$$Lambda$78
instanceKlass javax/swing/plaf/metal/MetalLookAndFeel$$Lambda$77
instanceKlass javax/swing/plaf/metal/MetalLookAndFeel$$Lambda$76
instanceKlass javax/swing/plaf/metal/MetalLookAndFeel$$Lambda$75
instanceKlass javax/swing/plaf/metal/MetalLookAndFeel$FontActiveValue
instanceKlass javax/swing/plaf/metal/MetalLookAndFeel$$Lambda$74
instanceKlass javax/swing/plaf/metal/MetalLookAndFeel$$Lambda$73
instanceKlass javax/swing/plaf/metal/MetalLookAndFeel$$Lambda$72
instanceKlass javax/swing/plaf/metal/MetalLookAndFeel$$Lambda$71
instanceKlass javax/swing/plaf/metal/MetalLookAndFeel$$Lambda$70
instanceKlass javax/swing/plaf/metal/MetalLookAndFeel$$Lambda$69
instanceKlass javax/swing/plaf/metal/MetalLookAndFeel$$Lambda$68
instanceKlass javax/swing/plaf/metal/MetalLookAndFeel$$Lambda$67
instanceKlass javax/swing/plaf/metal/MetalLookAndFeel$$Lambda$66
instanceKlass javax/swing/plaf/metal/MetalLookAndFeel$$Lambda$65
instanceKlass javax/swing/plaf/metal/MetalLookAndFeel$$Lambda$64
instanceKlass javax/swing/plaf/metal/MetalLookAndFeel$$Lambda$63
instanceKlass javax/swing/plaf/metal/MetalLookAndFeel$$Lambda$62
instanceKlass javax/swing/plaf/metal/MetalLookAndFeel$$Lambda$61
instanceKlass javax/swing/plaf/metal/MetalLookAndFeel$$Lambda$60
instanceKlass javax/swing/plaf/metal/MetalLookAndFeel$$Lambda$59
instanceKlass java/lang/Character$CharacterCache
instanceKlass javax/swing/plaf/basic/BasicLookAndFeel$$Lambda$58
instanceKlass javax/swing/plaf/basic/BasicLookAndFeel$$Lambda$57
instanceKlass javax/swing/plaf/basic/BasicLookAndFeel$$Lambda$56
instanceKlass javax/swing/plaf/basic/BasicLookAndFeel$$Lambda$55
instanceKlass javax/swing/plaf/basic/BasicLookAndFeel$$Lambda$54
instanceKlass javax/swing/plaf/basic/BasicLookAndFeel$$Lambda$53
instanceKlass javax/swing/UIDefaults$LazyInputMap
instanceKlass javax/swing/plaf/basic/BasicLookAndFeel$$Lambda$52
instanceKlass javax/swing/plaf/basic/BasicLookAndFeel$$Lambda$51
instanceKlass javax/swing/plaf/basic/BasicLookAndFeel$$Lambda$50
instanceKlass javax/swing/plaf/basic/BasicLookAndFeel$$Lambda$49
instanceKlass javax/swing/plaf/basic/BasicLookAndFeel$$Lambda$48
instanceKlass javax/swing/plaf/basic/BasicLookAndFeel$$Lambda$47
instanceKlass javax/swing/plaf/basic/BasicLookAndFeel$$Lambda$46
instanceKlass javax/swing/plaf/basic/BasicLookAndFeel$$Lambda$45
instanceKlass javax/swing/plaf/basic/BasicLookAndFeel$$Lambda$44
instanceKlass javax/swing/plaf/basic/BasicLookAndFeel$$Lambda$43
instanceKlass javax/swing/plaf/basic/BasicLookAndFeel$$Lambda$42
instanceKlass javax/swing/plaf/basic/BasicLookAndFeel$$Lambda$41
instanceKlass javax/swing/plaf/basic/BasicLookAndFeel$$Lambda$40
instanceKlass javax/swing/plaf/basic/BasicLookAndFeel$$Lambda$39
instanceKlass javax/swing/plaf/basic/BasicLookAndFeel$$Lambda$38
instanceKlass javax/swing/plaf/basic/BasicLookAndFeel$2
instanceKlass javax/swing/plaf/basic/BasicLookAndFeel$$Lambda$37
instanceKlass java/lang/invoke/LambdaForm$MH
instanceKlass java/lang/invoke/LambdaForm$DMH
instanceKlass java/lang/invoke/LambdaForm$DMH
instanceKlass sun/swing/SwingUtilities2$$Lambda$36
instanceKlass java/lang/invoke/LambdaForm$DMH
instanceKlass javax/swing/plaf/basic/BasicLookAndFeel$$Lambda$35
instanceKlass javax/swing/plaf/basic/BasicLookAndFeel$$Lambda$34
instanceKlass javax/swing/plaf/basic/BasicLookAndFeel$$Lambda$33
instanceKlass javax/swing/plaf/basic/BasicLookAndFeel$$Lambda$32
instanceKlass javax/swing/border/AbstractBorder
instanceKlass javax/swing/border/Border
instanceKlass javax/swing/plaf/basic/BasicLookAndFeel$$Lambda$31
instanceKlass javax/swing/plaf/basic/BasicLookAndFeel$$Lambda$30
instanceKlass javax/swing/plaf/basic/BasicLookAndFeel$$Lambda$29
instanceKlass javax/swing/plaf/basic/BasicLookAndFeel$$Lambda$28
instanceKlass javax/swing/plaf/basic/BasicLookAndFeel$$Lambda$27
instanceKlass javax/swing/plaf/basic/BasicLookAndFeel$$Lambda$26
instanceKlass javax/swing/UIDefaults$ActiveValue
instanceKlass javax/swing/plaf/basic/BasicLookAndFeel$$Lambda$25
instanceKlass javax/swing/plaf/basic/BasicLookAndFeel$$Lambda$24
instanceKlass javax/swing/plaf/basic/BasicLookAndFeel$$Lambda$23
instanceKlass javax/swing/plaf/basic/BasicLookAndFeel$$Lambda$22
instanceKlass javax/swing/plaf/basic/BasicLookAndFeel$$Lambda$21
instanceKlass javax/swing/UIDefaults$LazyValue
instanceKlass javax/swing/plaf/metal/DefaultMetalTheme$FontDelegate
instanceKlass javax/swing/plaf/UIResource
instanceKlass javax/swing/plaf/metal/MetalTheme
instanceKlass sun/swing/DefaultLookup
instanceKlass javax/swing/LookAndFeel
instanceKlass javax/swing/UIManager$1
instanceKlass javax/swing/UIDefaults$$Lambda$20
instanceKlass sun/swing/SwingAccessor$UIDefaultsAccessor
instanceKlass javax/swing/UIManager$LAFState
instanceKlass sun/swing/SwingUtilities2$LSBCacheEntry
instanceKlass sun/swing/StringUIClientPropertyKey
instanceKlass javax/swing/UIClientPropertyKey
instanceKlass java/awt/font/FontRenderContext
instanceKlass sun/swing/SwingUtilities2
instanceKlass sun/awt/OSInfo$1
instanceKlass java/lang/invoke/LambdaForm$MH
instanceKlass java/lang/invoke/LambdaForm$MH
instanceKlass java/lang/invoke/LambdaForm$MH
instanceKlass java/lang/invoke/LambdaForm$MH
instanceKlass java/lang/invoke/LambdaForm$MH
instanceKlass java/lang/invoke/LambdaForm$MH
instanceKlass java/lang/invoke/LambdaForm$MH
instanceKlass java/lang/invoke/LambdaForm$MH
instanceKlass sun/awt/OSInfo$WindowsVersion
instanceKlass sun/awt/OSInfo
instanceKlass javax/swing/UIManager$LookAndFeelInfo
instanceKlass javax/swing/UIManager
instanceKlass javax/swing/filechooser/FileSystemView
instanceKlass java/awt/AWTEventMulticaster
instanceKlass java/awt/event/MouseWheelListener
instanceKlass java/awt/event/HierarchyBoundsListener
instanceKlass java/awt/event/InputMethodListener
instanceKlass java/awt/event/TextListener
instanceKlass java/awt/event/AdjustmentListener
instanceKlass java/awt/event/ItemListener
instanceKlass java/awt/event/WindowStateListener
instanceKlass java/awt/event/WindowFocusListener
instanceKlass java/awt/event/WindowListener
instanceKlass java/awt/event/MouseMotionListener
instanceKlass java/awt/event/MouseListener
instanceKlass java/awt/event/KeyListener
instanceKlass java/awt/event/FocusListener
instanceKlass java/awt/event/ContainerListener
instanceKlass java/awt/event/ComponentListener
instanceKlass javax/swing/JFileChooser$FCHierarchyListener
instanceKlass java/awt/event/HierarchyListener
instanceKlass java/util/EventListenerProxy
instanceKlass javax/swing/JFileChooser$WeakPCL
instanceKlass java/util/IdentityHashMap$IdentityHashMapIterator
instanceKlass java/util/Collections$SynchronizedCollection
instanceKlass java/awt/Toolkit$DesktopPropertyChangeSupport$1
instanceKlass java/util/ComparableTimSort
instanceKlass java/util/Arrays$LegacyMergeSort
instanceKlass sun/awt/SunHints$Value
instanceKlass java/lang/invoke/LambdaForm$MH
instanceKlass java/lang/invoke/LambdaForm$MH
instanceKlass java/lang/invoke/LambdaForm$MH
instanceKlass java/lang/invoke/LambdaForm$MH
instanceKlass java/lang/invoke/LambdaForm$MH
instanceKlass java/lang/invoke/LambdaForm$MH
instanceKlass java/lang/invoke/LambdaForm$MH
instanceKlass java/lang/invoke/LambdaForm$MH
instanceKlass java/lang/invoke/LambdaForm$MH
instanceKlass java/lang/invoke/LambdaForm$MH
instanceKlass java/awt/RenderingHints$Key
instanceKlass sun/awt/SunHints
instanceKlass java/awt/RenderingHints
instanceKlass sun/awt/windows/WDesktopProperties$WinPlaySound
instanceKlass java/awt/Color
instanceKlass java/awt/Paint
instanceKlass java/lang/invoke/LambdaForm$MH
instanceKlass java/lang/invoke/LambdaForm$MH
instanceKlass java/lang/invoke/LambdaForm$MH
instanceKlass java/lang/invoke/LambdaForm$MH
instanceKlass java/lang/invoke/LambdaForm$MH
instanceKlass java/lang/invoke/LambdaForm$MH
instanceKlass java/lang/invoke/LambdaForm$MH
instanceKlass java/util/concurrent/locks/ReentrantReadWriteLock$WriteLock
instanceKlass java/util/concurrent/locks/ReentrantReadWriteLock$ReadLock
instanceKlass java/util/concurrent/locks/ReentrantReadWriteLock
instanceKlass java/util/concurrent/locks/ReadWriteLock
instanceKlass sun/awt/windows/ThemeReader
instanceKlass sun/awt/windows/WDesktopProperties
instanceKlass javax/swing/SwingUtilities
instanceKlass java/util/concurrent/atomic/AtomicBoolean
instanceKlass sun/awt/PostEventQueue
instanceKlass sun/awt/MostRecentKeyValue
instanceKlass java/lang/invoke/LambdaForm$MH
instanceKlass java/lang/invoke/LambdaForm$MH
instanceKlass java/lang/invoke/LambdaForm$MH
instanceKlass jdk/internal/util/ArraysSupport
instanceKlass java/awt/Queue
instanceKlass java/awt/EventQueue$3
instanceKlass java/awt/EventQueue$2
instanceKlass sun/awt/AWTAccessor$EventQueueAccessor
instanceKlass java/awt/EventQueue$1
instanceKlass java/awt/EventQueue
instanceKlass sun/awt/AppContext$1
instanceKlass sun/awt/AppContext$2
instanceKlass sun/awt/AppContext$3
instanceKlass sun/awt/AppContext$6
instanceKlass jdk/internal/access/JavaAWTAccess
instanceKlass sun/awt/AppContext$GetAppContextLock
instanceKlass sun/awt/AppContext
instanceKlass java/util/stream/Sink$ChainedReference
instanceKlass java/util/stream/ReduceOps$AccumulatingSink
instanceKlass java/util/stream/TerminalSink
instanceKlass java/util/stream/Sink
instanceKlass java/util/stream/ReduceOps$Box
instanceKlass java/util/stream/ReduceOps$ReduceOp
instanceKlass java/util/stream/TerminalOp
instanceKlass java/util/stream/ReduceOps
instanceKlass java/util/stream/Collectors$$Lambda$19
instanceKlass java/util/stream/Collectors$$Lambda$18
instanceKlass java/util/function/BinaryOperator
instanceKlass java/util/stream/Collectors$$Lambda$17
instanceKlass java/util/function/BiConsumer
instanceKlass java/util/stream/Collectors$$Lambda$16
instanceKlass java/util/StringJoiner
instanceKlass java/util/stream/Collectors$CollectorImpl
instanceKlass java/util/stream/Collector
instanceKlass java/util/stream/Collectors
instanceKlass java/lang/Class$$Lambda$15
instanceKlass java/awt/Component$3
instanceKlass java/awt/ComponentOrientation
instanceKlass javax/swing/JComponent$2
instanceKlass sun/swing/SwingAccessor
instanceKlass javax/swing/JComponent$1
instanceKlass sun/swing/SwingAccessor$JComponentAccessor
instanceKlass java/awt/Container$1
instanceKlass sun/awt/AWTAccessor$ContainerAccessor
instanceKlass java/awt/geom/Dimension2D
instanceKlass java/awt/LightweightDispatcher
instanceKlass java/awt/event/AWTEventListener
instanceKlass java/awt/LayoutManager
instanceKlass javax/swing/filechooser/FileFilter
instanceKlass java/lang/invoke/LambdaForm$MH
instanceKlass java/lang/invoke/LambdaForm$DMH
instanceKlass java/lang/invoke/LambdaForm$MH
instanceKlass java/lang/invoke/LambdaForm$MH
instanceKlass java/lang/invoke/LambdaForm$MH
instanceKlass java/lang/Shutdown$Lock
instanceKlass java/lang/Shutdown
instanceKlass java/lang/ApplicationShutdownHooks$1
instanceKlass java/lang/ApplicationShutdownHooks
instanceKlass sun/awt/windows/WToolkit$$Lambda$14
instanceKlass java/lang/invoke/LambdaForm$DMH
instanceKlass sun/awt/windows/WToolkit$$Lambda$13
instanceKlass sun/awt/windows/WToolkit$$Lambda$12
instanceKlass sun/awt/windows/WToolkit$$Lambda$11
instanceKlass sun/awt/AWTAutoShutdown$$Lambda$10
instanceKlass sun/awt/AWTAutoShutdown
instanceKlass sun/awt/util/ThreadGroupUtils
instanceKlass sun/java2d/Disposer$$Lambda$9
instanceKlass sun/java2d/Disposer$1
instanceKlass sun/java2d/Disposer
instanceKlass sun/awt/windows/WToolkit$ToolkitDisposer
instanceKlass sun/java2d/DisposerRecord
instanceKlass java/lang/invoke/LambdaForm$MH
instanceKlass java/lang/invoke/LambdaForm$MH
instanceKlass java/lang/invoke/LambdaForm$MH
instanceKlass java/lang/invoke/LambdaForm$MH
instanceKlass java/lang/invoke/LambdaForm$MH
instanceKlass java/lang/invoke/LambdaForm$MH
instanceKlass java/lang/invoke/LambdaForm$MH
instanceKlass sun/awt/util/PerformanceLogger$TimeData
instanceKlass sun/awt/util/PerformanceLogger
instanceKlass sun/awt/SunToolkit$ModalityListenerList
instanceKlass sun/awt/ModalityListener
instanceKlass java/beans/PropertyChangeListener
instanceKlass java/beans/ChangeListenerMap
instanceKlass java/beans/PropertyChangeSupport
instanceKlass sun/awt/windows/WToolkit$2
instanceKlass sun/util/logging/PlatformLogger$ConfigurableBridge$LoggerConfiguration
instanceKlass jdk/internal/logger/BootstrapLogger$RedirectedLoggers
instanceKlass javax/swing/event/EventListenerList
instanceKlass sun/awt/windows/WDesktopPeer
instanceKlass java/awt/peer/DesktopPeer
instanceKlass java/awt/Component$DummyRequestFocusController
instanceKlass sun/awt/RequestFocusController
instanceKlass java/awt/Component$1
instanceKlass sun/awt/AWTAccessor$ComponentAccessor
instanceKlass java/awt/font/JavaAWTFontAccessImpl
instanceKlass jdk/internal/access/JavaAWTFontAccess
instanceKlass java/text/AttributedCharacterIterator$Attribute
instanceKlass sun/font/AttributeValues
instanceKlass java/awt/geom/AffineTransform
instanceKlass sun/font/FontAccess
instanceKlass java/awt/Font
instanceKlass sun/awt/windows/WObjectPeer
instanceKlass java/awt/dnd/peer/DropTargetPeer
instanceKlass java/awt/peer/ComponentPeer
instanceKlass java/awt/event/InputEvent$1
instanceKlass sun/awt/AWTAccessor$InputEventAccessor
instanceKlass java/awt/event/NativeLibLoader$1
instanceKlass java/awt/event/NativeLibLoader
instanceKlass java/awt/AWTEvent$1
instanceKlass sun/awt/AWTAccessor$AWTEventAccessor
instanceKlass java/util/EventObject
instanceKlass java/awt/Component$AWTTreeLock
instanceKlass sun/awt/DisplayChangedListener
instanceKlass sun/awt/image/SurfaceManager
instanceKlass sun/awt/image/SurfaceManager$ImageAccessor
instanceKlass java/awt/ImageCapabilities
instanceKlass java/awt/Image
instanceKlass sun/java2d/DestSurfaceProvider
instanceKlass sun/java2d/loops/RenderCache$Entry
instanceKlass sun/java2d/loops/RenderCache
instanceKlass sun/java2d/pipe/DrawImage
instanceKlass sun/java2d/pipe/GeneralCompositePipe
instanceKlass sun/java2d/pipe/SpanShapeRenderer
instanceKlass sun/java2d/pipe/AlphaPaintPipe
instanceKlass sun/java2d/pipe/AAShapePipe
instanceKlass sun/java2d/pipe/RegionIterator
instanceKlass sun/java2d/pipe/Region
instanceKlass sun/java2d/pipe/SpanClipRenderer
instanceKlass sun/java2d/pipe/PixelToShapeConverter
instanceKlass sun/java2d/pipe/AlphaColorPipe
instanceKlass sun/java2d/pipe/CompositePipe
instanceKlass sun/java2d/pipe/GlyphListPipe
instanceKlass sun/java2d/pipe/OutlineTextRenderer
instanceKlass java/util/concurrent/ConcurrentLinkedQueue$Node
instanceKlass sun/java2d/ReentrantContextProvider
instanceKlass sun/java2d/marlin/FloatMath
instanceKlass sun/java2d/marlin/MarlinProperties
instanceKlass sun/java2d/marlin/MarlinConst
instanceKlass sun/java2d/pipe/RenderingEngine
instanceKlass sun/java2d/pipe/LoopPipe
instanceKlass sun/java2d/pipe/LoopBasedPipe
instanceKlass sun/java2d/pipe/ParallelogramPipe
instanceKlass sun/java2d/pipe/NullPipe
instanceKlass sun/java2d/pipe/DrawImagePipe
instanceKlass sun/java2d/pipe/TextPipe
instanceKlass sun/java2d/pipe/ShapeDrawPipe
instanceKlass sun/java2d/pipe/PixelFillPipe
instanceKlass sun/java2d/pipe/PixelDrawPipe
instanceKlass sun/java2d/StateTrackableDelegate$2
instanceKlass sun/java2d/StateTrackableDelegate
instanceKlass java/awt/color/ICC_Profile$1
instanceKlass sun/java2d/cmm/ProfileActivator
instanceKlass sun/java2d/cmm/ProfileDeferralMgr
instanceKlass java/awt/color/ICC_Profile
instanceKlass java/awt/color/ColorSpace
instanceKlass java/awt/image/ColorModel$1
instanceKlass java/awt/image/ColorModel
instanceKlass sun/awt/image/PixelConverter
instanceKlass sun/java2d/loops/SurfaceType
instanceKlass sun/java2d/SurfaceData
instanceKlass sun/java2d/Surface
instanceKlass sun/java2d/StateTrackable
instanceKlass sun/java2d/DisposerTarget
instanceKlass java/awt/Transparency
instanceKlass sun/awt/windows/WToolkit$1
instanceKlass jdk/internal/logger/LazyLoggers$LazyLoggerAccessor
instanceKlass jdk/internal/logger/LazyLoggers$LoggerAccessor
instanceKlass jdk/internal/logger/AbstractLoggerWrapper
instanceKlass java/util/ServiceLoader$ProviderImpl
instanceKlass java/util/ServiceLoader$Provider
instanceKlass java/util/ServiceLoader$1
instanceKlass sun/util/logging/internal/LoggingProviderImpl$LogManagerAccess
instanceKlass java/util/concurrent/CopyOnWriteArrayList$COWIterator
instanceKlass jdk/internal/loader/URLClassPath$1
instanceKlass java/lang/CompoundEnumeration
instanceKlass jdk/internal/loader/BuiltinClassLoader$1
instanceKlass java/util/Collections$EmptyEnumeration
instanceKlass java/util/Collections$EmptyIterator
instanceKlass jdk/internal/loader/BuiltinClassLoader$2
instanceKlass java/util/ServiceLoader$3
instanceKlass java/util/ServiceLoader$2
instanceKlass java/util/ServiceLoader$LazyClassPathLookupIterator
instanceKlass java/lang/ModuleLayer$$Lambda$8
instanceKlass java/lang/WeakPairMap$Pair$Lookup
instanceKlass java/lang/WeakPairMap$Pair
instanceKlass java/lang/WeakPairMap
instanceKlass java/lang/Module$ReflectionData
instanceKlass java/util/Spliterators$1Adapter
instanceKlass java/util/function/Consumer
instanceKlass sun/reflect/annotation/AnnotationParser
instanceKlass java/lang/Class$3
instanceKlass java/util/EnumMap$1
instanceKlass java/util/stream/StreamOpFlag$MaskBuilder
instanceKlass java/util/stream/Stream
instanceKlass java/util/stream/BaseStream
instanceKlass java/util/stream/PipelineHelper
instanceKlass java/util/stream/StreamSupport
instanceKlass java/util/Spliterators$ArraySpliterator
instanceKlass java/util/Spliterator$OfDouble
instanceKlass java/util/Spliterator$OfLong
instanceKlass java/util/Spliterator$OfInt
instanceKlass java/util/Spliterator$OfPrimitive
instanceKlass java/util/Spliterator
instanceKlass java/util/Spliterators$EmptySpliterator
instanceKlass java/util/Spliterators
instanceKlass jdk/internal/loader/AbstractClassLoaderValue$Memoizer
instanceKlass java/util/ServiceLoader$ModuleServicesLookupIterator
instanceKlass java/util/ServiceLoader
instanceKlass java/lang/System$LoggerFinder
instanceKlass jdk/internal/logger/BootstrapLogger$DetectBackend$1
instanceKlass jdk/internal/logger/BootstrapLogger$DetectBackend
instanceKlass jdk/internal/logger/BootstrapLogger
instanceKlass sun/util/logging/PlatformLogger$ConfigurableBridge
instanceKlass sun/util/logging/PlatformLogger$Bridge
instanceKlass java/lang/System$Logger
instanceKlass jdk/internal/logger/LazyLoggers$LazyLoggerFactories
instanceKlass jdk/internal/logger/LazyLoggers$1
instanceKlass jdk/internal/logger/LazyLoggers
instanceKlass sun/util/logging/PlatformLogger
instanceKlass java/util/Collections$SynchronizedMap
instanceKlass sun/awt/WeakIdentityHashMap
instanceKlass java/util/concurrent/locks/AbstractQueuedSynchronizer$ConditionObject
instanceKlass java/util/concurrent/locks/Condition
instanceKlass java/util/concurrent/locks/AbstractQueuedSynchronizer$Node
instanceKlass java/lang/invoke/VarForm
instanceKlass java/lang/invoke/VarHandleGuards
instanceKlass jdk/internal/util/Preconditions$1
instanceKlass java/lang/invoke/VarHandle$1
instanceKlass java/lang/invoke/VarHandles
instanceKlass sun/awt/KeyboardFocusManagerPeerProvider
instanceKlass sun/awt/InputMethodSupport
instanceKlass sun/awt/ComponentFactory
instanceKlass java/awt/Toolkit$2
instanceKlass java/lang/ProcessEnvironment$CheckedEntry
instanceKlass java/lang/ProcessEnvironment$CheckedEntrySet$1
instanceKlass java/lang/ProcessEnvironment$EntryComparator
instanceKlass java/lang/ProcessEnvironment$NameComparator
instanceKlass java/awt/GraphicsEnvironment$$Lambda$7
instanceKlass java/awt/GraphicsEnvironment
instanceKlass java/awt/Insets
instanceKlass java/lang/invoke/LambdaForm$MH
instanceKlass java/lang/invoke/LambdaForm$DMH
instanceKlass java/lang/invoke/LambdaForm$MH
instanceKlass java/lang/invoke/LambdaForm$DMH
instanceKlass sun/reflect/misc/ReflectUtil
instanceKlass java/lang/invoke/ClassSpecializer$Factory$1Var
instanceKlass java/lang/invoke/LambdaForm$MH
instanceKlass java/lang/invoke/LambdaForm$MH
instanceKlass java/lang/invoke/LambdaForm$MH
instanceKlass java/lang/invoke/LambdaForm$MH
instanceKlass java/lang/invoke/LambdaForm$MH
instanceKlass java/lang/invoke/LambdaForm$MH
instanceKlass java/lang/invoke/LambdaForm$MH
instanceKlass java/lang/invoke/LambdaForm$MH
instanceKlass java/lang/invoke/LambdaForm$MH
instanceKlass java/lang/invoke/LambdaForm$MH
instanceKlass java/lang/invoke/LambdaForm$MH
instanceKlass java/util/TreeMap$PrivateEntryIterator
instanceKlass java/util/TreeMap$Entry
instanceKlass java/lang/invoke/LambdaFormEditor$1
instanceKlass java/util/NavigableMap
instanceKlass java/util/SortedMap
instanceKlass java/lang/invoke/LambdaForm$MH
instanceKlass java/lang/invoke/MethodHandles$1
instanceKlass java/lang/Long$LongCache
instanceKlass java/lang/invoke/LambdaForm$MH
instanceKlass java/lang/invoke/LambdaForm$MH
instanceKlass java/lang/invoke/LambdaForm$MH
instanceKlass java/lang/invoke/LambdaForm$MH
instanceKlass java/lang/invoke/LambdaForm$MH
instanceKlass java/lang/invoke/LambdaForm$MH
instanceKlass java/lang/invoke/LambdaForm$MH
instanceKlass java/lang/invoke/LambdaForm$MH
instanceKlass java/lang/invoke/StringConcatFactory$Stringifiers$ObjectStringifier
instanceKlass java/lang/invoke/StringConcatFactory$Stringifiers
instanceKlass java/lang/StringConcatHelper
instanceKlass java/lang/invoke/StringConcatFactory$MethodHandleInlineCopyStrategy$2
instanceKlass java/lang/invoke/StringConcatFactory$MethodHandleInlineCopyStrategy$1
instanceKlass java/lang/invoke/StringConcatFactory$MethodHandleInlineCopyStrategy
instanceKlass java/lang/invoke/StringConcatFactory$RecipeElement
instanceKlass java/lang/invoke/StringConcatFactory$Recipe
instanceKlass java/lang/invoke/StringConcatFactory$1
instanceKlass java/lang/invoke/StringConcatFactory
instanceKlass java/awt/Toolkit$1
instanceKlass java/awt/Toolkit$3
instanceKlass jdk/internal/jimage/ImageLocation
instanceKlass jdk/internal/module/SystemModuleFinders$SystemModuleReader$$Lambda$6
instanceKlass jdk/internal/jimage/decompressor/Decompressor
instanceKlass jdk/internal/jimage/ImageStringsReader
instanceKlass jdk/internal/jimage/ImageStrings
instanceKlass jdk/internal/jimage/ImageHeader
instanceKlass jdk/internal/jimage/NativeImageBuffer$1
instanceKlass jdk/internal/jimage/NativeImageBuffer
instanceKlass jdk/internal/jimage/BasicImageReader$1
instanceKlass jdk/internal/jimage/BasicImageReader
instanceKlass jdk/internal/jimage/ImageReader
instanceKlass jdk/internal/jimage/ImageReaderFactory$1
instanceKlass java/nio/file/Paths
instanceKlass jdk/internal/jimage/ImageReaderFactory
instanceKlass jdk/internal/module/SystemModuleFinders$SystemImage
instanceKlass jdk/internal/module/SystemModuleFinders$SystemModuleReader
instanceKlass java/lang/module/ModuleReader
instanceKlass jdk/internal/loader/BuiltinClassLoader$5
instanceKlass jdk/internal/module/Checks
instanceKlass jdk/internal/module/Resources
instanceKlass java/util/ResourceBundle$ResourceBundleProviderHelper$$Lambda$5
instanceKlass java/util/ResourceBundle$ResourceBundleProviderHelper$$Lambda$4
instanceKlass sun/security/action/GetBooleanAction
instanceKlass sun/security/util/SecurityConstants
instanceKlass java/util/ResourceBundle$ResourceBundleProviderHelper$$Lambda$3
instanceKlass java/util/ResourceBundle$ResourceBundleProviderHelper
instanceKlass java/util/ResourceBundle$3
instanceKlass java/util/ResourceBundle$CacheKeyReference
instanceKlass java/util/ResourceBundle$CacheKey
instanceKlass java/util/ResourceBundle$$Lambda$2
instanceKlass jdk/internal/org/objectweb/asm/FieldVisitor
instanceKlass java/util/ResourceBundle$Control
instanceKlass java/util/ResourceBundle$1
instanceKlass jdk/internal/access/JavaUtilResourceBundleAccess
instanceKlass java/util/ResourceBundle
instanceKlass java/awt/Toolkit$5
instanceKlass sun/awt/AWTAccessor
instanceKlass java/awt/Toolkit$4
instanceKlass sun/awt/AWTAccessor$ToolkitAccessor
instanceKlass java/awt/Toolkit
instanceKlass javax/swing/event/UndoableEditListener
instanceKlass javax/swing/event/PopupMenuListener
instanceKlass javax/swing/AbstractAction
instanceKlass javax/swing/Action
instanceKlass java/awt/event/ActionListener
instanceKlass java/util/EventListener
instanceKlass java/awt/Component
instanceKlass java/awt/MenuContainer
instanceKlass java/awt/image/ImageObserver
instanceKlass javax/swing/TransferHandler$HasGetTransferHandler
instanceKlass javax/swing/SwingConstants
instanceKlass java/awt/ItemSelectable
instanceKlass javax/swing/MenuElement
instanceKlass javax/accessibility/Accessible
instanceKlass usu/widget/util/WidgetUtilities
instanceKlass java/lang/invoke/LambdaForm$MH
instanceKlass java/lang/invoke/InvokerBytecodeGenerator$CpPatch
instanceKlass jdk/internal/org/objectweb/asm/Frame
instanceKlass java/lang/invoke/LambdaFormBuffer
instanceKlass java/lang/invoke/LambdaFormEditor
instanceKlass java/lang/invoke/DelegatingMethodHandle$Holder
instanceKlass sun/invoke/util/Wrapper$1
instanceKlass java/lang/invoke/DirectMethodHandle$1
instanceKlass sun/invoke/empty/Empty
instanceKlass sun/invoke/util/VerifyType
instanceKlass java/lang/invoke/ClassSpecializer$Factory
instanceKlass java/lang/invoke/ClassSpecializer$SpeciesData
instanceKlass java/lang/invoke/ClassSpecializer$1
instanceKlass java/lang/invoke/ClassSpecializer
instanceKlass java/lang/invoke/InnerClassLambdaMetafactory$1
instanceKlass simrskhanza/SIMRSKhanza$$Lambda$1
instanceKlass jdk/internal/org/objectweb/asm/Handler
instanceKlass jdk/internal/org/objectweb/asm/AnnotationVisitor
instanceKlass jdk/internal/org/objectweb/asm/Label
instanceKlass jdk/internal/org/objectweb/asm/MethodVisitor
instanceKlass jdk/internal/org/objectweb/asm/ByteVector
instanceKlass jdk/internal/org/objectweb/asm/Symbol
instanceKlass jdk/internal/org/objectweb/asm/SymbolTable
instanceKlass jdk/internal/org/objectweb/asm/ClassVisitor
instanceKlass sun/invoke/util/BytecodeDescriptor
instanceKlass java/lang/invoke/InfoFromMemberName
instanceKlass java/lang/invoke/MethodHandleInfo
instanceKlass jdk/internal/org/objectweb/asm/Type
instanceKlass java/lang/invoke/AbstractValidatingLambdaMetafactory
instanceKlass java/lang/invoke/MethodHandleImpl$1
instanceKlass jdk/internal/access/JavaLangInvokeAccess
instanceKlass java/lang/invoke/Invokers$Holder
instanceKlass java/lang/invoke/BootstrapMethodInvoker
instanceKlass java/lang/invoke/InvokerBytecodeGenerator$2
instanceKlass java/lang/invoke/InvokerBytecodeGenerator
instanceKlass java/lang/invoke/LambdaForm$Holder
instanceKlass java/lang/invoke/LambdaForm$Name
instanceKlass java/lang/invoke/Invokers
instanceKlass java/lang/invoke/MethodHandleImpl
instanceKlass sun/invoke/util/ValueConversions
instanceKlass java/lang/invoke/DirectMethodHandle$Holder
instanceKlass java/lang/invoke/LambdaForm$NamedFunction
instanceKlass sun/invoke/util/Wrapper$Format
instanceKlass sun/invoke/util/VerifyAccess
instanceKlass java/lang/invoke/MemberName$Factory
instanceKlass java/lang/invoke/MethodHandles
instanceKlass java/lang/invoke/MethodTypeForm
instanceKlass java/lang/invoke/MethodType$ConcurrentWeakInternSet
instanceKlass java/lang/invoke/MethodHandles$Lookup
instanceKlass java/lang/invoke/LambdaMetafactory
instanceKlass java/lang/Void
instanceKlass java/lang/PublicMethods$Key
instanceKlass java/lang/PublicMethods$MethodList
instanceKlass simrskhanza/SIMRSKhanza
instanceKlass java/security/SecureClassLoader$DebugHolder
instanceKlass java/io/FilePermissionCollection$1
instanceKlass java/util/function/BiFunction
instanceKlass java/security/Permissions$1
instanceKlass sun/security/util/FilePermCompat
instanceKlass java/io/FilePermission$1
instanceKlass jdk/internal/access/JavaIOFilePermissionAccess
instanceKlass java/security/Permission
instanceKlass java/security/Guard
instanceKlass sun/net/www/MessageHeader
instanceKlass java/net/URLConnection
instanceKlass java/security/PermissionCollection
instanceKlass java/security/SecureClassLoader$1
instanceKlass java/security/SecureClassLoader$CodeSourceKey
instanceKlass java/io/FileInputStream$1
instanceKlass sun/nio/ByteBuffered
instanceKlass java/lang/Package$VersionInfo
instanceKlass java/lang/NamedPackage
instanceKlass jdk/internal/loader/Resource
instanceKlass java/util/LinkedList$Node
instanceKlass java/io/Reader
instanceKlass java/util/StringTokenizer
instanceKlass java/util/jar/Attributes$Name
instanceKlass java/util/jar/Attributes
instanceKlass java/security/CodeSigner
instanceKlass sun/security/util/Debug
instanceKlass java/util/jar/JarVerifier
instanceKlass java/util/zip/ZipFile$InflaterCleanupAction
instanceKlass java/util/zip/Inflater$InflaterZStreamRef
instanceKlass java/util/zip/Inflater
instanceKlass java/util/zip/ZipEntry
instanceKlass java/util/jar/JarFile$1
instanceKlass jdk/internal/util/jar/JarIndex
instanceKlass java/nio/Bits$1
instanceKlass jdk/internal/access/JavaNioAccess$BufferPool
instanceKlass java/nio/Bits
instanceKlass sun/nio/ch/DirectBuffer
instanceKlass jdk/internal/perf/PerfCounter$CoreCounters
instanceKlass jdk/internal/perf/Perf
instanceKlass jdk/internal/perf/Perf$GetPerfAction
instanceKlass jdk/internal/perf/PerfCounter
instanceKlass java/util/zip/ZipUtils
instanceKlass java/util/zip/ZipFile$Source$End
instanceKlass java/io/RandomAccessFile$2
instanceKlass jdk/internal/access/JavaIORandomAccessFileAccess
instanceKlass java/io/RandomAccessFile
instanceKlass java/io/DataInput
instanceKlass java/io/DataOutput
instanceKlass java/nio/file/attribute/FileTime
instanceKlass sun/nio/fs/WindowsNativeDispatcher$CompletionStatus
instanceKlass sun/nio/fs/WindowsNativeDispatcher$AclInformation
instanceKlass sun/nio/fs/WindowsNativeDispatcher$Account
instanceKlass sun/nio/fs/WindowsNativeDispatcher$DiskFreeSpace
instanceKlass sun/nio/fs/WindowsNativeDispatcher$VolumeInformation
instanceKlass sun/nio/fs/WindowsNativeDispatcher$FirstStream
instanceKlass sun/nio/fs/WindowsNativeDispatcher$FirstFile
instanceKlass java/util/Enumeration
instanceKlass java/util/concurrent/ConcurrentHashMap$Traverser
instanceKlass java/util/concurrent/ConcurrentHashMap$CollectionView
instanceKlass java/util/ArrayDeque$DeqIterator
instanceKlass java/lang/ClassLoader$NativeLibrary
instanceKlass java/lang/ClassLoader$2
instanceKlass sun/nio/fs/WindowsNativeDispatcher$1
instanceKlass sun/nio/fs/WindowsNativeDispatcher
instanceKlass sun/nio/fs/NativeBuffer$Deallocator
instanceKlass sun/nio/fs/NativeBuffer
instanceKlass sun/nio/fs/NativeBuffers
instanceKlass sun/nio/fs/WindowsFileAttributes
instanceKlass java/nio/file/attribute/DosFileAttributes
instanceKlass sun/nio/fs/AbstractBasicFileAttributeView
instanceKlass sun/nio/fs/DynamicFileAttributeView
instanceKlass sun/nio/fs/WindowsFileAttributeViews
instanceKlass sun/nio/fs/Util
instanceKlass java/nio/file/attribute/BasicFileAttributeView
instanceKlass java/nio/file/attribute/FileAttributeView
instanceKlass java/nio/file/attribute/AttributeView
instanceKlass java/nio/file/Files
instanceKlass java/nio/file/CopyOption
instanceKlass java/nio/file/attribute/BasicFileAttributes
instanceKlass sun/nio/fs/WindowsPath
instanceKlass java/nio/file/Path
instanceKlass java/nio/file/Watchable
instanceKlass java/net/URI$Parser
instanceKlass sun/nio/fs/WindowsPathParser$Result
instanceKlass sun/nio/fs/WindowsPathParser
instanceKlass java/util/Arrays$ArrayItr
instanceKlass java/nio/file/FileSystem
instanceKlass java/nio/file/OpenOption
instanceKlass java/nio/file/spi/FileSystemProvider
instanceKlass sun/nio/fs/DefaultFileSystemProvider
instanceKlass java/nio/file/FileSystems$DefaultFileSystemHolder$1
instanceKlass java/nio/file/FileSystems$DefaultFileSystemHolder
instanceKlass java/nio/file/FileSystems
instanceKlass java/util/zip/ZipFile$Source$Key
instanceKlass java/util/zip/ZipFile$Source
instanceKlass jdk/internal/misc/InnocuousThread$2
instanceKlass jdk/internal/misc/InnocuousThread$3
instanceKlass jdk/internal/ref/CleanerFactory$1$1
instanceKlass java/lang/ref/Cleaner$Cleanable
instanceKlass jdk/internal/ref/CleanerImpl
instanceKlass java/lang/ref/Cleaner$1
instanceKlass java/lang/ref/Cleaner
instanceKlass jdk/internal/ref/CleanerFactory$1
instanceKlass java/util/concurrent/ThreadFactory
instanceKlass jdk/internal/ref/CleanerFactory
instanceKlass java/util/zip/ZipFile$CleanableResource
instanceKlass java/util/zip/ZipCoder
instanceKlass java/lang/Runtime$Version
instanceKlass java/util/jar/JavaUtilJarAccessImpl
instanceKlass jdk/internal/access/JavaUtilJarAccess
instanceKlass java/nio/charset/CoderResult
instanceKlass sun/nio/cs/ThreadLocalCoders$Cache
instanceKlass sun/nio/cs/ThreadLocalCoders
instanceKlass java/lang/Readable
instanceKlass jdk/internal/loader/FileURLMapper
instanceKlass jdk/internal/loader/URLClassPath$JarLoader$1
instanceKlass java/util/zip/ZipFile$1
instanceKlass jdk/internal/access/JavaUtilZipFileAccess
instanceKlass java/util/zip/ZipFile
instanceKlass java/util/zip/ZipConstants
instanceKlass jdk/internal/loader/URLClassPath$Loader
instanceKlass jdk/internal/loader/URLClassPath$3
instanceKlass java/security/PrivilegedExceptionAction
instanceKlass sun/util/locale/InternalLocaleBuilder$CaseInsensitiveChar
instanceKlass sun/util/locale/InternalLocaleBuilder
instanceKlass sun/util/locale/LocaleUtils
instanceKlass sun/util/locale/BaseLocale$Key
instanceKlass sun/util/locale/BaseLocale
instanceKlass sun/util/locale/LocaleObjectCache
instanceKlass java/util/Locale
instanceKlass sun/net/util/URLUtil
instanceKlass java/lang/StringCoding$Result
instanceKlass sun/nio/cs/ArrayDecoder
instanceKlass java/nio/charset/CharsetDecoder
instanceKlass java/lang/StringCoding$StringDecoder
instanceKlass java/lang/ThreadLocal$ThreadLocalMap
instanceKlass java/lang/StringCoding
instanceKlass sun/nio/cs/SingleByte
instanceKlass java/nio/charset/StandardCharsets
instanceKlass sun/launcher/LauncherHelper
instanceKlass jdk/jfr/internal/EventWriter
instanceKlass jdk/internal/module/IllegalAccessLogger
instanceKlass jdk/internal/module/ModuleBootstrap$2
instanceKlass jdk/internal/module/IllegalAccessLogger$Builder
instanceKlass java/lang/ModuleLayer$Controller
instanceKlass jdk/internal/module/ServicesCatalog$ServiceProvider
instanceKlass java/util/concurrent/CopyOnWriteArrayList
instanceKlass java/util/Collections$UnmodifiableCollection$1
instanceKlass java/util/Collections$UnmodifiableCollection
instanceKlass java/util/ArrayList$Itr
instanceKlass java/util/ImmutableCollections$ListItr
instanceKlass java/util/ListIterator
instanceKlass java/lang/ModuleLayer
instanceKlass jdk/internal/module/ModuleLoaderMap$Mapper
instanceKlass java/util/function/Function
instanceKlass jdk/internal/module/ModuleLoaderMap
instanceKlass java/util/ImmutableCollections$Set12$1
instanceKlass java/util/ImmutableCollections$MapN$MapNIterator
instanceKlass java/util/AbstractMap$1$1
instanceKlass java/lang/module/ResolvedModule
instanceKlass java/lang/module/Configuration
instanceKlass java/lang/reflect/Array
instanceKlass java/util/ImmutableCollections$SetN$SetNIterator
instanceKlass jdk/internal/loader/BuiltinClassLoader$LoadedModule
instanceKlass jdk/internal/util/Preconditions
instanceKlass java/util/Deque
instanceKlass java/util/Queue
instanceKlass sun/net/util/IPAddressUtil
instanceKlass java/lang/Class$1
instanceKlass java/lang/reflect/ReflectAccess
instanceKlass jdk/internal/reflect/LangReflectAccess
instanceKlass java/lang/reflect/Modifier
instanceKlass java/lang/Class$Atomic
instanceKlass java/lang/Class$ReflectionData
instanceKlass java/net/URLStreamHandler
instanceKlass java/lang/StringUTF16
instanceKlass sun/net/www/ParseUtil
instanceKlass java/net/URL$3
instanceKlass jdk/internal/access/JavaNetURLAccess
instanceKlass java/net/URL$DefaultFactory
instanceKlass java/net/URLStreamHandlerFactory
instanceKlass jdk/internal/loader/URLClassPath
instanceKlass java/security/Principal
instanceKlass java/security/ProtectionDomain$Key
instanceKlass java/security/ProtectionDomain$JavaSecurityAccessImpl
instanceKlass jdk/internal/access/JavaSecurityAccess
instanceKlass java/lang/ClassLoader$ParallelLoaders
instanceKlass jdk/internal/loader/AbstractClassLoaderValue
instanceKlass jdk/internal/module/ServicesCatalog
instanceKlass jdk/internal/loader/BootLoader
instanceKlass java/util/Optional
instanceKlass jdk/internal/module/ModuleBootstrap$Counters
instanceKlass jdk/internal/module/SystemModuleFinders$SystemModuleFinder
instanceKlass java/lang/module/ModuleFinder
instanceKlass jdk/internal/module/SystemModuleFinders$3
instanceKlass jdk/internal/module/ModuleHashes$HashSupplier
instanceKlass java/util/KeyValueHolder
instanceKlass jdk/internal/module/SystemModuleFinders$2
instanceKlass java/util/function/Supplier
instanceKlass java/lang/module/ModuleReference
instanceKlass jdk/internal/module/ModuleResolution
instanceKlass java/util/Collections$UnmodifiableMap
instanceKlass jdk/internal/module/ModuleHashes$Builder
instanceKlass jdk/internal/module/ModuleHashes
instanceKlass jdk/internal/module/ModuleTarget
instanceKlass java/lang/Enum
instanceKlass java/lang/module/ModuleDescriptor$Version
instanceKlass java/lang/module/ModuleDescriptor$Provides
instanceKlass java/lang/module/ModuleDescriptor$Opens
instanceKlass java/lang/module/ModuleDescriptor$Exports
instanceKlass java/lang/module/ModuleDescriptor$Requires
instanceKlass jdk/internal/module/Builder
instanceKlass jdk/internal/module/SystemModules$default
instanceKlass jdk/internal/module/SystemModules
instanceKlass jdk/internal/module/SystemModulesMap
instanceKlass java/net/URI$1
instanceKlass jdk/internal/access/JavaNetUriAccess
instanceKlass java/net/URI
instanceKlass jdk/internal/module/SystemModuleFinders
instanceKlass jdk/internal/module/ArchivedModuleGraph
instanceKlass jdk/internal/module/ModulePatcher
instanceKlass java/io/FileSystem
instanceKlass java/io/DefaultFileSystem
instanceKlass java/io/File
instanceKlass java/lang/module/ModuleDescriptor$1
instanceKlass jdk/internal/access/JavaLangModuleAccess
instanceKlass java/lang/module/ModuleDescriptor
instanceKlass jdk/internal/module/ModuleBootstrap
instanceKlass java/lang/CharacterData
instanceKlass java/lang/invoke/MethodHandleStatics
instanceKlass java/util/RandomAccess
instanceKlass java/util/List
instanceKlass java/util/Collections
instanceKlass java/lang/System$2
instanceKlass jdk/internal/access/JavaLangAccess
instanceKlass sun/io/Win32ErrorMode
instanceKlass jdk/internal/misc/OSEnvironment
instanceKlass java/lang/Integer$IntegerCache
instanceKlass jdk/internal/misc/Signal$NativeHandler
instanceKlass java/util/Hashtable$Entry
instanceKlass jdk/internal/misc/Signal
instanceKlass java/lang/Terminator$1
instanceKlass jdk/internal/misc/Signal$Handler
instanceKlass java/lang/Terminator
instanceKlass java/nio/ByteOrder
instanceKlass java/nio/Buffer$1
instanceKlass jdk/internal/access/JavaNioAccess
instanceKlass java/nio/charset/CodingErrorAction
instanceKlass java/nio/charset/CharsetEncoder
instanceKlass sun/nio/cs/HistoricallyNamedCharset
instanceKlass sun/security/action/GetPropertyAction
instanceKlass java/lang/ThreadLocal
instanceKlass java/nio/charset/spi/CharsetProvider
instanceKlass java/nio/charset/Charset
instanceKlass java/io/Writer
instanceKlass java/io/OutputStream
instanceKlass java/io/Flushable
instanceKlass java/io/FileDescriptor$1
instanceKlass jdk/internal/access/JavaIOFileDescriptorAccess
instanceKlass java/io/FileDescriptor
instanceKlass jdk/internal/util/StaticProperty
instanceKlass java/util/Iterator
instanceKlass java/util/HashMap$HashIterator
instanceKlass java/lang/VersionProps
instanceKlass java/util/Arrays
instanceKlass java/util/HashMap$Node
instanceKlass java/lang/StringLatin1
instanceKlass jdk/internal/util/SystemProps$Raw
instanceKlass jdk/internal/util/SystemProps
instanceKlass jdk/internal/access/SharedSecrets
instanceKlass java/lang/ref/Reference$1
instanceKlass jdk/internal/access/JavaLangRefAccess
instanceKlass java/lang/ref/ReferenceQueue$Lock
instanceKlass java/lang/ref/ReferenceQueue
instanceKlass jdk/internal/reflect/ReflectionFactory
instanceKlass java/util/concurrent/locks/LockSupport
instanceKlass java/util/concurrent/ConcurrentHashMap$Node
instanceKlass java/util/Map$Entry
instanceKlass java/util/concurrent/ConcurrentHashMap$CounterCell
instanceKlass java/util/concurrent/locks/ReentrantLock
instanceKlass java/util/concurrent/locks/Lock
instanceKlass java/lang/Runtime
instanceKlass java/util/concurrent/ConcurrentMap
instanceKlass java/security/cert/Certificate
instanceKlass java/util/ImmutableCollections
instanceKlass java/lang/Math
instanceKlass jdk/internal/misc/VM
instanceKlass java/util/AbstractMap
instanceKlass jdk/internal/reflect/Reflection
instanceKlass jdk/internal/reflect/ReflectionFactory$GetReflectionFactoryAction
instanceKlass java/security/PrivilegedAction
instanceKlass java/util/Objects
instanceKlass java/util/AbstractCollection
instanceKlass java/util/Set
instanceKlass java/util/Collection
instanceKlass java/lang/Iterable
instanceKlass java/lang/String$CaseInsensitiveComparator
instanceKlass java/util/Comparator
instanceKlass java/io/ObjectStreamField
instanceKlass java/lang/Number
instanceKlass java/lang/Character
instanceKlass java/lang/Boolean
instanceKlass java/util/concurrent/locks/AbstractOwnableSynchronizer
instanceKlass java/lang/LiveStackFrame
instanceKlass java/lang/StackFrameInfo
instanceKlass java/lang/StackWalker$StackFrame
instanceKlass java/lang/StackStreamFactory$AbstractStackWalker
instanceKlass java/lang/StackWalker
instanceKlass java/nio/Buffer
instanceKlass java/lang/StackTraceElement
instanceKlass java/security/CodeSource
instanceKlass jdk/internal/loader/ClassLoaders
instanceKlass java/util/jar/Manifest
instanceKlass java/net/URL
instanceKlass java/io/InputStream
instanceKlass java/io/Closeable
instanceKlass java/lang/AutoCloseable
instanceKlass jdk/internal/module/Modules
instanceKlass jdk/internal/misc/Unsafe
instanceKlass java/lang/AbstractStringBuilder
instanceKlass java/lang/Appendable
instanceKlass java/lang/AssertionStatusDirectives
instanceKlass java/lang/invoke/MethodHandleNatives$CallSiteContext
instanceKlass java/lang/invoke/CallSite
instanceKlass java/lang/invoke/MethodType
instanceKlass java/lang/invoke/TypeDescriptor$OfMethod
instanceKlass java/lang/invoke/LambdaForm
instanceKlass java/lang/invoke/MethodHandleNatives
instanceKlass java/lang/invoke/ResolvedMethodName
instanceKlass java/lang/invoke/MemberName
instanceKlass java/lang/invoke/VarHandle
instanceKlass java/lang/invoke/MethodHandle
instanceKlass jdk/internal/reflect/CallerSensitive
instanceKlass java/lang/annotation/Annotation
instanceKlass jdk/internal/reflect/FieldAccessor
instanceKlass jdk/internal/reflect/ConstantPool
instanceKlass jdk/internal/reflect/ConstructorAccessor
instanceKlass jdk/internal/reflect/MethodAccessor
instanceKlass jdk/internal/reflect/MagicAccessorImpl
instanceKlass java/lang/reflect/Parameter
instanceKlass java/lang/reflect/Member
instanceKlass java/lang/reflect/AccessibleObject
instanceKlass java/lang/Module
instanceKlass java/util/Map
instanceKlass java/util/Dictionary
instanceKlass java/lang/ThreadGroup
instanceKlass java/lang/Thread$UncaughtExceptionHandler
instanceKlass java/lang/Thread
instanceKlass java/lang/Runnable
instanceKlass java/lang/ref/Reference
instanceKlass java/security/AccessController
instanceKlass java/security/AccessControlContext
instanceKlass java/security/ProtectionDomain
instanceKlass java/lang/SecurityManager
instanceKlass java/lang/Throwable
instanceKlass java/lang/System
instanceKlass java/lang/ClassLoader
instanceKlass java/lang/Cloneable
instanceKlass java/lang/Class
instanceKlass java/lang/invoke/TypeDescriptor$OfField
instanceKlass java/lang/invoke/TypeDescriptor
instanceKlass java/lang/reflect/Type
instanceKlass java/lang/reflect/GenericDeclaration
instanceKlass java/lang/reflect/AnnotatedElement
instanceKlass java/lang/String
instanceKlass java/lang/constant/ConstantDesc
instanceKlass java/lang/constant/Constable
instanceKlass java/lang/CharSequence
instanceKlass java/lang/Comparable
instanceKlass java/io/Serializable
ciInstanceKlass java/lang/Object 1 1 96 7 10 10 10 10 8 10 10 10 10 100 8 10 3 8 100 5 0 10 7 1 1 1 1 1 1 1 1 1 1 1 1 1 1 1 1 1 1 1 1 1 1 1 7 1 1 1 1 1 7 1 1 1 1 1 1 1 7 1 1 1 1 1 1 1 1 12 12 7 12 12 1 12 7 12 12 12 1 1 12 1 1 12 1 1 1 1 1 1 1 1 1 1 1 1
ciMethod java/lang/Object equals (Ljava/lang/Object;)Z 3129 1 64556 0 48
ciInstanceKlass java/lang/Cloneable 1 1 7 100 100 1 1 1 1
ciInstanceKlass java/io/Serializable 1 1 7 100 100 1 1 1 1
ciMethod java/lang/Object getClass ()Ljava/lang/Class; 2049 1 256 0 -1
ciMethod java/util/Iterator next ()Ljava/lang/Object; 0 0 1 0 -1
ciMethod java/util/Iterator hasNext ()Z 0 0 1 0 -1
instanceKlass java/lang/ref/PhantomReference
instanceKlass java/lang/ref/FinalReference
instanceKlass java/lang/ref/WeakReference
instanceKlass java/lang/ref/SoftReference
ciInstanceKlass java/lang/ref/Reference 1 1 159 10 9 10 9 9 7 10 10 9 9 10 10 10 9 9 100 10 10 10 7 10 10 10 7 8 10 7 10 10 10 7 10 10 7 1 1 1 1 1 1 1 1 1 1 1 1 1 1 1 1 1 1 1 1 1 1 1 1 1 1 1 1 1 1 1 1 1 1 100 1 1 100 1 1 1 1 1 1 1 1 1 1 1 1 1 1 7 1 1 1 1 1 1 1 1 1 7 1 1 1 1 12 12 12 12 12 1 12 12 12 12 12 12 12 12 12 1 12 12 1 12 12 12 1 1 12 1 12 12 12 1 7 12 1 1 1 1 1 1 1 1 1 1 1 1 1 1 1 1 1 1 1 1 1 1 1 1 1
staticfield java/lang/ref/Reference processPendingLock Ljava/lang/Object; java/lang/Object
ciMethod java/lang/ref/Reference get ()Ljava/lang/Object; 0 0 1 0 -1
instanceKlass org/apache/batik/util/CleanerThread$SoftReferenceCleared
instanceKlass org/apache/batik/util/SoftDoublyIndexedTable$Entry
instanceKlass org/apache/commons/collections4/map/AbstractReferenceMap$SoftRef
instanceKlass com/sun/beans/util/Cache$Kind$Soft
instanceKlass sun/awt/SoftCache$ValueCell
instanceKlass sun/util/locale/provider/LocaleResources$ResourceReference
instanceKlass sun/util/resources/Bundles$BundleReference
instanceKlass sun/font/FontDesignMetrics$KeyReference
instanceKlass sun/font/StrikeCache$SoftDisposerRef
instanceKlass java/util/ResourceBundle$BundleReference
instanceKlass java/lang/invoke/LambdaFormEditor$Transform
instanceKlass jdk/internal/ref/SoftCleanable
instanceKlass sun/util/locale/LocaleObjectCache$CacheEntry
ciInstanceKlass java/lang/ref/SoftReference 1 1 47 10 9 9 10 10 7 7 1 1 1 1 1 1 1 1 1 1 1 1 1 1 1 1 1 1 1 1 1 1 1 1 1 1 100 1 1 1 1 12 12 12 12 12 1 1 1
ciInstanceKlass java/security/PrivilegedAction 1 0 12 100 100 1 1 1 1 1 1 1 1 1
instanceKlass org/apache/batik/util/CleanerThread$WeakReferenceCleared
instanceKlass java/beans/WeakIdentityMap$Entry
instanceKlass org/apache/commons/collections4/map/AbstractReferenceMap$WeakRef
instanceKlass java/io/ObjectStreamClass$FieldReflectorKey
instanceKlass java/io/ObjectStreamClass$WeakClassKey
instanceKlass sun/nio/ch/FileLockTable$FileLockReference
instanceKlass com/sun/webkit/Disposer$WeakDisposerRecord
instanceKlass com/sun/javafx/util/WeakReferenceQueue$ListEntry
instanceKlass sun/awt/WeakIdentityHashMap$WeakKey
instanceKlass sun/java2d/ReentrantContextProvider$HardReference
instanceKlass java/lang/WeakPairMap$WeakRefPeer
instanceKlass javax/swing/text/DefaultStyledDocument$AbstractChangeHandler$DocReference
instanceKlass javax/swing/ActionPropertyChangeListener$OwnedWeakReference
instanceKlass javax/swing/text/GapContent$MarkData
instanceKlass sun/awt/image/ImageWatched$AccWeakReference
instanceKlass javax/swing/plaf/metal/MetalLookAndFeel$AATextListener
instanceKlass java/util/ResourceBundle$KeyElementReference
instanceKlass java/lang/invoke/MethodType$ConcurrentWeakInternSet$WeakEntry
instanceKlass jdk/internal/ref/WeakCleanable
instanceKlass java/lang/ThreadLocal$ThreadLocalMap$Entry
instanceKlass java/util/WeakHashMap$Entry
ciInstanceKlass java/lang/ref/WeakReference 1 1 31 10 10 100 7 1 1 1 1 1 1 1 1 1 1 1 1 1 1 1 1 1 1 1 1 1 1 12 12 1 1
ciMethod java/lang/ref/WeakReference <init> (Ljava/lang/Object;)V 2065 1 64665 0 -1
instanceKlass net/sf/jasperreports/engine/type/ImageTypeEnum
instanceKlass net/sf/jasperreports/engine/type/PenEnum
instanceKlass net/sf/jasperreports/components/barcode4j/OrientationEnum
instanceKlass com/google/zxing/common/CharacterSetECI
instanceKlass com/google/zxing/qrcode/decoder/Mode
instanceKlass com/google/zxing/EncodeHintType
instanceKlass net/sf/jasperreports/engine/type/PropertyEvaluationTimeEnum
instanceKlass net/sf/jasperreports/engine/type/BandTypeEnum
instanceKlass com/sun/beans/introspect/PropertyInfo$Name
instanceKlass org/apache/commons/collections4/map/AbstractReferenceMap$ReferenceStrength
instanceKlass net/sf/jasperreports/engine/type/CalculationEnum
instanceKlass net/sf/jasperreports/engine/type/IncrementTypeEnum
instanceKlass net/sf/jasperreports/engine/type/ResetTypeEnum
instanceKlass net/sf/jasperreports/engine/type/ParameterEvaluationTimeEnum
instanceKlass com/google/zxing/qrcode/decoder/ErrorCorrectionLevel
instanceKlass net/sf/jasperreports/components/barcode4j/ErrorCorrectionLevelEnum
instanceKlass net/sf/jasperreports/engine/type/OnErrorTypeEnum
instanceKlass net/sf/jasperreports/engine/type/VerticalImageAlignEnum
instanceKlass net/sf/jasperreports/engine/type/HorizontalImageAlignEnum
instanceKlass net/sf/jasperreports/engine/type/ScaleImageEnum
instanceKlass net/sf/jasperreports/engine/type/LineDirectionEnum
instanceKlass net/sf/jasperreports/engine/type/FillEnum
instanceKlass net/sf/jasperreports/engine/type/HyperlinkTargetEnum
instanceKlass net/sf/jasperreports/engine/type/ExpressionTypeEnum
instanceKlass net/sf/jasperreports/engine/type/LineStyleEnum
instanceKlass net/sf/jasperreports/engine/type/HyperlinkTypeEnum
instanceKlass net/sf/jasperreports/engine/type/EvaluationTimeEnum
instanceKlass net/sf/jasperreports/engine/type/LineSpacingEnum
instanceKlass net/sf/jasperreports/engine/type/VerticalAlignEnum
instanceKlass net/sf/jasperreports/engine/type/HorizontalAlignEnum
instanceKlass net/sf/jasperreports/engine/type/RotationEnum
instanceKlass net/sf/jasperreports/engine/type/VerticalTextAlignEnum
instanceKlass net/sf/jasperreports/engine/type/HorizontalTextAlignEnum
instanceKlass net/sf/jasperreports/engine/type/ModeEnum
instanceKlass net/sf/jasperreports/engine/type/StretchTypeEnum
instanceKlass net/sf/jasperreports/engine/type/PositionTypeEnum
instanceKlass net/sf/jasperreports/engine/type/SplitTypeEnum
instanceKlass net/sf/jasperreports/engine/type/WhenResourceMissingTypeEnum
instanceKlass net/sf/jasperreports/engine/type/SectionTypeEnum
instanceKlass net/sf/jasperreports/engine/type/WhenNoDataTypeEnum
instanceKlass net/sf/jasperreports/engine/type/OrientationEnum
instanceKlass net/sf/jasperreports/engine/type/RunDirectionEnum
instanceKlass net/sf/jasperreports/engine/type/PrintOrderEnum
instanceKlass java/util/Comparators$NaturalOrderComparator
instanceKlass javax/swing/JTable$PrintMode
instanceKlass com/fasterxml/jackson/core/JsonParser$NumberType
instanceKlass com/fasterxml/jackson/databind/node/JsonNodeType
instanceKlass com/fasterxml/jackson/core/JsonToken
instanceKlass com/fasterxml/jackson/core/util/BufferRecycler$CharBufferType
instanceKlass com/fasterxml/jackson/core/util/BufferRecycler$ByteBufferType
instanceKlass com/sun/javafx/geom/transform/BaseTransform$Degree
instanceKlass com/sun/prism/CompositeMode
instanceKlass com/sun/prism/Texture$Usage
instanceKlass com/sun/prism/PixelFormat$DataType
instanceKlass com/sun/prism/PixelFormat
instanceKlass com/sun/prism/Texture$WrapMode
instanceKlass com/sun/javafx/cursor/CursorType
instanceKlass javafx/scene/shape/FillRule
instanceKlass com/sun/javafx/sg/prism/NodeEffectInput$RenderType
instanceKlass com/sun/scenario/effect/AbstractShadow$ShadowMode
instanceKlass java/nio/file/attribute/PosixFilePermission
instanceKlass java/util/regex/Pattern$Qtype
instanceKlass com/sun/javafx/geom/BaseBounds$BoundsType
instanceKlass com/sun/javafx/effect/EffectDirtyBits
instanceKlass javafx/geometry/Pos
instanceKlass javafx/scene/input/TransferMode
instanceKlass com/sun/javafx/scene/control/inputmap/KeyBinding$OptionalBoolean
instanceKlass javafx/scene/AccessibleAction
instanceKlass com/sun/prism/paint/Paint$Type
instanceKlass com/sun/scenario/effect/Blend$Mode
instanceKlass com/sun/javafx/sg/prism/NGNode$DirtyFlag
instanceKlass javafx/scene/image/PixelFormat$Type
instanceKlass javafx/scene/input/KeyCombination$ModifierValue
instanceKlass javafx/scene/Scene$DirtyBits
instanceKlass javafx/scene/effect/BlendMode
instanceKlass javafx/geometry/Side
instanceKlass javafx/scene/text/FontWeight
instanceKlass javafx/scene/text/FontPosture
instanceKlass javafx/scene/AccessibleAttribute
instanceKlass javafx/geometry/Orientation
instanceKlass com/sun/javafx/scene/DirtyBits
instanceKlass javafx/scene/layout/BackgroundRepeat
instanceKlass javafx/scene/effect/BlurType
instanceKlass javafx/scene/paint/CycleMethod
instanceKlass javafx/css/SizeUnits
instanceKlass com/sun/javafx/css/Combinator
instanceKlass javafx/geometry/HPos
instanceKlass javafx/scene/control/OverrunStyle
instanceKlass com/sun/javafx/sg/prism/NGShape$Mode
instanceKlass javafx/scene/text/TextAlignment
instanceKlass javafx/scene/text/TextBoundsType
instanceKlass javafx/geometry/VPos
instanceKlass javafx/scene/shape/StrokeLineCap
instanceKlass javafx/scene/shape/StrokeLineJoin
instanceKlass javafx/scene/shape/StrokeType
instanceKlass javafx/application/ConditionalFeature
instanceKlass com/sun/webkit/Timer$Mode
instanceKlass javafx/concurrent/Worker$State
instanceKlass com/sun/javafx/logging/PlatformLogger$Level
instanceKlass javafx/css/StyleOrigin
instanceKlass javafx/geometry/NodeOrientation
instanceKlass javafx/scene/AccessibleRole
instanceKlass com/sun/javafx/scene/LayoutFlags
instanceKlass javafx/scene/input/KeyCode
instanceKlass javafx/scene/input/MouseButton
instanceKlass javafx/scene/text/FontSmoothingType
instanceKlass com/sun/javafx/scene/CssFlags
instanceKlass sun/java2d/marlin/DMarlinRenderingEngine$NormMode
instanceKlass java/awt/GraphicsDevice$WindowTranslucency
instanceKlass org/jdesktop/animation/timing/Animator$Direction
instanceKlass org/jdesktop/animation/timing/Animator$EndBehavior
instanceKlass org/jdesktop/animation/timing/Animator$RepeatBehavior
instanceKlass javafx/scene/DepthTest
instanceKlass javafx/scene/CacheHint
instanceKlass com/sun/prism/impl/ps/BaseShaderContext$SpecialShaderType
instanceKlass com/sun/prism/impl/ps/BaseShaderContext$MaskType
instanceKlass com/sun/prism/GraphicsPipeline$ShaderModel
instanceKlass com/sun/prism/GraphicsPipeline$ShaderType
instanceKlass com/sun/prism/impl/PrismSettings$RasterizerType
instanceKlass java/lang/StackStreamFactory$WalkerState
instanceKlass java/lang/StackWalker$ExtendedOption
instanceKlass java/lang/StackWalker$Option
instanceKlass java/awt/event/FocusEvent$Cause
instanceKlass org/codehaus/jackson/map/DeserializationConfig$Feature
instanceKlass org/codehaus/jackson/map/SerializationConfig$Feature
instanceKlass org/codehaus/jackson/JsonGenerator$Feature
instanceKlass org/codehaus/jackson/JsonParser$Feature
instanceKlass org/codehaus/jackson/annotate/JsonAutoDetect$Visibility
instanceKlass org/codehaus/jackson/annotate/JsonMethod
instanceKlass java/lang/Thread$State
instanceKlass java/time/temporal/ChronoUnit
instanceKlass java/time/temporal/ChronoField
instanceKlass javax/swing/text/html/StyleSheet$BoxPainter$HorizontalMargin
instanceKlass sun/java2d/pipe/hw/ExtendedBufferCapabilities$VSyncType
instanceKlass com/fasterxml/jackson/databind/DeserializationFeature
instanceKlass com/fasterxml/jackson/databind/SerializationFeature
instanceKlass com/fasterxml/jackson/databind/MapperFeature
instanceKlass com/fasterxml/jackson/core/JsonGenerator$Feature
instanceKlass com/fasterxml/jackson/core/JsonParser$Feature
instanceKlass com/fasterxml/jackson/core/JsonFactory$Feature
instanceKlass java/lang/annotation/RetentionPolicy
instanceKlass com/fasterxml/jackson/annotation/JsonAutoDetect$Visibility
instanceKlass java/awt/Dialog$ModalityType
instanceKlass com/mysql/jdbc/authentication/CachingSha2PasswordPlugin$AuthStage
instanceKlass java/net/Proxy$Type
instanceKlass sun/util/locale/provider/LocaleProviderAdapter$Type
instanceKlass java/sql/JDBCType
instanceKlass java/math/RoundingMode
instanceKlass com/mysql/jdbc/StringUtils$SearchMode
instanceKlass java/nio/file/AccessMode
instanceKlass java/security/DrbgParameters$Capability
instanceKlass java/util/Locale$Category
instanceKlass java/awt/Dialog$ModalExclusionType
instanceKlass java/awt/Window$Type
instanceKlass javax/swing/text/PlainView$FPMethodArgs
instanceKlass com/sun/beans/util/Cache$Kind
instanceKlass java/awt/EventFilter$FilterAction
instanceKlass javax/swing/DropMode
instanceKlass javax/swing/ClientPropertyKey
instanceKlass java/awt/Component$BaselineResizeBehavior
instanceKlass sun/awt/OSInfo$OSType
instanceKlass sun/awt/AppContext$State
instanceKlass java/util/stream/Collector$Characteristics
instanceKlass java/util/stream/StreamShape
instanceKlass java/awt/desktop/UserSessionEvent$Reason
instanceKlass sun/font/EAttribute
instanceKlass sun/java2d/StateTrackable$State
instanceKlass jdk/internal/logger/BootstrapLogger$LoggingBackend
instanceKlass java/util/stream/StreamOpFlag$Type
instanceKlass java/util/stream/StreamOpFlag
instanceKlass java/lang/System$Logger$Level
instanceKlass sun/util/logging/PlatformLogger$Level
instanceKlass java/lang/invoke/VarHandle$AccessMode
instanceKlass java/lang/invoke/VarHandle$AccessType
instanceKlass java/lang/invoke/StringConcatFactory$Mode
instanceKlass java/lang/invoke/StringConcatFactory$Strategy
instanceKlass java/lang/invoke/MethodHandleImpl$Intrinsic
instanceKlass java/lang/invoke/LambdaForm$BasicType
instanceKlass java/lang/invoke/LambdaForm$Kind
instanceKlass sun/invoke/util/Wrapper
instanceKlass java/util/concurrent/TimeUnit
instanceKlass java/nio/file/LinkOption
instanceKlass sun/nio/fs/WindowsPathType
instanceKlass java/nio/file/StandardOpenOption
instanceKlass jdk/internal/module/IllegalAccessLogger$Mode
instanceKlass java/io/File$PathStatus
instanceKlass java/lang/module/ModuleDescriptor$Requires$Modifier
instanceKlass java/lang/module/ModuleDescriptor$Modifier
ciInstanceKlass java/lang/Enum 1 1 188 9 9 10 10 100 10 10 10 100 10 10 7 10 18 10 10 11 100 8 10 100 100 10 8 10 10 8 10 10 100 8 10 10 10 7 100 100 100 100 1 1 1 1 1 1 1 1 1 1 1 1 1 1 1 1 1 1 1 1 1 1 1 1 1 1 1 1 1 1 1 1 1 1 1 1 1 1 1 1 1 7 1 1 1 1 1 1 1 1 1 1 1 1 1 1 1 1 1 100 100 1 100 1 1 1 1 1 1 1 1 1 12 12 12 12 1 12 12 1 12 1 12 1 15 16 15 16 12 100 12 12 7 12 1 1 12 1 1 1 12 12 1 12 1 1 12 12 1 1 1 1 1 1 1 1 1 1 1 10 1 10 1 1 1 1 1 1 1 1 1 1 1 1 1 1 1 100 12 12 1 1 100 1 1 100 1 1
ciMethod java/lang/Enum equals (Ljava/lang/Object;)Z 2049 1 13915 0 -1
instanceKlass java/lang/StackStreamFactory$CallerClassFinder
ciInstanceKlass java/lang/StackStreamFactory$AbstractStackWalker 1 1 306 7 100 3 10 10 10 9 10 9 9 9 9 9 10 10 9 10 10 9 9 100 10 8 10 10 8 10 10 100 8 10 8 10 9 10 9 8 5 0 8 8 9 10 10 10 9 10 10 10 10 10 10 8 10 10 10 10 8 7 10 10 10 10 10 10 9 8 10 10 10 10 10 10 10 10 10 10 8 7 1 1 1 1 1 1 1 1 1 1 7 1 1 1 1 1 1 1 1 1 1 1 1 1 1 1 1 1 1 1 1 1 1 1 1 1 1 1 1 1 1 1 1 1 7 1 1 1 1 1 1 100 1 1 1 1 1 1 1 100 1 1 1 1 1 1 1 1 1 1 1 1 1 1 1 1 1 1 1 1 1 1 1 1 1 12 12 7 12 12 12 12 12 12 12 7 12 7 12 12 12 12 12 12 100 12 1 1 12 12 1 12 100 12 1 1 12 1 12 7 12 12 12 1 1 1 12 12 12 12 12 12 12 12 12 12 12 1 12 12 12 12 1 1 12 12 12 12 12 100 12 12 1 12 12 12 12 12 12 12 12 12 12 1 1 1 1 1 1 1 1 1 1 1 1 1 1 1 1 1 1 1 1 1 1 1 1 1 1 1 1 1 1 1 1 1 1 1 1 1 1 1 1 1 1 1 1 1 1 1 1 1 1 1 1 1 1 1 1 1 1 1 1 1 1 1
ciInstanceKlass sun/util/logging/PlatformLogger$Bridge 1 1 62 7 100 10 100 1 1 1 100 1 1 1 1 1 1 1 1 1 1 1 1 1 1 1 1 1 1 1 1 1 1 1 1 1 1 1 1 100 1 1 1 1 1 1 1 1 1 1 1 1 100 1 1 12 1 1 100 1 1 1 1 1
ciMethod sun/util/logging/PlatformLogger$Bridge isLoggable (Lsun/util/logging/PlatformLogger$Level;)Z 0 0 1 0 -1
ciInstanceKlass java/lang/System$Logger$Level 1 1 93 9 10 7 7 10 10 9 10 8 100 3 10 9 8 9 8 9 8 9 8 9 8 9 8 3 9 7 1 100 1 1 1 1 1 1 1 1 1 1 1 1 1 1 1 1 1 1 1 1 1 1 1 1 1 1 1 1 1 1 1 1 1 1 1 1 1 1 100 12 7 12 1 12 12 12 12 1 12 12 12 12 12 12 12 12 1 1 1 1 1 1 1
staticfield java/lang/System$Logger$Level ALL Ljava/lang/System$Logger$Level; java/lang/System$Logger$Level
staticfield java/lang/System$Logger$Level TRACE Ljava/lang/System$Logger$Level; java/lang/System$Logger$Level
staticfield java/lang/System$Logger$Level DEBUG Ljava/lang/System$Logger$Level; java/lang/System$Logger$Level
staticfield java/lang/System$Logger$Level INFO Ljava/lang/System$Logger$Level; java/lang/System$Logger$Level
staticfield java/lang/System$Logger$Level WARNING Ljava/lang/System$Logger$Level; java/lang/System$Logger$Level
staticfield java/lang/System$Logger$Level ERROR Ljava/lang/System$Logger$Level; java/lang/System$Logger$Level
staticfield java/lang/System$Logger$Level OFF Ljava/lang/System$Logger$Level; java/lang/System$Logger$Level
staticfield java/lang/System$Logger$Level $VALUES [Ljava/lang/System$Logger$Level; 7 [Ljava/lang/System$Logger$Level;
ciInstanceKlass sun/util/logging/PlatformLogger$Level 1 1 156 100 9 10 100 7 10 10 9 9 10 9 9 9 9 9 9 9 9 9 10 10 8 9 10 8 9 8 8 9 8 8 9 8 9 8 9 8 9 3 3 7 1 1 1 1 1 1 1 1 1 1 1 1 1 100 1 7 1 1 1 1 1 3 1 3 1 3 1 3 1 3 1 3 1 3 1 1 1 1 1 1 1 1 1 1 1 1 1 1 1 1 1 1 1 1 1 1 1 1 1 1 1 1 1 1 1 1 100 1 12 100 12 1 12 12 12 12 12 12 12 12 12 12 12 12 12 12 100 12 12 12 12 12 12 12 12 12 12 1 100 1 1 1 1 1 1 1 1 1 1 1 1 1 1 1
staticfield sun/util/logging/PlatformLogger$Level ALL Lsun/util/logging/PlatformLogger$Level; sun/util/logging/PlatformLogger$Level
staticfield sun/util/logging/PlatformLogger$Level FINEST Lsun/util/logging/PlatformLogger$Level; sun/util/logging/PlatformLogger$Level
staticfield sun/util/logging/PlatformLogger$Level FINER Lsun/util/logging/PlatformLogger$Level; sun/util/logging/PlatformLogger$Level
staticfield sun/util/logging/PlatformLogger$Level FINE Lsun/util/logging/PlatformLogger$Level; sun/util/logging/PlatformLogger$Level
staticfield sun/util/logging/PlatformLogger$Level CONFIG Lsun/util/logging/PlatformLogger$Level; sun/util/logging/PlatformLogger$Level
staticfield sun/util/logging/PlatformLogger$Level INFO Lsun/util/logging/PlatformLogger$Level; sun/util/logging/PlatformLogger$Level
staticfield sun/util/logging/PlatformLogger$Level WARNING Lsun/util/logging/PlatformLogger$Level; sun/util/logging/PlatformLogger$Level
staticfield sun/util/logging/PlatformLogger$Level SEVERE Lsun/util/logging/PlatformLogger$Level; sun/util/logging/PlatformLogger$Level
staticfield sun/util/logging/PlatformLogger$Level OFF Lsun/util/logging/PlatformLogger$Level; sun/util/logging/PlatformLogger$Level
staticfield sun/util/logging/PlatformLogger$Level LEVEL_VALUES [I 9
staticfield sun/util/logging/PlatformLogger$Level $VALUES [Lsun/util/logging/PlatformLogger$Level; 9 [Lsun/util/logging/PlatformLogger$Level;
ciMethod sun/util/logging/PlatformLogger$Level systemLevel ()Ljava/lang/System$Logger$Level; 0 0 1 0 -1
ciInstanceKlass sun/util/logging/PlatformLogger 1 1 204 9 11 7 10 7 10 10 11 10 10 11 10 9 11 11 100 10 11 11 10 10 9 100 11 11 9 9 9 9 9 9 9 10 9 100 10 10 7 10 7 9 9 7 100 1 1 7 1 1 1 1 1 1 1 1 1 1 1 1 1 1 1 1 1 1 1 1 1 1 1 1 1 1 1 1 1 1 1 1 1 1 1 1 1 1 1 100 1 1 1 1 1 1 1 1 1 1 1 1 1 1 1 1 1 1 1 1 1 1 1 1 100 1 7 1 1 1 1 1 1 1 12 7 12 1 12 1 7 12 7 12 12 12 12 12 12 12 12 12 1 12 12 12 12 12 12 12 12 12 12 12 12 12 12 12 12 1 12 1 1 12 12 1 1 1 1 100 1 1 1 1 1 1 1 1 1 1 1 1 1 1 1 1 1 1 1 1 1 1 1 1 1 1 1 1 1 1 1 1 1 1 1 1
staticfield sun/util/logging/PlatformLogger loggers Ljava/util/Map; java/util/HashMap
staticfield sun/util/logging/PlatformLogger spi2platformLevelMapping [Lsun/util/logging/PlatformLogger$Level; 7 [Lsun/util/logging/PlatformLogger$Level;
staticfield sun/util/logging/PlatformLogger $assertionsDisabled Z 1
ciMethod sun/util/logging/PlatformLogger fine (Ljava/lang/String;[Ljava/lang/Object;)V 0 0 1 0 -1
ciMethod sun/util/logging/PlatformLogger finer (Ljava/lang/String;[Ljava/lang/Object;)V 0 0 1 0 -1
ciMethod sun/util/logging/PlatformLogger finest (Ljava/lang/String;[Ljava/lang/Object;)V 0 0 1 0 -1
ciMethod sun/util/logging/PlatformLogger finest (Ljava/lang/String;)V 0 0 382 0 -1
ciMethod sun/util/logging/PlatformLogger isLoggable (Lsun/util/logging/PlatformLogger$Level;)Z 2081 1 172959 0 144
ciInstanceKlass java/util/LinkedList 1 1 330 10 9 10 10 9 7 10 9 9 9 9 9 100 10 10 10 10 10 10 10 10 10 10 11 10 10 10 100 10 8 10 10 8 10 10 100 10 10 10 10 10 10 10 10 10 7 10 100 10 10 7 100 100 10 10 7 10 10 10 100 10 10 10 10 10 10 100 10 7 100 100 100 100 1 1 1 1 1 1 1 1 1 1 1 1 1 1 1 5 0 1 1 1 1 1 1 1 1 1 1 1 1 1 1 1 1 1 1 1 1 1 1 1 1 1 1 1 1 1 1 1 1 1 1 1 1 1 1 1 1 1 1 1 1 1 1 1 1 1 1 1 1 1 1 1 1 1 1 1 1 1 1 7 1 1 1 1 1 1 1 1 1 1 1 1 1 1 1 1 1 1 1 1 1 1 1 1 1 1 1 1 1 1 1 1 1 1 1 1 1 1 1 1 1 1 1 1 1 1 1 1 1 1 1 1 1 1 1 1 1 1 1 1 1 100 1 1 1 100 1 1 1 1 1 1 1 12 12 12 12 1 12 12 12 12 12 12 1 12 12 12 12 12 12 12 12 12 12 12 12 12 1 1 12 12 1 12 12 1 12 12 12 12 12 12 12 12 12 1 12 1 12 12 1 1 1 12 12 1 12 100 12 100 12 100 12 12 12 100 12 12 12 1 12 1 1 1 1 1 1 1 1 1 1 1 1 1 1 1 1 1 1 1 1 1 1 1 1 1 1 1 1 1 1 1 1 1 1 1
instanceKlass sun/awt/util/IdentityLinkedList
instanceKlass java/util/LinkedList
ciInstanceKlass java/util/AbstractSequentialList 1 1 110 10 10 11 100 100 100 10 8 10 10 10 10 11 11 11 11 11 11 10 7 7 1 1 1 1 1 1 1 1 1 1 1 1 1 1 1 1 1 1 1 1 1 1 1 1 1 1 1 1 1 1 1 1 1 1 1 1 1 1 1 1 1 100 100 100 1 1 1 1 1 1 1 1 1 1 12 12 12 1 1 1 1 12 12 12 12 12 12 12 12 12 12 1 1 1 1 1 1 1 1 1 1 1 1 1 1 1 1 1
ciMethod java/util/AbstractSequentialList iterator ()Ljava/util/Iterator; 657 1 44472 0 -1
ciMethod java/util/LinkedList size ()I 1377 1 172 0 -1
ciMethod java/util/LinkedList removeFirst ()Ljava/lang/Object; 785 1 758 0 -1
ciMethod java/util/LinkedList getFirst ()Ljava/lang/Object; 1185 1 1093 0 -1
instanceKlass com/sun/imageio/plugins/common/InputStreamAdapter
instanceKlass java/io/SequenceInputStream
instanceKlass org/apache/xerces/impl/XMLEntityManager$RewindableInputStream
instanceKlass java/io/ObjectInputStream$PeekInputStream
instanceKlass java/io/ObjectInputStream$BlockDataInputStream
instanceKlass sun/awt/datatransfer/DataTransferer$ReencodingInputStream
instanceKlass java/io/ObjectInputStream
instanceKlass sun/awt/windows/HTMLCodec
instanceKlass com/sun/webkit/SimpleSharedBufferInputStream
instanceKlass com/mysql/jdbc/util/ReadAheadInputStream
instanceKlass com/mysql/jdbc/CompressedInputStream
instanceKlass sun/nio/ch/ChannelInputStream
instanceKlass sun/java2d/cmm/ProfileDeferralInfo
instanceKlass java/util/zip/ZipFile$ZipFileInputStream
instanceKlass java/io/FilterInputStream
instanceKlass java/io/FileInputStream
instanceKlass java/io/ByteArrayInputStream
ciInstanceKlass java/io/InputStream 1 1 180 100 10 100 10 10 10 10 100 3 10 100 8 10 7 10 3 100 8 10 7 10 11 10 11 11 11 7 10 5 0 10 10 100 10 8 10 8 8 10 10 7 100 1 1 1 1 3 1 3 1 1 1 1 1 1 1 1 1 1 1 1 1 1 1 1 1 1 1 1 1 1 1 1 1 1 1 1 1 1 1 1 1 1 1 1 1 1 7 7 1 1 1 1 1 1 1 1 1 1 1 1 1 1 1 1 1 1 1 1 1 1 1 1 1 1 1 12 1 12 7 12 12 1 12 1 1 12 1 7 12 1 1 1 12 100 12 12 12 12 7 12 12 12 1 1 1 12 100 12 1 1 1 1 1 1 1 1 1 1 1 1 1 1 1 1 1 1 1 1 1 1 1 1 1 1 1 1 1 1
instanceKlass java/lang/invoke/DelegatingMethodHandle
instanceKlass java/lang/invoke/BoundMethodHandle
instanceKlass java/lang/invoke/DirectMethodHandle
ciInstanceKlass java/lang/invoke/MethodHandle 1 1 612 100 9 10 10 7 7 10 9 10 10 10 10 10 10 11 10 10 10 9 10 100 100 10 8 10 10 8 10 10 10 10 10 10 10 10 10 10 7 10 10 10 8 10 8 10 10 10 10 8 10 8 10 8 10 9 100 10 9 9 8 10 10 10 10 10 10 10 10 10 10 10 8 10 8 10 10 10 10 10 9 10 11 10 10 10 100 11 10 100 11 100 10 11 9 11 11 10 9 11 9 9 9 11 9 9 9 9 9 9 9 8 10 10 8 10 10 10 10 10 100 8 10 10 9 10 100 10 10 9 10 10 8 9 9 9 10 10 10 10 7 10 8 10 7 100 1 1 1 1 1 1 1 1 1 1 1 1 1 1 1 1 1 1 1 1 1 1 1 1 100 1 1 1 1 1 1 1 1 1 1 1 1 1 1 1 1 1 1 1 1 1 1 1 1 1 1 1 1 1 1 1 1 1 1 1 1 1 1 1 1 1 1 1 1 1 1 1 1 1 1 1 1 1 1 1 1 1 1 1 1 1 1 1 1 1 7 1 1 1 1 1 1 1 1 1 1 1 1 1 1 1 1 1 1 1 1 1 1 1 1 1 1 1 1 100 100 1 1 1 1 1 1 1 1 1 1 1 1 1 1 100 1 1 1 1 1 1 1 1 1 1 1 1 1 100 1 1 1 1 1 1 1 1 1 1 1 1 1 1 1 1 1 1 1 1 1 1 1 12 12 7 12 1 1 12 12 12 12 12 100 12 12 12 100 12 12 12 12 12 12 1 1 1 12 12 1 12 12 7 12 12 12 12 12 12 12 100 12 1 12 12 12 1 7 12 1 12 12 12 12 1 12 1 12 1 100 12 12 1 100 12 100 1 12 12 12 12 12 12 12 12 12 12 12 1 12 1 12 12 12 12 12 100 12 12 12 12 12 12 1 12 1 12 1 12 12 100 12 12 100 12 12 12 12 12 12 12 12 12 12 12 12 12 12 12 1 12 12 1 12 12 7 12 12 1 1 12 12 12 1 100 12 12 12 12 12 1 12 12 12 7 12 12 12 12 1 12 12 1 1 1 1 1 1 1 1 1 1 1 1 1 1 1 1 1 1 1 1 1 1 1 1 1 1 1 1 1 1 1 1 1 1 1 1 1 1 1 1 1 1 1 1 1 1 1 1 1 1 1 1 1 1 1 1 1 1 1 1 1 1 1 1 1 1 1 1 1 1 1 1 1 1 1 1 1 1 100 1 1 1 1 1 1 1 1 1 1 1 1 100 1 1 1 1 1 1 1 1 1 1 1 1 1 1 1 1 1 1 1 1 1 1 1 1 1 1 1 1 1 1 1 1 1 1 1 1 1 1 1 1 1 1 1 1 1 1 1 1 1 1 1
staticfield java/lang/invoke/MethodHandle FORM_OFFSET J 20
staticfield java/lang/invoke/MethodHandle $assertionsDisabled Z 1
instanceKlass java/lang/invoke/DirectMethodHandle$Interface
instanceKlass java/lang/invoke/DirectMethodHandle$Constructor
instanceKlass java/lang/invoke/DirectMethodHandle$Special
instanceKlass java/lang/invoke/DirectMethodHandle$Accessor
ciInstanceKlass java/lang/invoke/DirectMethodHandle 1 1 922 7 7 100 7 7 10 10 100 10 10 10 10 10 10 7 7 10 10 10 10 10 10 9 100 10 9 10 10 10 10 10 10 7 10 10 10 8 10 7 10 7 10 10 10 10 10 10 100 10 10 7 10 10 10 10 8 10 10 10 10 10 9 7 10 10 10 100 10 8 10 10 10 10 10 10 10 10 10 10 10 10 10 10 10 10 10 10 10 8 9 8 9 9 8 9 9 8 9 9 8 10 10 7 9 7 10 100 10 10 10 10 7 10 10 10 7 10 10 10 10 10 9 10 9 9 10 10 7 7 7 9 10 10 10 10 9 10 100 10 100 10 10 8 9 9 10 9 10 9 9 10 10 10 10 10 10 10 9 10 10 10 10 10 9 10 9 9 9 9 9 9 9 9 9 9 9 9 9 9 9 9 9 9 9 9 9 9 9 9 9 9 9 9 9 9 9 9 9 9 9 9 9 8 9 9 10 100 10 9 10 7 9 10 10 10 10 10 8 8 8 8 10 9 10 7 10 8 9 10 8 8 8 9 8 8 8 8 8 8 7 8 10 10 8 8 10 10 10 10 7 7 1 1 1 1 1 1 1 100 1 1 1 1 7 1 1 1 1 1 3 1 3 1 3 1 3 1 3 1 3 1 3 1 1 3 1 1 3 1 3 1 1 1 1 1 1 1 1 1 1 1 1 1 1 3 1 3 1 1 1 1 3 1 1 1 1 1 1 1 1 1 1 1 1 1 1 1 1 1 1 1 1 7 1 1 1 1 1 1 1 1 1 1 1 1 1 1 1 1 1 1 1 1 1 1 1 1 1 1 1 1 1 1 1 1 1 1 1 1 1 1 1 1 1 1 1 7 1 1 1 1 1 1 1 1 1 1 1 1 1 1 1 1 1 1 1 1 1 1 1 100 1 1 1 1 1 1 1 1 1 1 1 1 1 1 1 1 1 1 1 1 1 1 1 1 1 1 1 1 1 100 1 1 1 1 1 1 1 1 1 1 1 1 1 1 1 1 1 1 1 1 1 1 1 1 1 1 1 1 1 1 1 1 1 1 1 1 1 1 1 1 1 1 1 1 1 1 1 1 1 1 1 1 1 1 1 1 1 1 1 1 1 1 1 7 1 1 1 1 12 12 1 12 12 12 12 12 12 1 1 12 12 12 12 12 12 12 1 12 12 12 12 12 12 12 1 12 12 12 1 12 1 12 1 12 12 12 12 12 1 12 12 1 12 12 12 12 12 12 12 12 12 7 12 1 12 7 12 12 1 1 12 12 12 12 12 12 12 12 12 12 12 12 7 12 12 12 12 12 1 12 1 12 12 1 12 12 1 12 12 1 12 12 1 12 1 12 1 12 12 12 12 1 12 12 12 12 7 12 12 12 12 12 12 12 7 12 12 1 1 1 12 12 12 12 12 12 12 1 12 1 12 12 1 12 12 12 12 100 12 12 12 12 12 12 12 12 12 7 12 12 12 12 12 12 12 12 12 12 12 12 12 12 12 12 12 12 12 12 12 12 12 12 12 12 12 12 12 12 12 12 12 12 12 12 12 12 12 12 12 12 12 12 12 12 1 12 12 12 1 12 7 12 1 12 12 12 12 12 1 1 1 1 12 12 12 1 100 12 12 12 12 1 1 12 12 1 12 12 12 12 1 1 1 1 1 1 1 1 1 1 1 1 1 1 1 1 1 1 1 1 1 1 1 1 1 1 1 1 1 1 1 1 1 1 1 1 1 1 1 1 1 1 1 1 1 1 1 1 1 1 1 1 1 1 1 1 1 1 1 1 1 1 1 1 1 1 1 1 1 1 1 1 1 1 1 1 1 1 1 1 1 1 1 1 1 1 1 1 1 1 1 1 1 1 1 1 1 1 1 1 1 1 1 1 1 1 1 1 1 1 1 1 1 1 1 1 1 1 1 1 1 1 1 1 1 1 1 1 1 1 1 1 1 1 1 1 1 1 1 1 1 1 1 1 1 1 1 1 1 1 1 1 1 1 1 1 1 1 1 1 1 1 1 1 1 1 1 1 1 1 1 1 1 1 1 1 1 1 1 1 1 1 1 1 1 1 1 1 1 1
staticfield java/lang/invoke/DirectMethodHandle IMPL_NAMES Ljava/lang/invoke/MemberName$Factory; java/lang/invoke/MemberName$Factory
staticfield java/lang/invoke/DirectMethodHandle FT_UNCHECKED_REF I 8
staticfield java/lang/invoke/DirectMethodHandle ACCESSOR_FORMS [Ljava/lang/invoke/LambdaForm; 132 [Ljava/lang/invoke/LambdaForm;
staticfield java/lang/invoke/DirectMethodHandle ALL_WRAPPERS [Lsun/invoke/util/Wrapper; 10 [Lsun/invoke/util/Wrapper;
staticfield java/lang/invoke/DirectMethodHandle NFS [Ljava/lang/invoke/LambdaForm$NamedFunction; 12 [Ljava/lang/invoke/LambdaForm$NamedFunction;
staticfield java/lang/invoke/DirectMethodHandle OBJ_OBJ_TYPE Ljava/lang/invoke/MethodType; java/lang/invoke/MethodType
staticfield java/lang/invoke/DirectMethodHandle LONG_OBJ_TYPE Ljava/lang/invoke/MethodType; java/lang/invoke/MethodType
staticfield java/lang/invoke/DirectMethodHandle $assertionsDisabled Z 1
instanceKlass java/math/BigDecimal$1
instanceKlass com/sun/javafx/logging/jfr/JFRPulseLogger$2
instanceKlass com/sun/javafx/logging/jfr/JFRPulseLogger$1
instanceKlass com/sun/javafx/logging/PrintLogger$1
instanceKlass com/sun/javafx/util/TempState$1
instanceKlass jdk/internal/jimage/ImageBufferCache$1
instanceKlass jdk/internal/math/FloatingDecimal$1
instanceKlass java/lang/InheritableThreadLocal
instanceKlass java/util/concurrent/locks/ReentrantReadWriteLock$Sync$ThreadLocalHoldCounter
instanceKlass jdk/internal/misc/TerminatingThreadLocal$1
instanceKlass jdk/internal/misc/TerminatingThreadLocal
instanceKlass java/lang/StringCoding$1
ciInstanceKlass java/lang/ThreadLocal 1 1 141 9 7 3 10 100 10 10 10 9 10 10 10 9 10 10 10 10 7 10 10 9 7 10 10 100 10 7 10 7 1 1 1 1 1 1 1 1 1 1 1 1 1 1 1 1 1 1 1 1 1 1 1 1 1 1 1 1 1 1 1 1 1 7 1 1 1 1 1 1 1 1 7 1 1 1 1 1 1 1 1 1 1 1 1 1 1 1 1 1 1 1 1 1 1 1 1 1 1 1 12 1 12 1 12 12 12 12 12 12 12 12 12 12 12 12 1 12 12 12 1 12 12 1 1 1 1 1 1 1 1 1 1 1 1 1 1 1 1 1 1
ciMethod java/lang/ThreadLocal get ()Ljava/lang/Object; 2073 1 10524 0 -1
instanceKlass java/util/concurrent/atomic/Striped64
instanceKlass java/math/BigDecimal
instanceKlass java/math/BigInteger
instanceKlass java/util/concurrent/atomic/AtomicLong
instanceKlass java/util/concurrent/atomic/AtomicInteger
instanceKlass java/lang/Long
instanceKlass java/lang/Integer
instanceKlass java/lang/Short
instanceKlass java/lang/Byte
instanceKlass java/lang/Double
instanceKlass java/lang/Float
ciInstanceKlass java/lang/Number 1 1 37 10 10 100 7 100 1 1 1 5 0 1 1 1 1 1 1 1 1 1 1 1 1 1 1 1 1 1 1 1 1 1 12 12 1 1 1
ciInstanceKlass java/util/Set 1 1 138 100 10 10 7 10 10 7 7 10 7 7 7 10 10 11 100 1 1 1 1 1 1 1 1 1 1 1 1 1 1 1 1 1 1 1 1 1 1 1 1 1 1 1 1 1 1 1 1 1 1 1 1 1 1 1 1 1 1 1 1 1 1 1 1 1 1 1 1 1 1 1 1 1 1 1 1 1 1 1 1 1 1 1 1 1 1 1 1 1 1 1 1 1 1 1 1 1 1 1 1 1 1 1 1 1 1 1 100 12 7 12 1 1 1 12 12 1 1 1 12 1 1 1 1 12 12 12 1 1 1 1 1 1 1 1 1 1
ciMethod java/util/Set contains (Ljava/lang/Object;)Z 0 0 1 0 -1
ciInstanceKlass java/util/Map 1 1 258 11 11 10 11 11 11 11 7 11 11 100 100 10 11 11 11 11 10 11 11 10 100 10 7 7 10 7 10 100 11 100 11 7 1 1 1 1 1 1 1 1 1 1 1 1 1 1 1 1 1 1 1 1 1 1 1 1 1 1 1 1 1 1 1 1 1 1 1 1 1 1 1 1 1 1 1 1 1 1 1 1 1 1 1 1 1 1 1 1 1 1 1 100 100 1 1 1 1 1 1 100 1 1 1 1 1 1 1 1 1 1 1 1 1 1 1 1 1 1 1 1 1 1 1 1 1 1 1 1 1 1 1 1 1 1 1 1 1 1 1 1 1 1 1 1 1 1 1 1 1 1 1 1 1 1 1 1 1 1 1 1 1 1 1 1 1 1 1 1 1 1 1 1 1 1 1 1 1 1 100 1 1 1 1 1 1 1 1 1 1 1 1 1 1 12 12 7 12 12 100 12 12 12 1 12 12 1 1 12 12 12 12 12 12 12 7 12 7 12 1 1 12 1 1 1 12 1 1 1 12 12 1 1 1 1 1 1 1 1 1 1 1 1 1 1 1 1 1 1 1 1 1 1 1 1 1 1
ciMethod java/util/Map get (Ljava/lang/Object;)Ljava/lang/Object; 0 0 1 0 -1
ciMethod java/util/Map put (Ljava/lang/Object;Ljava/lang/Object;)Ljava/lang/Object; 0 0 1 0 -1
ciInstanceKlass java/lang/Runnable 1 1 11 100 100 1 1 1 1 1 1 1 1
instanceKlass org/apache/batik/util/CleanerThread
instanceKlass org/apache/batik/util/HaltingThread
instanceKlass com/sun/prism/impl/PrismTrace$1
instanceKlass com/sun/webkit/perf/PerfLogger$1
instanceKlass com/sun/glass/ui/InvokeLaterDispatcher
instanceKlass com/sun/javafx/tk/quantum/PerformanceTrackerHelper$1$1
instanceKlass com/sun/javafx/tk/quantum/QuantumToolkit$1
instanceKlass java/awt/EventDispatchThread
instanceKlass sun/awt/image/ImageFetcher
instanceKlass jdk/internal/misc/InnocuousThread
instanceKlass java/lang/ref/Finalizer$FinalizerThread
instanceKlass java/lang/ref/Reference$ReferenceHandler
ciInstanceKlass java/lang/Thread 1 1 604 9 9 10 9 9 100 8 10 3 8 100 5 0 10 10 9 9 9 9 7 100 8 10 9 10 10 10 10 10 10 9 10 10 9 10 10 9 10 9 10 9 9 10 10 9 10 9 7 10 7 10 8 10 10 10 10 10 10 9 100 10 10 10 10 100 11 9 10 10 10 9 10 9 10 100 10 10 10 11 10 10 10 7 10 10 10 10 10 10 10 10 10 9 10 10 100 8 10 10 10 8 10 8 10 8 8 10 10 100 8 10 9 9 10 10 10 9 10 100 10 11 9 9 10 100 10 11 100 10 10 11 10 100 10 10 10 8 9 10 11 10 11 10 7 7 1 1 100 1 100 1 100 1 1 1 1 1 1 1 1 1 1 1 1 1 1 1 1 1 1 1 1 100 1 1 1 1 1 1 1 1 1 1 1 1 1 1 1 3 1 3 1 3 1 1 1 1 1 1 1 1 1 1 1 1 1 1 1 1 1 1 1 1 1 1 1 1 1 1 1 100 1 1 1 1 1 1 1 7 1 1 1 1 1 1 1 1 1 1 1 1 1 7 100 100 100 1 1 1 1 1 1 1 1 1 1 1 1 1 1 1 1 1 1 1 1 1 1 1 1 1 1 1 1 1 1 1 1 1 1 1 1 1 1 1 1 1 1 1 1 1 1 1 1 1 1 1 1 1 1 1 1 1 1 1 1 1 1 1 1 1 1 1 1 1 100 100 1 1 1 1 1 1 1 1 1 100 100 1 1 1 1 1 1 1 1 1 1 1 1 1 1 1 1 1 1 1 1 1 1 1 1 1 1 1 1 1 1 1 1 1 1 1 1 1 1 1 1 1 1 100 1 1 1 1 1 1 1 1 1 1 1 1 12 12 12 12 12 1 1 12 1 1 12 12 12 12 12 12 1 1 1 12 7 12 12 12 12 12 100 12 12 12 12 12 12 12 12 12 7 12 12 12 12 7 12 12 12 12 1 1 1 12 12 12 12 12 12 12 1 12 12 12 1 12 7 12 12 12 12 12 12 12 1 12 12 12 12 12 12 1 12 12 12 12 12 12 12 12 100 12 12 12 1 1 12 12 1 12 1 1 1 100 12 100 12 1 12 12 12 12 12 12 1 12 12 12 12 12 1 12 100 12 1 12 12 12 12 1 12 12 100 12 12 12 12 100 12 12 12 1 1 1 1 1 1 1 1 1 1 1 1 1 1 1 1 1 1 1 1 1 1 1 1 1 1 1 1 1 1 1 1 1 1 1 1 1 1 1 1 1 1 1 1 1 1 1 1 1 1 1 1 1 1 1 1 1 1 1 1 1 1 1 1 1 1 1 1 1 1 1 1 1 1 1 1 1 1 1 1 1 1 1
staticfield java/lang/Thread EMPTY_STACK_TRACE [Ljava/lang/StackTraceElement; 0 [Ljava/lang/StackTraceElement;
ciMethod java/lang/Thread currentThread ()Ljava/lang/Thread; 3073 1 384 0 -1
instanceKlass java/lang/invoke/VarHandleLongs$FieldInstanceReadOnly
instanceKlass java/lang/invoke/VarHandleReferences$FieldInstanceReadOnly
instanceKlass java/lang/invoke/VarHandleInts$FieldInstanceReadOnly
ciInstanceKlass java/lang/invoke/VarHandle 1 1 331 10 9 100 10 8 7 10 10 10 10 9 10 10 10 9 10 10 9 9 10 10 10 10 10 10 10 10 9 100 10 9 10 10 7 7 10 10 10 9 10 9 10 10 10 100 10 9 9 10 10 10 10 10 10 10 7 10 10 9 8 10 7 10 100 100 1 100 1 1 100 1 100 1 100 1 1 1 1 1 1 1 1 1 1 1 1 1 1 1 1 1 1 1 1 1 1 1 1 1 1 100 1 1 1 1 1 1 1 1 1 1 1 1 1 1 1 1 1 1 1 1 1 1 1 1 1 1 1 1 1 1 1 1 1 1 1 1 1 1 1 1 1 1 1 1 1 1 1 1 1 1 1 1 1 100 1 1 1 1 1 1 1 1 1 100 1 1 1 1 1 1 1 1 1 1 100 1 1 1 100 1 1 1 1 1 1 1 1 1 1 1 1 100 12 12 1 1 1 12 12 12 100 12 12 12 12 12 12 12 12 12 12 12 12 12 12 12 100 12 100 12 12 1 12 12 12 1 1 12 100 12 12 12 12 12 12 12 12 1 7 12 12 7 12 12 12 12 12 12 12 1 7 12 12 12 1 12 1 1 1 1 1 1 1 1 1 1 1 1 1 1 1 1 1 1 1 1 1 1 1 1 1 1 1 1 1 1 1 1 1 1 1 1 1 1 1 1 1 1 1 1 1 1 1 1 1 1 1 1 1 1 1 1 1 1 1 1 1 1 1 1 1 1 1 1 1 1 1 1 1
staticfield java/lang/invoke/VarHandle AIOOBE_SUPPLIER Ljava/util/function/BiFunction; jdk/internal/util/Preconditions$1
staticfield java/lang/invoke/VarHandle VFORM_OFFSET J 12
staticfield java/lang/invoke/VarHandle $assertionsDisabled Z 1
instanceKlass java/nio/DoubleBuffer
instanceKlass java/nio/FloatBuffer
instanceKlass java/nio/ShortBuffer
instanceKlass java/nio/IntBuffer
instanceKlass java/nio/LongBuffer
instanceKlass java/nio/CharBuffer
instanceKlass java/nio/ByteBuffer
ciInstanceKlass java/nio/Buffer 1 1 193 100 10 9 9 10 9 10 10 100 100 10 8 10 10 8 8 10 10 8 9 100 8 10 8 8 9 10 8 8 8 10 8 8 8 100 10 100 10 100 10 100 10 7 10 10 9 7 10 10 7 1 1 1 1 1 1 3 1 1 1 1 1 1 1 1 1 1 1 1 1 1 1 1 1 1 1 1 1 1 1 1 1 1 1 1 1 100 1 1 1 1 1 1 1 1 1 1 1 1 1 1 1 1 1 1 1 1 1 1 1 1 1 1 1 1 1 1 1 1 1 1 1 1 1 1 1 1 1 1 1 12 12 12 12 12 12 12 1 1 1 12 12 1 1 12 12 1 12 1 1 12 1 1 12 12 1 1 1 12 1 1 1 1 1 1 1 1 7 12 7 12 12 1 7 12 1 1 1 1 1 1 1 1 1 1 1 1 1 1 1 1 1
staticfield java/nio/Buffer UNSAFE Ljdk/internal/misc/Unsafe; jdk/internal/misc/Unsafe
staticfield java/nio/Buffer $assertionsDisabled Z 1
instanceKlass java/lang/Exception
instanceKlass java/lang/Error
ciInstanceKlass java/lang/Throwable 1 1 396 10 9 9 9 9 9 10 9 10 10 100 7 10 8 10 8 10 10 10 100 8 10 10 10 10 8 9 10 100 10 10 7 10 10 11 10 10 10 8 10 10 7 8 8 10 10 8 8 9 10 100 10 11 8 8 10 8 10 8 7 10 9 10 10 100 9 10 10 100 8 10 10 10 10 100 10 10 11 11 11 8 8 10 10 10 9 8 7 10 10 100 8 10 11 8 9 10 11 9 11 100 10 7 10 100 1 1 1 7 1 100 1 1 1 1 5 0 1 1 1 1 1 1 1 1 1 1 1 1 1 1 1 1 1 1 1 1 1 1 1 1 1 1 1 1 1 1 1 1 1 1 1 100 1 1 1 1 1 1 1 1 1 1 1 1 1 1 1 1 1 1 1 1 1 1 1 1 1 1 1 1 7 1 1 1 1 1 1 1 1 1 1 1 1 1 1 1 1 1 1 1 1 1 1 1 1 1 1 1 1 1 1 100 100 100 1 100 100 1 1 1 1 1 1 1 1 1 1 1 1 1 1 1 1 1 12 12 12 12 12 12 12 12 12 12 1 1 1 12 1 100 12 12 1 1 12 7 12 12 1 100 12 12 1 12 12 1 7 12 12 12 12 12 1 12 12 1 1 1 12 12 1 1 12 100 12 1 12 1 1 12 1 12 1 1 12 12 12 100 12 12 12 100 1 1 12 12 100 12 1 100 12 12 12 12 12 1 1 100 12 1 1 12 1 1 12 1 12 100 12 12 12 12 1 12 1 1 1 1 1 1 1 1 1 1 1 1 1 1 1 1 1 1 1 1 1 1 1 1 1 1 1 1 1 1 1 1 1 1 1 1 1 1 1 1 1 1 1 1 1 1 1 1 1 1 1 1 1 1 1 1 1 1 1 1
staticfield java/lang/Throwable UNASSIGNED_STACK [Ljava/lang/StackTraceElement; 0 [Ljava/lang/StackTraceElement;
staticfield java/lang/Throwable SUPPRESSED_SENTINEL Ljava/util/List; java/util/Collections$EmptyList
staticfield java/lang/Throwable EMPTY_THROWABLE_ARRAY [Ljava/lang/Throwable; 0 [Ljava/lang/Throwable;
staticfield java/lang/Throwable $assertionsDisabled Z 1
instanceKlass java/awt/geom/NoninvertibleTransformException
instanceKlass java/awt/print/PrinterException
instanceKlass net/sourceforge/barbecue/output/OutputException
instanceKlass net/sourceforge/barbecue/BarcodeException
instanceKlass com/google/zxing/ReaderException
instanceKlass org/krysalis/barcode4j/BarcodeException
instanceKlass com/google/zxing/WriterException
instanceKlass java/awt/FontFormatException
instanceKlass java/beans/PropertyVetoException
instanceKlass java/beans/IntrospectionException
instanceKlass org/apache/xerces/impl/xpath/XPathException
instanceKlass org/apache/xerces/impl/xs/traversers/XSDComplexTypeTraverser$ComplexTypeRecoverableError
instanceKlass org/apache/xerces/impl/xs/XMLSchemaException
instanceKlass org/apache/xerces/impl/dv/DatatypeException
instanceKlass net/sf/jasperreports/engine/JRException
instanceKlass javafx/scene/transform/NonInvertibleTransformException
instanceKlass java/net/URISyntaxException
instanceKlass javafx/scene/web/DirectoryLock$DirectoryAlreadyInUseException
instanceKlass java/awt/AWTException
instanceKlass com/sun/javafx/geom/transform/NoninvertibleTransformException
instanceKlass java/util/concurrent/ExecutionException
instanceKlass javax/swing/UnsupportedLookAndFeelException
instanceKlass javax/xml/bind/JAXBException
instanceKlass javax/xml/parsers/ParserConfigurationException
instanceKlass org/xml/sax/SAXException
instanceKlass javax/xml/transform/TransformerException
instanceKlass java/lang/CloneNotSupportedException
instanceKlass javax/swing/text/BadLocationException
instanceKlass java/text/ParseException
instanceKlass jxl/JXLException
instanceKlass org/apache/commons/codec/EncoderException
instanceKlass org/apache/commons/codec/DecoderException
instanceKlass sun/nio/fs/WindowsException
instanceKlass java/security/GeneralSecurityException
instanceKlass sun/security/pkcs11/wrapper/PKCS11Exception
instanceKlass javax/naming/NamingException
instanceKlass java/sql/SQLException
instanceKlass java/lang/InterruptedException
instanceKlass java/security/PrivilegedActionException
instanceKlass java/io/IOException
instanceKlass java/lang/ReflectiveOperationException
instanceKlass java/lang/RuntimeException
ciInstanceKlass java/lang/Exception 1 1 40 10 10 10 10 10 100 7 1 1 1 5 0 1 1 1 1 1 1 1 1 1 1 1 1 1 1 1 1 1 1 1 1 12 12 12 12 12 1 1
instanceKlass jdk/internal/reflect/FieldAccessorImpl
instanceKlass jdk/internal/reflect/ConstructorAccessorImpl
instanceKlass jdk/internal/reflect/MethodAccessorImpl
ciInstanceKlass jdk/internal/reflect/MagicAccessorImpl 1 1 16 10 100 7 1 1 1 1 1 1 1 1 1 12 1 1
instanceKlass jdk/internal/reflect/GeneratedMethodAccessor40
instanceKlass jdk/internal/reflect/GeneratedMethodAccessor39
instanceKlass jdk/internal/reflect/GeneratedMethodAccessor38
instanceKlass jdk/internal/reflect/GeneratedMethodAccessor37
instanceKlass jdk/internal/reflect/GeneratedMethodAccessor36
instanceKlass jdk/internal/reflect/GeneratedMethodAccessor35
instanceKlass jdk/internal/reflect/GeneratedMethodAccessor34
instanceKlass jdk/internal/reflect/GeneratedMethodAccessor33
instanceKlass jdk/internal/reflect/GeneratedMethodAccessor32
instanceKlass jdk/internal/reflect/GeneratedMethodAccessor31
instanceKlass jdk/internal/reflect/GeneratedMethodAccessor30
instanceKlass jdk/internal/reflect/GeneratedMethodAccessor29
instanceKlass jdk/internal/reflect/GeneratedMethodAccessor28
instanceKlass jdk/internal/reflect/GeneratedMethodAccessor27
instanceKlass jdk/internal/reflect/GeneratedMethodAccessor26
instanceKlass jdk/internal/reflect/GeneratedMethodAccessor25
instanceKlass jdk/internal/reflect/GeneratedMethodAccessor24
instanceKlass jdk/internal/reflect/GeneratedMethodAccessor23
instanceKlass jdk/internal/reflect/GeneratedMethodAccessor22
instanceKlass jdk/internal/reflect/GeneratedMethodAccessor21
instanceKlass jdk/internal/reflect/GeneratedMethodAccessor20
instanceKlass jdk/internal/reflect/GeneratedMethodAccessor19
instanceKlass jdk/internal/reflect/GeneratedMethodAccessor18
instanceKlass jdk/internal/reflect/GeneratedMethodAccessor17
instanceKlass jdk/internal/reflect/GeneratedMethodAccessor16
instanceKlass jdk/internal/reflect/GeneratedMethodAccessor15
instanceKlass jdk/internal/reflect/GeneratedMethodAccessor14
instanceKlass jdk/internal/reflect/GeneratedMethodAccessor13
instanceKlass jdk/internal/reflect/GeneratedMethodAccessor12
instanceKlass jdk/internal/reflect/GeneratedMethodAccessor11
instanceKlass jdk/internal/reflect/GeneratedMethodAccessor10
instanceKlass jdk/internal/reflect/GeneratedMethodAccessor9
instanceKlass jdk/internal/reflect/GeneratedMethodAccessor8
instanceKlass jdk/internal/reflect/GeneratedMethodAccessor7
instanceKlass jdk/internal/reflect/GeneratedMethodAccessor6
instanceKlass jdk/internal/reflect/GeneratedMethodAccessor5
instanceKlass jdk/internal/reflect/GeneratedMethodAccessor4
instanceKlass jdk/internal/reflect/GeneratedMethodAccessor3
instanceKlass jdk/internal/reflect/GeneratedMethodAccessor2
instanceKlass jdk/internal/reflect/GeneratedMethodAccessor1
instanceKlass jdk/internal/reflect/DelegatingMethodAccessorImpl
instanceKlass jdk/internal/reflect/NativeMethodAccessorImpl
ciInstanceKlass jdk/internal/reflect/MethodAccessorImpl 1 1 25 10 100 7 100 1 1 1 1 1 1 1 1 1 1 100 100 1 1 12 1 1 1 1 1
instanceKlass java/util/concurrent/locks/AbstractQueuedSynchronizer
ciInstanceKlass java/util/concurrent/locks/AbstractOwnableSynchronizer 1 1 32 10 9 7 7 100 1 1 1 5 0 1 1 1 1 1 1 1 1 1 1 1 1 1 1 1 1 12 12 1 1 1
instanceKlass java/lang/reflect/InvocationTargetException
instanceKlass java/lang/InstantiationException
instanceKlass java/lang/IllegalAccessException
instanceKlass java/lang/NoSuchFieldException
instanceKlass java/lang/NoSuchMethodException
instanceKlass java/lang/ClassNotFoundException
ciInstanceKlass java/lang/ReflectiveOperationException 1 1 34 10 10 10 10 100 7 1 1 1 5 0 1 1 1 1 1 1 1 1 1 1 1 1 1 1 1 1 12 12 12 12 1 1
instanceKlass org/apache/xml/serializer/ObjectFactory$ConfigurationError
instanceKlass org/apache/xerces/impl/dv/ObjectFactory$ConfigurationError
instanceKlass org/apache/xerces/parsers/ObjectFactory$ConfigurationError
instanceKlass javax/xml/parsers/FactoryConfigurationError
instanceKlass java/lang/AssertionError
instanceKlass java/lang/VirtualMachineError
instanceKlass java/lang/LinkageError
instanceKlass java/lang/ThreadDeath
ciInstanceKlass java/lang/Error 1 1 40 10 10 10 10 10 100 7 1 1 1 5 0 1 1 1 1 1 1 1 1 1 1 1 1 1 1 1 1 1 1 1 1 12 12 12 12 12 1 1
instanceKlass java/lang/UnsatisfiedLinkError
instanceKlass java/lang/IncompatibleClassChangeError
instanceKlass java/lang/BootstrapMethodError
instanceKlass java/lang/NoClassDefFoundError
ciInstanceKlass java/lang/LinkageError 1 1 31 10 10 10 100 7 1 1 1 5 0 1 1 1 1 1 1 1 1 1 1 1 1 1 1 1 12 12 12 1 1
instanceKlass javax/print/attribute/standard/PrinterStateReasons
instanceKlass javax/swing/UIDefaults$TextAndMnemonicHashMap
instanceKlass java/lang/ProcessEnvironment
instanceKlass java/util/LinkedHashMap
ciInstanceKlass java/util/HashMap 1 1 573 10 7 10 100 10 100 11 11 11 10 7 3 10 100 100 10 8 10 10 10 10 10 8 10 9 10 9 4 10 10 11 9 4 10 11 11 11 11 7 11 11 10 10 9 10 9 9 9 10 9 7 10 10 10 10 10 9 10 7 3 7 10 10 9 9 10 10 10 10 9 7 10 9 7 10 9 7 10 100 10 11 100 10 11 11 10 100 100 10 10 10 10 10 10 10 100 10 10 8 4 10 4 10 4 10 7 11 10 10 10 10 7 7 100 100 1 1 100 1 100 1 100 1 100 1 100 1 100 1 100 1 100 1 1 1 1 1 1 1 1 5 0 1 1 3 1 1 1 1 3 1 3 1 3 1 1 1 1 1 1 1 1 1 1 1 1 1 1 1 1 1 1 1 1 1 1 1 1 1 1 1 1 1 1 1 1 1 1 1 100 7 100 1 1 1 1 1 1 1 1 1 1 1 1 1 1 1 1 1 1 1 1 1 1 1 1 1 1 1 1 1 1 1 1 1 1 1 7 1 1 1 1 1 1 1 1 1 1 1 1 1 100 1 1 1 1 1 1 1 1 1 1 1 1 1 1 1 1 1 1 1 1 1 1 1 1 1 1 1 1 1 1 1 1 1 1 1 1 1 1 1 1 1 1 1 1 1 1 1 1 1 1 1 7 1 1 1 1 1 1 100 1 1 1 1 1 1 1 1 1 1 1 1 1 1 1 1 1 1 1 7 1 1 1 1 1 1 100 1 1 1 1 1 1 1 1 1 1 1 100 1 1 1 1 1 1 1 1 1 1 1 1 1 1 1 1 7 1 1 1 1 1 1 7 7 1 1 1 1 1 1 1 1 1 1 1 1 1 1 1 1 1 1 1 1 100 1 1 1 1 12 1 12 1 12 1 12 12 12 12 1 12 1 1 1 12 12 12 12 7 12 1 12 12 12 12 12 12 12 12 12 12 12 12 12 1 12 12 12 12 12 12 12 12 12 12 12 1 12 12 12 12 12 12 12 1 1 12 12 12 12 12 12 12 12 1 12 12 1 12 1 1 12 1 12 12 12 1 1 12 12 12 12 12 12 12 1 12 1 7 12 12 7 12 1 7 12 12 12 12 1 1 1 1 1 1 1 1 1 1 1 1 1 1 1 1 1 1 1 1 1 1 1 1 1 1 1 1 1 1 1 1 1 1 1 1 1 1 1 1 1 1 1 1 1 1 1 1 1 1 1 1 1 1 1 1 1 1 1 1 1 1 1 1 1 1 1 1 1 1 1 1 1 1 1 1 1 1 1 1 1 1
ciMethod java/util/HashMap <init> ()V 3673 1 37692 0 -1
instanceKlass com/mysql/jdbc/NonRegisteringDriver$ConnectionPhantomReference
instanceKlass jdk/internal/ref/PhantomCleanable
instanceKlass jdk/internal/ref/Cleaner
ciInstanceKlass java/lang/ref/PhantomReference 1 1 30 10 100 7 1 1 1 1 1 1 1 1 1 1 1 1 1 1 1 1 1 1 1 1 1 1 1 12 1 1
instanceKlass java/util/Collections$UnmodifiableSortedSet
instanceKlass java/util/Collections$UnmodifiableMap$UnmodifiableEntrySet
ciInstanceKlass java/util/Collections$UnmodifiableSet 1 1 57 10 9 11 11 7 7 100 100 1 1 1 5 0 1 1 1 1 1 1 1 1 1 1 1 1 1 1 1 1 1 1 1 1 1 1 1 1 1 1 1 1 100 12 12 7 12 12 1 1 1 1 1 1 1 1 1
instanceKlass net/sf/jasperreports/engine/util/JRClassLoader
instanceKlass jdk/internal/reflect/DelegatingClassLoader
instanceKlass java/security/SecureClassLoader
ciInstanceKlass java/lang/ClassLoader 1 1 1189 9 10 9 10 7 10 10 9 10 100 10 10 10 100 8 10 10 10 10 7 10 7 7 7 10 10 9 7 10 9 9 9 9 9 7 10 9 10 10 9 9 7 9 7 10 10 9 10 7 10 8 10 10 10 7 10 10 8 10 10 10 10 10 10 10 10 100 10 10 10 10 10 10 10 10 10 10 10 10 10 10 10 100 10 100 10 10 10 10 10 100 8 10 8 10 10 100 8 10 10 10 10 10 10 10 10 10 10 10 10 10 10 10 10 10 10 10 10 10 10 10 10 8 11 9 11 10 8 8 10 100 10 10 10 10 10 10 10 10 10 7 10 10 10 7 10 100 18 10 10 10 7 10 10 10 100 10 10 10 10 8 100 10 10 9 10 10 100 8 10 10 8 8 10 10 7 10 10 100 100 10 100 100 10 10 10 10 10 10 9 10 10 10 10 10 8 10 7 18 10 10 10 10 8 10 10 18 11 100 10 10 10 11 10 18 10 11 18 11 10 10 9 7 10 10 8 10 9 8 10 9 8 7 10 10 100 8 10 10 10 8 8 10 10 10 8 8 10 10 10 7 10 10 10 10 10 11 11 11 11 11 7 10 9 9 9 10 10 100 10 100 10 10 10 9 9 9 9 9 9 8 10 10 10 10 10 11 10 100 10 10 10 7 7 10 1 1 7 1 1 1 1 1 1 1 1 1 1 1 1 1 1 1 1 1 1 1 1 1 1 1 1 1 1 1 1 1 1 1 1 1 1 1 1 1 1 1 1 1 1 1 1 1 1 1 1 1 1 1 1 1 1 1 1 1 1 1 1 1 1 1 1 1 1 1 1 1 1 100 1 1 1 1 100 1 1 1 1 1 1 1 1 1 1 1 1 1 1 1 1 1 100 1 1 1 1 1 1 1 1 1 1 1 1 1 1 1 1 100 1 1 1 1 1 1 1 1 1 1 1 1 100 1 1 1 1 1 1 1 1 1 1 1 1 1 1 1 1 1 1 1 1 1 1 1 1 1 1 1 1 1 1 1 1 1 1 1 1 1 7 1 1 1 1 1 1 1 1 1 1 1 1 1 1 1 1 1 1 1 1 1 1 1 7 1 1 1 1 1 100 1 1 1 1 1 1 1 1 1 1 1 1 1 1 1 1 1 1 1 1 1 100 1 1 1 1 1 1 1 1 1 1 1 1 1 1 1 1 1 1 1 1 1 1 1 1 1 1 1 1 1 1 1 1 1 1 1 1 1 1 1 1 1 1 1 1 1 1 1 1 1 1 1 1 1 1 1 1 1 1 1 1 1 1 100 1 1 1 1 1 1 1 1 1 1 1 1 1 1 1 1 1 1 1 1 1 100 100 1 1 1 1 1 1 1 1 1 1 1 1 1 1 1 1 1 1 1 1 1 1 1 7 1 1 1 1 1 1 1 1 1 1 1 1 1 1 1 1 100 1 1 1 1 1 1 1 1 1 1 1 1 1 1 1 1 1 1 1 1 1 1 1 1 1 1 1 1 1 100 12 12 12 12 1 12 12 12 12 1 12 12 12 1 1 12 7 12 12 1 1 1 12 12 12 1 12 12 12 12 12 1 12 12 12 12 12 12 1 12 1 12 12 12 1 1 12 12 1 12 7 12 1 12 12 12 12 12 12 12 12 1 12 100 12 12 12 12 12 12 12 12 12 100 12 12 12 12 1 12 1 12 7 12 12 12 1 1 1 12 12 1 1 12 12 12 12 12 12 12 12 12 12 12 12 7 12 12 12 12 12 12 12 12 12 12 1 12 12 12 1 1 12 1 12 12 12 12 12 7 12 12 7 1 12 12 1 12 1 1 15 16 15 16 12 100 12 100 12 7 12 1 12 12 12 1 12 12 7 12 12 1 1 12 12 7 12 12 1 1 12 1 1 12 12 1 12 100 12 1 1 12 1 1 12 12 12 12 12 12 100 12 12 12 12 12 12 1 12 1 16 15 16 12 12 12 12 12 1 12 12 16 15 16 12 12 1 12 12 12 15 12 7 12 16 15 16 12 12 12 12 12 1 12 12 1 12 12 1 12 12 1 1 12 1 1 12 12 1 1 12 12 100 12 1 1 100 12 12 1 12 12 12 12 12 12 12 12 1 12 12 12 12 12 12 1 1 12 12 12 12 12 12 12 12 12 12 7 12 12 12 12 12 100 12 1 12 12 12 1 1 1 1 1 1 1 1 1 1 1 1 1 1 1 1 1 1 1 1 1 1 1 1 1 1 1 1 1 1 1 1 1 1 1 1 1 1 1 1 1 1 1 1 1 1 1 1 1 1 1 1 1 1 1 1 1 1 1 1 1 1 1 1 1 1 1 1 1 1 1 1 1 1 1 1 1 1 1 1 1 1 1 1 1 1 1 1 1 1 1 1 1 1 1 1 10 1 10 1 1 1 1 1 1 1 1 1 1 1 1 1 1 1 1 1 1 1 1 1 1 1 1 1 1 1 1 1 1 1 1 1 1 1 1 1 1 1 1 1 1 1 1 10 1 1 1 1 1 1 1 1 10 1 1 1 1 1 10 1 1 1 10 1 1 1 1 1 1 1 1 1 1 1 1 1 1 1 1 1 1 1 1 1 1 1 1 1 1 1 1 1 1 1 1 1 1 1 1 1 1 1 1 1 1 7 12 12 12 12 12 12 1 1 100 1 1 100 1 1
staticfield java/lang/ClassLoader nocerts [Ljava/security/cert/Certificate; 0 [Ljava/security/cert/Certificate;
staticfield java/lang/ClassLoader loadedLibraryNames Ljava/util/Set; java/util/HashSet
staticfield java/lang/ClassLoader $assertionsDisabled Z 1
instanceKlass jdk/internal/loader/BuiltinClassLoader
ciInstanceKlass java/security/SecureClassLoader 1 1 98 10 7 10 9 10 10 10 10 10 7 10 7 10 7 10 11 7 10 7 7 1 1 7 1 1 1 1 1 1 1 1 1 1 1 1 1 1 1 1 1 1 1 1 1 1 1 1 1 1 1 1 1 1 1 1 1 1 1 1 1 1 1 1 1 1 1 12 1 12 12 12 12 12 12 12 1 1 12 1 12 7 12 1 12 1 1 1 1 1 1 1 1 1 1 1 1 1
instanceKlass jdk/internal/loader/ClassLoaders$BootClassLoader
instanceKlass jdk/internal/loader/ClassLoaders$PlatformClassLoader
instanceKlass jdk/internal/loader/ClassLoaders$AppClassLoader
ciInstanceKlass jdk/internal/loader/BuiltinClassLoader 1 1 762 10 10 9 9 7 10 9 9 10 10 11 100 7 10 10 8 10 10 7 10 10 11 11 11 7 9 8 8 10 10 9 11 7 10 10 10 10 10 10 10 11 10 7 10 10 10 100 8 10 10 8 10 10 11 11 7 7 10 11 11 10 7 10 10 7 7 10 7 7 10 10 100 10 11 7 100 10 10 100 100 10 10 18 10 10 18 100 10 7 10 10 10 10 10 9 100 10 10 10 10 10 10 10 10 10 10 18 7 10 10 10 10 100 10 7 10 10 10 11 7 10 7 100 10 10 11 10 10 10 10 10 10 10 10 8 10 10 10 100 8 8 10 10 8 8 10 11 9 10 9 9 9 9 9 9 10 8 10 10 10 10 8 7 8 10 10 10 10 7 10 9 8 8 10 7 7 10 11 10 10 10 100 10 10 10 7 10 10 8 10 7 100 1 1 1 1 1 1 1 1 1 1 1 1 1 1 1 1 1 1 1 1 1 1 1 1 1 1 1 1 1 7 7 1 1 1 1 1 1 1 1 1 1 1 7 1 1 1 1 1 1 1 1 1 1 1 1 1 1 1 1 1 1 1 1 1 1 1 1 1 1 1 1 1 1 1 1 1 1 1 100 1 1 1 1 1 1 1 1 1 1 1 1 1 1 1 1 1 1 1 1 1 1 1 100 100 1 1 1 1 1 1 1 1 1 1 1 1 1 7 1 1 1 1 1 1 1 1 1 1 1 1 1 1 1 1 1 1 1 1 1 1 1 1 1 1 7 1 1 1 1 1 1 1 1 1 1 1 1 7 7 1 1 1 1 1 1 1 1 7 7 1 1 1 1 1 1 1 1 1 1 1 1 1 7 1 1 1 1 1 1 1 1 1 1 7 12 12 12 12 1 12 12 12 12 12 12 1 1 12 1 12 12 1 12 12 7 12 12 12 1 12 1 1 12 7 12 12 12 1 12 12 12 7 12 12 12 12 12 7 12 1 7 12 12 1 1 12 1 12 12 12 12 1 1 12 12 1 12 12 1 1 12 1 1 12 7 12 1 12 12 1 1 12 12 1 1 12 12 1 15 16 15 16 12 12 12 15 16 1 7 12 1 12 12 12 12 12 1 12 12 12 12 12 12 12 12 12 15 16 12 1 12 12 12 12 1 12 100 1 1 12 12 12 12 1 12 1 12 12 12 12 12 12 12 12 12 12 12 1 12 12 12 1 1 1 12 1 1 7 12 7 12 7 12 12 12 12 12 12 12 12 12 1 12 12 12 12 1 1 1 12 12 7 12 1 12 7 12 1 1 12 1 1 12 12 12 12 1 12 12 1 12 12 1 12 1 1 1 1 1 1 1 1 1 1 1 1 1 1 1 1 1 1 1 1 1 1 1 1 1 1 1 1 1 1 1 1 1 1 1 1 1 1 1 1 1 1 1 1 1 1 1 1 1 1 1 1 1 1 1 1 1 1 1 1 1 1 1 1 1 1 1 1 1 1 1 1 10 10 1 1 1 1 10 1 1 1 1 1 1 1 1 1 1 1 1 1 10 1 1 1 1 1 1 1 1 1 1 1 1 1 1 1 1 1 1 1 1 1 1 1 1 1 1 1 1 1 1 1 1 1 1 1 1 1 1 1 1 1 1 1 1 1 1 1 1 1 1 1 1 1 1 1 1 1 1 1 1 1 1 1 1 1 1 1 1 1 100 12 12 12 12 1 1 100 1 1 100 1 1
staticfield jdk/internal/loader/BuiltinClassLoader packageToModule Ljava/util/Map; java/util/concurrent/ConcurrentHashMap
staticfield jdk/internal/loader/BuiltinClassLoader $assertionsDisabled Z 1
instanceKlass org/apache/batik/css/parser/ParseException
instanceKlass org/w3c/css/sac/CSSException
instanceKlass org/apache/batik/parser/ParseException
instanceKlass org/apache/batik/bridge/InterruptedBridgeException
instanceKlass org/apache/batik/dom/svg/LiveAttributeException
instanceKlass org/w3c/dom/svg/SVGException
instanceKlass org/apache/batik/bridge/BridgeException
instanceKlass org/apache/xml/serializer/utils/WrappedRuntimeException
instanceKlass org/apache/xml/utils/WrappedRuntimeException
instanceKlass org/apache/xerces/xs/XSException
instanceKlass org/w3c/dom/events/EventException
instanceKlass org/w3c/dom/DOMException
instanceKlass org/apache/xerces/impl/xpath/regex/ParseException
instanceKlass org/apache/xerces/impl/dv/xs/SchemaDateTimeException
instanceKlass org/apache/xerces/impl/dv/DVFactoryException
instanceKlass org/apache/xerces/xni/XNIException
instanceKlass net/sf/jasperreports/engine/JRRuntimeException
instanceKlass com/sun/javafx/geom/IllegalPathStateException
instanceKlass java/util/ConcurrentModificationException
instanceKlass com/sun/javafx/geom/transform/SingularMatrixException
instanceKlass org/codehaus/jackson/map/RuntimeJsonMappingException
instanceKlass org/apache/commons/logging/LogConfigurationException
instanceKlass org/springframework/core/NestedRuntimeException
instanceKlass java/lang/reflect/UndeclaredThrowableException
instanceKlass java/util/NoSuchElementException
instanceKlass java/time/DateTimeException
instanceKlass com/mysql/jdbc/AssertionFailedException
instanceKlass java/lang/SecurityException
instanceKlass java/lang/IndexOutOfBoundsException
instanceKlass java/security/ProviderException
instanceKlass java/util/MissingResourceException
instanceKlass java/lang/UnsupportedOperationException
instanceKlass java/lang/IllegalStateException
instanceKlass java/lang/IllegalArgumentException
instanceKlass java/lang/ArithmeticException
instanceKlass java/lang/NullPointerException
instanceKlass java/lang/IllegalMonitorStateException
instanceKlass java/lang/ArrayStoreException
instanceKlass java/lang/ClassCastException
ciInstanceKlass java/lang/RuntimeException 1 1 40 10 10 10 10 10 100 7 1 1 1 5 0 1 1 1 1 1 1 1 1 1 1 1 1 1 1 1 1 1 1 1 1 12 12 12 12 12 1 1
ciInstanceKlass java/util/Collections$EmptySet 1 1 100 10 10 11 100 10 10 9 100 7 100 1 1 1 5 0 1 1 1 1 1 1 1 1 1 1 1 1 1 1 1 1 1 1 1 1 1 1 1 1 1 1 1 1 1 1 1 1 1 1 1 1 1 1 1 1 1 1 1 1 1 1 1 1 1 1 1 1 1 1 1 1 1 1 1 1 7 12 12 100 12 1 100 12 100 12 12 1 1 1 1 1 1 1 1 1 1 1 1 1
ciInstanceKlass java/lang/Integer 1 1 444 7 100 7 7 10 9 9 10 10 10 10 10 10 10 10 10 10 10 10 10 10 10 10 9 9 7 8 10 100 10 8 10 10 8 10 8 10 3 10 3 10 10 10 7 11 100 10 11 10 8 10 8 100 10 10 5 0 8 10 10 10 10 7 9 9 10 10 9 10 10 10 10 100 100 10 10 8 8 10 8 8 8 8 8 8 10 10 10 5 0 3 3 3 3 10 3 10 10 10 10 8 10 9 3 3 3 3 3 3 9 7 100 100 100 1 1 1 1 1 1 1 1 1 1 1 1 1 1 1 1 1 1 1 3 1 3 1 1 5 0 1 1 1 1 1 1 1 1 1 1 1 1 100 1 1 1 1 1 1 1 1 1 1 1 1 1 1 1 1 1 1 1 1 1 1 1 1 1 1 1 1 1 1 1 1 1 1 1 1 1 1 1 1 1 1 1 1 1 1 1 1 1 1 1 1 1 1 1 1 1 1 1 1 1 1 1 1 1 1 1 1 1 1 1 1 1 1 1 1 1 1 1 1 1 1 1 1 1 100 1 1 1 1 1 1 1 1 1 1 1 1 1 1 1 1 1 1 1 1 1 1 1 1 1 1 1 1 1 1 1 1 1 1 1 1 1 1 100 1 1 1 1 1 1 7 1 1 1 1 1 1 1 1 1 1 12 12 12 100 12 12 100 12 12 100 12 12 12 7 12 12 12 12 12 12 12 12 12 1 1 12 1 12 1 12 12 1 12 1 12 12 12 12 7 12 1 1 12 1 12 1 1 12 12 1 12 12 12 12 1 12 12 12 12 12 12 12 7 12 1 1 12 12 1 1 12 1 1 1 1 1 1 12 12 12 12 12 100 12 12 12 1 7 12 12 12 1 1 1 1 1 100 1 1 1 1 1 1 1 1 1 1 1 1 1 1 1 1 1 1 1 1 1 1 1 1 1 1 1 1 1 1 1 1 1 1 1 1 1 1 1 1 1 1 1 1 1 1 1 1 1 1 1
staticfield java/lang/Integer TYPE Ljava/lang/Class; java/lang/Class
staticfield java/lang/Integer digits [C 36
staticfield java/lang/Integer DigitTens [B 100
staticfield java/lang/Integer DigitOnes [B 100
staticfield java/lang/Integer sizeTable [I 10
ciMethod java/lang/Integer valueOf (I)Ljava/lang/Integer; 41 1 59276 0 -1
instanceKlass jdk/internal/reflect/GeneratedConstructorAccessor10
instanceKlass jdk/internal/reflect/GeneratedConstructorAccessor9
instanceKlass jdk/internal/reflect/GeneratedConstructorAccessor8
instanceKlass jdk/internal/reflect/GeneratedConstructorAccessor7
instanceKlass jdk/internal/reflect/GeneratedConstructorAccessor6
instanceKlass jdk/internal/reflect/SerializationConstructorAccessorImpl
instanceKlass jdk/internal/reflect/GeneratedConstructorAccessor5
instanceKlass jdk/internal/reflect/GeneratedConstructorAccessor4
instanceKlass jdk/internal/reflect/GeneratedConstructorAccessor3
instanceKlass jdk/internal/reflect/GeneratedConstructorAccessor2
instanceKlass jdk/internal/reflect/BootstrapConstructorAccessorImpl
instanceKlass jdk/internal/reflect/GeneratedConstructorAccessor1
instanceKlass jdk/internal/reflect/DelegatingConstructorAccessorImpl
instanceKlass jdk/internal/reflect/NativeConstructorAccessorImpl
ciInstanceKlass jdk/internal/reflect/ConstructorAccessorImpl 1 1 27 10 100 7 100 1 1 1 1 1 1 1 1 1 1 100 100 100 1 1 12 1 1 1 1 1 1
instanceKlass java/lang/reflect/Executable
instanceKlass java/lang/reflect/Field
ciInstanceKlass java/lang/reflect/AccessibleObject 1 1 430 10 9 10 10 10 10 100 10 10 9 100 10 11 7 100 10 7 100 10 10 7 10 10 100 10 100 10 10 10 10 10 10 10 10 10 10 8 100 10 10 8 10 10 8 8 8 8 8 8 100 10 10 9 10 10 10 18 10 10 10 11 100 100 8 10 10 10 8 10 8 10 10 100 8 10 11 10 10 10 9 100 10 7 10 10 10 10 10 10 10 10 10 10 9 10 8 10 8 10 9 100 10 7 10 10 7 9 7 7 1 1 1 1 1 1 1 1 1 1 1 1 1 1 1 1 1 1 100 1 1 1 1 1 1 1 1 1 1 1 1 1 1 1 1 1 1 1 1 1 1 1 1 1 1 1 1 1 1 1 1 1 1 1 1 1 1 1 7 100 1 1 1 1 1 1 1 1 1 1 1 1 1 1 1 1 1 1 1 1 1 1 1 1 1 1 1 1 1 1 1 1 1 1 1 1 1 1 1 1 1 1 1 1 1 1 1 1 1 1 100 1 1 1 1 1 1 1 1 1 1 1 1 1 1 7 12 100 12 12 12 7 12 100 12 12 12 12 1 12 12 1 1 12 1 1 12 12 1 12 12 1 12 1 7 12 12 12 12 12 12 12 12 1 1 12 1 12 12 1 1 1 1 1 1 1 12 12 12 12 12 7 12 1 15 16 15 16 12 12 12 1 1 1 12 12 1 12 1 12 1 1 12 12 12 12 12 12 1 12 1 12 12 12 12 12 12 12 12 12 100 12 1 100 12 1 12 12 1 1 1 7 12 1 12 1 1 1 1 1 1 1 1 1 1 1 1 1 1 1 1 1 1 1 1 1 1 1 1 1 1 1 1 1 1 1 1 1 1 1 1 1 1 1 1 1 1 1 1 1 1 1 10 10 1 1 1 1 1 1 1 1 1 1 1 1 1 1 1 1 1 1 1 1 1 1 1 1 1 7 12 12 1 1 100 1 1 100 1 1
staticfield java/lang/reflect/AccessibleObject reflectionFactory Ljdk/internal/reflect/ReflectionFactory; jdk/internal/reflect/ReflectionFactory
instanceKlass java/lang/reflect/Constructor
instanceKlass java/lang/reflect/Method
ciInstanceKlass java/lang/reflect/Executable 1 1 518 10 10 10 11 10 10 10 10 10 7 8 7 10 10 10 11 18 11 8 10 11 100 8 8 10 10 100 8 10 8 11 100 10 11 8 18 8 10 18 8 10 7 10 10 11 10 8 8 10 10 10 10 100 10 10 10 10 10 10 7 10 10 10 10 10 100 10 100 8 10 10 3 100 8 10 10 10 10 10 8 8 8 9 10 100 8 9 10 10 10 10 10 10 100 10 10 100 10 7 10 10 11 10 10 10 9 10 7 10 10 9 10 10 9 10 9 10 9 7 100 100 1 1 1 1 1 1 1 1 1 1 1 1 1 1 1 1 1 1 1 1 1 1 1 1 1 1 1 1 1 1 1 1 1 1 1 1 1 1 1 1 1 1 1 1 1 1 1 1 1 1 1 100 1 1 1 1 1 1 1 1 1 1 100 1 1 1 1 1 1 1 1 1 1 1 1 100 1 1 1 1 1 1 1 1 1 1 1 1 1 1 1 1 1 1 1 1 1 1 1 1 1 1 1 1 1 1 1 1 1 1 1 1 1 1 1 1 1 1 1 1 1 1 1 1 1 1 1 1 1 1 1 1 1 1 1 1 1 1 1 1 1 1 1 1 1 1 1 7 100 1 1 1 1 1 1 1 1 1 1 1 1 1 12 7 12 12 7 12 7 12 12 12 12 12 1 1 1 12 12 7 12 1 15 16 15 16 12 12 1 100 12 12 1 1 1 12 12 1 1 12 1 100 12 1 12 12 1 16 1 12 15 16 1 12 1 12 12 12 12 1 1 12 12 12 1 12 12 7 12 12 12 1 12 12 12 12 100 12 12 1 1 12 12 1 1 12 12 12 12 1 1 1 12 12 1 1 12 12 12 12 12 12 12 12 12 1 100 12 1 7 12 12 12 7 12 100 12 12 12 12 1 12 12 100 12 100 12 12 12 12 12 12 12 1 1 1 1 1 1 1 1 1 1 1 1 1 1 1 1 1 1 1 1 1 10 1 1 1 1 1 1 1 1 1 1 1 1 1 1 1 1 1 1 10 1 1 1 1 1 1 1 1 1 1 1 1 1 1 1 1 1 1 1 1 1 1 1 1 1 1 1 1 1 1 1 1 1 1 1 100 1 1 1 1 1 1 1 1 1 1 1 1 1 1 7 12 12 1 1 1 100 1 1 100 1 1
ciInstanceKlass java/lang/reflect/Constructor 1 1 422 10 10 9 10 10 10 9 10 9 9 9 9 9 9 9 9 100 8 10 7 10 9 10 10 10 10 10 7 100 8 10 10 10 10 10 100 10 7 10 10 10 10 10 10 10 10 10 100 8 10 10 100 8 10 10 10 10 10 10 10 9 10 10 10 100 8 10 11 10 10 10 9 10 10 10 10 10 10 10 10 10 100 8 10 10 10 10 10 10 10 11 9 10 10 7 1 1 1 1 1 1 1 1 1 1 1 1 1 1 1 1 1 1 1 1 1 1 1 1 1 1 1 1 1 1 1 1 1 1 1 1 1 1 1 1 1 1 1 1 1 1 1 1 1 1 1 1 1 1 1 1 1 1 1 1 1 1 1 1 1 1 1 1 1 1 1 1 1 1 1 1 1 1 1 1 1 1 1 1 1 1 1 1 1 1 1 1 1 1 1 1 1 1 1 1 100 1 100 100 100 1 1 1 1 1 1 1 1 1 7 1 1 1 1 1 1 1 1 1 1 1 1 1 1 1 1 1 1 1 1 1 1 1 1 1 1 1 1 1 1 1 1 1 1 1 1 100 12 100 12 12 12 12 100 12 12 12 12 12 12 12 12 12 12 12 1 1 12 1 12 12 7 12 7 12 12 12 12 1 1 1 12 12 12 12 1 7 12 12 7 12 12 100 12 12 12 12 12 1 1 12 1 1 12 12 12 12 12 12 12 12 12 12 12 1 1 12 12 12 12 12 12 7 12 12 12 12 12 12 12 12 12 1 1 12 12 12 12 100 12 100 12 100 12 100 12 12 1 1 1 1 1 1 1 1 1 1 1 1 1 1 1 1 1 1 1 1 1 1 1 1 1 1 1 1 1 1 1 1 1 1 1 1 1 1 1 1 1 1 1 1 1 1 1 1 1 1 1 1 1 1 1 1 1 1 1 1 1 1 1 1 100 1 1 1 1 1 1 1 1 1
ciInstanceKlass java/util/concurrent/atomic/AtomicInteger 1 1 181 10 9 9 9 10 10 10 10 10 10 11 10 11 10 10 10 10 10 10 10 10 10 10 10 10 10 7 8 10 7 100 1 1 1 5 0 1 1 1 1 1 1 1 1 1 1 1 1 1 1 1 1 1 1 1 1 1 1 1 1 1 1 1 1 1 1 1 1 1 1 1 1 1 1 1 1 1 1 1 1 1 1 1 1 1 1 1 1 1 1 1 1 1 1 1 1 1 1 1 1 1 1 1 1 1 1 1 1 1 1 1 1 1 1 1 12 12 12 12 7 12 12 12 12 12 12 100 12 12 100 12 100 12 12 12 12 12 12 12 12 12 12 12 12 12 1 12 1 1 1 1 1 1 1 1 1 1 1 1 1 1 1 1 1 1 1 1 1 1 1 1 1 1 1 1 1 1 1 1 1
staticfield java/util/concurrent/atomic/AtomicInteger U Ljdk/internal/misc/Unsafe; jdk/internal/misc/Unsafe
staticfield java/util/concurrent/atomic/AtomicInteger VALUE J 12
ciMethod java/util/concurrent/atomic/AtomicInteger get ()I 1857 1 232 0 0
ciInstanceKlass java/lang/String 1 1 996 10 8 9 9 9 10 10 10 9 10 7 10 10 10 10 10 100 8 10 10 9 9 8 10 10 10 10 10 10 10 10 10 10 10 10 10 10 10 7 10 10 100 10 10 10 10 10 10 10 10 10 10 10 10 10 10 10 10 10 10 10 10 7 7 10 10 11 11 10 10 10 10 10 10 9 11 10 10 10 10 10 10 10 10 10 10 10 10 10 10 10 10 10 10 10 10 10 10 10 10 10 10 10 10 10 10 10 10 10 10 10 10 10 10 10 11 10 10 10 10 10 10 100 10 7 10 10 10 10 10 8 10 10 100 3 3 7 10 10 10 10 10 11 7 10 10 100 10 10 10 11 11 11 7 10 10 10 10 10 10 10 10 10 10 10 10 10 10 10 10 10 10 10 10 7 3 10 8 10 18 11 3 18 18 8 10 11 10 10 10 10 11 100 100 10 100 10 10 100 10 10 10 7 10 10 10 10 8 10 10 10 8 8 10 10 10 10 10 10 10 100 10 8 10 10 10 8 8 8 10 10 10 10 10 10 8 8 10 8 8 8 8 8 10 10 10 8 7 10 10 10 10 10 10 10 10 7 9 7 10 100 100 100 100 1 1 1 1 1 1 1 1 1 1 1 1 1 5 0 1 1 1 1 1 1 1 1 1 3 1 3 1 1 1 1 1 1 1 1 1 1 1 1 1 1 1 1 1 1 1 1 1 1 100 1 1 1 1 100 1 1 1 1 1 1 1 1 1 1 7 1 1 1 7 1 1 1 100 1 1 1 1 1 1 1 1 1 1 1 1 1 1 1 1 1 1 1 1 1 1 1 1 1 1 1 1 1 1 1 1 1 1 1 1 1 1 1 1 1 1 1 1 1 1 1 1 1 1 1 1 1 1 100 1 1 1 1 1 1 1 1 1 1 1 1 1 1 1 1 1 1 1 1 1 1 1 1 1 1 1 1 1 1 1 1 1 1 1 1 1 1 1 1 1 1 1 1 1 1 1 1 1 1 1 1 1 1 1 1 1 1 1 1 1 1 1 1 1 1 1 1 1 1 1 1 1 1 1 1 1 1 1 1 1 1 1 1 1 1 1 1 1 1 1 1 1 1 1 1 100 1 1 1 100 1 1 1 1 1 1 1 1 1 1 1 1 1 1 1 1 100 1 1 1 1 1 1 1 1 1 1 1 1 1 1 1 1 1 1 1 1 1 100 1 1 100 1 1 1 1 1 1 1 1 1 1 1 1 1 1 1 1 1 1 1 1 1 1 1 1 1 1 1 1 1 1 1 1 100 1 1 1 1 1 1 1 1 1 1 1 1 1 1 1 1 1 1 1 100 1 1 1 1 1 1 7 1 1 1 1 1 1 1 1 1 12 1 12 12 12 12 12 12 12 7 12 1 7 7 12 12 12 12 1 12 7 12 12 12 12 12 12 12 12 12 12 12 12 12 12 1 12 12 1 12 12 12 12 100 12 12 12 12 12 12 12 12 12 12 1 1 12 12 12 12 12 12 12 12 12 7 12 12 12 12 12 12 12 12 12 12 12 12 12 12 12 12 12 12 12 12 12 12 12 12 12 7 12 12 12 12 7 12 12 12 12 7 12 12 7 12 1 1 12 12 12 1 12 1 1 12 12 12 12 7 12 12 12 1 12 12 100 12 12 12 1 12 7 12 12 12 12 12 12 12 12 12 12 12 12 1 12 1 12 1 15 16 15 16 12 12 15 12 15 12 1 100 12 12 12 12 100 12 1 1 1 12 1 100 12 1 1 12 1 12 12 1 12 12 1 1 12 12 12 7 12 100 12 7 12 1 1 12 12 1 1 1 12 12 12 12 1 1 1 1 1 1 1 12 12 12 1 1 12 12 100 12 12 12 12 12 12 1 12 1 1 1 1 1 1 1 1 1 1 1 1 1 1 100 1 1 1 1 1 1 1 1 1 1 1 1 1 1 1 1 1 1 1 1 1 1 1 1 1 1 1 1 1 1 1 1 1 1 1 1 1 1 1 1 1 1 1 1 1 1 1 1 1 1 1 1 1 1 1 1 1 1 1 1 1 1 1 1 1 1 1 1 1 1 1 1 1 1 1 1 1 1 1 1 1 1 1 1 1 1 1 1 1 1 1 1 1 1 10 10 1 1 1 1 10 1 10 1 1 1 1 1 1 1 1 1 1 1 1 1 1 1 1 1 1 1 1 1 1 1 1 1 1 1 1 1 1 1 1 1 1 1 100 12 12 12 12 1 1 1
staticfield java/lang/String COMPACT_STRINGS Z 1
staticfield java/lang/String serialPersistentFields [Ljava/io/ObjectStreamField; 0 [Ljava/io/ObjectStreamField;
staticfield java/lang/String CASE_INSENSITIVE_ORDER Ljava/util/Comparator; java/lang/String$CaseInsensitiveComparator
ciMethod java/lang/String valueOf (Ljava/lang/Object;)Ljava/lang/String; 1 1 5122 0 -1
ciInstanceKlass java/util/concurrent/locks/Lock 1 0 19 100 100 1 1 1 1 100 1 1 1 1 1 1 1 1 1 1 1
ciMethod java/util/concurrent/locks/Lock lock ()V 0 0 1 0 -1
ciMethod java/util/concurrent/locks/Lock unlock ()V 0 0 1 0 -1
ciInstanceKlass java/lang/Math 1 1 381 10 10 10 10 10 10 10 7 6 0 6 0 10 10 10 10 10 10 10 10 10 10 10 10 100 3 3 3 10 100 5 0 5 0 5 0 5 0 5 0 9 10 100 8 10 8 10 10 100 5 0 5 0 100 3 5 0 3 5 0 10 10 10 9 9 10 7 6 0 10 9 100 10 10 100 10 10 10 10 10 10 6 0 10 10 10 10 7 4 10 10 10 10 10 10 10 10 10 10 10 5 0 6 0 4 6 0 4 6 0 4 10 9 10 9 10 4 6 0 100 7 1 1 1 1 1 6 0 1 6 0 1 1 1 1 1 1 1 1 1 1 1 1 1 1 1 1 1 1 1 1 1 1 1 1 1 1 1 1 1 1 1 1 1 1 1 1 1 1 1 1 1 1 1 1 1 1 1 1 1 1 1 1 1 1 1 1 1 1 1 1 1 1 1 1 1 1 1 1 1 1 1 1 1 1 1 1 1 1 1 1 1 1 1 1 1 1 1 1 1 1 1 1 1 1 1 1 1 1 1 1 1 1 1 1 1 1 1 1 1 1 1 1 1 1 1 1 1 1 1 1 1 1 1 1 1 1 1 1 1 1 1 1 1 1 1 1 1 1 1 1 1 1 1 1 1 1 1 1 12 7 12 12 12 12 12 12 1 12 12 12 12 12 12 12 12 12 12 12 12 1 12 1 12 7 12 1 1 12 1 12 12 1 1 12 12 12 12 12 12 1 12 12 1 12 1 12 12 12 12 12 12 12 12 12 12 1 12 12 12 12 12 12 12 12 12 12 12 12 12 12 12 7 12 1 1 1 1 1 1 1 1 1 1 1 1 1 1 1 1 1 1 1 1 1 1 1 1 1 1
staticfield java/lang/Math negativeZeroFloatBits J -2147483648
staticfield java/lang/Math negativeZeroDoubleBits J -9223372036854775808
staticfield java/lang/Math $assertionsDisabled Z 1
ciMethod java/lang/Math max (JJ)J 2081 1 7079 0 -1
ciInstanceKlass java/lang/StackTraceElement 1 1 224 10 10 9 9 9 9 8 10 7 9 8 9 9 9 8 10 10 7 10 10 8 10 10 8 8 8 10 8 8 10 8 8 7 10 10 10 10 9 10 10 7 10 10 10 10 10 10 10 10 10 7 100 7 1 1 1 1 1 1 1 1 1 1 1 1 1 1 1 1 1 1 1 3 1 3 1 1 5 0 1 1 1 1 1 1 1 1 1 1 1 1 1 1 1 1 1 1 1 1 1 1 1 1 1 1 1 1 1 1 1 1 1 1 1 1 1 1 7 100 7 100 1 1 1 1 1 1 1 1 1 1 1 1 1 100 1 1 1 1 1 1 1 1 1 1 12 12 12 12 12 12 1 100 12 1 12 1 12 12 12 1 12 12 1 12 1 12 12 1 1 1 12 1 1 12 1 1 1 12 12 12 12 12 12 12 1 12 7 12 7 12 12 12 12 12 12 1 1 1 1 1 1 1 1 1 1 1 1 1 1 1 1 1 1 1 1 1 1 1 1 1 1 1
ciInstanceKlass java/lang/ThreadGroup 1 1 289 10 9 8 9 7 9 9 10 10 10 10 10 9 10 10 9 10 9 9 10 100 10 10 10 9 10 10 9 10 10 10 10 10 10 10 10 10 10 10 100 10 10 10 7 10 7 10 9 10 8 10 10 10 10 11 100 9 100 10 8 10 10 8 10 10 10 10 8 10 8 10 8 7 100 1 1 1 1 1 1 1 1 1 1 1 1 1 1 1 1 1 1 1 1 1 1 1 1 1 1 1 1 1 1 1 1 1 1 1 1 1 1 1 1 1 1 1 1 1 1 1 100 1 1 1 1 1 1 100 1 1 1 1 1 1 1 1 1 1 1 1 1 1 1 1 1 1 1 1 1 1 1 1 1 1 1 1 1 1 1 1 1 1 1 1 1 1 1 1 1 1 1 100 1 1 1 1 1 1 1 1 1 1 1 1 1 12 12 1 12 1 12 12 12 12 12 12 12 12 12 12 12 100 12 12 12 7 12 12 7 12 12 12 12 12 12 12 12 12 12 12 12 12 12 12 1 12 12 1 12 12 12 12 1 12 12 12 12 1 12 1 1 12 12 1 12 12 12 100 1 1 12 1 1 1 1 1 1 1 1 1 1 1 1 1 1 1 1 1 1 1 1 1 1 1 1 1 1 1 1 1 1 1 1 1 1 1 1
instanceKlass java/lang/InternalError
instanceKlass java/lang/StackOverflowError
instanceKlass java/lang/OutOfMemoryError
ciInstanceKlass java/lang/VirtualMachineError 1 1 34 10 10 10 10 100 100 1 1 1 5 0 1 1 1 1 1 1 1 1 1 1 1 1 1 1 1 1 12 12 12 12 1 1
ciInstanceKlass java/lang/OutOfMemoryError 1 1 26 10 10 100 100 1 1 1 5 0 1 1 1 1 1 1 1 1 1 1 1 1 12 12 1 1
ciInstanceKlass java/lang/ArithmeticException 1 1 26 10 10 100 100 1 1 1 5 0 1 1 1 1 1 1 1 1 1 1 1 1 12 12 1 1
ciInstanceKlass java/lang/NullPointerException 1 1 26 10 10 100 7 1 1 1 5 0 1 1 1 1 1 1 1 1 1 1 1 1 12 12 1 1
ciInstanceKlass java/lang/Class 1 1 1512 10 9 9 7 10 10 8 10 8 8 10 10 10 10 10 10 10 10 10 10 10 8 10 8 8 10 11 18 11 8 8 8 10 11 7 8 11 7 10 11 8 18 8 10 10 10 10 10 9 10 10 10 18 10 7 10 10 10 100 10 9 7 100 8 10 10 10 10 7 10 7 100 10 10 10 100 10 10 10 9 10 10 10 9 10 10 7 10 10 10 10 9 8 10 10 10 10 10 10 9 10 7 10 10 10 10 10 10 10 10 10 10 10 10 10 10 10 10 10 10 10 100 8 10 10 100 10 100 11 10 10 10 10 10 10 8 10 10 8 9 10 10 10 10 100 9 10 9 10 10 10 8 10 10 10 10 100 10 10 10 10 10 10 10 7 10 10 10 10 10 10 10 10 10 7 10 10 11 10 10 10 10 10 10 7 10 10 10 100 100 10 10 10 10 10 10 10 10 11 10 10 9 10 9 7 10 9 10 7 10 9 10 10 10 10 10 10 10 8 10 10 9 9 10 7 9 10 10 7 10 10 10 10 9 10 9 10 10 9 9 10 10 9 7 10 10 7 10 7 11 9 9 100 10 9 9 10 10 9 7 10 10 10 10 10 10 10 9 10 10 10 10 8 7 10 7 8 18 8 10 9 9 10 7 9 7 10 7 10 10 7 9 8 10 7 10 10 9 100 8 10 7 4 10 10 11 10 100 10 10 8 8 10 9 11 7 11 9 10 10 10 9 9 10 10 10 10 10 11 11 11 11 100 11 10 10 100 11 10 10 10 11 11 7 10 10 9 9 10 10 10 10 100 10 10 10 8 10 8 8 11 10 10 10 8 10 7 9 100 100 100 100 100 100 1 1 1 7 1 1 1 1 1 3 1 3 1 3 1 1 1 1 1 1 1 1 1 1 1 1 1 1 1 1 1 1 1 1 1 1 1 1 1 1 1 5 0 1 1 1 1 1 1 1 1 1 1 1 1 1 1 1 100 1 1 1 1 1 1 1 1 1 1 1 1 1 1 1 1 1 1 1 1 1 1 1 1 1 1 1 1 100 1 1 1 1 1 1 1 100 1 1 1 1 1 1 100 1 1 1 1 1 1 1 1 1 100 1 1 1 1 1 1 1 1 1 7 1 1 1 1 1 1 1 1 1 1 1 1 1 1 1 1 1 1 1 1 1 1 1 1 1 1 1 1 1 1 1 1 1 1 1 1 1 7 1 1 1 1 1 1 1 1 100 1 1 1 1 1 1 1 1 1 1 1 1 1 1 1 1 1 1 1 1 1 1 1 1 1 1 1 1 1 1 1 1 1 1 1 1 1 1 1 1 100 100 1 1 1 1 1 1 1 1 1 1 1 1 1 1 100 1 1 1 1 1 1 1 1 1 1 1 1 1 1 1 1 1 1 1 1 1 1 1 1 1 1 1 1 1 1 1 1 1 1 1 1 1 1 1 1 1 1 1 1 1 1 1 1 1 1 1 1 1 1 1 100 1 1 1 1 1 1 1 1 1 100 100 100 1 1 1 1 1 1 1 1 1 1 1 1 1 1 1 1 1 1 1 1 1 1 1 1 1 1 1 1 1 1 1 1 1 1 1 1 1 1 1 1 1 1 1 1 1 1 1 1 1 1 1 1 1 1 1 1 1 1 1 1 1 1 1 1 1 1 1 1 1 1 1 1 1 1 1 1 1 1 1 1 1 1 7 1 1 1 1 1 1 1 1 1 1 1 1 1 1 1 1 1 1 1 1 1 1 1 1 1 1 1 1 1 1 1 1 1 1 1 1 1 1 1 1 1 1 1 1 1 100 1 1 1 1 1 1 7 1 1 1 1 1 1 1 1 1 1 1 1 1 1 1 1 1 1 1 1 1 1 1 1 1 1 1 1 1 1 1 1 1 1 1 1 1 1 1 1 7 1 1 1 1 1 1 1 1 1 1 1 1 1 1 1 1 1 1 1 1 1 1 1 1 1 1 1 1 1 1 1 1 1 1 12 12 12 1 12 1 12 1 1 12 12 12 12 12 12 7 12 12 12 12 1 12 1 1 12 7 12 1 15 16 15 16 12 12 1 1 1 7 12 12 1 1 12 1 12 1 15 16 1 12 7 12 12 12 7 12 7 12 12 7 12 12 16 15 16 12 7 12 1 12 12 7 1 12 12 1 1 1 12 12 12 12 1 12 1 1 12 12 1 100 12 12 12 12 12 12 12 12 12 1 12 12 12 12 1 12 12 12 12 12 12 12 7 12 12 12 12 12 12 12 12 12 12 12 12 12 12 12 12 12 1 1 12 1 12 1 12 100 12 12 12 12 12 1 12 12 1 12 12 12 12 12 1 12 12 12 12 12 1 12 12 12 12 1 12 12 12 12 12 12 12 1 12 12 12 12 12 12 12 1 100 12 12 12 12 7 12 12 12 1 12 12 1 1 12 12 12 12 12 12 100 12 7 12 12 12 12 12 12 1 12 12 1 12 12 100 12 12 12 100 12 12 12 12 1 12 12 12 12 12 1 12 12 12 1 12 12 100 12 100 12 12 12 12 12 12 12 12 12 12 12 1 12 1 12 7 12 12 1 12 12 12 12 12 12 1 12 12 12 12 12 12 12 12 12 1 7 1 15 16 1 12 12 12 12 1 12 1 1 1 12 7 12 12 1 12 12 12 1 1 1 12 12 12 1 12 1 1 12 12 12 1 12 12 100 12 7 12 12 12 12 12 12 12 12 12 12 12 12 1 12 100 12 12 1 12 100 12 12 12 12 1 12 12 12 100 12 12 100 12 12 12 1 12 100 12 12 1 12 1 1 100 12 100 12 12 12 1 12 1 12 1 1 1 1 100 1 1 1 100 1 1 1 1 1 1 1 1 1 1 1 1 1 1 1 1 1 1 1 1 1 1 1 1 1 10 10 1 1 1 1 1 1 1 1 1 1 1 11 1 1 1 1 1 1 1 1 1 1 1 1 1 1 1 1 1 1 1 1 1 1 1 1 1 1 1 1 1 1 1 1 1 1 1 1 1 1 1 1 1 1 1 1 1 1 1 1 1 1 1 1 1 1 1 1 1 1 1 1 1 1 1 1 1 1 1 1 1 1 1 1 1 1 1 1 1 1 1 1 1 1 1 1 1 1 1 1 1 1 1 1 1 1 1 1 1 1 1 1 1 1 1 1 1 1 1 1 1 1 1 1 1 1 1 1 1 1 1 1 1 1 1 1 1 1 1 1 1 1 1 1 1 1 1 1 1 1 1 1 1 1 10 1 1 1 1 1 1 1 1 1 1 1 1 1 1 1 1 1 1 1 1 1 1 1 1 1 1 1 1 1 1 1 1 1 1 1 1 1 1 1 1 1 1 1 1 1 1 1 1 1 1 1 1 1 1 1 1 7 12 12 12 12 1 1 100 1 1 100 1 1
staticfield java/lang/Class EMPTY_CLASS_ARRAY [Ljava/lang/Class; 0 [Ljava/lang/Class;
staticfield java/lang/Class serialPersistentFields [Ljava/io/ObjectStreamField; 0 [Ljava/io/ObjectStreamField;
ciInstanceKlass java/lang/Long 1 1 510 7 100 7 7 10 9 9 10 10 10 10 10 10 10 10 5 0 5 0 7 10 10 10 10 10 10 10 10 10 10 10 10 10 10 10 10 10 10 10 10 7 5 0 5 0 9 9 5 0 100 8 10 8 10 8 8 10 5 0 10 5 0 10 10 10 100 11 100 10 11 10 8 10 8 100 10 10 8 8 11 10 10 10 5 0 5 0 9 10 10 8 8 10 8 8 8 8 8 8 10 10 10 10 9 10 10 10 100 100 10 10 10 10 10 10 10 10 5 0 5 0 5 0 10 5 0 5 0 10 10 10 10 10 8 10 9 7 100 100 100 7 1 1 1 1 1 1 5 0 1 1 1 1 1 1 1 3 1 3 1 5 0 1 1 1 1 1 1 1 1 1 1 1 1 1 100 1 1 1 1 1 1 1 1 1 1 1 1 1 1 1 1 1 1 1 1 1 1 1 1 1 1 1 1 1 1 1 1 1 1 1 1 1 1 1 1 1 1 1 1 1 1 1 1 1 1 1 1 1 1 1 1 1 1 1 1 1 1 1 1 1 1 1 1 1 1 1 1 1 1 1 1 1 1 1 1 1 1 1 1 1 1 1 1 1 1 1 1 1 1 1 1 1 1 1 1 1 1 1 1 100 1 1 1 1 1 1 1 1 1 1 1 1 1 1 1 1 1 1 1 1 1 1 1 1 1 1 1 1 1 1 1 1 1 1 100 1 1 1 1 1 1 100 1 1 1 1 1 1 1 1 1 1 12 12 12 100 12 12 100 12 12 12 12 12 1 12 12 12 12 12 12 100 12 12 12 12 12 12 100 12 12 12 12 12 12 12 1 12 12 1 1 12 1 12 1 1 12 12 12 12 100 12 1 1 12 1 12 1 1 12 12 1 1 12 12 12 12 12 12 12 1 1 12 1 1 1 1 1 1 12 12 12 12 12 12 100 12 1 1 12 12 12 12 12 12 12 12 12 12 100 12 12 12 1 7 12 12 1 1 1 1 1 1 100 1 1 1 1 1 1 1 1 1 1 1 1 1 1 1 1 1 1 1 1 1 1 1 1 1 1 1 1 1 1 1 1 1 1 1 1 1 1 1 1 1 1 1 1 1 1 1 1 1 1 1 1 1 1 1 1 1 1 1 1 1 1 1 1
staticfield java/lang/Long TYPE Ljava/lang/Class; java/lang/Class
ciInstanceKlass java/lang/Short 1 1 186 7 100 10 10 100 100 10 8 10 8 10 10 10 10 10 10 9 10 10 10 8 8 10 9 10 10 10 10 10 3 3 5 0 10 8 10 9 7 100 7 1 1 1 1 1 3 1 3 1 1 1 1 1 1 1 3 1 3 1 1 5 0 1 1 1 1 1 1 1 1 1 1 1 1 1 1 1 1 1 1 1 1 1 1 1 1 1 1 1 1 1 1 1 1 1 1 1 1 1 1 1 1 1 1 1 1 1 1 1 1 1 1 1 1 1 1 1 1 1 1 1 1 1 1 1 1 1 1 1 1 1 1 1 1 1 1 100 12 12 1 1 12 1 12 1 12 12 12 12 12 12 12 12 12 12 1 1 12 12 12 12 12 12 12 1 7 12 12 1 1 1 1 1 1 1 1 1 1 1 1 1 1 1 1 1
staticfield java/lang/Short TYPE Ljava/lang/Class; java/lang/Class
ciInstanceKlass java/lang/Byte 1 1 178 7 10 9 10 100 100 10 8 10 8 10 10 10 10 10 10 10 10 8 8 10 9 10 10 10 10 10 5 0 10 8 10 9 7 100 7 1 1 1 1 1 3 1 3 1 1 1 1 1 1 1 3 1 3 1 1 5 0 1 1 1 1 1 1 1 1 1 1 1 1 1 1 1 1 1 1 1 1 1 1 1 1 1 1 1 1 1 1 1 1 1 1 1 1 1 1 1 1 1 1 1 1 1 1 1 1 1 1 1 1 1 1 1 1 1 1 1 1 1 1 1 1 1 1 1 1 1 1 1 100 12 12 12 1 1 12 1 12 1 12 12 12 12 12 12 12 12 1 1 12 12 12 12 12 12 12 1 7 12 12 1 1 1 1 1 1 1 1 1 1 1 1 1 1 1 1 1
staticfield java/lang/Byte TYPE Ljava/lang/Class; java/lang/Class
ciInstanceKlass java/lang/Double 1 1 282 7 100 10 10 10 100 10 10 6 0 8 10 8 10 8 6 0 10 100 5 0 5 0 8 8 10 10 8 10 8 8 8 10 10 10 10 10 10 10 10 6 0 6 0 6 0 10 9 10 10 10 10 5 0 10 10 10 10 10 10 8 10 9 7 100 100 100 1 1 1 1 1 6 0 1 1 1 6 0 1 1 3 1 3 1 3 1 3 1 1 1 1 1 1 1 5 0 1 1 1 1 1 1 1 1 1 1 1 1 1 1 1 100 1 1 1 1 100 1 1 1 1 1 1 1 1 1 1 1 1 1 1 1 1 1 1 1 1 1 1 1 1 1 1 1 1 1 1 1 1 1 1 1 1 1 1 1 1 1 1 1 1 1 1 1 1 1 1 1 1 1 1 1 1 1 1 1 1 1 1 1 1 100 1 1 1 1 1 1 1 100 1 1 1 1 1 1 1 7 12 12 12 1 12 7 12 1 12 1 12 1 12 1 1 1 100 12 12 1 12 1 1 1 12 12 12 12 12 12 12 12 12 12 12 12 12 12 12 12 100 12 12 12 1 7 12 12 1 1 1 1 1 1 100 1 1 1 1 1 1 1 1 1 1 1 1 1 1 1 1 1 1 1 1 1 1 1 1 1 1 1
staticfield java/lang/Double TYPE Ljava/lang/Class; java/lang/Class
ciInstanceKlass java/lang/Float 1 1 220 7 100 10 10 4 100 10 10 8 8 10 10 10 10 4 4 4 10 9 10 10 10 10 10 10 3 10 10 10 10 10 10 8 10 9 7 100 100 100 1 1 1 1 1 4 1 1 1 4 1 1 3 1 3 1 3 1 3 1 1 1 1 1 1 1 5 0 1 1 1 1 1 1 1 1 1 1 1 1 1 7 1 1 1 1 1 1 1 1 1 1 1 1 1 1 1 1 1 1 1 1 1 1 1 1 1 1 1 1 1 1 1 1 1 1 1 1 1 1 1 1 1 1 1 1 1 1 1 1 1 1 1 1 1 1 1 1 1 1 1 1 1 1 1 1 100 1 1 1 1 1 1 1 7 1 1 1 1 1 1 1 7 12 100 12 1 12 12 1 1 100 12 12 12 12 12 12 12 12 12 12 12 12 12 12 100 12 12 12 1 7 12 12 1 1 1 1 1 100 1 1 1 1 1 1 1 1 1 1 1 1 1 1 1 1 1 1 1 1
staticfield java/lang/Float TYPE Ljava/lang/Class; java/lang/Class
ciInstanceKlass java/lang/Character 1 1 554 7 100 10 9 9 10 10 10 10 10 10 3 3 3 3 3 10 10 3 11 11 10 10 100 10 10 3 10 10 10 100 8 7 10 10 10 10 10 10 10 10 10 10 10 10 10 10 10 10 10 10 10 10 10 10 10 10 10 10 10 10 10 10 10 10 10 10 10 10 10 10 10 10 10 10 10 10 10 5 0 10 10 10 10 10 10 10 10 10 10 9 100 10 10 10 3 10 10 10 100 10 10 10 10 8 10 9 10 10 10 10 10 10 10 10 10 100 8 10 10 8 10 9 100 100 7 1 1 100 1 100 1 100 1 1 1 1 3 1 3 1 1 3 1 3 1 1 1 1 1 1 1 3 1 1 3 1 3 1 3 1 3 1 3 1 3 1 3 1 3 1 3 1 3 1 3 1 3 1 3 1 3 1 3 1 3 1 3 1 3 1 3 1 3 1 3 1 3 1 3 1 3 1 3 1 3 1 3 1 3 1 1 1 1 1 1 1 1 1 1 1 1 1 1 1 1 1 1 1 3 1 1 1 1 1 1 1 3 1 1 3 1 1 1 1 1 3 1 1 1 5 0 1 1 1 1 1 1 1 1 1 1 1 1 1 1 1 1 1 1 1 1 1 1 1 1 1 1 1 1 1 1 1 1 1 1 1 1 1 1 1 1 1 1 1 1 1 1 1 1 1 1 1 1 1 1 1 1 1 1 1 1 1 1 1 1 1 1 1 1 1 1 1 1 1 1 1 1 1 1 1 1 1 1 1 1 1 1 1 1 1 1 1 1 1 1 1 1 1 1 1 1 1 1 1 1 1 1 1 1 1 1 1 1 1 1 1 1 1 1 1 1 1 1 1 1 1 1 1 1 1 1 1 1 1 1 1 1 1 1 1 1 1 1 1 1 1 1 100 1 1 1 1 1 1 1 1 1 1 1 1 1 12 12 12 12 12 12 12 12 12 12 12 7 12 12 12 12 1 12 12 12 12 1 1 1 100 12 12 12 12 12 12 12 12 7 12 12 12 12 12 12 12 12 12 12 12 12 12 12 12 12 12 12 12 12 12 12 12 12 12 12 12 12 12 12 12 1 12 12 100 12 12 12 1 12 12 12 1 12 100 12 12 12 12 12 12 12 1 1 12 7 12 1 12 12 1 1 1 1 1 1 1 1 1 1 1 1 1 1 1 1 1 1 1 1 1 1 1 1 1 1 1 1 1 1 1 1 1 1 1 1 1 1 1 1 1 1 1 1 1 1 1
staticfield java/lang/Character TYPE Ljava/lang/Class; java/lang/Class
staticfield java/lang/Character $assertionsDisabled Z 1
ciInstanceKlass java/lang/Boolean 1 1 128 10 9 10 10 8 10 9 9 8 10 7 10 10 100 100 10 10 8 10 9 7 100 100 1 1 1 1 1 1 1 1 1 1 1 1 5 0 1 1 1 1 1 1 1 1 1 1 1 1 1 1 1 1 1 1 1 1 1 1 1 1 1 1 7 1 1 1 1 1 1 1 1 1 1 1 100 1 1 1 1 1 1 1 1 1 1 1 1 1 1 1 1 1 12 12 12 12 1 12 12 12 1 12 1 12 7 12 1 1 12 12 1 7 12 12 1 1 1 1 1 1 1 1 1 1 1 1
staticfield java/lang/Boolean TRUE Ljava/lang/Boolean; java/lang/Boolean
staticfield java/lang/Boolean FALSE Ljava/lang/Boolean; java/lang/Boolean
staticfield java/lang/Boolean TYPE Ljava/lang/Class; java/lang/Class
ciMethod java/lang/Boolean valueOf (Z)Ljava/lang/Boolean; 3169 1 50735 0 -1
ciInstanceKlass java/lang/LiveStackFrameInfo 0 0 97 10 9 9 9 9 9 100 10 10 8 10 100 8 8 8 10 100 10 100 10 100 100 100 1 1 1 1 1 1 1 1 3 1 3 1 1 1 1 1 1 1 1 1 1 1 1 1 1 1 1 1 1 1 1 1 1 1 100 1 1 1 1 1 1 1 1 1 1 12 12 12 12 12 12 1 12 12 1 12 1 1 1 1 1 12 1 12 1 1 1 1 1 1 1 1 1
instanceKlass java/lang/LiveStackFrameInfo
ciInstanceKlass java/lang/StackFrameInfo 0 0 140 10 9 9 100 9 9 9 11 9 11 10 10 10 11 11 11 10 10 10 10 11 10 9 10 100 8 10 10 100 100 1 1 1 3 1 1 1 1 1 1 1 1 1 1 1 1 1 1 1 1 1 1 1 100 1 1 1 1 1 1 1 1 1 1 1 1 1 1 1 1 1 1 1 1 1 100 100 1 1 1 1 1 12 12 12 1 12 12 12 100 12 12 12 12 100 12 12 12 12 12 12 12 12 12 12 12 12 12 1 1 12 100 12 1 1 1 1 1 1 1 1 1 1 1 1 1 1 1 1 1 1 1 1 1 1 1 1 1 1
ciInstanceKlass java/lang/StackWalker 1 1 235 9 10 7 10 10 11 10 10 7 10 100 8 10 10 10 10 9 9 9 9 10 9 10 11 100 8 10 10 9 10 10 10 18 100 8 10 10 10 9 11 10 7 7 1 1 1 100 1 1 1 1 1 1 1 1 1 1 1 1 1 1 1 1 1 1 1 1 1 1 1 1 1 1 1 1 1 1 1 1 1 1 1 1 1 1 1 1 1 1 1 100 1 1 1 1 1 1 1 1 1 1 1 1 1 1 1 1 1 1 1 1 1 1 1 1 1 1 1 1 1 1 1 1 1 1 1 1 1 1 12 7 12 1 7 12 12 7 12 12 12 1 12 1 1 12 12 12 12 12 12 12 12 12 12 7 12 12 1 1 12 12 12 7 12 100 12 1 15 16 15 16 12 1 1 12 7 12 12 100 12 12 1 1 1 1 1 1 1 1 1 1 1 1 1 1 1 1 1 1 1 1 1 1 1 1 1 1 1 1 10 10 1 1 1 1 1 1 1 1 1 1 1 1 100 12 12 1 1 100 1 1 100 1 1
staticfield java/lang/StackWalker DEFAULT_EMPTY_OPTION Ljava/util/EnumSet; java/util/RegularEnumSet
staticfield java/lang/StackWalker DEFAULT_WALKER Ljava/lang/StackWalker; java/lang/StackWalker
ciInstanceKlass java/security/CodeSource 1 1 402 10 9 9 9 9 10 9 10 100 10 100 10 7 10 10 10 100 10 10 10 10 10 100 10 10 10 10 10 10 10 10 10 10 10 10 10 8 10 10 10 10 8 10 10 100 10 10 8 10 10 10 8 8 9 100 8 10 10 8 10 8 8 8 10 10 10 10 10 10 100 100 10 10 10 10 10 100 10 10 8 10 10 10 100 10 100 100 8 8 10 10 10 100 10 10 11 10 10 11 10 10 8 100 10 10 100 10 11 11 7 100 1 1 1 5 0 1 1 1 1 1 1 1 1 1 1 1 1 1 1 1 1 1 1 1 1 1 100 1 1 1 1 1 1 1 1 1 1 1 1 1 1 1 1 1 1 1 1 1 1 1 1 1 1 1 1 1 1 1 1 1 1 1 1 1 1 1 1 1 100 1 1 1 1 1 1 1 1 1 1 1 1 1 100 1 1 1 1 1 1 1 1 1 1 1 1 1 1 1 1 1 1 100 100 100 1 1 1 1 1 1 1 1 1 12 12 12 12 12 7 12 12 100 12 100 12 1 12 12 100 1 12 100 12 12 12 1 12 100 100 12 100 12 12 12 12 12 12 1 12 12 12 12 1 12 1 12 1 12 12 12 1 1 12 1 1 12 12 1 12 1 1 1 12 12 12 12 12 12 1 1 12 12 12 12 12 1 12 1 12 12 12 1 12 1 1 1 1 12 100 12 1 12 12 12 12 12 100 1 1 12 12 1 12 12 1 1 1 1 1 1 1 1 1 1 1 1 1 1 1 1 1 1 1 1 1 1 1 1 1 1 1 1 1 1 1 1 1 1 1 1 1 1 1 1 1 1 1 1 1 1 1 1 1 1 1 1 1 1 1 1 1 1 1 1 1 1 1 1 1 1 1 1 1 1 1 1 1 1 1 1
ciInstanceKlass jdk/internal/loader/ClassLoaders$PlatformClassLoader 1 1 57 8 10 9 11 10 100 10 100 7 1 100 1 1 1 1 1 1 1 1 1 1 1 1 1 1 1 1 1 1 1 1 1 1 1 100 1 12 12 100 12 7 12 1 12 1 1 1 1 1 1 1 1 1 1 1 1
ciInstanceKlass jdk/internal/loader/ClassLoaders$AppClassLoader 1 1 134 8 10 9 10 10 10 10 10 10 7 8 10 10 10 9 11 10 10 100 10 7 7 1 1 1 100 1 1 1 1 1 1 1 1 1 1 1 1 1 1 1 1 1 1 1 1 1 1 100 1 100 1 1 1 1 1 1 1 1 1 1 1 1 1 1 1 1 1 1 1 1 1 1 1 1 1 1 1 100 1 12 12 7 12 100 12 12 12 12 12 1 1 12 7 12 100 12 12 100 12 12 7 12 1 12 1 1 1 1 1 1 1 1 1 1 1 1 1 1 1 1 1 1 1 1 1 1 1 1 1 1 1 1
ciInstanceKlass jdk/internal/loader/ClassLoaders 1 1 143 10 9 9 9 7 11 100 11 11 10 10 100 100 10 9 8 10 7 10 7 10 10 7 10 8 10 8 8 7 10 7 100 1 1 1 1 1 1 1 1 1 1 1 1 1 1 1 1 1 1 1 1 1 1 1 1 1 1 1 1 1 1 1 100 1 1 1 1 1 1 1 1 1 1 1 1 12 12 12 12 1 100 12 1 12 12 100 12 100 12 1 1 7 12 12 1 7 12 1 12 1 12 12 1 12 1 7 12 1 1 1 12 1 1 1 1 1 1 1 1 1 1 1 1 1 1 1 1 1 1 1 1 1 1 1 1 1 1 1 1 1 1
staticfield jdk/internal/loader/ClassLoaders JLA Ljdk/internal/access/JavaLangAccess; java/lang/System$2
staticfield jdk/internal/loader/ClassLoaders BOOT_LOADER Ljdk/internal/loader/ClassLoaders$BootClassLoader; jdk/internal/loader/ClassLoaders$BootClassLoader
staticfield jdk/internal/loader/ClassLoaders PLATFORM_LOADER Ljdk/internal/loader/ClassLoaders$PlatformClassLoader; jdk/internal/loader/ClassLoaders$PlatformClassLoader
staticfield jdk/internal/loader/ClassLoaders APP_LOADER Ljdk/internal/loader/ClassLoaders$AppClassLoader; jdk/internal/loader/ClassLoaders$AppClassLoader
ciInstanceKlass java/util/jar/Manifest 1 1 323 10 7 10 9 7 10 9 9 10 10 10 10 10 11 11 10 10 100 100 10 8 10 10 10 10 11 100 10 10 11 11 11 11 100 100 8 10 11 7 8 10 10 10 10 8 10 10 11 10 10 10 8 10 9 8 10 8 8 7 10 10 10 100 8 10 8 10 10 8 10 10 10 10 11 10 10 10 100 7 10 11 10 11 10 7 100 1 1 1 1 1 1 1 1 1 1 1 1 1 1 1 1 1 1 1 1 1 1 1 1 1 1 1 1 1 1 1 1 1 1 1 1 1 1 1 1 1 1 1 1 1 1 1 1 1 1 1 1 1 1 1 100 100 1 1 1 1 1 1 1 1 1 1 1 1 1 1 1 1 1 1 1 1 1 1 1 1 100 100 1 1 1 1 1 1 1 1 1 1 1 1 1 1 1 1 12 1 12 1 12 12 12 12 12 12 12 7 12 12 7 12 1 1 1 12 12 12 12 1 12 12 12 100 12 12 12 1 1 1 12 1 1 12 12 12 12 1 12 12 12 12 12 1 12 100 12 1 12 1 1 1 12 12 12 1 1 12 1 12 1 12 7 12 12 12 12 12 7 12 12 1 1 12 12 12 1 1 1 1 1 1 1 1 1 1 1 1 1 1 1 1 1 1 1 1 1 1 1 1 1 1 1 1 1 1 1 1 1 1 1 1 1 1 1 1 1 1 1 1 1 1 1 1 1 1 1 1 1 1 1 1 1
ciInstanceKlass java/net/URL 1 1 721 10 10 10 9 9 10 10 10 9 10 8 10 7 10 10 8 10 9 7 8 10 10 8 9 10 9 10 10 9 9 8 9 10 8 9 10 10 10 10 10 10 8 10 10 10 8 9 8 10 10 100 10 10 10 100 8 10 10 8 10 10 10 10 10 10 8 10 7 10 10 10 9 10 9 10 10 10 10 10 10 7 10 10 10 100 10 10 8 9 10 10 9 10 100 10 10 10 10 10 10 10 10 10 10 10 9 9 100 8 10 10 9 10 8 10 8 10 10 8 8 10 100 10 10 10 7 7 10 9 10 8 10 7 10 10 8 8 9 10 10 10 10 10 11 10 10 9 10 10 10 8 10 7 100 10 8 8 10 8 8 8 10 100 10 9 10 10 10 10 10 10 10 10 10 10 10 10 10 10 10 100 8 10 10 10 8 7 10 7 10 7 10 7 7 10 9 9 7 10 10 100 1 1 1 1 1 1 1 5 0 1 1 1 1 1 1 1 1 1 1 1 1 1 1 1 1 1 1 1 1 1 1 1 1 1 1 1 1 1 1 1 1 1 1 1 1 1 1 1 1 1 1 1 1 1 1 1 1 1 1 1 1 1 1 1 1 1 1 1 1 1 1 1 1 1 1 1 1 1 1 1 1 1 1 1 1 1 1 100 1 1 1 1 1 1 1 1 1 1 1 1 1 1 1 1 1 1 1 1 1 1 1 1 1 1 1 1 1 1 1 1 100 100 1 1 1 1 1 1 1 1 1 1 1 1 1 1 7 1 1 1 1 1 1 1 1 1 1 1 1 1 1 100 7 1 1 1 1 1 1 1 1 1 1 1 1 1 1 1 1 1 100 1 1 100 1 1 100 1 1 1 1 1 1 1 1 1 1 1 1 1 1 1 1 1 1 1 1 1 1 12 12 12 12 12 100 12 12 12 12 12 1 12 1 12 1 12 12 1 1 12 12 1 12 12 12 12 12 12 12 1 12 12 1 12 12 7 12 12 12 12 12 1 12 12 12 1 12 1 12 12 1 12 12 12 1 1 12 1 12 12 12 12 12 12 1 12 1 7 12 12 100 12 12 12 12 12 12 12 12 12 1 12 1 12 12 1 12 100 12 12 100 12 12 1 12 12 12 12 100 12 12 12 7 12 12 12 12 12 1 1 12 12 12 1 7 12 1 12 12 1 1 12 1 100 12 12 12 1 1 12 12 1 12 1 7 12 1 100 12 12 12 12 12 7 12 12 12 12 12 12 100 12 12 12 1 1 12 12 1 12 12 12 12 12 12 12 12 12 12 12 12 12 12 1 1 12 1 1 1 1 1 1 12 7 12 12 1 7 12 1 1 1 1 1 1 1 1 1 1 1 1 1 1 1 1 1 1 1 1 1 1 1 1 1 1 1 1 1 1 1 1 1 1 1 1 1 1 1 1 1 1 1 1 1 1 1 1 1 1 1 1 1 1 1 1 1 1 1 1 1 1 1 1 1 1 1 1 1 1 1 1 1 1 1 1 1 1 1 1 1 1 1 1 1 1 1 1 1 1 1 1 1 1 1 1 1 1 1 1 1 1 1 1 1 1 1 1 1 1 1 1 1 1 1 1 1 1 1 1 1 1 1 1 1 1 1 1 1 1
staticfield java/net/URL defaultFactory Ljava/net/URLStreamHandlerFactory; java/net/URL$DefaultFactory
staticfield java/net/URL streamHandlerLock Ljava/lang/Object; java/lang/Object
staticfield java/net/URL serialPersistentFields [Ljava/io/ObjectStreamField; 7 [Ljava/io/ObjectStreamField;
ciInstanceKlass java/io/ByteArrayInputStream 1 1 96 10 9 9 9 9 10 10 10 10 10 10 7 7 1 1 1 1 1 1 1 1 1 1 1 1 1 1 1 1 1 1 1 1 1 1 1 1 1 1 1 1 1 1 1 1 1 1 100 1 1 1 1 1 1 1 1 1 1 1 1 1 1 12 12 12 12 12 7 12 7 12 7 12 7 12 12 100 12 1 1 1 1 1 1 1 1 1 1 1 1 1 1 1 1 1
ciInstanceKlass jdk/internal/module/Modules 1 1 483 10 9 11 11 11 11 11 11 11 11 10 10 18 10 100 10 10 10 10 11 10 10 10 10 9 10 10 10 100 100 11 10 11 10 10 10 10 10 11 18 11 10 11 100 11 11 11 10 10 18 11 18 11 10 18 18 10 9 11 100 10 11 11 100 11 10 100 10 10 10 11 10 100 10 18 10 100 8 10 10 18 11 11 10 10 10 18 10 10 7 10 10 100 1 1 1 1 1 1 1 1 1 1 1 1 1 1 1 1 1 1 1 1 1 1 1 1 1 1 1 1 1 1 1 1 1 1 1 1 1 1 1 1 1 1 1 1 1 1 1 1 1 1 1 1 1 1 1 1 7 100 100 1 1 1 1 1 1 1 1 1 1 1 1 1 1 1 1 1 1 1 1 1 1 1 1 1 1 1 1 1 1 1 100 100 100 100 100 100 100 100 1 1 1 1 1 1 100 1 1 1 1 1 1 1 1 1 1 100 1 1 1 1 1 1 1 1 1 12 12 7 12 12 12 12 12 12 12 12 12 100 12 1 15 16 15 16 12 100 12 1 100 12 100 12 12 12 12 12 12 12 12 12 100 12 1 1 12 100 12 12 12 12 100 12 12 12 12 16 15 16 12 12 100 12 100 12 1 12 12 12 12 100 12 16 15 16 12 12 16 15 16 12 12 12 15 16 15 16 12 12 12 1 12 12 1 12 1 12 12 12 12 12 1 15 16 12 12 1 1 12 12 15 16 12 12 12 15 12 1 12 7 12 1 1 1 1 1 1 1 1 1 1 1 1 1 1 1 1 1 1 1 1 10 1 10 1 1 1 1 1 1 1 1 1 1 1 1 1 1 1 1 1 1 1 1 1 1 1 1 1 1 1 1 1 1 1 1 1 1 1 1 1 1 1 10 1 1 1 1 1 1 1 1 1 1 1 1 1 1 1 1 1 1 1 1 10 1 1 1 1 1 1 10 1 1 1 1 1 1 10 1 10 1 1 1 1 1 1 1 1 1 1 1 1 1 10 1 1 1 1 1 10 1 1 10 1 1 1 1 1 100 12 12 12 12 12 12 12 12 12 1 1 100 1 1 1 1 1 100 1 1
staticfield jdk/internal/module/Modules JLA Ljdk/internal/access/JavaLangAccess; java/lang/System$2
staticfield jdk/internal/module/Modules $assertionsDisabled Z 1
ciInstanceKlass jdk/internal/misc/Unsafe 1 1 1241 10 9 9 10 10 10 10 10 10 10 10 10 10 10 10 10 10 10 10 10 100 10 10 10 5 0 10 10 10 10 10 10 10 10 10 100 10 10 10 10 10 10 10 10 10 10 10 10 10 10 5 0 5 0 5 0 10 10 10 100 10 10 10 10 10 10 10 10 10 100 10 10 10 10 8 10 8 8 10 9 9 9 9 9 9 9 9 10 10 10 10 5 0 5 0 9 10 10 10 10 10 8 3 10 10 10 10 10 10 10 10 10 10 10 10 10 10 10 10 10 10 10 10 10 10 10 10 10 10 10 10 10 10 10 10 10 10 10 10 10 10 10 10 10 10 10 10 10 10 10 10 10 10 10 10 10 10 10 10 10 10 10 10 10 10 10 10 10 10 10 10 10 10 10 10 10 10 10 10 10 10 10 10 10 10 10 10 10 10 10 10 10 10 10 10 10 10 10 10 100 10 100 10 9 5 0 10 5 0 10 5 0 10 10 10 10 10 10 10 10 10 10 10 10 10 10 10 10 10 10 10 10 10 10 10 10 10 10 10 10 10 10 10 5 0 5 0 5 0 10 10 10 10 10 8 100 11 8 11 10 10 10 10 10 10 10 10 10 10 10 10 7 10 7 10 9 7 9 7 9 7 9 7 9 7 9 7 9 7 9 7 9 10 9 9 9 9 9 9 9 9 9 10 10 10 7 1 1 1 1 1 3 1 1 1 1 1 1 1 1 1 1 1 1 1 1 1 1 1 1 1 1 1 1 1 1 1 1 1 1 1 1 1 1 1 1 1 1 1 1 1 1 1 1 1 1 1 1 1 1 1 1 1 1 1 1 1 1 1 1 1 1 1 1 1 1 1 1 1 1 1 1 1 1 1 1 1 1 1 1 1 1 1 1 1 1 1 1 1 1 1 1 1 1 1 1 1 1 1 1 1 1 1 1 1 1 1 1 1 1 1 1 1 1 1 1 1 1 1 1 1 7 1 1 1 1 1 1 1 1 1 1 1 1 1 1 1 1 1 1 1 1 1 1 1 1 1 1 1 1 1 1 1 1 1 1 1 1 1 1 1 1 1 1 1 1 1 1 1 1 1 1 1 1 1 1 1 1 1 1 1 1 1 1 1 1 1 1 1 1 1 1 1 1 1 1 1 1 100 1 1 1 1 1 1 1 1 1 1 1 1 1 1 1 1 1 1 1 1 1 1 1 1 1 1 1 1 1 1 1 1 1 1 1 1 1 1 1 1 1 1 1 1 1 1 1 1 1 1 1 1 1 1 1 1 1 1 1 1 1 1 1 1 1 1 1 1 1 1 1 1 1 1 1 1 1 1 1 1 1 1 1 1 1 1 1 1 1 1 1 1 1 1 1 1 1 1 1 1 1 1 1 1 1 1 1 1 1 1 1 1 1 1 1 1 1 1 1 1 1 1 1 1 1 1 1 1 1 1 1 1 1 1 1 1 1 1 1 1 1 1 1 1 1 1 1 1 1 1 1 1 1 1 1 1 1 1 1 1 1 1 1 1 1 1 1 1 1 1 1 1 1 1 1 1 1 1 1 1 1 1 1 1 1 1 1 1 1 1 1 1 1 1 1 1 1 1 1 1 1 1 1 1 1 1 1 1 1 1 1 1 1 1 1 1 1 1 1 1 1 1 1 1 1 1 1 1 1 1 1 1 1 1 1 1 1 1 1 1 1 1 1 1 1 1 1 1 1 1 1 1 1 1 1 1 1 1 1 1 1 1 1 1 1 1 1 1 1 1 1 1 1 1 1 1 1 1 1 1 1 1 1 1 1 1 1 1 1 1 1 1 1 1 1 1 1 1 1 1 1 1 1 1 1 1 1 1 1 1 1 1 1 1 1 1 1 1 1 1 1 1 1 1 1 1 1 1 1 1 1 1 1 1 1 1 1 1 1 1 1 1 1 1 1 1 1 1 1 1 1 1 1 1 1 1 1 1 1 1 1 1 1 1 1 1 1 1 1 1 1 1 1 1 1 1 1 1 1 1 1 1 1 1 1 1 1 1 1 1 1 1 1 1 1 100 1 1 1 1 1 1 3 1 1 1 1 1 1 1 1 1 1 1 1 1 1 1 1 1 1 1 1 1 12 12 12 12 7 12 12 12 12 12 12 12 12 12 12 12 12 12 12 12 12 1 12 12 12 12 12 12 12 12 12 12 12 1 12 12 12 12 12 12 12 12 12 12 12 12 12 12 12 12 1 12 12 12 12 12 12 12 12 1 12 12 12 1 12 1 1 12 7 12 100 7 7 100 7 100 12 12 12 12 12 12 12 12 12 12 1 12 12 12 12 12 12 12 12 12 12 12 12 12 12 12 12 12 12 12 12 12 12 12 12 12 12 12 12 12 12 12 12 12 12 12 12 12 12 12 12 12 12 12 12 12 12 12 12 12 12 12 12 12 12 12 12 12 12 12 12 12 12 12 12 12 12 12 12 12 12 12 12 12 12 12 12 12 12 12 12 12 12 12 12 12 12 12 12 12 12 12 12 12 12 12 12 1 1 12 12 12 12 12 12 12 12 12 12 12 12 12 12 12 12 12 12 12 12 12 12 12 12 12 12 12 12 12 12 12 12 12 12 12 12 12 100 12 1 1 12 1 12 12 12 12 12 12 12 12 12 12 12 12 12 1 1 12 12 12 1 12 1 12 1 12 1 12 1 12 12 12 12 12 12 12 12 12 12 12 12 12 12 12 12 1 1 1 1 1 1 1 1 1 1 1 1 1 1 1 1 1 1 1 1 1 1 1 1 1 1 1 1 1 1 1 1 1 1 1 1
staticfield jdk/internal/misc/Unsafe theUnsafe Ljdk/internal/misc/Unsafe; jdk/internal/misc/Unsafe
staticfield jdk/internal/misc/Unsafe ARRAY_BOOLEAN_BASE_OFFSET I 16
staticfield jdk/internal/misc/Unsafe ARRAY_BYTE_BASE_OFFSET I 16
staticfield jdk/internal/misc/Unsafe ARRAY_SHORT_BASE_OFFSET I 16
staticfield jdk/internal/misc/Unsafe ARRAY_CHAR_BASE_OFFSET I 16
staticfield jdk/internal/misc/Unsafe ARRAY_INT_BASE_OFFSET I 16
staticfield jdk/internal/misc/Unsafe ARRAY_LONG_BASE_OFFSET I 16
staticfield jdk/internal/misc/Unsafe ARRAY_FLOAT_BASE_OFFSET I 16
staticfield jdk/internal/misc/Unsafe ARRAY_DOUBLE_BASE_OFFSET I 16
staticfield jdk/internal/misc/Unsafe ARRAY_OBJECT_BASE_OFFSET I 16
staticfield jdk/internal/misc/Unsafe ARRAY_BOOLEAN_INDEX_SCALE I 1
staticfield jdk/internal/misc/Unsafe ARRAY_BYTE_INDEX_SCALE I 1
staticfield jdk/internal/misc/Unsafe ARRAY_SHORT_INDEX_SCALE I 2
staticfield jdk/internal/misc/Unsafe ARRAY_CHAR_INDEX_SCALE I 2
staticfield jdk/internal/misc/Unsafe ARRAY_INT_INDEX_SCALE I 4
staticfield jdk/internal/misc/Unsafe ARRAY_LONG_INDEX_SCALE I 8
staticfield jdk/internal/misc/Unsafe ARRAY_FLOAT_INDEX_SCALE I 4
staticfield jdk/internal/misc/Unsafe ARRAY_DOUBLE_INDEX_SCALE I 8
staticfield jdk/internal/misc/Unsafe ARRAY_OBJECT_INDEX_SCALE I 4
staticfield jdk/internal/misc/Unsafe ADDRESS_SIZE I 8
staticfield jdk/internal/misc/Unsafe BE Z 0
staticfield jdk/internal/misc/Unsafe unalignedAccess Z 1
ciInstanceKlass java/lang/StringBuilder 1 1 403 10 10 10 11 10 10 10 10 10 10 10 10 10 10 10 10 10 10 10 10 10 10 10 10 10 10 10 10 10 10 10 10 10 10 10 10 10 10 10 10 10 10 9 9 10 10 10 10 10 10 10 10 10 10 10 100 10 10 10 10 10 10 10 10 10 10 10 10 10 10 10 10 10 10 10 10 10 10 10 10 10 10 10 10 10 10 10 10 10 10 10 10 10 10 10 10 10 10 10 10 10 10 7 10 7 100 100 100 1 1 1 5 0 1 1 1 1 1 1 1 1 1 1 1 1 1 1 1 1 1 1 1 1 1 1 1 1 1 1 1 1 1 1 1 1 1 1 1 1 1 1 1 1 1 1 1 1 1 1 1 1 1 1 1 1 1 1 1 1 1 1 1 1 1 1 1 1 1 1 1 1 1 1 1 1 1 1 1 1 1 1 1 1 1 1 1 1 1 1 1 7 1 1 1 1 1 100 1 1 1 100 1 1 1 1 1 1 1 1 1 1 1 1 1 1 1 1 1 1 1 1 1 1 1 1 1 1 1 1 1 1 1 1 1 1 1 1 1 1 1 1 1 1 1 1 1 1 1 1 1 1 1 1 1 1 1 1 1 1 1 1 12 12 12 12 12 12 12 12 12 12 12 12 12 12 12 12 12 12 12 12 12 12 12 12 12 12 12 12 12 12 12 12 12 12 12 12 12 12 12 12 12 12 7 12 100 100 12 12 12 12 12 100 12 12 12 12 12 12 12 12 12 12 12 12 12 12 12 12 12 12 12 12 12 12 12 12 12 12 12 12 12 12 12 12 12 12 12 12 12 12 12 12 12 12 12 12 12 12 12 1 12 1 1 1 1 1 1 1 1 1 1 1 1 1 1 1 1 1 1 1 1 1 1 1 1 1 1 1 1 1 1
instanceKlass java/lang/StringBuilder
instanceKlass java/lang/StringBuffer
ciInstanceKlass java/lang/AbstractStringBuilder 1 1 522 7 7 10 9 9 9 9 10 9 10 10 10 10 10 10 10 10 7 3 10 3 100 10 10 100 10 10 10 10 10 10 10 100 10 10 10 10 10 10 10 10 10 10 10 10 10 10 10 10 10 10 10 11 10 10 8 10 10 10 10 10 10 10 10 10 10 10 10 10 10 10 10 10 10 10 10 10 10 10 10 10 10 10 10 10 10 10 10 10 10 10 18 100 10 18 10 10 10 11 10 10 10 100 10 8 10 10 8 8 10 10 10 10 100 10 100 10 100 10 7 100 7 1 1 1 1 1 1 1 1 1 1 1 1 1 1 1 1 1 1 1 1 1 1 1 1 1 1 100 1 1 1 1 1 1 1 1 1 1 1 1 1 1 1 1 1 1 1 1 1 1 1 1 1 1 1 1 1 1 1 1 1 1 1 1 1 1 1 1 1 1 1 1 1 1 1 1 1 1 1 1 1 1 1 1 1 1 1 1 1 1 1 1 1 1 1 1 1 1 1 1 1 1 1 1 1 1 1 1 1 1 1 1 1 1 1 1 1 1 1 1 1 1 1 1 1 1 1 1 1 1 1 1 1 1 1 1 1 1 1 1 1 1 1 1 1 1 1 1 1 1 1 1 1 1 1 1 1 1 1 1 1 1 1 1 1 1 1 1 1 100 1 1 1 1 1 1 100 1 1 1 100 1 1 1 1 1 1 1 1 1 12 12 12 12 12 7 12 12 12 7 12 12 12 12 12 7 12 1 12 1 12 1 12 12 12 12 12 12 1 12 100 12 12 12 12 12 12 12 12 12 12 12 12 12 12 12 12 12 1 12 12 12 12 12 12 7 12 12 12 7 12 12 12 12 12 12 12 12 12 7 12 12 12 12 12 12 12 12 12 12 12 12 12 12 12 12 1 15 16 15 16 12 1 100 12 15 12 12 12 12 12 12 1 1 12 12 1 1 12 12 12 1 1 12 1 1 1 1 1 1 1 1 1 1 1 1 1 1 1 1 1 1 1 1 1 1 1 1 1 1 1 1 1 1 1 1 1 1 1 1 1 1 1 1 1 1 1 1 1 1 1 1 1 1 1 1 1 1 1 1 1 1 1 1 1 1 1 1 1 10 1 10 1 1 1 1 1 10 1 1 1 1 1 1 1 1 1 1 100 12 12 12 1 1 100 1 1 100 1 1
staticfield java/lang/AbstractStringBuilder EMPTYVALUE [B 0
ciInstanceKlass java/lang/StringBuffer 1 1 466 10 10 10 11 10 10 10 9 10 10 10 9 10 10 10 10 10 10 10 10 10 10 10 10 10 10 10 10 10 10 10 10 10 10 10 10 10 10 10 10 10 10 10 10 10 10 10 10 10 10 10 10 10 10 10 10 10 9 10 10 7 10 10 10 10 10 8 10 8 10 8 10 10 10 10 7 10 10 10 10 10 10 10 10 10 10 10 10 10 10 10 10 10 10 10 10 10 10 10 10 10 10 10 10 10 10 10 10 10 10 7 10 7 10 9 9 9 7 100 100 100 1 1 1 1 1 5 0 1 1 1 1 1 1 1 1 1 1 1 1 1 1 1 1 1 1 1 1 1 1 1 1 1 1 1 1 1 1 1 1 1 1 1 1 1 1 1 1 1 1 1 1 1 1 1 1 1 1 1 1 1 1 1 1 1 1 1 1 1 1 1 1 1 1 1 1 1 1 1 1 1 1 1 1 1 1 1 1 1 1 1 1 1 1 1 1 1 1 1 1 1 1 1 1 1 1 1 1 1 1 1 1 1 1 1 1 1 1 1 1 1 1 1 1 1 1 1 1 1 1 1 1 1 1 100 1 1 1 1 1 100 1 1 1 100 1 1 100 1 1 1 1 1 1 1 1 1 1 1 1 1 1 1 1 1 1 1 1 1 1 1 1 1 1 1 1 1 1 1 1 1 1 1 1 1 1 1 1 1 1 1 1 1 12 12 12 12 12 12 12 12 12 12 12 12 12 12 12 12 12 12 12 12 12 12 12 12 12 12 12 12 12 12 12 12 12 12 12 12 12 12 12 12 12 12 12 12 12 12 12 12 12 12 12 12 12 12 7 12 100 1 12 100 12 12 1 12 1 12 1 12 12 100 12 12 12 12 12 12 12 12 12 12 12 12 12 12 12 12 12 12 12 12 12 12 12 12 12 12 12 12 12 12 12 12 12 12 12 12 1 12 1 12 7 12 7 12 1 1 1 1 1 1 1 1 1 1 1 1 1 1 1 1 1 1 1 1 1 1 1 1 1 1 1 1 1 1 1 1 1 1 1 1 1 1
staticfield java/lang/StringBuffer serialPersistentFields [Ljava/io/ObjectStreamField; 3 [Ljava/io/ObjectStreamField;
ciInstanceKlass java/lang/AssertionStatusDirectives 0 0 24 10 100 100 1 1 1 1 1 1 1 1 1 1 1 1 1 1 1 1 1 12 1 1
ciInstanceKlass java/lang/invoke/VolatileCallSite 0 0 41 10 10 10 10 10 10 100 100 1 1 1 1 1 1 1 1 1 1 1 1 1 1 1 1 1 1 1 12 12 12 12 12 12 1 1 1 1 1 1 1
instanceKlass java/lang/invoke/VolatileCallSite
instanceKlass java/lang/invoke/MutableCallSite
instanceKlass java/lang/invoke/ConstantCallSite
ciInstanceKlass java/lang/invoke/CallSite 1 1 299 10 10 9 10 9 10 10 100 7 10 7 10 10 10 100 100 10 10 10 8 10 10 10 10 10 10 10 10 9 9 7 8 10 10 100 10 9 8 100 10 10 100 8 10 10 10 100 10 10 10 10 10 9 9 8 10 9 100 10 10 10 10 10 10 100 8 10 10 100 100 100 8 10 10 1 1 1 7 1 1 1 1 1 1 1 1 1 1 1 1 1 1 1 1 1 1 1 1 1 1 1 1 1 1 1 1 1 1 1 1 1 1 1 1 1 1 1 7 1 1 1 1 1 1 1 1 1 1 1 1 1 1 1 1 1 1 1 1 1 1 1 1 1 1 1 1 1 1 1 1 1 1 1 1 1 1 1 100 7 1 1 1 1 1 1 12 12 12 12 12 12 12 1 1 12 1 12 12 12 1 1 12 12 1 12 12 12 12 12 100 12 12 12 100 12 1 12 12 1 100 12 12 12 12 1 1 12 12 1 12 12 12 12 12 12 12 100 12 12 1 100 12 12 12 12 7 12 1 1 12 1 1 1 1 12 12 1 1 1 1 1 1 1 1 1 1 1 1 1 1 1 1 1 1 1 1 1 1 1 1 1 1 1 1 1 1 1 1 1 1 1 1 1 1 1 1 1 1 1 1 1 1 1 1 1 1 1 1 1 1 1 1 1 1 1 1 1 1
staticfield java/lang/invoke/CallSite $assertionsDisabled Z 1
ciInstanceKlass java/lang/invoke/MutableCallSite 0 0 67 10 10 9 10 10 10 9 10 10 100 10 100 100 1 1 1 1 1 1 1 1 1 1 1 1 1 1 1 1 1 1 1 1 1 1 1 1 1 100 1 1 1 1 12 12 12 12 12 12 12 12 100 12 1 12 1 1 1 1 1 1 1 1 1 1 1
ciInstanceKlass java/lang/invoke/ConstantCallSite 1 1 49 10 9 10 100 10 9 100 10 10 7 7 1 1 1 1 1 1 1 1 1 1 1 1 1 1 1 1 100 1 1 1 1 1 1 1 1 12 12 12 1 12 12 1 12 1 1 1 1
ciInstanceKlass java/lang/invoke/MethodHandleNatives$CallSiteContext 1 1 49 10 7 10 10 10 10 7 100 1 1 1 1 1 1 1 1 1 1 1 1 1 1 1 1 1 1 7 12 1 7 12 7 12 12 1 1 1 1 1 1 1 1 100 1 1 1 1 1
ciInstanceKlass java/lang/BootstrapMethodError 0 0 45 10 10 10 10 10 100 100 1 1 1 5 0 1 1 1 1 1 1 1 1 1 1 1 1 1 1 1 100 100 1 1 12 12 12 12 12 1 1 1 1 1 1 1 1
ciInstanceKlass java/lang/invoke/MethodType 1 1 784 7 10 9 9 9 10 9 8 10 10 9 9 10 100 10 8 10 10 10 100 8 10 100 10 10 10 10 11 9 11 7 7 10 10 9 10 10 10 10 10 10 9 7 10 100 10 10 10 10 10 10 10 10 10 8 8 10 9 100 10 10 10 10 10 10 10 10 10 8 10 10 10 10 10 10 10 10 10 9 10 10 10 10 9 7 10 10 10 10 10 10 7 10 10 10 100 8 8 8 10 10 10 10 11 11 10 9 10 10 10 10 10 10 10 10 10 10 10 10 9 7 10 10 10 10 10 10 10 8 10 11 9 10 10 10 10 10 100 10 11 18 11 18 11 100 11 10 100 10 10 10 10 10 10 10 9 9 10 9 10 10 7 10 7 7 9 100 100 100 1 1 100 1 1 1 1 5 0 1 1 1 1 1 1 1 1 1 1 1 1 1 1 1 1 1 1 1 3 1 3 1 3 1 1 1 1 1 1 1 1 1 1 1 1 1 1 1 1 1 1 1 1 1 1 1 1 1 1 1 1 1 1 1 1 1 1 1 1 1 1 1 1 1 1 1 1 1 1 1 1 1 1 1 1 1 1 1 1 1 1 1 1 1 1 1 1 1 1 1 1 1 1 1 1 1 1 1 1 1 1 1 1 1 1 1 1 1 1 1 1 1 1 1 1 1 1 1 1 1 1 1 1 1 1 1 1 1 1 1 1 1 1 1 1 1 1 1 1 1 1 1 1 1 1 1 1 1 1 1 1 1 1 1 1 1 1 1 1 1 1 1 1 1 1 1 1 1 1 1 1 1 1 1 1 1 1 1 1 1 1 1 1 1 1 1 1 1 1 1 7 1 1 1 1 1 1 1 1 1 1 1 1 1 1 1 1 1 1 1 1 1 1 1 100 1 1 1 1 1 1 1 1 1 1 1 100 100 1 100 100 1 1 1 1 1 1 1 1 1 1 1 1 1 1 1 1 1 1 100 1 1 1 100 1 1 1 100 100 1 1 1 1 1 1 1 1 1 1 1 1 1 1 1 1 1 1 1 1 1 1 12 12 12 12 7 12 7 12 1 100 12 12 7 7 12 1 1 12 12 12 1 1 12 1 12 12 12 12 12 12 1 7 12 12 12 12 12 12 7 12 12 12 12 1 12 1 12 12 7 12 12 12 12 12 12 12 1 1 12 12 1 12 12 12 12 100 12 12 12 1 12 7 12 12 12 12 12 12 12 12 12 12 12 12 12 1 12 7 12 12 7 12 1 1 12 12 12 1 1 1 1 12 12 12 12 12 100 12 12 12 12 12 12 12 12 12 12 12 12 12 12 1 12 12 12 12 12 12 12 1 7 12 12 12 12 12 12 12 100 12 1 12 100 12 1 15 16 15 16 12 12 16 15 16 12 12 1 100 12 12 1 12 100 12 12 12 100 12 12 100 12 12 100 12 12 12 12 1 1 1 12 1 100 1 1 1 1 1 1 1 1 1 1 1 1 1 1 1 1 1 1 1 1 1 1 1 1 1 1 1 1 1 1 1 1 1 1 1 1 1 1 1 1 1 1 1 1 1 1 1 1 1 1 1 1 1 1 1 1 1 1 1 1 1 1 1 1 1 1 1 1 1 1 1 1 1 1 1 1 1 1 1 1 1 1 1 1 1 1 1 1 1 1 1 1 1 1 1 1 1 1 1 1 1 10 10 1 1 1 1 10 1 1 1 1 1 1 1 1 1 1 1 1 1 1 1 1 1 1 1 1 100 12 12 12 1 1 100 1 1 100 1 1
staticfield java/lang/invoke/MethodType internTable Ljava/lang/invoke/MethodType$ConcurrentWeakInternSet; java/lang/invoke/MethodType$ConcurrentWeakInternSet
staticfield java/lang/invoke/MethodType NO_PTYPES [Ljava/lang/Class; 0 [Ljava/lang/Class;
staticfield java/lang/invoke/MethodType objectOnlyTypes [Ljava/lang/invoke/MethodType; 20 [Ljava/lang/invoke/MethodType;
staticfield java/lang/invoke/MethodType METHOD_HANDLE_ARRAY [Ljava/lang/Class; 1 [Ljava/lang/Class;
staticfield java/lang/invoke/MethodType serialPersistentFields [Ljava/io/ObjectStreamField; 0 [Ljava/io/ObjectStreamField;
staticfield java/lang/invoke/MethodType $assertionsDisabled Z 1
ciInstanceKlass java/lang/invoke/LambdaForm 1 1 1075 100 9 10 10 9 9 10 100 10 9 10 9 10 7 9 9 9 9 10 7 10 7 10 10 10 10 10 10 9 100 10 9 10 10 10 10 10 7 10 10 8 10 10 10 7 10 10 7 10 10 9 9 9 10 9 10 10 100 10 9 10 10 100 10 10 10 10 10 10 10 8 10 10 8 8 9 9 9 10 10 10 9 10 10 10 10 10 10 9 10 8 8 8 8 8 8 8 8 10 9 7 10 9 10 10 10 10 10 10 10 10 10 10 10 10 10 10 100 8 10 10 10 10 8 10 8 8 10 9 10 10 100 10 10 10 10 9 8 10 10 10 10 10 9 8 10 100 10 10 9 9 8 10 10 100 100 10 10 8 8 100 8 10 10 10 8 8 9 10 10 8 8 8 100 8 100 8 100 8 10 8 9 10 10 9 10 10 10 10 10 10 10 10 10 10 8 100 10 10 9 10 8 8 100 8 8 8 8 8 8 8 8 10 10 10 10 8 8 8 10 8 10 8 8 8 8 8 10 10 10 10 10 10 10 10 10 10 10 9 8 10 9 10 9 9 9 9 7 10 9 10 10 7 8 10 9 7 10 8 100 10 9 9 10 7 10 10 10 9 10 10 10 9 10 10 10 9 10 9 7 9 10 9 10 100 10 7 9 100 1 1 100 1 100 1 1 1 7 1 7 1 1 1 1 1 1 1 1 1 1 1 1 1 1 1 1 1 1 1 1 1 3 1 3 1 1 1 1 1 3 1 1 1 7 1 1 1 1 1 1 1 1 1 1 1 1 1 1 1 1 1 1 1 1 1 1 1 1 1 1 1 1 1 1 1 1 1 1 1 1 1 1 1 1 1 1 1 1 1 1 1 1 1 1 1 1 1 1 1 1 1 1 1 1 1 1 1 1 1 1 1 1 1 1 1 1 1 1 1 1 1 1 1 1 1 1 1 1 1 1 1 1 1 1 1 1 1 1 1 1 1 1 1 1 1 1 1 1 1 1 100 1 1 1 1 1 1 1 1 1 1 1 1 1 1 1 1 1 1 1 1 1 1 1 1 1 1 1 1 1 1 1 1 1 1 1 1 1 1 1 1 1 1 1 1 1 1 1 1 1 1 1 1 1 1 1 1 1 1 1 1 1 1 7 1 1 1 1 1 1 1 1 1 1 1 1 1 1 1 1 1 1 1 1 1 1 1 1 100 1 1 1 1 1 1 1 1 1 1 1 1 1 1 1 1 1 1 1 1 100 1 1 1 1 1 1 1 1 1 1 1 1 1 1 1 1 1 1 1 1 1 1 1 1 1 1 1 1 1 1 1 1 1 1 1 1 1 1 1 1 1 1 1 1 1 1 1 1 1 1 1 100 1 1 1 1 1 1 1 1 1 1 1 1 1 1 1 1 1 1 1 1 1 1 1 1 100 1 1 1 100 1 1 12 12 12 12 12 12 1 12 12 12 7 12 12 12 12 12 12 1 12 1 12 12 100 12 100 12 12 12 12 1 12 12 12 12 12 12 12 1 12 1 12 12 12 1 12 12 1 12 12 12 12 12 12 12 12 12 1 12 12 12 12 1 12 12 12 12 12 12 12 1 12 12 1 1 12 12 12 12 7 12 12 12 7 12 12 12 12 12 12 12 1 1 1 1 1 1 1 1 12 12 1 12 12 12 12 12 12 12 12 12 12 12 12 12 12 12 1 1 12 12 12 1 12 1 1 12 12 12 12 1 12 12 7 12 12 12 1 100 12 12 12 12 12 12 1 12 12 7 12 12 1 12 12 1 1 12 1 1 1 1 12 12 12 1 1 12 12 12 1 1 1 1 1 1 1 1 1 12 1 12 12 12 12 12 12 12 12 12 12 12 12 1 12 12 12 12 1 1 1 1 1 1 1 1 1 1 1 12 12 12 12 1 1 1 12 1 12 1 1 1 1 1 12 12 12 7 12 12 12 12 12 12 12 12 12 1 12 12 12 12 12 12 12 1 7 12 12 12 12 1 1 12 12 1 12 1 1 12 12 12 12 1 12 7 12 12 7 12 12 12 12 12 12 12 12 12 12 12 12 12 1 1 1 1 1 1 1 1 1 1 1 1 1 1 1 1 1 1 1 1 1 1 1 1 1 1 1 1 1 1 1 1 1 1 1 1 1 1 1 1 1 1 1 1 1 1 1 1 1 1 1 1 1 1 1 1 1 1 1 1 1 1 1 1 1 1 1 1 1 1 1 1 1 1 1 1 1 1 1 1 1 1 1 1 1 1 1 1 1 1 1 1 1 1 1 1 1 1 1 1 1 1 1 1 1 1 1 1 1 1 1 1 1 1 1 1 1 1 1 1 1 1 1 1 1 1 1 1 1 1 1 1 1 1 1 1 1 1 1 1 1 1 1 1 1 1 1 1 1 1 1 1 1 1 1 1 1 1 1 1 1
staticfield java/lang/invoke/LambdaForm COMPILE_THRESHOLD I 0
staticfield java/lang/invoke/LambdaForm INTERNED_ARGUMENTS [[Ljava/lang/invoke/LambdaForm$Name; 5 [[Ljava/lang/invoke/LambdaForm$Name;
staticfield java/lang/invoke/LambdaForm IMPL_NAMES Ljava/lang/invoke/MemberName$Factory; java/lang/invoke/MemberName$Factory
staticfield java/lang/invoke/LambdaForm LF_identity [Ljava/lang/invoke/LambdaForm; 6 [Ljava/lang/invoke/LambdaForm;
staticfield java/lang/invoke/LambdaForm LF_zero [Ljava/lang/invoke/LambdaForm; 6 [Ljava/lang/invoke/LambdaForm;
staticfield java/lang/invoke/LambdaForm NF_identity [Ljava/lang/invoke/LambdaForm$NamedFunction; 6 [Ljava/lang/invoke/LambdaForm$NamedFunction;
staticfield java/lang/invoke/LambdaForm NF_zero [Ljava/lang/invoke/LambdaForm$NamedFunction; 6 [Ljava/lang/invoke/LambdaForm$NamedFunction;
staticfield java/lang/invoke/LambdaForm createFormsLock Ljava/lang/Object; java/lang/Object
staticfield java/lang/invoke/LambdaForm DEBUG_NAME_COUNTERS Ljava/util/HashMap; null
staticfield java/lang/invoke/LambdaForm DEBUG_NAMES Ljava/util/HashMap; null
staticfield java/lang/invoke/LambdaForm TRACE_INTERPRETER Z 0
staticfield java/lang/invoke/LambdaForm $assertionsDisabled Z 1
ciInstanceKlass java/lang/invoke/MethodHandleNatives 1 1 660 100 10 9 10 100 10 10 10 10 8 8 8 8 8 8 8 8 8 8 7 10 7 10 10 7 10 10 8 10 8 10 8 10 9 8 10 100 10 100 100 8 7 7 10 10 7 9 10 10 10 7 10 10 10 10 10 9 8 10 8 10 8 8 8 100 10 8 10 10 10 100 8 10 7 8 10 8 8 8 8 8 10 10 10 10 10 7 10 100 100 10 10 8 8 10 10 10 8 10 8 8 10 10 100 10 7 9 10 10 10 9 10 9 9 10 10 10 7 7 10 10 10 10 10 8 10 10 10 10 10 10 100 8 10 9 10 10 100 10 10 100 100 10 10 100 100 10 100 10 10 10 10 10 10 10 10 10 10 10 10 8 100 10 10 10 10 10 10 7 10 10 10 10 1 1 7 1 1 1 1 1 1 1 1 1 1 1 1 1 1 1 1 1 100 1 1 1 1 1 1 1 1 1 1 1 1 1 1 1 1 1 1 1 1 1 1 1 1 1 1 1 1 1 1 1 1 1 1 1 1 1 1 1 1 1 1 1 1 1 1 1 1 1 1 1 1 1 100 1 1 1 1 1 1 1 1 1 1 1 1 1 1 1 1 1 1 1 1 1 1 7 1 1 1 1 1 1 1 1 1 1 1 1 1 1 1 1 1 1 1 1 1 1 1 1 1 1 1 1 1 1 1 1 1 1 1 1 1 1 1 1 1 1 7 1 1 1 1 1 1 1 1 1 1 1 1 100 1 1 1 1 1 1 1 1 1 1 1 1 1 1 7 1 1 1 1 1 1 1 1 1 1 1 1 1 1 100 1 1 1 1 1 1 1 1 1 1 1 1 1 1 1 1 12 12 12 1 12 12 12 1 1 1 1 1 1 1 1 1 1 1 12 1 12 12 1 12 1 12 1 12 1 12 100 12 1 100 12 1 12 1 1 1 1 1 12 1 7 12 12 12 12 1 12 7 12 12 12 12 12 1 12 1 12 1 1 1 1 12 1 12 12 100 12 1 100 12 1 1 12 1 1 1 1 1 12 12 12 12 12 1 12 1 1 12 12 1 1 12 12 1 100 12 1 1 12 12 1 12 1 12 7 12 12 12 12 12 12 12 12 12 1 1 12 12 12 7 12 12 1 12 12 12 12 7 12 12 1 1 12 12 12 1 12 12 1 1 1 1 1 12 12 12 12 12 12 12 12 12 1 1 12 12 12 12 12 12 1 12 12 12 1 1 1 1 1 100 1 1 1 1 1 1 1 1 1 1 1 1 1 1 1 1 1 1 1 1 1 1 1 1 1 1 1 1 1 1 1 1 1 1 1 1 1 1 1 1 1 1 1 1 1 1 1 1 1 1 1 1 1 1 1 1 1 1 1 1 1 1 1 1 1 1 1 1 1 1 1 1 1 1 1 1 1 1 1 1 1 1 1 1 1 1 1 1 1 1 1 1 1 1 1 1 1 1 1 1 1 1 1 1 1 1 1 1 1 1 1 1
staticfield java/lang/invoke/MethodHandleNatives $assertionsDisabled Z 1
ciInstanceKlass java/lang/invoke/ResolvedMethodName 1 1 16 10 100 100 1 1 1 1 1 1 1 1 1 12 1 1
ciInstanceKlass java/lang/invoke/MemberName 1 1 747 7 7 100 9 10 9 10 10 10 10 10 10 10 9 10 100 100 10 8 10 10 10 10 9 8 10 7 7 10 10 100 100 7 10 9 100 8 10 10 10 10 10 10 10 10 10 10 8 8 8 10 10 9 3 10 10 10 10 10 10 10 10 10 7 8 10 10 8 9 8 9 10 8 10 10 10 10 10 100 10 10 8 10 10 8 10 10 100 10 10 8 8 100 10 10 100 10 10 10 10 10 10 10 10 10 3 10 3 10 3 3 3 3 3 3 100 10 10 10 3 9 10 3 10 10 10 10 10 10 10 10 10 10 10 10 10 10 100 10 10 10 100 10 10 10 10 10 10 8 10 10 10 10 10 10 10 10 10 10 10 10 10 100 10 100 8 10 7 10 10 10 10 10 8 8 8 8 10 10 10 8 8 10 8 10 10 10 8 8 10 10 8 10 8 10 10 10 8 8 8 100 10 8 8 8 8 10 100 100 100 10 100 10 100 10 9 10 100 100 7 1 1 1 1 1 1 1 1 1 1 1 1 1 1 1 1 1 3 1 3 1 3 1 3 1 3 1 3 1 1 1 1 1 1 1 1 3 1 1 1 1 3 1 1 1 1 1 1 1 1 1 1 1 1 1 1 1 1 1 1 1 1 1 1 1 1 1 1 1 1 1 1 1 1 1 1 1 1 1 1 1 1 1 1 1 1 1 1 1 1 1 1 1 1 1 1 1 1 1 1 1 1 1 1 1 1 1 1 1 1 1 1 1 1 1 1 1 1 1 1 1 1 1 1 1 1 1 1 1 1 1 1 1 1 1 1 1 1 1 1 1 1 1 1 1 1 1 1 1 1 1 1 1 1 1 1 1 1 1 1 1 1 1 7 1 1 1 1 1 1 1 1 1 1 1 100 1 1 1 1 1 1 100 1 1 1 1 1 1 1 1 1 1 1 1 1 1 1 1 1 1 1 1 1 1 1 1 1 1 1 1 1 1 1 1 1 1 1 1 1 1 1 1 1 1 1 1 1 1 1 100 1 1 100 1 1 1 1 1 1 1 1 1 7 1 1 12 12 12 12 12 12 12 12 12 12 100 12 12 1 1 12 1 12 12 12 12 12 1 100 12 1 1 12 1 12 12 1 1 12 12 12 12 12 12 12 12 12 12 1 1 1 100 12 12 12 12 12 12 12 12 12 12 12 1 12 12 100 100 12 1 12 12 12 12 12 1 12 12 1 12 12 1 12 12 1 12 12 1 1 1 12 100 12 1 12 12 12 12 12 12 12 12 12 12 100 1 12 7 12 12 12 12 12 7 12 12 12 12 12 12 12 12 12 1 12 1 12 12 12 12 12 12 12 12 12 12 12 12 12 1 12 1 1 1 12 12 12 12 12 1 1 1 1 12 12 12 1 1 12 1 12 12 1 1 12 1 12 1 12 12 12 1 1 1 1 1 1 1 1 12 1 1 1 1 1 12 12 12 1 1 1 1 1 1 1 1 1 1 1 1 1 1 1 1 1 1 1 1 1 1 1 1 1 1 1 1 1 1 1 1 1 1 1 1 1 1 1 1 1 1 1 1 1 1 1 1 1 1 1 1 1 1 1 1 1 1 1 1 1 1 1 1 1 1 1 1 1 1 1 1 1 1 1 1 1 1 1 1 1 1 1 1 1 1 1 1 1 1 1 1 1 1 1 1 1
staticfield java/lang/invoke/MemberName $assertionsDisabled Z 1
ciInstanceKlass jdk/internal/reflect/CallerSensitive 1 1 17 100 100 100 1 1 1 1 1 1 1 1 1 1 1 1 1
instanceKlass jdk/internal/reflect/UnsafeQualifiedStaticFieldAccessorImpl
ciInstanceKlass jdk/internal/reflect/UnsafeStaticFieldAccessorImpl 1 1 47 10 9 10 9 7 8 11 10 7 1 1 1 1 1 1 1 1 1 1 1 1 1 1 1 12 12 7 12 12 1 7 12 7 12 1 1 1 1 1 1 1 1 1 1 1 1
instanceKlass jdk/internal/reflect/UnsafeFieldAccessorImpl
ciInstanceKlass jdk/internal/reflect/FieldAccessorImpl 1 1 59 10 100 7 100 1 1 1 1 1 1 1 1 1 1 100 1 1 1 1 1 1 1 1 1 1 1 1 1 1 1 1 1 1 100 1 1 1 1 1 1 1 1 1 1 1 1 1 1 1 1 1 1 12 1 1 1 1 1
instanceKlass jdk/internal/reflect/UnsafeObjectFieldAccessorImpl
instanceKlass jdk/internal/reflect/UnsafeStaticFieldAccessorImpl
ciInstanceKlass jdk/internal/reflect/UnsafeFieldAccessorImpl 1 1 254 10 9 10 10 9 10 9 10 10 9 10 10 10 10 100 10 10 10 8 10 10 100 8 10 8 10 8 10 100 10 10 8 10 8 10 8 10 8 10 8 10 8 10 8 10 8 10 8 10 10 8 8 8 8 8 8 10 8 8 8 10 10 7 7 1 1 1 1 1 1 1 1 1 1 1 1 1 1 1 1 7 1 1 1 1 1 1 1 1 1 1 1 1 1 1 1 7 100 1 1 1 1 1 1 1 1 1 1 1 1 1 1 1 1 1 1 1 1 1 1 1 1 1 1 1 1 1 1 1 1 1 1 1 1 1 1 1 12 12 12 7 12 12 7 12 12 12 12 12 12 12 7 12 12 1 12 12 1 12 1 1 12 1 12 1 12 1 12 1 12 1 100 12 1 100 12 1 100 12 1 100 12 1 100 12 1 100 12 1 100 12 1 100 12 12 1 1 1 1 1 1 12 1 1 1 12 12 1 1 1 1 1 1 1 1 1 1 1 1 1 1 1 1 1 1 1 1 1 1 1 1 1 1 1 1 1 1 1 1 1 1 1 1 1 1 1 1 1 1 1 1 1 1
staticfield jdk/internal/reflect/UnsafeFieldAccessorImpl unsafe Ljdk/internal/misc/Unsafe; jdk/internal/misc/Unsafe
ciInstanceKlass jdk/internal/reflect/ConstantPool 1 1 142 10 9 10 10 10 10 10 10 10 10 10 10 10 10 10 10 10 10 10 10 10 7 8 11 10 100 100 1 1 1 1 1 1 1 1 1 1 1 1 1 1 1 1 1 1 1 1 1 1 1 1 1 1 1 1 1 1 1 1 1 1 1 1 1 1 1 1 1 1 1 1 1 1 1 1 1 1 1 1 1 1 1 1 1 1 1 1 1 1 1 1 1 1 1 1 1 1 1 1 1 1 1 1 1 1 12 12 12 12 12 12 12 12 12 12 12 12 12 12 12 12 12 12 12 12 12 1 7 12 7 12 1 1 1 1 1 1 1 1 1 1
ciInstanceKlass jdk/internal/reflect/DelegatingClassLoader 1 1 18 10 100 7 1 1 1 1 1 1 1 1 1 1 1 12 1 1
ciInstanceKlass java/lang/reflect/Method 1 1 441 9 10 10 9 10 10 10 10 9 9 9 9 9 9 9 9 9 9 9 100 8 10 7 10 9 8 10 10 10 10 10 10 10 7 10 10 10 7 10 10 10 10 10 10 10 10 10 10 10 10 10 10 10 7 8 10 100 8 10 10 10 10 10 10 10 11 9 10 10 10 10 11 10 7 10 10 10 10 9 10 10 10 10 10 11 10 7 100 100 10 10 10 100 10 8 10 10 10 10 10 8 10 7 1 1 1 1 1 1 1 1 1 1 1 1 1 1 1 1 1 1 1 1 1 1 1 1 1 1 1 1 1 1 1 1 1 1 1 1 1 1 1 1 1 1 1 1 1 1 1 1 1 1 1 1 1 1 1 1 1 1 1 1 1 1 1 1 1 1 1 1 1 1 1 1 1 1 1 1 1 1 1 1 1 1 1 1 1 1 1 1 1 1 1 1 1 1 1 1 1 1 1 1 1 1 1 1 1 1 1 100 100 7 7 1 100 100 1 1 1 1 1 1 1 1 1 1 1 1 1 1 1 1 1 1 1 1 1 1 1 1 1 1 1 1 1 1 1 1 1 1 1 1 1 1 12 7 12 100 12 12 12 12 7 12 12 12 12 12 12 12 12 12 12 12 12 12 1 1 12 1 12 12 1 7 12 7 12 12 12 12 12 12 1 12 12 7 12 12 7 12 12 12 12 12 100 12 12 12 12 12 12 12 1 1 1 1 12 12 12 12 12 12 12 7 12 12 12 12 12 12 12 1 12 12 12 12 12 7 12 12 7 12 7 12 7 12 7 12 7 12 1 1 1 12 12 12 1 1 12 12 12 12 1 12 1 1 1 1 1 1 1 1 1 1 1 1 1 1 1 1 1 1 1 1 1 1 1 1 1 1 1 1 1 1 1 1 1 1 1 1 1 1 1 1 1 1 1 1 1 1 1 1 1 1 1 1 1 1 1 1 1 1 1 1 1 1 1 1 1 1 1 1 1 1 1 1 1 1 1
ciInstanceKlass java/lang/reflect/Parameter 0 0 226 10 9 9 9 9 100 10 10 10 100 10 10 11 10 10 10 10 10 8 8 10 10 10 10 8 10 9 10 9 10 10 10 10 10 10 10 10 11 10 100 10 10 10 10 10 9 100 10 11 11 100 100 1 1 1 1 1 1 1 1 1 1 1 1 1 1 1 1 1 1 1 1 1 1 1 1 1 1 1 1 1 1 1 1 1 1 1 1 1 1 1 100 100 1 1 1 1 1 1 1 1 1 1 1 100 1 1 1 1 1 1 1 1 1 1 1 1 1 1 1 1 1 1 1 1 1 1 100 1 1 1 12 12 12 12 12 1 12 12 100 12 1 12 12 12 100 12 12 12 12 1 1 12 12 12 12 1 12 12 12 12 12 12 12 12 12 100 12 12 100 12 12 1 100 12 12 12 12 12 12 1 12 12 1 1 1 1 1 1 1 1 1 1 1 1 1 1 1 1 1 1 1 1 1 1 1 1 1 1 1 1 1 1 1 1 1 1 1 1 1 1 1 1 1 1
ciInstanceKlass java/lang/reflect/Field 1 1 433 9 10 10 10 9 10 10 10 10 9 9 9 9 9 9 9 100 8 10 7 10 9 9 10 10 10 10 10 10 7 10 10 10 10 10 10 10 100 10 8 10 10 8 10 10 8 8 10 11 9 10 10 11 11 11 11 11 11 11 11 11 11 11 11 11 11 11 11 11 11 10 10 10 10 10 9 10 10 10 10 11 10 100 10 10 9 10 11 10 10 9 10 10 7 100 1 1 1 1 1 1 1 1 1 1 1 1 1 1 1 1 1 1 1 1 1 1 1 1 1 1 1 1 1 1 1 1 1 1 1 1 1 1 1 1 1 1 1 1 1 1 1 1 1 1 1 1 1 1 1 1 1 1 1 1 1 1 1 1 1 1 1 1 1 1 1 1 1 7 1 1 1 1 100 1 1 1 100 1 1 1 1 1 1 1 1 1 1 1 1 1 1 1 1 1 1 1 1 1 1 1 1 1 1 1 1 1 1 1 1 1 1 1 1 1 1 1 1 1 1 1 1 1 1 1 1 1 1 7 7 1 1 1 1 1 7 1 1 1 1 1 1 1 1 1 1 1 1 1 1 1 1 1 1 1 1 100 100 1 1 1 1 1 1 1 1 12 12 100 12 100 12 12 12 12 100 12 12 12 12 12 12 12 12 12 1 1 12 1 12 12 12 12 7 12 12 12 12 12 1 12 12 12 12 12 12 1 1 12 12 1 12 12 1 1 12 12 12 12 12 12 12 12 12 12 12 12 12 12 12 12 12 12 12 12 12 12 12 12 12 12 12 7 12 12 100 12 12 12 1 100 12 100 12 12 100 12 100 12 12 12 100 12 100 12 12 1 1 1 1 1 1 1 1 1 1 1 1 1 1 1 1 1 1 1 1 1 1 1 1 1 1 1 1 1 1 1 1 1 1 1 1 1 1 1 1 1 1 1 1 1 1 1 1 1 1 1 1 1 1 1 1 100 1 1 1 1 1 1 1 1 1
ciInstanceKlass java/lang/Module 1 1 907 10 9 10 9 9 9 10 10 10 10 7 10 10 7 11 7 10 10 9 10 10 8 10 10 10 9 11 9 10 9 10 10 100 100 10 10 8 10 10 10 10 10 10 9 10 10 9 10 10 9 11 7 10 9 9 10 7 7 10 100 8 10 10 10 8 10 10 10 10 8 8 10 10 10 18 10 11 9 11 10 100 8 10 7 10 10 11 11 9 11 10 10 9 10 10 10 10 18 11 10 11 10 11 4 10 7 10 11 7 10 11 7 10 7 8 10 10 7 10 10 7 7 10 9 100 10 11 10 10 10 11 7 10 11 10 11 10 10 10 10 10 10 10 10 18 11 11 18 10 10 10 7 10 10 10 9 7 10 10 10 10 10 10 10 10 10 9 18 10 7 100 8 10 10 10 100 10 100 8 100 10 100 100 3 10 100 10 10 10 100 10 10 100 100 10 8 10 10 10 10 10 10 10 100 10 10 10 100 8 10 10 8 10 8 10 10 10 8 10 7 10 10 10 11 100 7 1 1 1 1 1 1 1 1 1 1 1 1 1 1 1 1 1 1 1 1 1 1 1 1 1 1 1 1 1 1 1 1 1 1 1 1 1 1 1 1 1 1 1 1 1 1 7 1 1 1 1 1 1 1 1 1 1 100 1 1 1 1 1 1 1 1 1 1 1 1 1 1 1 1 1 1 1 1 1 1 1 1 1 1 1 1 1 1 1 1 1 1 1 1 1 1 1 1 1 1 1 1 1 1 1 1 1 1 1 1 1 1 1 1 100 1 1 1 1 1 1 1 1 1 1 1 1 1 1 1 1 1 1 1 1 100 1 1 1 1 1 1 1 1 1 1 1 1 1 1 1 1 1 1 1 1 1 1 1 1 1 1 1 1 1 1 1 7 7 7 7 7 1 1 1 1 1 1 1 1 1 1 1 1 1 1 1 1 1 1 1 1 100 1 1 1 1 1 1 1 1 1 1 1 1 1 1 1 1 1 1 1 1 100 1 1 1 1 1 1 1 1 1 1 1 1 1 100 100 1 100 1 1 1 1 1 100 1 1 1 1 1 1 1 1 1 1 1 1 1 1 1 1 1 7 1 1 1 1 1 1 1 1 1 12 12 12 12 12 12 12 12 12 12 1 7 12 12 1 12 12 7 12 100 12 12 12 1 12 12 12 12 12 12 7 12 12 7 12 12 1 1 12 1 12 12 12 12 12 12 12 12 12 12 12 12 12 12 1 12 12 12 12 1 1 12 1 1 12 12 1 12 12 12 12 1 1 12 12 12 1 15 16 15 16 12 12 12 12 12 7 12 1 1 1 12 12 12 12 12 12 12 12 12 12 7 12 16 15 16 12 12 100 12 12 12 12 12 1 12 1 12 1 7 12 100 1 1 1 12 12 1 12 12 1 1 12 12 1 12 12 12 12 1 12 12 12 12 12 12 12 12 12 12 12 16 15 16 12 12 12 15 16 12 12 12 12 1 12 12 12 12 1 12 12 12 12 12 12 12 16 15 16 12 100 12 1 1 1 12 12 12 1 12 1 1 1 1 1 12 1 12 12 12 1 12 12 1 1 12 1 12 12 7 12 12 12 12 12 1 12 12 1 1 12 100 12 1 12 1 12 12 12 1 1 12 12 12 1 1 1 1 1 1 1 1 1 1 1 1 1 1 1 1 1 1 1 1 1 1 1 1 1 1 1 1 1 1 1 1 1 1 1 1 1 1 1 1 1 1 1 1 1 1 1 1 1 1 1 1 1 1 1 1 1 1 1 1 10 10 1 1 1 1 1 1 1 1 1 1 1 1 1 1 1 1 10 1 1 1 1 1 1 1 1 1 1 1 1 1 1 1 1 1 1 1 1 1 1 1 1 1 1 1 1 1 1 1 1 1 1 10 1 1 1 1 1 1 10 1 1 1 1 1 1 10 1 1 1 1 1 1 1 1 1 1 1 1 1 1 1 1 1 1 1 1 1 1 1 1 1 1 1 1 1 1 1 1 1 1 1 1 1 1 7 12 12 100 12 12 12 1 1 100 1 1 1 100 1 1
staticfield java/lang/Module ALL_UNNAMED_MODULE Ljava/lang/Module; java/lang/Module
staticfield java/lang/Module ALL_UNNAMED_MODULE_SET Ljava/util/Set; java/util/ImmutableCollections$Set12
staticfield java/lang/Module EVERYONE_MODULE Ljava/lang/Module; java/lang/Module
staticfield java/lang/Module EVERYONE_SET Ljava/util/Set; java/util/ImmutableCollections$Set12
staticfield java/lang/Module $assertionsDisabled Z 1
instanceKlass org/springframework/beans/factory/support/ManagedProperties
instanceKlass java/security/Provider
ciInstanceKlass java/util/Properties 1 1 636 10 100 10 7 10 9 9 9 10 10 8 10 7 10 10 8 10 10 9 10 100 3 100 8 10 7 10 10 100 10 10 10 10 10 8 10 10 10 10 10 100 100 10 10 100 8 10 10 10 10 100 10 10 10 11 11 11 7 11 11 10 8 10 10 7 10 10 10 8 10 10 10 100 100 100 10 8 8 10 10 10 7 10 10 10 7 10 10 11 10 8 10 11 8 10 11 9 10 10 10 10 10 10 10 10 10 10 10 10 10 10 10 7 10 10 10 10 10 10 10 10 10 10 10 10 10 10 10 10 7 10 100 10 11 4 11 10 10 11 10 10 10 100 8 10 10 10 100 6 0 10 11 10 10 1 1 1 1 1 1 5 0 1 1 1 1 1 1 1 1 1 1 1 1 1 1 1 1 1 1 1 1 1 1 1 1 1 1 1 1 1 1 1 1 1 1 1 1 1 1 1 1 1 1 1 1 1 1 1 1 100 1 1 1 1 1 1 1 1 1 1 1 1 1 1 1 1 1 1 1 1 1 1 1 1 1 1 1 1 1 1 1 1 1 1 1 1 1 1 100 1 1 1 1 1 1 1 1 1 100 7 100 1 1 1 100 1 1 1 1 1 1 1 1 1 1 1 1 1 1 1 1 1 1 1 1 1 1 1 1 1 1 1 1 1 1 1 1 7 100 1 1 100 1 1 1 1 1 1 1 1 1 1 1 1 1 1 1 1 1 1 1 1 1 1 1 1 1 1 1 1 1 1 1 1 1 1 1 1 1 1 1 1 1 1 1 1 1 1 1 1 1 1 1 1 1 1 1 1 1 1 1 1 1 1 1 1 1 1 1 1 1 1 1 1 1 1 1 1 1 1 1 1 1 1 1 1 1 1 1 1 1 1 1 100 100 1 1 1 1 100 1 1 1 1 1 12 1 12 1 12 12 12 12 7 12 12 1 7 12 1 12 12 1 12 12 12 12 1 1 1 12 1 12 12 1 12 12 12 12 1 12 12 12 12 12 1 1 12 12 1 1 12 12 12 12 1 12 7 12 12 12 1 12 12 12 1 12 12 1 12 7 12 1 12 100 12 12 1 1 1 1 1 12 12 12 1 12 12 1 12 12 7 12 1 12 1 12 12 12 12 12 12 12 12 12 12 12 12 12 12 1 12 12 12 12 12 12 12 12 12 12 12 12 12 12 12 1 12 1 12 12 12 12 12 100 12 12 1 1 12 100 12 1 12 100 12 12 12 1 1 1 1 1 1 1 1 1 1 1 1 1 1 1 1 1 1 1 1 1 1 1 1 1 1 1 1 1 1 1 1 1 1 1 1 1 1 1 1 1 1 1 1 1 1 1 1 1 1 1 100 1 1 1 1 1 1 1 1 1 1 1 1 1 1 1 1 1 1 1 1 1 1 1 1 1 1 1 1 1 1 1 1 1 1
staticfield java/util/Properties UNSAFE Ljdk/internal/misc/Unsafe; jdk/internal/misc/Unsafe
staticfield java/util/Properties hexDigit [C 16
instanceKlass java/util/Hashtable
ciInstanceKlass java/util/Dictionary 1 1 36 10 100 7 1 1 1 1 1 1 1 1 1 1 1 1 1 1 1 1 1 1 1 1 1 1 1 1 1 1 1 1 1 12 1 1
instanceKlass javax/swing/UIDefaults
instanceKlass java/util/Properties
ciInstanceKlass java/util/Hashtable 1 1 488 100 10 9 100 100 10 8 10 10 10 10 10 8 10 9 7 9 7 4 10 9 4 10 11 10 10 9 10 100 10 9 10 9 10 10 3 9 9 3 10 10 10 11 11 11 11 7 11 11 10 10 10 9 9 9 10 100 100 10 10 8 10 10 8 10 8 10 7 10 10 100 10 10 7 10 100 10 10 7 11 11 100 10 10 10 11 100 10 11 11 10 10 10 10 10 10 10 100 10 10 8 10 10 100 11 10 10 10 7 100 100 1 1 1 1 1 1 1 1 1 1 1 1 1 1 1 1 1 1 1 5 0 1 1 1 1 1 1 1 1 1 1 3 1 3 1 3 1 1 1 1 1 1 1 1 1 1 1 1 1 1 1 1 1 1 1 1 1 1 1 1 1 1 1 1 1 1 1 1 1 1 1 1 1 1 1 100 1 1 1 1 1 7 1 1 1 1 1 1 1 1 1 1 1 1 1 1 1 1 1 1 1 1 1 1 1 1 1 7 1 1 1 1 1 1 1 1 1 1 1 1 1 1 1 1 1 100 1 1 1 1 1 1 1 1 1 1 1 1 1 1 1 1 1 1 1 1 1 1 1 1 1 1 1 1 1 1 100 1 1 1 1 1 1 1 100 1 1 1 1 1 1 1 1 1 1 1 1 1 100 1 1 1 1 1 1 1 1 1 1 1 1 1 1 1 100 1 1 1 100 100 1 1 1 1 1 1 100 1 1 1 1 1 1 1 1 1 1 12 12 1 1 1 12 12 12 12 7 12 1 12 12 1 12 1 7 12 12 12 12 12 12 12 12 1 12 12 12 12 12 12 12 12 12 12 12 7 12 12 12 1 12 12 12 12 12 12 12 12 1 1 12 1 12 1 1 7 12 1 12 12 1 12 12 1 1 12 1 12 12 1 100 12 12 1 12 12 12 12 12 12 12 12 100 12 1 12 1 12 100 12 1 100 12 12 12 1 1 1 1 1 1 1 1 1 1 1 1 1 1 1 1 1 1 1 1 1 1 1 1 1 1 1 1 1 1 1 1 1 1 1 1 1 1 1 1 1 1 1 1 1 1 1 1 1 1 1 1 1 1 1 1 1 1 1 1 1
ciInstanceKlass java/lang/ref/Finalizer 1 1 139 9 10 9 9 9 9 7 10 10 7 11 100 10 100 10 10 10 100 10 10 7 10 7 10 10 10 10 7 10 7 10 10 10 7 1 1 1 1 1 1 1 1 1 1 1 1 1 1 1 1 1 1 1 1 1 1 1 1 1 1 1 1 1 1 1 1 1 1 1 1 1 1 1 1 7 1 1 1 1 12 12 12 12 12 12 1 12 12 1 7 12 1 12 1 12 100 12 100 12 1 12 12 1 1 12 12 12 1 12 1 12 12 12 1 1 1 1 1 1 1 1 1 1 1 1 1 1 1 1 1 1 1 1 1 1 1 1 1
staticfield java/lang/ref/Finalizer lock Ljava/lang/Object; java/lang/Object
instanceKlass java/lang/ref/Finalizer
ciInstanceKlass java/lang/ref/FinalReference 1 1 36 10 100 8 10 100 7 1 1 1 1 1 1 1 1 1 1 1 1 1 1 1 1 1 1 1 1 1 1 12 1 1 12 1 1 1
ciInstanceKlass java/lang/IllegalMonitorStateException 1 1 26 10 10 100 100 1 1 1 5 0 1 1 1 1 1 1 1 1 1 1 1 1 12 12 1 1
ciInstanceKlass java/lang/StackOverflowError 1 1 26 10 10 100 100 1 1 1 5 0 1 1 1 1 1 1 1 1 1 1 1 1 12 12 1 1
ciInstanceKlass java/lang/ArrayStoreException 1 1 26 10 10 100 100 1 1 1 5 0 1 1 1 1 1 1 1 1 1 1 1 1 12 12 1 1
ciInstanceKlass java/lang/ClassCastException 1 1 26 10 10 100 100 1 1 1 5 0 1 1 1 1 1 1 1 1 1 1 1 1 12 12 1 1
ciInstanceKlass java/lang/NoClassDefFoundError 0 0 26 10 10 100 100 1 1 1 5 0 1 1 1 1 1 1 1 1 1 1 1 1 12 12 1 1
ciInstanceKlass java/lang/ClassNotFoundException 1 1 96 7 10 10 10 10 8 10 10 10 10 10 7 10 9 7 7 1 1 1 5 0 1 1 1 1 1 1 1 1 1 1 1 1 1 1 1 1 1 1 1 1 1 100 1 1 1 1 1 1 100 1 1 1 1 100 1 1 1 1 1 1 12 12 12 100 12 12 12 100 12 12 12 1 12 12 1 1 1 1 1 1 1 1 1 1 1 1 1 1 1 1 1 1 1 1
staticfield java/lang/ClassNotFoundException serialPersistentFields [Ljava/io/ObjectStreamField; 1 [Ljava/io/ObjectStreamField;
ciInstanceKlass java/security/AccessController 1 1 292 10 10 10 10 10 10 10 10 10 10 100 8 10 10 10 10 7 7 10 10 10 10 10 10 9 10 10 7 10 9 10 10 9 10 100 10 11 10 11 7 10 10 10 8 10 8 10 8 100 10 10 10 10 10 8 10 8 8 10 8 10 10 7 10 100 100 1 1 100 1 1 1 1 1 1 1 1 1 1 1 1 1 1 1 1 1 1 1 1 1 1 1 1 1 1 1 1 1 1 1 1 1 1 1 1 7 100 1 1 1 1 1 1 1 7 1 1 1 1 1 1 1 1 1 1 100 1 1 1 1 1 1 1 1 1 1 1 1 1 1 1 1 1 1 1 1 1 1 1 1 1 1 1 1 1 1 1 1 1 1 1 1 1 1 1 1 1 1 100 100 100 1 1 1 1 12 7 12 12 12 12 12 12 12 12 12 1 1 12 12 12 12 1 1 12 12 12 12 7 12 12 100 12 12 12 1 12 12 12 12 12 1 7 12 7 12 1 12 12 12 1 12 1 12 1 1 12 12 12 12 100 12 1 1 12 1 12 12 1 12 1 1 1 1 1 1 1 1 1 1 1 1 1 1 1 1 1 1 1 1 1 1 1 1 1 1 1 1 1 1 1 1 1 1 1 1 1 1 1 1 1 1 1 1 1 1 1 1 1 1 1
staticfield java/security/AccessController $assertionsDisabled Z 1
ciMethod java/security/AccessController doPrivileged (Ljava/security/PrivilegedAction;)Ljava/lang/Object; 289 1 8688 0 -1
ciInstanceKlass java/security/AccessControlContext 1 1 367 9 9 10 8 10 10 9 9 9 10 7 100 10 11 11 11 11 7 11 10 10 9 10 11 10 7 100 8 10 10 7 10 9 9 9 9 9 9 9 10 9 10 10 8 10 10 10 100 10 10 10 10 8 10 8 10 8 8 10 8 10 8 10 10 10 8 8 100 10 10 100 10 8 10 10 10 8 10 10 10 7 10 10 10 10 10 10 10 10 7 1 1 1 1 1 1 1 1 1 1 1 1 1 1 1 1 1 1 1 1 1 1 1 1 1 1 1 1 1 1 1 1 1 1 100 1 1 1 1 1 1 100 1 1 1 1 1 1 100 1 1 1 1 1 1 1 1 100 1 1 1 1 1 1 1 1 1 1 1 1 1 1 100 1 1 1 1 1 1 1 1 1 1 1 1 1 1 1 1 1 1 1 1 1 1 1 1 1 1 1 1 1 1 1 1 1 1 1 1 1 1 1 1 1 1 1 1 1 1 1 1 1 1 12 12 100 12 1 100 12 12 12 12 12 7 12 1 12 12 12 12 12 1 12 12 7 12 100 12 12 12 1 1 1 12 12 1 7 12 12 12 12 12 12 12 12 7 12 12 12 12 1 12 12 100 12 1 12 100 12 1 12 1 100 12 1 1 12 1 12 1 12 12 12 1 1 1 12 12 1 12 1 12 12 1 12 12 12 1 12 12 12 12 12 12 1 1 1 1 1 1 1 1 1 1 1 1 1 1 1 1 1 1 1 1 1 1 1 1 1 1 1 1 1 1 1 1 1 1 1 1 1 1 1 1 1 1 1 1 1 1 1 1 1 1 1 1 1 1 1 1 1 1 1 1 1
ciInstanceKlass java/security/ProtectionDomain 1 1 327 10 9 7 10 9 9 9 10 7 9 9 7 9 9 10 100 10 10 10 10 9 9 10 7 10 100 10 8 100 8 10 10 10 10 8 11 8 10 8 8 10 10 10 10 8 10 8 8 10 9 10 9 10 100 100 10 10 7 10 100 10 10 11 11 100 11 10 10 11 11 10 10 10 11 10 8 8 10 7 10 10 7 1 1 100 1 1 1 1 1 1 1 1 1 1 1 1 1 1 1 1 1 1 1 1 1 1 1 1 100 1 100 1 1 1 1 1 1 1 1 1 1 1 1 1 1 1 1 1 1 1 100 1 1 1 1 1 1 1 1 1 7 1 1 1 100 1 1 1 1 1 1 1 1 1 1 1 1 1 1 1 1 1 1 1 1 1 100 100 100 100 1 1 1 1 1 100 12 12 1 12 12 12 12 12 1 12 12 1 12 12 100 12 100 12 12 12 12 100 12 12 1 1 12 1 1 1 12 12 12 1 1 12 1 1 12 12 12 12 1 12 1 1 100 12 12 12 100 12 12 1 1 100 12 1 1 12 12 12 12 1 12 12 12 12 12 12 100 12 12 12 1 1 7 12 1 7 12 1 1 1 1 1 1 1 1 1 1 1 1 1 1 1 1 1 1 1 1 1 1 1 1 1 1 1 1 1 1 1 1 1 1 1 1 1 1 1 1 1 1 1 1 1 1 1 1 1 1 1 1 1 1 1 1 1 1 1 1 1 1 1 1 1 1 1 1
staticfield java/security/ProtectionDomain filePermCompatInPD Z 0
ciInstanceKlass java/lang/SecurityManager 0 0 573 10 9 100 10 100 8 10 10 10 10 100 10 100 10 9 10 10 10 100 8 10 9 9 8 9 100 10 8 10 10 10 100 10 10 100 100 8 10 8 8 8 8 8 8 10 8 8 8 8 8 10 10 8 100 8 10 8 8 8 8 8 10 8 100 8 8 10 8 10 100 8 10 10 100 10 10 10 10 10 10 11 18 11 18 11 18 18 11 18 11 9 9 9 9 100 10 10 10 18 18 10 18 10 18 18 8 10 9 11 8 100 10 10 10 9 10 10 8 100 10 9 8 10 8 100 10 10 10 9 11 10 11 10 100 100 10 10 10 1 1 1 1 1 1 1 1 1 1 1 1 1 1 1 1 1 1 1 1 1 1 1 1 1 1 100 1 1 1 1 1 1 1 1 1 1 1 1 1 1 1 100 1 1 1 1 1 1 1 1 1 1 1 1 1 1 1 1 1 1 1 1 1 1 1 1 1 1 1 1 1 1 1 1 1 1 1 1 1 1 1 1 1 1 1 1 1 1 1 1 1 1 1 1 1 1 1 1 1 1 100 1 1 1 1 1 1 1 1 1 1 1 1 1 1 1 1 1 1 1 1 1 1 1 1 1 1 1 1 100 1 1 1 1 100 1 1 1 1 1 1 1 1 1 1 1 12 12 1 100 12 1 1 12 12 100 12 1 1 12 100 12 12 12 1 1 12 12 1 12 1 1 12 12 12 1 12 1 1 1 12 1 1 1 1 1 1 12 1 1 1 1 1 12 12 1 1 1 1 1 1 1 1 100 12 1 1 1 1 1 12 1 1 12 1 12 12 12 100 12 12 100 12 100 12 1 15 16 15 16 12 100 12 16 15 16 12 12 15 16 15 16 12 16 15 16 12 12 12 12 12 12 1 100 12 12 12 15 16 12 15 16 100 12 15 12 12 15 16 15 16 1 12 12 100 12 1 1 12 12 12 12 12 12 1 1 12 1 12 1 1 12 100 12 12 12 12 12 1 1 12 12 1 1 1 1 1 1 1 1 1 1 1 1 1 1 1 1 1 1 1 1 1 1 1 1 1 1 1 1 1 1 1 1 1 1 1 1 1 1 1 1 1 1 1 1 1 10 1 10 1 1 1 1 1 1 1 10 1 1 1 1 1 10 11 1 1 1 10 1 1 1 1 1 1 10 1 10 1 1 1 11 1 1 10 10 1 1 1 1 1 1 1 1 1 1 1 1 1 1 1 1 1 1 1 1 1 100 12 100 12 12 12 100 12 12 12 12 12 1 1 100 1 1 1 1 1 1 1 1 100 1 1
ciInstanceKlass java/lang/ThreadDeath 0 0 21 10 100 100 1 1 1 5 0 1 1 1 1 1 1 1 1 1 12 1 1
ciInstanceKlass java/lang/System 1 1 707 10 9 7 10 10 10 10 9 10 11 10 10 10 100 8 10 10 10 9 100 8 10 8 10 100 10 100 8 10 8 10 10 100 10 10 10 9 9 10 10 10 10 10 10 10 100 100 8 10 10 7 10 100 8 10 10 100 8 10 100 10 8 10 10 10 8 10 10 10 100 8 10 10 10 100 18 100 9 10 100 10 10 10 10 10 10 10 10 7 7 10 10 100 10 10 100 8 10 9 9 10 10 10 10 8 10 10 8 7 11 10 11 11 11 11 7 11 10 8 10 8 8 8 8 11 10 10 10 8 7 9 10 7 9 10 9 7 10 8 10 8 10 10 10 10 10 10 10 10 9 100 8 10 8 10 8 8 8 8 100 10 10 10 10 7 10 10 10 10 10 8 10 10 10 10 8 10 10 10 7 10 10 10 9 100 1 1 1 1 1 1 1 1 1 1 1 3 1 3 1 1 1 1 1 1 1 1 1 1 1 1 1 1 1 1 1 1 1 1 1 1 1 1 1 1 1 1 1 1 1 100 100 1 1 1 7 1 1 1 1 1 1 1 1 1 1 1 1 1 1 1 1 1 1 1 1 1 1 1 1 1 1 1 1 1 1 1 1 1 1 1 1 1 1 1 1 1 1 1 1 1 1 1 1 1 1 1 1 1 1 1 1 1 1 1 1 1 1 1 1 1 1 1 1 1 1 1 1 1 1 1 1 1 1 1 1 1 1 100 1 1 1 1 1 1 1 1 1 7 7 1 1 1 1 1 1 1 1 1 1 1 1 1 1 1 1 1 1 1 7 100 1 1 1 1 1 1 1 100 12 12 1 12 12 12 12 12 7 12 100 12 100 12 12 12 1 1 12 12 12 12 1 1 12 1 12 1 12 1 1 12 12 1 12 100 12 12 12 12 7 12 7 12 12 12 12 12 12 1 1 1 12 12 1 12 1 1 12 1 1 1 1 12 12 7 12 1 12 7 12 7 12 1 1 12 7 12 1 1 15 16 15 16 12 1 12 12 1 12 12 7 12 12 12 12 12 12 1 1 12 12 1 12 7 12 1 1 12 12 12 12 12 12 1 12 12 1 1 12 12 12 7 12 12 12 1 12 12 1 12 1 1 1 1 12 12 12 7 12 1 1 7 12 12 1 12 12 1 12 1 12 1 7 12 12 7 12 12 7 12 12 12 7 12 12 1 1 12 1 1 1 1 1 1 12 12 12 1 12 12 12 100 12 1 12 12 1 12 12 12 1 12 12 12 1 1 1 1 1 1 1 1 1 1 1 1 1 1 1 1 1 1 1 1 1 1 1 1 1 1 1 1 1 1 1 1 1 1 1 1 1 1 1 1 1 1 1 1 1 1 1 1 1 1 1 1 1 1 10 1 10 1 1 1 1 1 1 1 1 1 1 1 1 1 1 1 1 1 1 1 1 1 1 1 1 1 1 1 1 1 1 1 1 1 1 1 1 1 1 1 1 1 1 1 1 1 1 1 1 1 1 1 1 1 1 1 1 1 1 1 1 1 1 1 1 1 1 1 1 1 1 1 1 1 1 1 1 1 1 1 1 1 1 1 1 100 12 12 1 1 100 1 1 100 1 1
staticfield java/lang/System in Ljava/io/InputStream; java/io/BufferedInputStream
staticfield java/lang/System out Ljava/io/PrintStream; java/io/PrintStream
staticfield java/lang/System err Ljava/io/PrintStream; java/io/PrintStream
instanceKlass java/awt/Scrollbar
instanceKlass java/awt/Canvas
instanceKlass java/awt/TextComponent
instanceKlass javax/swing/ImageIcon$3
instanceKlass javax/swing/ImageIcon$2$1
instanceKlass java/awt/Container
ciInstanceKlass java/awt/Component 1 1 3065 9 9 100 8 10 9 10 10 100 10 9 7 10 9 9 9 9 9 9 9 7 9 9 10 9 9 9 7 5 0 9 7 9 9 9 9 10 9 9 9 9 10 9 7 9 9 10 10 8 10 10 9 9 10 10 10 100 10 10 9 10 10 10 10 10 8 10 9 11 10 10 10 8 10 9 100 8 10 10 10 10 10 7 100 18 10 10 10 10 10 10 10 10 10 7 9 9 10 10 10 11 11 10 10 10 10 7 10 100 10 10 100 10 10 10 10 10 10 11 10 10 7 8 9 10 10 10 10 10 10 10 10 10 10 7 10 10 10 10 5 0 10 10 11 7 5 0 5 0 10 10 7 10 9 7 10 10 10 10 10 10 10 10 10 9 10 10 11 8 9 10 10 11 8 10 9 10 10 11 9 8 10 10 9 100 8 10 10 8 11 10 10 10 10 10 9 11 9 9 8 10 10 10 9 9 10 10 10 7 10 10 10 9 9 10 10 7 10 10 10 10 10 7 10 10 10 10 10 11 7 10 5 0 10 9 9 9 9 10 10 10 10 10 10 10 9 9 8 10 10 10 11 10 10 9 9 8 10 10 11 9 9 8 10 100 4 8 9 10 11 10 10 10 10 10 10 10 10 7 11 10 10 10 11 10 10 100 10 11 10 9 11 10 10 100 10 10 10 10 100 10 10 10 10 100 10 10 10 10 10 10 100 11 10 100 10 100 9 9 11 10 10 11 10 11 10 10 10 10 11 10 10 10 11 100 100 10 9 10 10 7 100 8 10 8 8 10 100 10 10 100 10 10 100 10 100 10 100 10 100 10 100 10 10 10 10 10 10 10 10 9 9 10 18 10 9 8 10 7 10 7 10 9 9 10 10 10 9 18 10 7 10 11 7 10 10 10 10 10 7 100 7 18 7 10 10 8 10 10 10 10 10 9 9 10 10 9 10 10 10 10 11 10 7 10 10 10 8 10 10 18 10 10 10 10 10 18 10 10 10 10 10 10 10 10 10 10 10 10 10 10 10 10 5 0 9 9 9 5 0 9 5 0 9 5 0 9 5 0 9 9 9 5 0 5 0 5 0 5 0 10 10 9 9 10 10 10 7 10 100 10 10 10 7 100 10 10 10 7 100 10 10 8 10 10 8 10 8 7 100 10 10 10 7 100 10 10 7 100 10 10 7 7 10 10 7 100 10 10 100 100 100 10 100 10 10 5 0 10 9 11 7 10 7 10 11 10 10 10 8 9 10 7 10 10 10 10 10 10 10 10 10 10 11 11 11 11 10 11 11 10 11 11 11 10 11 11 11 11 11 11 11 11 10 11 11 10 11 11 11 10 10 10 10 10 10 10 10 9 10 10 10 10 11 10 10 10 9 10 10 100 10 10 10 10 10 10 10 10 10 10 10 10 11 10 8 10 7 8 10 10 10 11 11 11 7 8 10 3 8 11 8 7 10 10 9 10 10 8 10 10 9 10 10 10 8 10 8 10 8 8 8 10 10 10 11 10 10 8 18 10 8 8 10 8 10 10 8 9 8 9 11 8 7 10 10 9 10 10 9 18 10 10 9 10 8 10 18 10 10 18 10 10 18 10 18 10 18 10 10 9 10 10 10 10 9 10 10 10 10 9 11 100 10 10 9 10 10 10 8 10 8 8 8 18 10 10 18 9 10 8 10 10 10 10 10 9 7 10 10 10 10 10 10 10 10 10 10 10 10 10 10 10 10 7 8 10 10 10 11 10 10 8 10 8 8 8 8 8 10 8 8 8 10 10 7 10 10 10 10 10 10 10 100 9 7 10 10 10 8 100 10 10 10 10 10 10 10 10 10 11 10 10 7 10 10 9 9 9 9 7 10 9 10 11 9 8 10 10 9 10 10 10 9 18 10 9 10 10 11 10 10 18 10 10 10 10 10 10 10 10 18 10 10 10 10 18 18 10 10 18 10 10 10 10 10 10 10 10 18 10 18 10 10 10 18 10 10 10 18 18 10 10 10 11 10 8 10 9 8 8 8 8 8 8 8 7 10 10 10 7 8 10 8 8 10 7 10 10 7 10 7 100 100 100 1 1 1 1 1 1 1 1 1 100 1 1 1 1 1 1 1 1 1 1 1 1 1 1 1 1 1 1 1 1 1 1 1 1 1 1 1 1 1 1 1 1 1 1 1 1 1 1 1 1 1 1 1 1 1 1 1 1 1 3 1 3 1 3 1 1 1 1 1 1 1 1 1 1 1 1 1 1 1 1 1 1 1 1 1 1 1 1 1 1 1 1 1 1 1 1 1 1 1 1 1 1 1 1 8 1 8 1 1 8 1 1 8 1 1 1 1 1 8 1 8 1 8 1 1 1 1 8 1 8 1 1 1 1 1 1 4 1 1 4 1 1 1 5 0 1 1 1 1 1 1 1 1 1 1 1 1 1 1 1 1 1 1 1 1 1 1 1 1 1 1 1 1 1 1 1 1 1 1 1 1 1 1 1 1 1 1 1 1 1 1 1 100 1 1 1 1 1 1 1 1 1 1 1 1 1 1 7 1 1 1 1 1 1 1 1 1 1 1 1 100 1 1 1 1 1 1 1 1 1 1 1 1 1 7 1 1 1 1 1 1 1 1 1 1 1 1 1 1 1 1 1 1 1 1 1 1 1 1 1 1 1 1 1 1 1 1 1 1 1 1 1 1 1 1 1 1 1 1 1 1 1 1 1 1 1 1 1 1 1 1 1 1 1 1 1 100 1 1 1 1 1 1 1 1 1 1 1 7 1 1 1 1 1 1 1 1 100 1 1 1 1 1 1 1 1 1 1 1 1 1 1 1 1 1 1 1 1 1 1 1 1 1 1 1 1 1 1 1 1 1 1 1 1 1 1 1 1 1 1 1 1 1 1 1 1 1 1 1 1 1 1 1 1 1 1 1 1 1 1 1 1 1 1 1 1 1 1 1 1 1 1 1 1 1 1 1 1 1 1 1 1 1 1 1 1 1 1 1 7 1 1 1 1 1 100 1 1 1 1 1 1 1 1 1 1 1 1 1 1 1 1 1 1 1 1 1 1 1 1 1 1 1 1 1 1 1 1 1 1 1 1 1 1 1 1 1 1 1 100 1 1 100 1 1 1 1 1 1 1 1 1 1 1 1 1 1 1 1 1 1 1 1 1 1 1 1 1 1 1 1 1 1 1 1 1 1 1 1 1 1 1 1 1 1 1 1 1 1 1 1 1 1 1 1 1 7 7 7 1 1 1 1 1 1 1 1 1 1 1 1 1 1 1 1 1 1 1 1 1 1 1 1 1 1 1 1 1 1 1 1 1 1 1 1 1 1 1 1 1 1 1 1 1 1 1 1 1 1 1 1 1 1 1 1 1 1 1 1 1 1 1 1 1 1 1 1 1 1 1 1 1 1 1 1 1 1 1 1 1 1 1 1 1 100 1 1 1 1 1 1 1 1 1 1 1 1 1 1 1 1 1 1 1 1 1 1 1 1 1 1 1 1 1 1 1 1 1 1 1 1 1 1 1 1 1 1 1 1 1 1 1 1 1 1 1 1 1 1 1 1 1 1 1 1 1 1 1 1 1 1 1 1 1 1 1 1 1 1 1 1 1 1 1 1 1 1 1 1 1 1 1 7 100 1 1 1 1 1 1 7 1 1 1 1 1 1 1 1 1 1 1 1 1 1 1 1 1 1 1 1 1 1 1 1 1 1 1 1 1 1 1 1 1 1 1 1 1 1 1 1 7 1 1 1 1 1 1 1 1 1 1 1 1 1 1 1 1 1 1 1 1 1 1 1 1 1 1 1 1 1 1 1 1 1 1 1 1 1 1 1 1 1 1 1 1 1 1 1 1 1 1 1 1 1 1 1 1 1 1 1 100 1 1 1 1 100 1 1 1 1 1 1 100 100 1 1 1 1 1 1 1 1 1 1 1 1 1 1 1 1 1 1 1 1 1 1 1 1 1 1 1 1 1 1 1 1 1 1 1 1 1 1 1 1 7 1 1 1 1 1 1 1 1 1 1 1 1 1 1 1 1 1 1 1 1 1 1 1 1 1 1 1 1 1 1 1 1 1 1 100 1 1 1 1 1 100 100 12 12 1 1 12 12 12 7 12 1 12 12 1 12 12 12 12 12 12 12 1 12 12 7 12 12 12 12 1 12 1 12 12 12 12 12 12 12 12 12 12 12 1 12 12 12 12 12 12 12 12 12 12 12 1 12 12 12 12 12 12 1 12 12 12 100 12 1 12 1 1 12 12 12 1 1 1 15 8 12 12 12 12 12 12 12 12 12 1 12 12 12 12 12 12 100 12 12 12 12 7 12 1 1 12 12 1 12 12 12 12 12 12 12 1 1 7 12 12 12 12 12 12 12 12 12 12 1 12 12 12 12 12 12 12 1 12 12 1 12 12 1 12 7 12 12 12 12 12 12 12 12 12 12 12 12 12 12 12 12 12 12 12 12 1 1 12 12 100 12 12 12 12 1 12 12 12 12 12 12 12 1 12 12 12 12 1 12 12 12 12 12 1 12 12 12 12 1 12 12 12 12 12 12 12 12 12 12 12 12 12 12 12 12 12 12 12 12 12 1 1 12 12 12 12 12 12 12 12 1 12 12 12 12 100 12 1 12 12 100 12 12 12 1 12 12 100 12 12 1 12 12 12 1 12 12 12 100 12 12 1 12 12 1 1 12 12 12 12 12 12 12 1 1 12 100 12 12 12 1 1 1 12 1 1 100 12 1 12 12 1 12 12 1 1 12 1 1 12 1 12 12 12 12 12 12 12 12 7 12 7 12 8 12 12 12 1 12 1 12 1 12 12 12 12 12 12 12 8 12 1 12 12 1 12 12 12 12 12 1 1 1 8 1 12 12 1 12 12 12 12 12 12 12 12 12 12 12 12 12 12 12 1 12 12 8 12 12 8 12 12 12 12 12 12 12 12 12 12 12 12 12 12 12 12 12 12 12 12 12 12 7 12 12 1 12 1 12 12 12 1 1 12 12 12 1 1 12 12 1 12 1 12 1 1 1 12 12 12 1 1 12 12 1 1 12 12 1 1 12 12 1 1 12 12 1 1 1 12 1 12 12 12 7 12 1 12 1 12 12 12 12 12 12 12 1 12 12 12 12 12 12 12 12 12 12 12 12 12 12 12 12 12 12 12 12 12 12 12 12 12 12 12 12 12 12 12 12 12 12 12 12 12 12 12 12 12 12 12 12 12 12 12 12 12 12 1 12 12 12 12 12 12 12 12 12 12 12 1 1 12 12 12 12 12 12 1 1 12 1 12 1 1 12 7 12 12 12 12 12 12 12 12 12 12 1 12 1 12 1 1 1 12 12 100 12 12 12 12 1 8 12 12 1 1 12 1 12 12 1 12 1 12 7 12 1 1 12 12 12 12 8 12 12 12 12 12 1 12 8 12 12 8 12 12 12 8 12 8 100 12 8 12 12 12 12 12 12 12 12 12 12 1 12 12 12 12 12 1 100 12 1 1 1 8 12 12 8 12 12 12 1 100 12 12 12 100 12 1 12 12 12 12 12 12 12 100 12 100 12 12 100 12 100 12 100 12 1 1 12 12 100 12 100 12 12 100 12 1 12 1 1 1 1 1 12 1 1 1 12 12 1 12 12 12 12 12 12 12 1 12 1 12 12 12 1 12 12 12 12 12 12 12 12 1 12 12 12 12 12 1 12 12 12 100 12 12 1 12 12 12 12 12 12 8 12 12 12 12 12 12 8 12 12 12 12 12 12 12 8 12 12 12 12 8 12 8 12 12 8 12 12 12 12 12 12 8 12 8 12 12 12 12 8 12 12 12 8 12 8 12 12 12 12 12 1 12 12 1 1 1 1 1 1 1 1 12 12 1 1 1 1 100 12 1 7 12 1 1 1 1 1 1 1 1 1 1 1 1 1 1 1 1 1 1 1 1 1 1 1 1 1 1 1 1 1 1 1 1 1 1 1 1 1 1 1 1 1 1 1 1 1 1 1 1 1 1 1 1 1 1 1 1 1 1 1 10 1 1 1 1 1 1 1 1 1 1 1 1 1 1 1 1 1 1 1 1 1 1 1 1 1 1 1 1 1 1 1 1 1 1 1 1 1 1 1 1 1 1 1 1 1 1 1 1 1 1 1 1 1 1 1 1 1 1 1 1 1 1 1 1 1 1 1 1 1 1 1 1 1 1 1 1 1 1 1 1 1 1 1 1 1 1 1 1 1 1 1 1 1 1 1 1 1 1 1 1 1 1 1 1 1 1 1 1 1 1 1 1 1 1 1 1 1 1 1 1 1 1 1 1 1 1 1 1 1 1 1 1 1 1 1 1 1 1 1 1 1 1 1 1 1 1 1 1 1 1 1 1 1 1 1 1 1 1 1 1 1 1 1 1 1 1 1 1 1 1 1 1 1 1 1 1 1 1 1 1 1 1 1 1 1 1 1 1 1 1 1 1 1 1 1 1 1 1 1 1 1 1 1 1 1 1 1 1 1 1 1 1 1 1 1 1 1 1 1 1 1 1 1 1 1 1 1 1 1 1 1 1 1 1 1 1 1 1 1 1 1 1 1 1 1 1 1 1 1 1 1 1 1 1 1 1 1 1 1 1 1 1 1 1 1 1 1 1 1 1 1 1 1 1 1 1 1 1 1 1 1 1 1 1 1 1 1 1 1 1 1 1 1 1 1 1 1 1 1 1 1 1 1 1 1 1 1 1 1 1 1 1 1 1 1 1 1 1 1 1 1 1 1 1 1 1 1 1 1 1 1 1 1 1 1 1 1 1 1 1 1 1 1 1 1 1 1 1 1 1 1 1 1 1 1 1 1 1 1 1 1 1 1 1 1 1 1 1 1 1 1 1 1 1 1 1 1 1 1 1 1 100 1 1 100 12 1 1 100 1 1 100 1 1
staticfield java/awt/Component log Lsun/util/logging/PlatformLogger; sun/util/logging/PlatformLogger
staticfield java/awt/Component eventLog Lsun/util/logging/PlatformLogger; sun/util/logging/PlatformLogger
staticfield java/awt/Component focusLog Lsun/util/logging/PlatformLogger; sun/util/logging/PlatformLogger
staticfield java/awt/Component mixingLog Lsun/util/logging/PlatformLogger; sun/util/logging/PlatformLogger
staticfield java/awt/Component focusTraversalKeyPropertyNames [Ljava/lang/String; 4 [Ljava/lang/String;
staticfield java/awt/Component LOCK Ljava/lang/Object; java/awt/Component$AWTTreeLock
staticfield java/awt/Component coalesceMap Ljava/util/Map; java/util/WeakHashMap
staticfield java/awt/Component coalesceEventsParams [Ljava/lang/Class; 2 [Ljava/lang/Class;
staticfield java/awt/Component $assertionsDisabled Z 1
instanceKlass java/awt/Panel
instanceKlass javax/swing/CellRendererPane
instanceKlass java/awt/Window
instanceKlass javax/swing/JComponent
ciInstanceKlass java/awt/Container 1 1 1754 10 7 10 9 9 9 9 9 9 9 7 9 10 11 11 7 100 100 18 10 10 9 11 7 10 10 10 9 7 11 10 7 10 10 7 100 8 10 9 7 8 10 10 8 9 18 10 10 10 10 8 10 10 10 10 10 10 9 11 7 5 0 10 10 5 0 10 10 10 11 10 11 9 9 5 0 10 7 10 10 100 10 10 10 10 10 10 10 10 100 10 10 7 10 9 10 10 10 11 10 10 10 10 10 10 10 11 11 11 10 10 10 10 10 7 11 11 10 10 10 10 10 10 5 0 11 10 7 11 11 11 10 10 10 9 9 9 11 9 9 10 8 10 8 8 5 0 8 10 10 9 8 10 10 11 9 10 10 11 10 10 9 11 10 11 10 11 10 10 10 11 10 10 10 10 10 10 9 10 11 10 7 10 10 9 10 11 10 9 10 11 10 11 10 11 10 10 10 9 10 11 10 10 100 10 9 9 10 10 100 10 11 10 11 11 10 10 10 10 10 10 10 10 10 10 10 10 10 10 10 9 10 7 10 100 10 10 10 10 10 10 10 11 11 9 10 10 11 10 10 9 10 9 10 9 9 9 10 9 9 11 10 10 10 9 9 10 10 10 10 10 9 9 10 7 10 100 10 10 100 10 10 10 10 10 10 10 9 9 10 10 9 10 7 10 10 10 10 10 10 10 10 10 10 9 10 10 8 10 100 10 10 9 18 10 10 10 11 100 10 10 10 100 10 100 10 10 10 10 10 10 10 18 10 10 7 8 10 10 10 10 10 10 10 10 10 10 10 10 9 8 10 10 10 8 10 9 8 10 9 10 10 10 10 10 10 10 8 10 8 10 8 8 8 10 8 10 8 10 10 100 10 10 10 10 10 100 8 10 10 7 10 10 10 10 100 100 9 100 11 10 10 10 11 11 100 10 11 10 10 10 100 8 10 10 8 10 10 9 10 10 10 10 10 10 10 9 18 10 10 10 10 10 18 10 10 10 10 11 10 10 10 10 10 10 10 10 7 11 18 10 10 10 18 10 10 10 10 18 10 10 100 18 10 8 10 8 8 7 9 10 9 9 10 10 7 10 10 7 8 10 7 10 100 1 1 1 100 1 7 1 7 1 1 1 1 1 1 1 1 1 1 1 1 1 1 1 1 1 1 1 1 1 1 1 1 1 1 1 1 1 1 1 1 1 1 5 0 1 3 1 1 1 1 1 1 1 1 1 1 1 1 1 1 1 1 1 1 1 1 1 1 1 1 1 1 1 1 1 1 1 1 1 1 1 1 1 1 100 100 1 1 1 1 1 1 1 1 1 1 1 1 1 1 1 1 1 1 1 1 1 1 1 1 1 1 7 1 1 1 1 1 1 1 1 1 1 1 1 1 1 1 1 1 1 1 1 1 1 1 1 1 1 1 1 1 1 1 1 1 1 1 1 1 1 1 1 1 1 1 1 1 1 1 7 1 1 1 1 1 1 1 1 1 1 1 1 1 1 1 1 1 1 1 1 1 1 1 1 1 1 1 1 1 1 1 1 1 1 1 1 1 1 1 1 1 1 1 1 1 1 1 1 1 1 1 1 1 1 1 1 7 1 1 1 1 1 1 1 1 1 1 1 1 1 1 1 1 1 1 1 1 1 1 100 100 1 1 1 1 1 1 1 1 1 1 1 1 1 1 1 1 1 1 1 100 1 1 1 1 1 1 1 1 1 1 1 1 1 1 1 1 1 1 1 1 1 1 1 1 1 1 1 1 1 1 1 1 1 1 1 1 1 1 1 1 1 1 1 1 1 1 1 1 1 1 1 1 1 1 1 1 1 1 1 1 1 1 1 1 1 1 1 1 1 100 100 1 1 1 1 1 1 1 1 1 1 1 1 1 1 1 1 1 1 1 1 1 1 1 1 1 1 1 1 1 1 1 1 1 1 1 1 1 1 1 1 1 1 1 1 1 1 1 1 1 1 1 1 1 1 1 1 1 1 1 1 1 1 1 1 1 1 1 1 1 1 1 1 1 100 1 1 100 1 1 1 1 1 100 1 1 1 1 1 7 100 1 1 1 1 1 1 1 1 1 1 1 100 1 1 1 1 1 1 1 1 1 1 1 1 1 1 1 1 100 1 1 1 1 1 1 1 1 1 1 1 1 1 1 1 1 1 1 1 1 1 1 1 1 1 1 1 1 1 1 1 1 1 1 1 100 12 1 12 12 12 12 12 12 12 1 12 12 12 12 1 1 1 1 15 8 12 12 12 12 12 12 12 12 12 1 12 12 1 12 12 1 1 1 12 1 1 12 12 1 8 12 12 12 12 1 12 7 12 12 12 12 12 12 12 1 12 12 12 12 12 12 12 12 12 12 7 12 1 12 12 1 12 12 12 12 12 12 12 12 1 12 12 1 12 12 12 12 12 12 12 12 12 12 12 12 12 12 12 12 12 12 12 1 12 12 12 12 12 12 12 12 12 12 1 12 12 12 12 12 12 12 12 12 12 12 7 12 7 12 1 12 1 1 1 12 12 12 1 12 12 12 12 12 12 12 12 12 12 12 12 12 12 12 12 12 12 12 12 12 12 12 12 12 1 12 12 12 12 12 12 12 12 12 12 12 12 12 12 12 12 12 12 7 12 12 1 12 12 12 12 12 1 12 12 100 12 100 12 12 12 100 12 100 12 12 12 100 12 7 12 12 12 1 12 1 12 12 12 12 12 12 12 12 12 12 12 12 12 12 12 12 12 12 12 12 12 12 100 12 12 12 12 12 7 12 1 1 12 7 12 1 12 12 12 12 12 12 12 12 12 12 1 12 12 12 12 12 12 12 100 12 12 12 100 12 1 12 1 12 12 12 15 16 15 12 12 12 12 1 12 12 12 1 12 1 100 12 12 12 12 12 100 12 8 12 12 12 1 1 12 12 12 12 12 12 12 12 12 12 12 12 12 12 12 12 12 12 12 100 12 12 12 12 12 12 12 100 12 12 12 1 12 12 1 12 12 1 100 12 12 12 7 12 12 1 1 1 12 12 12 12 1 1 12 1 12 12 12 12 100 1 12 12 1 1 12 1 12 12 12 12 12 12 12 12 12 12 12 8 12 12 12 12 12 8 12 12 12 12 12 12 12 12 12 12 12 12 1 12 8 12 12 12 12 8 12 12 12 8 12 12 1 16 15 12 12 1 12 1 1 1 12 12 12 12 12 1 7 12 1 1 1 12 1 1 1 1 1 1 1 1 1 1 1 1 1 1 1 1 1 1 1 1 1 1 1 1 1 1 1 1 10 1 1 1 1 1 1 1 1 1 1 1 1 1 1 1 1 1 1 1 1 1 1 1 1 1 1 1 1 1 1 1 1 1 1 1 1 1 1 1 1 1 1 1 1 1 1 1 1 1 1 1 1 1 1 1 1 1 1 1 1 1 1 1 1 1 1 1 1 1 1 1 1 1 1 1 1 1 1 1 1 1 1 1 1 1 1 1 1 1 1 1 1 1 1 1 1 1 1 1 1 1 1 1 1 1 1 1 1 1 1 1 1 1 1 1 1 1 1 1 1 1 1 1 1 1 1 1 1 1 1 1 1 1 1 1 1 1 1 1 1 1 1 1 1 1 1 1 1 1 1 1 1 1 1 1 1 1 1 1 1 1 1 1 1 1 1 1 1 1 1 1 1 10 10 1 1 1 1 1 1 1 1 1 1 1 1 1 1 1 1 1 1 1 1 1 1 1 1 1 1 1 1 1 1 1 1 1 1 1 100 1 1 1 1 1 1 1 1 1 1 1 1 1 1 1 1 1 1 1 1 1 1 1 1 1 1 1 1 1 1 1 1 1 1 1 1 1 1 1 1 1 1 1 1 1 1 1 1 1 1 1 1 1 1 1 1 1 1 1 1 1 10 1 1 1 1 1 1 1 1 1 1 100 1 1 1 100 12 100 12 12 1 12 1 1 100 1 1 1 1 1 100 1 1
staticfield java/awt/Container log Lsun/util/logging/PlatformLogger; sun/util/logging/PlatformLogger
staticfield java/awt/Container eventLog Lsun/util/logging/PlatformLogger; sun/util/logging/PlatformLogger
staticfield java/awt/Container EMPTY_ARRAY [Ljava/awt/Component; 0 [Ljava/awt/Component;
staticfield java/awt/Container mixingLog Lsun/util/logging/PlatformLogger; sun/util/logging/PlatformLogger
staticfield java/awt/Container serialPersistentFields [Ljava/io/ObjectStreamField; 8 [Ljava/io/ObjectStreamField;
staticfield java/awt/Container isJavaAwtSmartInvalidate Z 0
instanceKlass net/sourceforge/barbecue/Barcode
instanceKlass javax/swing/JToolTip
instanceKlass javax/swing/JProgressBar
instanceKlass javafx/embed/swing/JFXPanel
instanceKlass javax/swing/JLayer
instanceKlass javax/swing/table/JTableHeader
instanceKlass javax/swing/JTabbedPane
instanceKlass javax/swing/JTable
instanceKlass javax/swing/JLayeredPane
instanceKlass javax/swing/JMenuBar
instanceKlass javax/swing/JSeparator
instanceKlass javax/swing/Box$Filler
instanceKlass javax/swing/Box
instanceKlass javax/swing/JInternalFrame
instanceKlass javax/swing/JToolBar
instanceKlass javax/swing/text/JTextComponent
instanceKlass javax/swing/JScrollBar
instanceKlass javax/swing/JViewport
instanceKlass javax/swing/JScrollPane
instanceKlass javax/swing/JList
instanceKlass javax/swing/JPopupMenu
instanceKlass javax/swing/JComboBox
instanceKlass javax/swing/JLabel
instanceKlass javax/swing/JPanel
instanceKlass javax/swing/JRootPane
instanceKlass javax/swing/JFileChooser
instanceKlass javax/swing/AbstractButton
ciInstanceKlass javax/swing/JComponent 1 1 1952 9 10 10 9 9 10 10 7 11 10 7 9 7 10 7 100 10 11 9 9 11 11 7 10 11 10 10 8 10 100 5 0 10 9 8 10 10 10 10 7 7 10 10 7 10 9 9 9 7 10 9 5 0 10 8 10 10 8 10 10 10 9 10 10 9 10 9 9 9 10 8 10 10 10 9 10 7 10 8 9 10 10 7 10 10 10 10 10 10 10 10 10 10 9 10 10 10 10 10 10 10 10 10 10 10 10 10 10 9 9 9 9 11 10 10 10 10 10 10 10 10 10 10 11 10 10 10 10 10 10 10 10 10 10 10 10 10 10 10 10 10 10 10 8 10 10 10 10 10 100 10 10 10 10 10 10 8 10 7 10 10 10 10 10 8 10 10 10 10 10 10 10 10 10 10 10 10 10 10 10 9 8 11 10 10 7 10 7 10 9 9 9 9 9 9 10 10 9 9 10 9 100 8 10 10 10 10 10 10 100 10 10 10 8 7 10 10 10 10 10 10 11 11 7 10 10 10 10 10 10 10 10 10 10 10 10 10 100 10 10 9 10 10 7 100 8 10 9 9 9 8 9 7 10 10 10 7 10 10 10 10 10 9 10 10 10 10 10 10 10 10 8 10 10 10 10 10 8 10 7 10 10 10 10 10 10 10 10 10 10 10 10 10 10 10 10 10 10 10 7 10 10 7 10 10 8 10 10 10 100 7 10 10 10 10 7 10 10 9 5 0 10 9 100 10 8 10 7 10 10 10 10 10 100 8 9 10 10 7 10 10 10 10 10 10 10 8 7 10 10 8 10 7 100 10 18 10 11 10 10 100 10 10 100 10 10 10 10 10 10 10 10 10 10 10 10 10 10 10 10 10 10 9 10 100 10 10 10 7 10 9 7 10 10 10 10 9 10 10 7 10 10 100 10 7 10 10 10 10 8 10 10 10 10 10 10 10 10 10 10 10 10 10 10 18 10 10 10 10 10 10 10 7 10 10 10 10 10 10 11 10 9 3 10 10 10 100 10 8 10 8 10 8 8 8 10 8 7 8 10 8 100 8 8 8 8 9 100 10 100 100 10 10 10 10 10 10 10 10 10 10 10 8 10 10 8 10 18 10 10 7 8 10 9 8 7 10 10 7 10 9 7 100 100 1 1 100 1 7 1 100 1 1 1 1 1 1 1 1 1 1 1 1 1 1 1 3 1 3 1 3 1 1 1 1 1 1 1 1 1 1 1 1 1 1 1 1 1 1 1 1 1 1 1 1 1 1 1 1 1 1 3 1 8 1 1 1 1 1 1 1 1 1 3 1 3 1 3 1 3 1 3 1 3 1 3 1 3 1 3 1 3 1 3 1 3 1 3 1 3 1 3 1 3 1 3 1 3 1 3 1 3 1 3 1 3 1 3 1 3 1 1 1 1 1 1 1 1 1 1 1 1 1 1 1 1 1 1 1 1 1 1 1 1 1 1 1 1 1 1 7 100 1 1 1 1 1 1 1 1 1 1 1 1 1 1 1 1 1 1 1 1 1 1 1 1 1 1 1 1 1 1 1 1 1 1 1 1 1 1 1 1 1 1 1 1 1 1 1 1 1 7 1 1 1 1 1 1 1 100 1 1 1 1 1 1 1 1 7 1 1 1 1 1 1 1 1 1 1 1 1 1 1 1 1 1 1 1 1 1 1 1 1 1 7 1 1 1 1 1 1 1 1 1 1 1 1 7 1 1 1 1 1 1 1 1 1 1 1 1 1 1 1 1 1 1 1 1 1 100 1 1 1 1 1 1 1 1 1 1 1 1 1 1 1 1 1 1 1 1 1 1 1 1 1 1 1 1 1 1 1 1 1 1 1 1 1 1 1 1 1 1 1 1 1 1 1 1 1 1 1 1 1 1 1 1 1 1 1 1 1 1 1 1 1 1 1 1 1 1 1 1 1 1 1 1 1 1 1 1 1 1 1 1 1 1 1 1 1 1 1 1 1 1 1 1 1 1 1 1 1 1 1 1 1 1 7 1 1 1 1 1 1 1 1 1 1 1 1 1 1 1 1 100 100 1 1 1 1 1 1 100 1 1 1 1 1 1 1 1 1 1 1 1 1 1 1 1 1 1 100 1 1 1 1 1 1 1 1 1 1 1 1 1 1 1 7 1 1 1 1 1 1 1 1 100 1 1 1 1 1 1 1 1 1 1 1 1 1 1 1 1 1 1 1 1 1 1 1 1 1 1 1 1 1 7 1 1 1 1 1 1 1 1 1 1 1 1 1 1 1 1 1 1 1 1 1 1 1 1 1 1 1 1 1 100 1 1 1 1 1 1 1 1 1 1 1 1 1 1 1 1 1 1 1 1 1 1 1 1 1 1 1 1 1 1 1 1 1 1 1 1 1 1 1 1 1 1 1 1 1 1 1 1 1 1 1 1 1 1 1 1 1 1 1 1 1 1 1 1 1 1 1 1 1 1 1 1 1 1 1 1 1 1 1 100 1 1 1 1 1 1 1 1 1 1 1 1 1 1 1 1 1 1 1 1 1 1 1 1 1 1 1 1 1 1 1 1 1 1 1 1 1 1 1 1 1 1 1 1 1 1 1 1 1 1 1 1 1 1 1 1 1 1 1 1 1 1 1 1 1 7 100 1 1 1 1 1 1 1 1 1 1 1 1 1 1 1 1 1 1 1 1 1 1 1 1 1 1 1 1 1 1 1 1 1 1 100 1 1 1 1 1 100 100 1 1 1 1 1 1 1 1 1 1 1 1 1 1 1 1 1 1 1 1 1 1 1 100 100 12 7 12 12 12 12 12 12 1 12 7 12 1 12 1 12 1 1 12 12 12 12 12 12 1 12 12 12 1 12 1 12 12 1 12 12 12 12 1 1 12 1 12 12 12 1 12 12 12 1 12 100 12 1 12 12 12 12 12 7 12 7 12 7 12 12 12 12 12 1 12 12 12 12 12 1 12 1 12 12 12 1 12 12 12 12 12 12 12 12 12 12 12 12 12 12 12 12 12 12 12 12 12 12 12 12 12 12 12 12 12 12 12 12 12 12 12 12 12 12 12 12 12 12 12 12 12 12 12 12 12 12 12 12 12 12 12 1 12 12 12 12 12 1 12 12 12 12 12 12 1 12 1 12 12 12 12 7 12 12 12 12 12 12 12 12 12 12 12 12 12 12 12 12 12 12 12 1 1 12 12 12 12 12 12 12 12 12 12 12 12 7 12 1 12 12 12 12 12 1 12 12 12 1 1 12 12 12 12 12 12 1 12 12 12 12 12 7 12 12 12 12 12 12 12 100 12 12 12 1 1 1 12 12 12 12 1 12 1 12 12 1 12 12 12 12 12 12 12 12 12 12 12 12 12 12 1 12 1 12 12 12 12 12 12 12 12 12 12 12 12 12 12 12 12 12 12 12 1 12 12 100 1 1 12 12 1 12 12 12 1 1 12 12 12 1 12 12 7 12 12 1 12 1 1 12 12 12 12 12 1 1 100 12 12 1 12 12 12 12 1 12 12 12 1 1 12 1 15 8 12 7 12 7 12 12 12 1 12 12 1 12 12 12 12 12 12 12 1 12 12 12 1 12 12 1 12 12 12 12 12 1 12 1 12 12 12 1 12 12 12 12 12 12 7 12 12 12 12 12 12 12 12 15 16 15 12 12 12 12 12 12 12 1 12 12 12 12 12 12 12 12 12 1 12 12 12 12 1 12 1 12 1 12 1 1 12 12 100 12 12 12 1 12 8 12 12 12 1 1 12 1 7 12 1 12 1 1 1 1 1 1 1 1 1 1 1 1 1 1 1 1 1 1 1 1 1 1 1 1 1 1 1 1 1 1 1 1 1 1 1 1 1 1 1 1 1 1 1 1 1 1 1 1 1 1 1 1 1 1 1 1 100 1 1 1 1 1 1 1 1 1 1 1 1 1 1 1 1 1 1 1 1 1 1 1 1 1 1 1 1 1 1 1 1 1 1 1 1 1 1 1 1 1 1 1 1 1 1 1 1 1 1 1 1 1 1 1 1 1 1 1 1 1 1 1 1 1 1 1 1 1 1 1 1 1 1 1 1 1 1 1 1 1 1 1 1 1 1 1 1 1 1 1 1 1 1 1 1 1 1 1 1 1 1 1 1 1 1 1 1 1 1 1 1 1 1 1 1 1 1 1 1 1 1 1 1 1 1 1 1 1 1 1 1 1 1 1 1 1 1 1 1 1 1 1 1 1 1 10 1 1 1 1 1 1 1 1 1 1 1 1 1 1 1 1 1 1 1 1 1 1 1 1 1 1 1 1 1 1 10 10 1 1 1 1 1 1 1 1 1 1 1 1 1 1 1 1 1 1 1 1 1 1 1 1 1 1 1 1 1 100 1 1 1 100 12 7 12 12 1 1 100 1 1 1 1 1 100 1 1
staticfield javax/swing/JComponent readObjectCallbacks Ljava/util/Hashtable; java/util/Hashtable
staticfield javax/swing/JComponent INPUT_VERIFIER_SOURCE_KEY Ljava/lang/Object; java/lang/StringBuilder
staticfield javax/swing/JComponent focusController Lsun/awt/RequestFocusController; javax/swing/JComponent$2
ciInstanceKlass java/util/EventListener 1 0 7 100 100 1 1 1 1
instanceKlass sun/awt/HeadlessToolkit
instanceKlass sun/awt/SunToolkit
ciInstanceKlass java/awt/Toolkit 1 1 796 10 7 10 9 10 9 7 9 9 7 10 9 10 10 10 10 10 10 100 10 9 7 10 7 10 10 7 9 100 10 10 10 10 7 10 7 10 100 18 10 100 18 100 18 100 18 8 10 10 18 11 10 11 100 18 11 18 11 18 11 9 7 10 10 10 10 10 10 10 100 100 100 100 8 10 100 8 10 8 8 10 10 100 10 10 100 10 10 10 9 9 7 10 10 100 9 10 9 10 10 7 10 10 11 10 8 10 10 11 10 7 10 11 10 10 10 10 10 7 10 7 10 9 10 7 10 10 10 10 9 10 10 9 100 8 10 5 0 10 10 10 10 10 100 10 11 11 100 10 11 7 7 10 7 10 10 11 100 10 10 11 11 10 11 10 100 8 10 7 10 10 7 10 10 10 10 1 1 1 7 1 1 1 1 1 1 1 1 1 1 1 1 1 1 1 1 1 1 1 3 1 1 1 1 1 1 1 1 1 1 1 1 1 1 1 1 1 1 1 1 100 1 1 1 1 1 1 1 1 1 1 1 1 1 1 1 1 1 1 1 1 1 1 1 1 1 1 1 1 1 1 1 1 1 1 1 1 1 1 1 1 1 1 1 1 1 1 1 1 1 1 1 1 1 1 1 1 1 1 1 1 1 1 1 1 1 1 1 1 1 1 1 1 1 1 1 1 1 1 1 1 1 1 1 1 1 1 1 1 1 1 1 1 1 1 1 1 1 1 1 1 1 1 1 100 1 1 1 1 1 1 1 1 1 1 1 1 1 1 1 1 1 1 1 1 100 1 1 1 1 1 1 1 1 1 1 1 1 1 1 1 1 1 1 1 1 1 100 1 1 1 1 1 1 1 1 1 1 1 1 100 1 1 1 100 1 1 1 1 1 1 1 1 1 1 1 1 1 1 1 1 1 100 1 1 1 1 1 1 1 1 1 1 1 1 1 100 1 1 1 1 100 1 1 1 1 1 1 1 1 1 1 1 1 1 1 1 1 1 100 1 1 1 1 7 12 1 12 12 12 1 12 12 1 12 7 12 12 12 12 12 12 1 12 7 12 1 1 12 7 12 1 12 1 12 12 100 12 12 1 12 1 100 12 1 1 15 8 12 12 1 8 1 8 1 8 1 12 100 12 15 16 15 16 12 100 12 100 12 12 1 16 15 16 12 12 16 15 16 12 12 16 15 16 12 12 12 1 12 12 12 12 12 12 1 1 1 1 1 1 1 1 1 7 12 12 1 12 12 1 12 12 12 12 12 1 7 12 1 12 7 12 100 12 12 12 1 12 12 7 12 12 1 12 12 12 12 1 12 12 12 12 12 12 12 1 12 1 12 12 1 12 12 12 12 12 12 12 1 1 12 12 12 12 12 12 1 12 12 12 12 1 1 1 12 12 1 100 12 12 12 12 12 12 12 1 1 12 1 7 12 1 12 12 12 1 1 1 1 1 100 1 1 1 1 1 1 1 1 1 1 1 1 1 1 1 1 1 1 1 1 1 1 1 1 1 1 10 1 1 1 1 1 1 1 1 1 1 1 10 1 10 1 1 1 1 1 1 1 1 1 1 1 10 1 1 1 1 1 10 1 1 1 1 1 1 10 1 1 1 1 1 1 1 1 1 1 1 1 1 1 1 1 1 1 1 1 1 1 1 1 1 1 1 1 1 1 1 1 1 1 1 1 1 1 1 1 1 1 1 1 1 1 1 1 1 1 1 1 1 1 1 1 1 1 1 1 1 1 1 1 100 1 1 1 100 12 100 12 12 12 12 12 1 1 100 1 1 1 1 1 1 100 1 1
staticfield java/awt/Toolkit $assertionsDisabled Z 1
ciInstanceKlass sun/awt/AWTAccessor 1 1 447 10 9 9 100 10 9 100 9 100 9 100 9 100 9 100 9 100 9 100 9 100 9 100 9 100 9 100 9 100 9 100 9 100 9 100 9 100 9 100 9 100 9 100 9 100 9 100 9 100 9 8 10 100 9 100 9 9 100 9 100 9 100 9 100 9 100 10 7 100 100 1 1 100 1 100 1 100 1 100 1 100 1 100 1 100 1 1 1 1 1 1 1 1 1 1 1 100 1 100 1 100 1 100 1 100 1 100 1 100 1 100 1 100 1 100 1 100 1 100 1 100 1 1 1 1 1 1 1 1 1 1 1 1 1 1 1 1 1 1 1 1 1 1 1 1 1 1 1 1 1 1 1 1 1 1 1 1 1 1 1 1 1 1 1 1 1 1 1 1 1 1 1 1 1 1 1 1 1 1 1 1 1 1 1 1 1 1 1 1 1 1 1 1 1 1 1 1 1 1 1 1 1 1 1 1 1 1 1 1 1 1 1 1 1 1 1 1 1 1 1 1 1 1 1 1 1 1 1 1 1 1 1 1 1 1 1 1 1 1 1 1 1 1 1 1 1 1 1 1 1 1 1 1 1 1 1 1 1 1 1 1 1 1 1 1 1 1 1 1 1 1 1 1 1 1 1 1 1 1 1 1 1 1 1 1 1 1 1 1 1 1 1 1 1 1 1 1 1 1 1 1 1 1 1 1 1 1 1 1 1 1 1 1 1 1 1 1 1 1 1 1 1 1 1 1 1 1 1 1 1 1 1 1 1 1 1 1 1 1 1 1 1 1 1 1 1 12 12 12 1 7 12 12 1 12 1 12 1 12 1 12 1 12 1 12 1 12 1 12 1 12 1 12 1 12 1 12 1 12 1 12 1 12 1 12 1 12 1 12 1 12 1 12 1 12 1 12 1 7 12 1 12 1 12 12 1 12 1 12 1 12 1 12 1 12 1 1 1 1 1 1 1 1 1 1 1 1 1 1 1 1 1 1 1 1 1 1 1 1 1 1 1 1 1 1 1
staticfield sun/awt/AWTAccessor unsafe Ljdk/internal/misc/Unsafe; jdk/internal/misc/Unsafe
instanceKlass sun/java2d/SunGraphicsEnvironment
ciInstanceKlass java/awt/GraphicsEnvironment 1 1 214 10 9 10 9 9 9 8 18 10 10 10 100 10 100 8 10 10 11 11 11 10 10 7 9 9 9 9 10 8 10 8 8 10 8 10 8 8 8 8 8 10 10 10 10 7 7 7 1 1 1 1 1 1 1 1 1 1 1 1 1 1 1 1 1 1 1 7 1 1 1 1 1 1 1 1 1 1 1 1 1 1 1 1 1 1 1 1 1 1 1 1 1 1 1 1 1 1 1 1 1 1 1 1 1 1 12 12 12 12 12 7 12 1 1 15 16 15 16 12 7 12 12 12 1 1 1 12 100 12 100 12 12 12 12 7 12 1 7 12 12 12 12 12 1 7 12 1 1 12 1 12 1 1 1 1 1 12 12 12 12 1 1 1 1 1 1 1 10 1 10 1 1 1 1 1 1 1 1 1 1 1 1 1 1 1 1 1 1 1 1 1 1 1 1 1 1 1 1 1 1 1 1 7 12 12 1 1 100 1 1 100 1 1
ciInstanceKlass java/awt/Toolkit$2 1 1 125 10 8 10 10 100 10 10 100 18 10 7 10 7 10 7 9 10 100 10 100 18 10 7 100 1 1 1 1 1 1 1 1 1 1 1 1 1 1 1 1 1 1 1 1 1 1 1 100 100 1 1 1 1 1 1 12 1 12 1 7 12 12 1 12 12 1 1 15 8 12 12 1 12 1 7 12 1 12 7 12 1 12 1 8 12 1 1 1 1 1 1 1 1 1 1 1 1 1 1 10 1 1 1 1 1 1 1 1 1 1 1 1 1 1 1 100 12 1 100 1 1 100 1 1
instanceKlass sun/awt/windows/WToolkit
ciInstanceKlass sun/awt/SunToolkit 1 1 1531 7 10 9 10 7 10 7 8 10 7 10 9 7 10 9 9 10 10 10 9 11 9 11 11 11 10 10 10 10 7 10 10 10 11 10 10 10 10 10 7 10 11 7 10 11 11 11 10 9 11 10 11 10 10 10 10 11 100 10 10 11 11 10 100 7 10 10 7 10 10 10 10 10 10 100 18 10 10 10 7 7 10 5 0 10 10 10 10 10 10 100 10 10 10 100 8 10 100 10 10 10 10 10 100 10 11 10 10 10 10 10 10 10 7 100 8 8 8 8 8 10 11 7 8 10 10 7 10 8 10 9 10 10 7 7 10 10 10 100 10 9 100 10 10 10 7 10 10 7 10 7 10 7 10 100 10 10 10 10 10 11 10 10 10 10 3 10 10 10 10 10 100 10 10 10 10 100 10 100 10 10 10 10 10 10 10 7 11 10 11 11 11 11 11 6 0 10 10 10 10 6 0 10 6 0 6 0 6 0 6 0 6 0 10 10 7 10 10 9 9 10 10 10 10 10 10 7 10 10 10 11 11 100 9 100 100 10 9 7 8 8 10 8 10 10 10 10 8 8 8 7 10 10 8 8 8 10 10 8 9 10 9 10 10 10 9 9 9 10 10 7 10 10 10 10 10 100 100 100 100 100 100 100 100 100 100 100 5 0 10 100 8 10 10 10 100 10 10 10 11 10 10 9 9 100 5 0 10 100 10 8 9 8 10 10 9 9 10 9 10 8 9 8 9 8 8 9 8 9 8 9 8 9 7 10 9 10 9 8 10 10 9 10 10 10 10 100 11 100 10 10 10 9 8 9 7 10 10 10 5 0 10 7 10 10 10 10 10 10 10 10 10 100 10 11 11 8 10 8 10 9 7 10 10 7 10 10 7 10 7 100 100 100 1 1 1 100 1 1 1 1 1 1 3 1 1 1 1 3 1 1 1 1 1 1 1 1 1 1 1 1 1 1 100 1 1 1 1 1 3 1 1 3 1 1 1 1 1 1 1 1 1 1 1 1 1 1 1 1 1 1 1 1 1 1 1 1 1 1 1 1 1 1 1 1 1 1 1 1 100 1 1 100 1 1 1 1 1 1 1 1 1 1 1 1 1 1 1 1 1 1 1 1 1 1 1 1 1 1 1 1 1 1 1 1 1 1 1 1 1 1 1 1 1 1 1 1 1 1 1 1 1 1 1 1 1 1 1 1 1 1 1 7 1 1 1 1 1 1 1 1 1 1 1 1 1 1 1 1 1 1 1 1 1 1 1 1 1 1 1 1 7 1 1 1 1 1 1 1 1 1 1 1 1 1 1 1 1 1 1 1 1 1 1 1 1 1 1 1 1 1 1 1 1 1 7 1 1 1 1 1 1 1 1 1 1 1 1 1 1 1 1 1 1 1 1 1 1 1 1 1 1 1 1 1 1 1 1 1 1 1 1 1 1 1 1 1 1 1 1 1 1 1 1 1 1 1 1 1 1 100 1 1 1 1 100 1 1 1 1 1 1 1 1 1 1 1 1 1 1 1 1 1 1 1 1 1 1 1 1 1 1 1 1 1 1 1 1 1 1 1 1 1 1 1 7 7 7 1 1 1 1 1 1 1 1 1 1 1 1 1 1 1 1 1 1 1 1 1 1 1 1 1 1 1 1 1 1 1 1 1 1 1 1 1 1 1 1 1 1 1 1 1 1 1 1 1 1 1 100 1 1 1 1 1 1 1 1 1 1 1 1 1 1 1 1 1 1 1 1 1 1 1 1 1 1 1 1 1 1 1 1 1 1 1 1 1 1 1 1 1 1 1 1 1 1 1 1 1 1 1 1 1 1 1 1 1 1 1 1 1 1 1 1 1 1 1 1 1 1 1 1 1 1 1 1 1 1 1 1 1 1 1 1 1 1 1 1 1 1 1 1 1 1 1 1 1 1 1 1 1 1 100 1 1 1 1 1 1 1 1 1 1 1 12 12 12 1 12 1 1 1 12 1 12 12 12 12 12 12 100 12 100 12 12 12 12 12 100 12 12 12 1 12 12 7 12 12 7 12 7 12 12 12 12 1 12 7 12 1 12 100 12 12 12 12 12 100 12 12 100 12 7 12 12 7 12 12 1 12 12 12 7 12 1 1 12 12 1 12 12 12 12 12 1 1 15 8 12 12 12 1 1 12 12 12 12 12 12 12 1 12 12 1 1 1 12 12 12 12 1 12 12 12 12 7 12 7 12 7 12 12 100 12 1 1 1 1 1 1 1 12 12 1 1 7 12 1 12 1 12 12 12 1 1 12 12 1 12 12 1 12 12 1 12 1 12 1 12 1 12 1 12 7 12 12 12 12 12 12 12 12 12 12 12 12 12 1 12 12 12 1 12 1 7 12 12 100 12 12 12 12 12 1 12 12 12 12 12 12 12 12 12 12 7 12 12 12 12 1 12 12 12 12 12 12 12 12 12 7 12 1 12 12 12 12 12 1 100 12 1 1 12 12 1 1 1 12 1 12 12 12 1 1 1 1 12 12 1 1 1 12 1 12 12 12 12 12 12 12 12 12 12 12 1 12 12 12 12 1 1 1 1 1 1 1 1 1 1 1 12 1 1 12 12 1 12 12 12 12 12 12 12 1 12 1 12 1 12 1 12 12 12 12 12 12 12 1 12 1 12 1 1 12 1 12 1 12 1 12 1 12 12 12 1 12 12 12 12 12 12 12 1 100 12 1 12 12 12 12 1 12 1 12 1 12 12 12 12 12 12 7 12 12 12 1 12 7 12 1 100 12 1 12 12 1 12 1 7 12 1 1 1 1 1 1 100 1 1 1 1 1 1 1 1 1 1 1 1 1 1 1 1 1 1 1 1 1 1 1 1 1 1 1 1 1 1 1 1 1 1 1 1 1 1 1 1 1 1 1 1 1 1 1 1 1 1 1 1 1 1 1 1 1 1 1 1 1 1 1 1 1 1 1 1 1 1 1 1 1 1 1 1 1 1 1 1 1 1 1 1 1 1 10 1 1 1 1 1 1 1 1 1 1 1 1 1 1 1 1 1 1 1 1 1 1 1 1 1 1 1 1 1 1 1 1 1 1 1 1 1 1 1 1 1 1 1 1 1 1 1 1 1 1 1 1 1 1 1 1 1 1 1 1 1 1 1 1 1 1 1 1 1 1 1 1 1 1 1 1 1 1 1 1 1 1 1 1 1 1 1 1 1 1 1 1 1 1 100 1 1 1 1 1 1 1 1 1 1 1 1 1 1 1 1 1 1 1 1 1 1 1 1 1 1 1 1 1 1 1 1 1 1 1 1 1 1 1 1 1 1 1 1 1 1 1 1 1 1 1 1 1 1 1 1 1 1 1 1 1 1 1 1 1 1 1 1 1 1 1 1 1 1 1 1 1 1 1 1 1 1 1 1 1 1 1 1 1 1 1 100 12 1 1 100 1 1 100 1 1 1 100 1 8 1 1 12 10 1 1
staticfield sun/awt/SunToolkit AWT_LOCK Ljava/util/concurrent/locks/ReentrantLock; java/util/concurrent/locks/ReentrantLock
staticfield sun/awt/SunToolkit AWT_LOCK_COND Ljava/util/concurrent/locks/Condition; java/util/concurrent/locks/AbstractQueuedSynchronizer$ConditionObject
staticfield sun/awt/SunToolkit appContextMap Ljava/util/Map; java/util/Collections$SynchronizedMap
staticfield sun/awt/SunToolkit fileImgCache Lsun/awt/SoftCache; sun/awt/SoftCache
staticfield sun/awt/SunToolkit urlImgCache Lsun/awt/SoftCache; sun/awt/SoftCache
staticfield sun/awt/SunToolkit DEACTIVATION_TIMES_MAP_KEY Ljava/lang/Object; java/lang/Object
ciInstanceKlass sun/awt/windows/WToolkit 1 1 1327 9 7 10 10 10 9 7 10 9 9 9 9 9 10 8 10 7 10 10 10 18 7 10 8 7 10 10 10 10 100 10 8 8 10 10 9 18 10 10 18 18 10 10 10 10 100 10 10 100 10 100 10 100 10 100 10 100 10 100 10 100 10 100 10 7 10 100 10 100 10 10 11 100 8 10 10 7 10 7 10 7 10 100 10 100 10 100 10 100 10 100 10 100 10 100 10 100 10 7 10 100 10 100 10 100 10 10 10 9 100 10 10 10 10 10 7 10 10 10 7 10 10 100 10 10 10 10 9 18 10 100 7 10 7 4 10 10 10 10 10 10 100 8 10 100 10 10 100 100 8 10 10 8 10 10 9 10 9 7 10 10 10 7 10 10 10 10 7 10 7 10 10 10 100 11 18 10 10 9 18 10 11 10 10 10 10 10 100 10 100 10 7 8 10 10 10 18 10 100 100 18 10 8 10 10 10 8 8 10 9 11 10 9 7 10 10 10 10 7 9 9 10 18 10 10 10 10 8 10 18 11 11 11 11 7 18 10 9 10 9 10 8 10 11 8 8 8 8 10 9 9 9 9 9 9 9 10 10 10 10 10 10 7 10 7 10 7 10 10 10 11 7 10 10 10 7 10 10 10 7 10 10 100 10 9 10 7 10 11 11 10 10 10 10 18 8 10 10 8 10 10 10 9 10 18 10 7 10 100 1 1 1 1 1 1 1 1 1 1 1 1 1 1 1 1 1 1 1 1 1 1 1 1 1 1 1 1 1 1 8 1 1 1 1 1 1 1 1 1 1 1 1 1 1 1 1 1 1 1 1 1 1 1 1 1 1 1 1 1 1 1 1 100 1 1 1 1 1 1 1 1 1 1 1 1 1 1 1 1 1 1 1 1 1 1 1 1 1 1 1 1 1 1 1 1 1 1 1 1 1 1 1 1 1 1 1 1 1 1 1 1 1 1 1 1 1 1 1 1 1 1 1 1 1 1 1 1 1 1 1 1 1 1 1 1 1 1 1 1 1 1 1 1 1 1 1 1 1 1 1 1 1 1 1 1 1 1 1 1 1 1 1 1 1 1 1 1 1 1 1 1 1 1 1 1 1 1 1 1 1 1 1 1 1 1 1 1 1 1 1 100 1 1 1 1 1 1 1 1 1 1 1 1 1 1 1 1 1 1 1 1 1 1 1 1 1 1 1 1 1 1 100 1 1 1 1 1 1 1 1 1 1 1 1 1 1 1 1 1 1 1 1 1 1 1 1 1 1 1 1 1 1 1 1 1 100 1 1 1 1 1 1 1 1 1 1 1 1 1 1 1 1 1 1 100 1 1 1 1 1 1 100 1 1 1 1 1 1 1 1 1 1 1 1 1 1 1 100 100 1 1 1 1 1 1 1 1 1 1 1 1 1 1 1 1 1 1 1 1 1 1 1 1 1 1 1 7 1 1 1 1 7 1 1 1 1 1 1 1 1 1 1 1 1 1 1 1 7 1 1 1 1 1 7 1 1 1 1 1 1 1 1 1 1 1 1 1 1 1 1 1 1 1 1 1 1 1 1 1 1 1 1 1 1 1 1 1 1 1 1 1 1 1 1 1 1 1 1 1 1 1 1 1 1 1 1 1 1 1 1 1 12 1 12 7 12 12 1 12 12 12 12 12 7 12 1 12 1 7 12 7 12 1 15 16 15 16 12 1 12 1 1 12 12 12 12 1 12 1 1 7 12 12 12 15 8 12 12 12 15 16 12 15 12 12 12 12 1 12 12 1 12 1 12 1 12 1 12 1 12 1 12 1 12 1 12 1 12 1 12 1 7 12 7 12 1 1 12 12 1 1 12 1 12 1 12 1 12 1 12 1 12 1 12 1 12 1 12 1 12 1 12 1 12 1 12 1 12 7 12 7 12 12 1 12 12 12 7 12 1 12 12 7 12 1 12 100 12 1 12 100 12 12 12 8 12 12 1 1 12 1 12 12 12 100 12 100 12 1 1 1 12 12 1 1 1 12 1 12 12 100 12 12 12 1 12 12 1 7 12 12 12 1 12 1 12 12 12 1 12 16 15 12 100 12 100 12 12 16 15 12 100 12 100 12 100 12 12 12 100 12 12 1 12 1 12 1 1 12 12 12 8 12 7 12 1 1 8 12 1 12 12 1 1 12 12 12 12 1 12 12 12 12 1 12 7 12 7 12 8 12 12 12 12 12 1 12 15 12 12 7 12 12 12 1 8 12 12 12 7 12 12 1 7 12 1 1 1 1 12 12 12 12 12 12 12 12 100 12 12 12 12 7 12 12 1 12 1 1 12 12 12 7 12 1 12 12 12 1 12 12 1 12 1 12 12 1 12 100 12 12 12 12 12 7 12 15 12 1 7 12 12 1 12 12 12 12 12 8 12 1 1 1 1 1 1 1 1 1 1 1 1 1 100 1 1 1 1 1 1 1 1 1 1 1 1 1 1 10 1 1 1 1 1 1 1 1 1 1 1 1 10 1 1 1 1 10 1 10 1 1 1 1 1 1 1 1 1 1 1 1 1 1 1 1 1 1 1 1 1 1 1 1 1 1 1 1 1 1 1 1 1 1 1 1 1 1 1 1 1 1 1 1 1 1 1 1 1 1 1 1 1 1 1 1 1 1 1 1 1 1 1 1 1 1 1 1 1 1 1 1 1 1 1 1 1 10 1 1 1 1 1 1 1 10 1 1 1 1 1 1 1 1 1 1 1 1 1 1 1 1 1 1 1 1 1 1 1 1 1 1 1 1 1 1 1 1 1 1 1 1 1 1 1 1 1 1 1 1 1 1 10 1 1 1 1 1 1 1 1 1 1 1 1 1 1 1 1 1 1 1 1 1 1 1 1 1 1 1 1 1 1 1 1 1 1 1 1 1 1 1 1 1 1 1 1 1 1 1 1 1 1 1 10 1 1 1 1 1 1 1 1 1 1 1 1 7 12 7 12 12 12 12 12 12 12 1 1 100 1 1 1 1 100 1 1
staticfield sun/awt/windows/WToolkit log Lsun/util/logging/PlatformLogger; sun/util/logging/PlatformLogger
staticfield sun/awt/windows/WToolkit NULL_COMPONENT_WR Ljava/lang/ref/WeakReference; java/lang/ref/WeakReference
instanceKlass jdk/internal/logger/LazyLoggers$LazyLoggerWrapper
ciInstanceKlass jdk/internal/logger/AbstractLoggerWrapper 1 1 220 10 10 11 11 11 11 11 11 11 11 11 11 10 10 10 11 11 11 11 11 11 11 8 8 7 10 11 18 11 11 11 18 11 11 11 11 11 11 11 7 7 7 100 1 1 1 1 1 1 1 1 1 1 1 1 1 1 1 1 1 1 1 1 1 1 100 1 1 1 1 1 1 1 1 1 1 1 1 1 1 1 1 1 1 1 1 1 1 1 1 1 1 1 1 1 1 100 1 1 1 1 1 1 1 1 1 1 1 1 1 1 1 1 1 1 1 100 1 1 1 1 1 1 1 1 1 1 1 1 1 1 1 100 1 1 1 1 1 1 1 1 12 12 12 12 12 12 12 12 12 12 12 12 12 12 12 12 12 12 12 12 12 1 1 1 12 12 1 15 16 15 16 12 12 12 12 15 12 12 12 12 12 12 100 12 1 100 1 100 1 1 1 1 1 1 1 1 10 1 10 1 1 10 1 1 1 1 100 12 12 12 1 1 100 1 1 100 1 1
instanceKlass jdk/internal/logger/LazyLoggers$JdkLazyLogger
ciInstanceKlass jdk/internal/logger/LazyLoggers$LazyLoggerWrapper 1 1 68 10 7 100 10 10 9 11 11 7 7 1 7 1 1 1 1 1 1 1 1 1 1 1 1 1 1 1 1 1 1 100 1 1 1 100 1 1 1 1 1 1 1 100 7 12 1 1 12 12 12 12 12 1 1 1 100 1 100 1 1 1 1 1 1 1 1 1
ciInstanceKlass jdk/internal/logger/LazyLoggers$JdkLazyLogger 1 1 50 9 10 100 10 10 7 7 1 1 1 1 1 1 1 1 1 1 1 1 1 7 1 1 1 1 1 1 1 1 1 7 12 12 1 12 12 1 1 1 1 1 1 100 1 1 1 1 1 1
instanceKlass org/apache/batik/gvt/event/GraphicsNodeEvent
instanceKlass net/sf/jasperreports/swing/JRViewerEvent
instanceKlass javax/swing/event/RowSorterEvent
instanceKlass javax/swing/event/PopupMenuEvent
instanceKlass javafx/event/Event
instanceKlass javax/swing/event/UndoableEditEvent
instanceKlass javax/swing/event/TableColumnModelEvent
instanceKlass javax/swing/event/MenuEvent
instanceKlass javax/swing/event/ListDataEvent
instanceKlass javax/swing/event/TableModelEvent
instanceKlass javax/swing/event/ChangeEvent
instanceKlass javax/swing/event/CaretEvent
instanceKlass javax/swing/event/ListSelectionEvent
instanceKlass java/beans/PropertyChangeEvent
instanceKlass java/awt/AWTEvent
ciInstanceKlass java/util/EventObject 1 1 65 10 100 8 10 9 100 10 10 10 10 8 10 8 10 7 7 100 1 1 1 5 0 1 1 1 1 1 1 1 1 1 1 1 1 1 1 1 1 12 1 1 12 12 1 12 100 12 12 1 12 1 12 1 1 1 1 1 1 1 1 1 1 1 1
instanceKlass sun/awt/ModalityEvent
instanceKlass java/awt/SentEvent
instanceKlass sun/awt/UngrabEvent
instanceKlass javax/swing/event/AncestorEvent
instanceKlass java/awt/event/HierarchyEvent
instanceKlass java/awt/event/AdjustmentEvent
instanceKlass java/awt/event/ItemEvent
instanceKlass java/awt/event/ActionEvent
instanceKlass java/awt/event/InputMethodEvent
instanceKlass java/awt/SequencedEvent
instanceKlass java/awt/event/InvocationEvent
instanceKlass java/awt/event/ComponentEvent
ciInstanceKlass java/awt/AWTEvent 1 1 399 9 100 8 10 9 9 10 10 9 10 9 9 9 7 9 7 9 10 10 100 10 10 10 10 18 8 10 100 10 7 10 10 10 10 7 10 7 10 10 10 10 10 9 10 100 100 10 9 9 100 100 10 100 10 10 10 10 100 100 10 10 100 10 100 10 10 10 10 9 10 11 11 9 10 10 10 7 10 10 7 7 1 1 1 1 1 1 1 1 1 1 1 1 1 1 1 5 0 1 5 0 1 5 0 1 5 0 1 5 0 1 5 0 1 5 0 1 5 0 1 5 0 1 5 0 1 5 0 1 5 0 1 5 0 1 5 0 1 5 0 1 5 0 1 5 0 1 5 0 1 5 0 1 5 0 1 3 1 5 0 1 1 1 1 1 1 1 1 1 1 1 1 1 1 1 1 1 1 1 1 1 1 100 1 1 1 1 1 1 1 100 1 1 1 1 1 1 1 1 100 1 1 1 1 1 1 1 1 1 1 1 1 1 1 1 1 1 1 1 1 1 1 1 1 1 1 1 7 1 1 1 1 1 1 1 1 1 12 1 1 12 12 12 12 12 12 7 12 12 12 1 12 1 12 12 12 1 12 100 12 1 15 8 12 1 12 1 12 1 12 12 12 12 1 12 1 12 12 12 12 12 1 1 12 100 12 12 1 1 12 1 12 12 1 1 12 12 1 100 12 1 12 12 12 100 12 12 7 12 12 12 12 7 12 7 12 12 1 12 12 1 1 1 1 1 1 1 1 1 1 1 1 1 1 1 1 10 1 1 1 1 1 1 1 1 1 1 1 1 1 1 1 1 1 1 1 1 1 1 1 1 1 1 1 1 1 1 1 1 1 1 1 1 1 1 1 1 1 1 1 1 1 1 1 1 100 1 1 100 12 1 1 100 1 1 100 1 1
instanceKlass java/awt/event/WindowEvent
instanceKlass java/awt/event/ContainerEvent
instanceKlass java/awt/event/FocusEvent
instanceKlass java/awt/event/PaintEvent
instanceKlass java/awt/event/InputEvent
ciInstanceKlass java/awt/event/ComponentEvent 1 1 98 7 10 9 7 10 9 8 8 9 9 9 9 18 18 8 7 1 1 1 3 1 3 1 1 3 1 3 1 1 1 5 0 1 1 1 1 1 1 1 1 1 1 1 1 1 1 1 1 1 1 1 100 100 1 1 1 12 12 1 12 12 12 12 12 12 1 15 8 12 8 1 1 1 1 1 1 1 1 1 1 1 1 10 1 1 1 1 100 12 1 100 1 1 1 100 1 1
instanceKlass java/awt/event/KeyEvent
instanceKlass java/awt/event/MouseEvent
ciInstanceKlass java/awt/event/InputEvent 1 1 294 100 7 9 10 100 18 10 10 9 9 10 9 10 10 9 10 100 9 9 10 8 10 3 9 100 10 8 8 10 10 8 8 8 8 8 8 8 8 8 18 18 10 10 10 8 10 3 3 3 3 3 3 3 3 3 3 3 3 3 3 3 3 10 10 7 10 10 7 1 1 1 1 1 1 3 1 1 1 1 1 1 3 1 3 1 3 1 3 1 3 1 1 1 3 1 3 1 3 1 3 1 3 1 3 1 3 1 3 1 1 1 3 1 3 1 1 1 1 1 1 1 5 0 1 1 1 1 1 1 1 1 1 1 1 1 1 1 1 1 1 1 1 1 1 1 1 1 100 1 1 1 1 1 1 1 1 1 1 1 1 1 1 1 1 1 1 100 1 1 1 1 1 1 12 7 12 1 1 15 8 12 12 12 12 12 12 12 7 12 7 12 100 12 12 1 12 100 12 7 12 1 12 12 1 12 1 1 100 12 12 1 1 1 1 1 1 1 1 1 8 8 12 12 12 1 12 7 12 12 1 7 12 1 1 1 1 1 10 1 1 1 1 1 1 1 1 1 1 1 1 1 1 1 1 1 1 1 1 1 1 1 1 1 1 1 1 1 1 1 1 1 1 1 1 1 1 1 1 1 1 100 1 1 100 12 1 1 100 1 1 100 1 1
staticfield java/awt/event/InputEvent logger Lsun/util/logging/PlatformLogger; sun/util/logging/PlatformLogger
staticfield java/awt/event/InputEvent BUTTON_DOWN_MASK [I 20
ciInstanceKlass java/awt/peer/ComponentPeer 1 0 102 100 100 1 1 1 3 1 3 1 3 1 3 1 3 1 3 1 1 1 1 1 1 1 1 1 1 1 1 1 1 1 1 1 1 1 1 1 1 1 1 1 1 1 1 1 1 1 1 1 1 1 1 100 1 1 1 1 1 1 1 1 1 1 1 1 1 1 1 1 1 1 1 100 1 1 1 100 1 1 1 1 1 1 1 1 1 1 1 1 1 1 1 1 1 100 1 1 100 1 1 1
ciInstanceKlass java/awt/event/AWTEventListener 1 0 11 100 100 100 1 1 1 1 1 1 1
ciInstanceKlass sun/swing/SwingAccessor 1 1 128 10 9 9 100 10 9 100 9 100 9 100 9 100 9 100 9 7 10 7 100 100 1 1 100 1 100 1 100 1 100 1 100 1 100 1 1 1 1 1 1 1 1 1 1 1 1 1 1 1 1 1 1 1 1 1 1 1 1 1 1 1 1 1 1 1 1 1 1 1 1 1 1 1 1 1 1 1 1 1 1 1 1 1 1 1 1 1 1 1 1 1 1 1 1 12 12 12 1 7 12 12 1 12 1 12 1 12 1 12 1 12 1 12 1 1 1 1 1 1 1 1 1 1 1 1 1 1
staticfield sun/swing/SwingAccessor unsafe Ljdk/internal/misc/Unsafe; jdk/internal/misc/Unsafe
ciInstanceKlass sun/awt/AppContext 1 1 530 9 7 11 10 9 9 10 7 10 9 9 9 5 0 9 5 0 9 9 9 9 10 9 11 7 10 10 7 9 7 10 9 10 11 9 7 10 10 9 9 10 7 7 10 10 100 10 10 10 10 100 8 10 9 8 10 7 100 10 100 10 10 10 10 100 100 10 10 10 10 5 0 10 18 10 100 10 11 10 10 11 10 10 11 11 11 10 100 10 10 100 10 100 10 11 9 9 11 7 10 10 10 10 10 18 100 10 7 10 10 10 10 10 100 10 11 10 10 8 10 9 7 8 10 9 7 8 10 8 7 10 10 7 10 9 7 10 7 10 7 10 10 1 1 1 7 1 1 1 1 1 1 1 1 1 1 1 1 1 1 1 1 1 1 1 1 1 1 1 1 1 8 1 1 1 1 1 1 1 1 1 1 1 1 1 1 1 1 1 1 1 1 100 1 1 1 1 1 1 1 1 1 1 1 1 1 1 1 1 1 1 1 1 1 1 1 1 1 100 1 1 1 1 1 1 1 1 1 1 1 100 100 1 1 1 1 1 1 1 1 1 100 1 1 1 1 1 1 1 1 1 1 1 1 1 1 1 1 1 1 1 1 1 1 1 1 1 1 1 1 1 1 1 1 1 1 1 1 1 1 1 1 1 100 100 12 1 7 12 12 12 12 12 1 12 12 12 12 12 12 12 12 12 12 12 1 12 7 12 1 12 1 12 7 12 12 1 12 12 12 12 1 1 100 12 1 12 12 12 12 1 1 12 12 1 12 1 1 12 1 100 12 12 100 12 12 1 1 12 12 12 12 12 1 15 16 15 16 12 12 1 12 12 12 12 12 12 12 100 12 12 12 12 1 1 12 1 12 12 12 12 12 1 12 12 12 100 12 15 8 12 1 12 1 12 12 12 12 1 100 12 1 7 12 12 1 1 12 1 1 1 1 7 12 1 12 1 12 1 1 7 12 1 1 1 1 1 1 1 1 1 1 1 1 1 1 1 1 1 1 1 1 1 1 1 1 1 1 1 1 1 1 1 1 1 1 1 1 1 1 1 1 1 1 1 1 1 1 1 1 1 1 1 10 10 1 1 1 1 1 1 1 1 1 1 1 1 1 1 1 1 1 1 1 1 1 1 1 10 1 1 1 1 1 1 1 1 1 1 1 1 1 1 1 100 12 12 100 12 1 1 100 1 1 1 1 100 1 1
staticfield sun/awt/AppContext log Lsun/util/logging/PlatformLogger; sun/util/logging/PlatformLogger
staticfield sun/awt/AppContext EVENT_QUEUE_KEY Ljava/lang/Object; java/lang/StringBuffer
staticfield sun/awt/AppContext EVENT_QUEUE_LOCK_KEY Ljava/lang/Object; java/lang/StringBuilder
staticfield sun/awt/AppContext EVENT_QUEUE_COND_KEY Ljava/lang/Object; java/lang/StringBuilder
staticfield sun/awt/AppContext threadGroup2appContext Ljava/util/Map; java/util/Collections$SynchronizedMap
staticfield sun/awt/AppContext getAppContextLock Ljava/lang/Object; sun/awt/AppContext$GetAppContextLock
staticfield sun/awt/AppContext numAppContexts Ljava/util/concurrent/atomic/AtomicInteger; java/util/concurrent/atomic/AtomicInteger
staticfield sun/awt/AppContext threadAppContext Ljava/lang/ThreadLocal; java/lang/ThreadLocal
ciInstanceKlass sun/awt/AppContext$3 1 1 123 10 10 10 9 9 10 8 10 8 10 8 10 10 9 11 7 10 10 11 9 10 10 7 7 100 1 1 1 1 1 1 1 1 1 1 1 1 1 1 1 1 1 1 1 1 7 100 100 1 1 1 1 1 1 12 1 12 7 12 12 12 12 7 12 1 7 12 1 12 1 12 100 12 12 7 12 1 12 12 12 7 12 12 1 1 1 1 1 1 1 1 1 1 1 1 1 1 1 1 1 1 1 1 1 1 1 1 1 1 1 1 1 1 1 1 1 1 1 1 1 1 1
ciInstanceKlass java/awt/EventQueue 1 1 763 7 9 8 10 10 7 9 10 10 9 10 9 10 9 9 9 10 18 9 10 10 9 9 10 7 9 9 7 9 10 10 9 11 9 11 9 10 10 10 10 10 7 10 5 0 5 0 10 7 10 7 10 10 9 9 10 9 10 11 9 10 7 9 11 9 10 9 10 10 10 10 10 10 10 10 10 10 10 7 10 7 10 10 11 10 7 10 10 10 10 9 11 7 10 10 7 10 7 10 7 10 11 10 10 10 10 7 10 10 9 10 18 10 10 10 10 9 9 10 7 18 9 100 8 10 10 10 10 100 8 10 7 9 10 9 9 10 18 100 10 8 10 100 11 10 7 10 10 11 10 10 7 10 10 7 10 7 7 7 7 7 7 10 10 10 11 10 7 10 100 5 0 7 10 10 7 10 10 10 10 10 10 10 100 8 10 7 10 10 10 10 10 100 10 10 10 7 10 7 10 7 10 10 7 10 10 7 1 1 1 1 1 1 1 1 3 1 3 1 3 1 3 1 3 1 1 1 1 1 1 1 1 1 1 1 1 1 1 1 1 1 1 1 1 1 1 1 1 1 1 1 1 1 1 1 1 1 1 1 1 1 1 1 1 1 3 1 1 1 1 1 1 1 1 1 1 1 1 1 1 1 1 1 100 1 1 1 1 1 1 1 1 1 1 1 1 1 1 1 1 1 1 1 1 1 7 100 1 1 1 1 1 1 1 7 1 1 1 1 1 1 1 1 1 1 1 1 1 1 1 1 1 1 1 1 1 1 1 1 1 1 1 1 1 1 1 1 1 1 1 1 1 1 100 100 1 1 1 1 1 1 1 1 1 1 1 1 1 1 1 1 1 1 1 1 1 1 1 1 1 1 1 1 1 1 1 1 1 1 1 1 1 1 1 1 1 1 1 1 1 1 1 1 1 1 1 1 1 1 1 1 1 1 1 1 1 1 1 1 1 1 1 100 1 12 1 100 12 12 1 12 7 12 12 12 12 12 7 12 12 12 12 12 1 15 8 12 12 7 12 12 12 12 1 12 12 1 12 7 12 12 12 12 12 12 12 12 12 12 12 12 1 12 12 1 12 1 12 12 12 12 12 12 12 12 12 1 12 12 12 12 12 12 12 12 12 12 12 12 12 12 1 12 1 12 12 12 12 1 12 7 12 12 12 12 7 12 1 12 1 1 1 12 12 12 12 1 12 12 100 12 12 8 12 12 7 12 12 12 12 12 12 1 8 12 12 1 1 12 12 12 1 1 12 1 12 12 12 12 12 8 1 1 12 1 100 12 12 1 12 12 12 7 12 12 1 12 12 1 12 1 1 1 1 1 1 12 7 12 100 12 1 12 1 1 12 1 7 12 12 12 12 1 1 1 12 12 12 12 1 12 12 12 1 12 1 1 12 1 7 12 1 1 1 1 1 1 1 1 1 1 1 1 1 1 1 1 1 1 1 1 1 10 1 1 1 1 1 1 1 1 1 1 1 1 1 1 1 1 1 1 1 1 1 1 1 1 1 1 1 1 1 1 1 1 1 1 1 1 1 1 1 1 1 1 1 1 1 1 1 1 1 1 1 1 1 1 1 1 1 1 1 1 1 1 1 1 1 1 1 1 1 1 1 1 1 1 1 1 1 1 1 1 1 1 1 1 1 1 1 1 1 1 1 1 1 1 1 1 1 1 1 1 1 1 1 100 1 1 1 1 1 7 12 1 1 100 1 1 100 1 1
staticfield java/awt/EventQueue threadInitNumber Ljava/util/concurrent/atomic/AtomicInteger; java/util/concurrent/atomic/AtomicInteger
staticfield java/awt/EventQueue dummyRunnable Ljava/lang/Runnable; java/awt/EventQueue$1
staticfield java/awt/EventQueue javaSecurityAccess Ljdk/internal/access/JavaSecurityAccess; java/security/ProtectionDomain$JavaSecurityAccessImpl
ciInstanceKlass sun/awt/MostRecentKeyValue 1 1 27 10 9 9 7 7 1 1 1 1 1 1 1 1 1 1 1 1 1 1 1 12 12 12 1 1 1
ciInstanceKlass sun/awt/HeadlessToolkit 0 0 279 10 9 100 9 9 100 10 100 8 10 9 10 10 10 10 10 10 10 10 10 10 10 11 10 10 10 10 10 10 10 10 100 10 100 100 100 1 1 1 1 1 1 1 1 1 1 1 1 1 1 1 1 1 1 1 1 1 1 1 1 1 1 1 1 1 1 1 1 1 1 1 1 1 1 1 1 1 1 1 1 1 1 1 1 1 1 1 1 1 1 1 1 100 1 1 1 1 1 1 1 1 1 1 1 1 100 1 1 1 1 1 1 1 1 1 1 1 1 1 1 1 1 1 1 1 1 1 1 1 1 1 1 1 1 1 1 1 1 1 1 1 1 1 1 1 1 1 1 1 1 1 1 1 1 1 1 1 1 1 1 1 1 1 1 1 1 1 1 1 1 1 1 1 1 1 1 1 1 1 1 1 1 1 1 1 1 1 1 1 1 1 1 1 1 1 1 1 100 1 1 1 1 1 100 1 1 1 1 1 1 1 1 1 1 1 1 1 1 1 1 1 1 1 1 1 1 12 12 1 12 12 1 1 1 12 100 12 100 12 100 12 12 12 12 12 12 12 12 12 12 12 12 12 12 12 12 12 12 12 1 1 1 1 1 1 100 1 1 1 1 1 1 1 1 1 1 1 1
ciInstanceKlass java/awt/event/HierarchyListener 1 0 11 100 100 100 1 1 1 1 1 1 1
ciInstanceKlass java/awt/event/ComponentListener 1 0 14 100 100 100 1 1 1 1 1 1 1 1 1 1
ciInstanceKlass java/awt/event/FocusListener 1 0 12 100 100 100 1 1 1 1 1 1 1 1
ciInstanceKlass java/awt/event/KeyListener 1 0 13 100 100 100 1 1 1 1 1 1 1 1 1
ciInstanceKlass java/awt/event/MouseListener 1 0 15 100 100 100 1 1 1 1 1 1 1 1 1 1 1
ciInstanceKlass java/awt/event/MouseMotionListener 1 0 12 100 100 100 1 1 1 1 1 1 1 1
ciInstanceKlass java/awt/event/InputMethodListener 1 0 12 100 100 100 1 1 1 1 1 1 1 1
ciInstanceKlass java/awt/event/HierarchyBoundsListener 1 0 12 100 100 100 1 1 1 1 1 1 1 1
ciInstanceKlass java/awt/event/MouseWheelListener 1 0 11 100 100 100 1 1 1 1 1 1 1
instanceKlass java/awt/dnd/DnDEventMulticaster
instanceKlass java/awt/Toolkit$ToolkitEventMulticaster
ciInstanceKlass java/awt/AWTEventMulticaster 1 1 328 10 9 9 10 10 7 11 11 11 11 7 11 11 7 11 11 7 11 11 11 7 11 11 11 11 11 7 11 11 7 11 11 11 11 11 11 11 7 11 100 11 11 100 11 100 11 100 11 100 11 100 11 11 7 11 100 11 11 7 11 7 10 10 10 100 10 10 10 10 10 10 100 8 10 10 7 7 1 1 1 1 1 1 1 1 1 1 1 1 1 1 1 1 100 1 1 1 1 1 1 1 1 1 1 1 1 1 1 1 1 1 1 1 1 1 1 1 1 1 1 1 1 1 1 1 1 1 1 1 1 1 1 1 1 1 1 1 1 1 1 1 1 1 1 1 1 1 1 1 1 1 1 1 1 1 1 1 1 1 1 1 1 1 1 1 1 1 1 1 1 1 1 1 1 1 1 1 1 1 1 1 1 1 1 1 1 1 1 1 1 1 1 1 1 1 1 1 1 1 1 1 1 1 1 1 100 1 1 1 1 1 1 1 1 1 1 1 1 1 1 1 1 1 1 1 1 1 1 1 1 1 1 12 12 12 12 12 1 12 12 12 12 1 12 12 1 12 12 1 12 12 12 1 12 12 12 12 12 1 12 12 1 12 12 12 12 12 12 12 1 12 1 12 12 1 12 1 12 1 12 1 12 1 12 12 1 12 1 12 12 1 12 1 12 12 12 1 100 12 12 7 12 12 12 12 1 1 12 7 12 1 1 1 1 1 1 1 1 1 1 1 1 1 1 1 1 1
instanceKlass java/awt/DefaultKeyboardFocusManager
ciInstanceKlass java/awt/KeyboardFocusManager 1 1 1106 7 10 10 10 7 10 10 10 10 8 9 9 10 7 9 9 100 10 100 8 10 10 10 10 11 11 10 10 10 7 10 9 7 9 7 7 100 10 100 7 10 10 10 7 11 9 9 9 10 10 10 8 10 100 10 10 10 7 7 10 10 10 10 10 11 7 10 10 11 9 9 10 8 7 10 10 11 11 9 10 8 10 9 9 10 10 8 9 10 9 18 10 8 100 8 10 8 8 8 11 11 11 8 10 3 8 11 8 10 9 9 9 8 7 10 9 7 10 10 10 10 10 10 10 10 9 100 10 10 10 10 10 10 10 10 9 7 10 10 10 10 7 9 9 10 7 10 9 11 10 10 10 10 10 10 11 10 7 9 10 10 10 10 10 9 10 18 10 9 10 7 18 8 10 9 10 10 10 10 9 10 9 10 7 10 9 9 9 10 100 100 9 9 8 10 8 10 10 8 10 8 8 8 8 10 8 10 10 8 9 10 18 10 9 10 10 10 18 18 7 7 10 10 9 10 7 9 9 9 10 10 10 10 9 9 10 10 10 10 10 10 9 10 10 10 10 9 7 10 10 9 9 10 100 8 8 10 10 10 10 5 0 10 10 10 9 7 10 10 11 10 10 10 9 100 8 10 10 10 8 10 10 10 7 10 10 8 7 8 8 8 8 7 10 100 100 1 1 1 1 1 1 1 1 1 1 1 3 1 3 1 3 1 3 1 3 1 1 1 1 1 1 1 1 1 1 1 1 1 1 1 1 1 1 1 1 1 1 1 1 1 1 1 1 1 1 1 1 1 1 1 1 1 1 1 1 1 1 1 1 1 1 1 1 1 1 1 1 1 1 1 1 1 1 1 1 1 1 7 100 1 100 1 1 1 1 1 1 1 1 1 1 1 1 1 1 1 1 1 1 1 1 1 1 1 100 100 1 1 1 1 1 1 1 1 1 1 1 1 1 1 1 1 1 1 1 1 1 1 1 1 1 1 1 1 1 1 1 1 1 1 1 1 1 1 1 1 1 1 100 1 1 1 1 1 1 1 1 7 1 1 1 1 1 1 1 1 1 1 1 1 1 1 1 1 1 1 1 1 1 1 1 1 1 1 1 1 1 1 1 1 1 1 1 1 1 1 1 1 1 1 1 1 1 1 1 1 1 1 1 1 1 1 1 1 1 1 1 1 1 1 1 1 1 1 1 1 1 1 1 1 1 1 1 1 1 1 1 1 1 1 1 1 1 1 1 1 1 1 1 1 1 1 1 1 1 1 1 1 1 1 1 7 1 1 1 1 1 1 1 1 1 1 1 1 1 1 1 1 1 1 1 1 1 1 1 1 1 1 1 1 1 1 1 1 1 1 1 1 1 1 1 1 1 1 1 1 1 1 1 1 1 1 1 1 1 1 1 1 1 1 1 1 1 1 1 1 1 1 1 1 1 100 1 1 1 1 1 1 12 12 12 1 12 12 12 12 1 100 12 12 12 1 12 12 1 1 1 12 12 12 12 12 12 7 12 12 1 12 1 12 1 1 1 12 1 1 12 7 12 1 12 12 12 12 12 12 12 12 1 12 12 12 1 1 12 12 7 12 12 12 7 12 1 12 7 12 12 12 7 12 7 12 1 1 12 12 12 12 12 12 12 12 12 12 12 12 12 1 15 8 12 12 1 1 12 1 1 1 12 12 12 1 12 1 12 1 12 12 12 1 12 12 1 12 12 12 12 12 12 12 12 1 12 12 12 12 12 12 12 1 12 12 1 12 12 12 1 12 7 12 12 12 12 12 12 1 7 12 12 12 12 12 12 7 12 12 8 12 100 12 12 1 8 12 1 7 12 12 12 12 12 12 12 12 12 12 1 12 12 12 12 12 1 1 12 12 1 12 1 12 12 1 12 1 1 1 1 12 1 12 12 1 12 12 8 12 12 12 12 12 12 8 12 8 1 1 12 12 12 12 1 12 12 12 12 12 12 12 12 12 12 12 12 12 12 12 12 12 12 12 12 12 1 7 12 12 12 12 1 1 1 12 12 12 12 12 12 12 1 12 7 12 7 12 12 12 12 12 1 1 12 7 12 1 12 12 12 1 12 1 1 1 1 1 1 1 1 1 1 1 1 1 1 1 1 1 1 1 1 1 1 1 1 1 1 1 1 1 1 1 1 1 1 1 1 1 1 1 1 1 1 1 1 1 1 1 1 1 1 1 1 1 1 1 1 1 1 1 1 1 1 1 1 1 1 1 1 1 1 1 1 1 1 10 1 1 1 1 1 1 1 1 1 1 1 1 1 1 1 1 1 1 1 1 1 1 1 1 1 1 1 1 1 1 1 1 1 1 1 1 1 1 1 1 1 1 1 1 1 1 1 1 1 1 1 1 1 1 1 1 1 1 1 1 1 1 1 1 1 1 1 1 1 1 1 1 1 1 1 1 1 1 1 1 1 1 1 1 1 1 1 1 1 1 1 1 1 1 1 1 1 100 1 1 100 12 1 1 100 1 1 100 1 1
staticfield java/awt/KeyboardFocusManager focusLog Lsun/util/logging/PlatformLogger; sun/util/logging/PlatformLogger
staticfield java/awt/KeyboardFocusManager log Lsun/util/logging/PlatformLogger; sun/util/logging/PlatformLogger
staticfield java/awt/KeyboardFocusManager defaultFocusTraversalKeyPropertyNames [Ljava/lang/String; 4 [Ljava/lang/String;
staticfield java/awt/KeyboardFocusManager $assertionsDisabled Z 1
instanceKlass javax/swing/FocusManager
ciInstanceKlass java/awt/DefaultKeyboardFocusManager 1 1 821 10 9 9 9 9 7 10 9 9 7 7 10 7 10 7 10 10 10 10 10 10 9 10 10 10 10 10 10 9 10 10 10 10 9 10 9 7 10 10 10 10 10 10 100 7 100 10 10 9 100 10 10 5 0 10 100 9 5 0 10 7 10 10 10 7 10 7 9 10 10 100 10 9 9 10 7 7 18 10 10 10 10 10 10 10 10 10 10 10 10 10 10 9 10 10 7 10 9 8 100 10 9 10 10 10 8 10 5 0 10 10 10 10 10 10 10 9 10 10 10 10 10 10 8 8 10 10 7 10 10 10 8 10 10 10 10 10 10 10 11 11 11 7 11 10 9 7 10 9 11 7 10 10 10 9 8 10 10 9 8 10 10 10 10 8 10 8 10 8 10 10 11 8 8 10 10 10 10 10 10 10 10 10 100 11 10 9 10 10 10 10 10 10 10 10 10 10 11 10 10 10 10 10 10 8 10 11 10 10 8 11 11 11 11 10 10 10 10 10 8 10 7 10 10 7 10 10 7 1 1 1 1 1 1 1 1 1 1 1 1 1 1 1 1 1 1 1 1 1 1 1 1 1 1 1 1 1 1 1 1 1 1 1 1 1 1 1 1 1 1 1 1 1 1 1 1 1 1 1 1 1 1 1 1 1 1 1 1 1 1 1 1 1 1 1 1 1 1 1 1 1 7 7 100 100 1 1 1 1 1 1 1 1 1 1 1 1 1 1 1 1 1 1 1 1 1 1 1 1 1 1 1 1 7 1 1 1 1 1 1 1 1 1 1 1 1 1 1 1 1 7 7 7 1 1 1 1 1 1 1 1 1 1 1 1 1 1 1 1 1 1 1 1 1 1 1 1 1 1 1 1 7 7 1 1 1 1 1 1 1 1 7 1 1 1 1 1 1 1 1 1 1 1 1 1 1 1 1 1 1 1 1 12 12 12 12 12 1 12 12 1 1 12 1 12 1 12 12 12 12 12 12 12 12 12 12 12 12 12 12 12 12 7 12 12 12 12 12 1 12 12 12 12 7 12 12 1 1 1 12 12 12 1 12 12 1 12 12 1 12 12 12 1 1 12 12 12 1 12 12 7 12 7 12 1 1 1 15 8 12 12 12 12 12 12 12 12 12 12 12 12 12 12 12 12 12 7 12 1 12 12 1 1 12 12 12 12 12 1 12 12 12 12 12 12 12 12 12 12 12 12 12 12 12 1 1 12 12 1 12 12 1 12 12 12 12 12 12 12 12 12 1 12 12 1 12 12 1 12 12 12 1 12 12 12 1 100 12 100 12 12 1 12 1 12 1 12 12 12 1 1 12 12 12 12 12 12 12 1 12 12 12 12 12 12 12 12 12 12 12 12 12 12 12 12 12 12 1 12 12 12 12 1 12 12 12 12 12 12 1 12 1 7 12 1 7 12 1 1 1 1 1 1 1 1 1 1 1 1 1 1 1 1 1 1 1 1 1 1 1 1 1 1 1 1 1 1 1 1 1 1 1 1 1 1 1 1 1 1 1 1 1 1 1 1 1 1 1 1 1 1 1 1 1 1 1 1 1 1 1 1 1 1 1 1 1 1 1 1 1 1 1 10 1 1 1 1 1 1 1 1 1 1 1 1 1 1 1 1 1 1 1 1 1 1 1 1 1 1 1 1 1 1 1 1 1 1 1 1 1 1 1 1 1 1 1 1 1 1 1 1 1 1 1 1 1 1 1 1 1 1 1 1 1 1 1 1 1 1 1 1 1 1 1 1 1 1 1 1 1 1 1 1 1 1 1 1 1 1 1 1 1 1 1 1 1 1 1 1 1 1 1 1 1 100 1 1 1 1 1 100 12 1 1 100 1 1 100 1 1
staticfield java/awt/DefaultKeyboardFocusManager focusLog Lsun/util/logging/PlatformLogger; sun/util/logging/PlatformLogger
staticfield java/awt/DefaultKeyboardFocusManager NULL_WINDOW_WR Ljava/lang/ref/WeakReference; java/lang/ref/WeakReference
staticfield java/awt/DefaultKeyboardFocusManager NULL_COMPONENT_WR Ljava/lang/ref/WeakReference; java/lang/ref/WeakReference
instanceKlass javax/swing/InternalFrameFocusTraversalPolicy
instanceKlass java/awt/ContainerOrderFocusTraversalPolicy
ciInstanceKlass java/awt/FocusTraversalPolicy 1 1 47 10 100 8 10 10 10 7 7 1 1 1 1 1 1 1 1 1 1 1 1 1 1 1 1 1 1 1 1 1 100 1 1 12 1 1 12 12 7 12 1 1 1 1 1 1 1
instanceKlass javax/swing/KeyStroke
ciInstanceKlass java/awt/AWTKeyStroke 1 1 420 10 7 3 9 9 9 9 10 9 10 7 9 7 7 10 10 10 11 10 10 11 11 10 10 100 8 10 10 10 10 10 10 8 8 7 8 10 9 10 8 100 10 8 8 8 8 8 8 8 8 10 10 10 10 10 18 10 8 10 8 8 7 10 9 7 10 10 10 10 10 100 100 10 10 18 10 18 100 10 8 10 8 8 8 8 8 8 8 10 10 10 100 10 10 10 9 10 8 10 9 100 10 8 10 7 10 10 100 1 1 1 5 0 1 1 1 1 1 1 1 1 1 1 1 1 1 1 1 1 1 1 1 1 1 1 1 1 1 1 1 1 1 1 1 1 1 1 1 1 1 1 1 1 1 1 1 1 1 1 1 1 1 1 1 1 1 1 1 1 1 1 1 1 1 1 1 1 1 1 1 1 1 1 7 100 1 1 1 1 1 1 1 1 1 1 1 1 1 1 1 1 1 1 1 1 1 1 1 1 1 1 1 1 1 1 1 1 1 1 1 1 100 1 1 1 100 1 1 1 1 1 1 12 1 12 12 12 12 7 12 12 12 1 12 1 1 12 7 12 7 12 12 12 12 12 1 1 12 100 12 12 12 12 12 1 1 1 1 12 12 12 1 1 12 1 1 1 1 1 1 1 1 7 12 12 12 12 12 1 15 8 12 12 12 1 12 12 1 12 12 7 12 7 12 1 1 12 12 8 12 12 8 12 1 1 12 1 1 1 1 1 1 1 12 12 12 1 12 12 12 12 1 12 12 1 1 12 1 7 12 1 1 1 1 1 1 1 1 1 1 1 1 1 1 1 1 1 1 1 1 1 1 1 1 1 1 1 1 1 1 1 1 1 1 1 1 10 1 1 1 1 1 1 1 1 1 1 1 1 1 1 1 1 1 1 1 1 1 1 1 1 1 1 1 1 1 1 1 1 1 7 12 1 100 1 1 100 1 1
staticfield java/awt/AWTKeyStroke $assertionsDisabled Z 1
ciInstanceKlass javax/swing/KeyStroke 1 1 103 10 10 7 10 7 100 10 10 10 10 10 10 10 100 7 10 10 1 1 1 1 5 0 1 1 1 1 1 1 1 1 1 1 1 1 1 1 1 1 1 1 100 100 1 1 1 1 1 1 100 1 1 1 1 1 1 1 1 1 1 1 7 1 1 1 1 12 12 1 12 1 1 12 12 12 12 12 12 1 1 7 12 1 1 1 1 1 1 1 1 1 1 1 1 1 1 1 1 100 1 1 1
ciInstanceKlass sun/swing/SwingAccessor$KeyStrokeAccessor 1 0 14 100 100 1 1 1 1 1 100 1 1 1 1 1
ciInstanceKlass javax/swing/KeyStroke$1 1 1 29 10 7 10 100 7 100 1 1 1 1 1 1 1 1 1 1 1 1 1 1 12 1 1 1 100 1 1 1
ciInstanceKlass javax/swing/JRootPane 1 1 418 10 9 10 10 10 10 10 10 10 10 10 10 10 10 10 10 9 7 100 8 10 10 8 10 9 7 10 10 10 8 7 10 10 18 10 7 10 18 10 7 10 10 18 10 10 7 10 9 10 9 10 10 9 10 100 8 10 9 10 8 10 10 10 100 8 10 7 10 10 9 10 10 10 10 10 100 5 0 10 10 9 10 8 10 9 9 9 18 10 10 10 10 10 9 100 10 10 7 8 10 10 7 10 8 7 100 1 1 1 1 1 1 1 1 1 1 1 3 1 3 1 3 1 3 1 3 1 3 1 3 1 3 1 3 1 1 1 1 1 1 1 1 1 1 1 1 1 1 1 1 1 1 1 1 1 1 1 1 1 1 1 1 1 1 1 1 1 1 1 1 1 1 1 1 1 1 1 1 1 1 1 1 1 1 1 1 1 1 1 1 1 1 1 1 1 1 1 1 1 1 1 1 1 1 1 1 1 1 1 1 1 1 1 1 1 1 1 1 1 1 1 1 1 1 1 1 1 1 1 1 100 1 1 1 1 1 1 1 1 1 1 1 1 1 1 1 1 1 1 1 1 12 12 12 12 12 12 12 12 12 12 12 12 12 7 12 12 12 1 1 1 12 12 12 12 1 12 7 12 12 1 1 12 1 15 8 12 12 1 8 1 12 8 12 12 1 12 7 12 12 12 12 12 1 1 12 100 1 12 1 1 1 7 12 12 12 12 12 1 12 12 12 12 12 12 100 12 8 12 100 12 100 12 12 12 12 12 1 12 1 1 7 12 1 12 1 1 1 1 1 1 1 1 1 1 1 1 1 1 1 1 1 1 1 1 10 1 1 1 1 1 1 1 1 1 1 1 1 1 1 1 1 1 1 1 1 1 1 1 1 1 1 1 1 1 1 1 1 1 1 1 1 1 1 1 1 1 1 7 12 1 100 1 1 100 1 1
staticfield javax/swing/JRootPane LOG_DISABLE_TRUE_DOUBLE_BUFFERING Z 0
staticfield javax/swing/JRootPane IGNORE_DISABLE_TRUE_DOUBLE_BUFFERING Z 0
ciInstanceKlass java/awt/Point 1 1 101 10 9 9 10 7 10 10 6 0 10 10 10 10 18 7 100 1 1 1 1 1 1 5 0 1 1 1 1 1 1 1 1 1 1 1 1 1 1 1 1 1 1 1 1 1 1 1 1 1 1 1 1 1 1 1 1 1 1 12 12 12 12 1 12 12 100 12 12 100 12 100 12 1 15 8 12 1 1 1 1 1 1 1 1 1 1 10 1 1 1 100 12 1 100 1 1 1 100 1 1
ciInstanceKlass simrskhanza/frmUtama 1 1 25707 10 7 12 1 1 1 10 12 1 1 10 12 1 10 12 1 10 12 1 1 10 12 1 10 12 1 10 12 1 10 12 1 10 12 1 10 12 1 10 12 1 10 12 1 10 12 1 10 12 1 10 12 1 10 12 1 10 12 1 10 12 1 10 12 1 10 12 1 10 12 1 10 12 1 10 12 1 10 12 1 10 12 1 10 12 1 10 12 1 10 12 1 10 12 1 10 12 1 10 12 1 10 12 1 10 12 1 10 12 1 10 12 1 10 12 1 10 12 1 10 12 1 10 12 1 10 12 1 10 12 1 10 12 1 10 12 1 10 12 1 10 12 1 10 12 1 10 12 1 10 12 1 10 12 1 10 12 1 10 12 1 10 12 1 10 12 1 10 12 1 10 12 1 10 12 1 10 12 1 10 12 1 10 12 1 10 12 1 1 10 12 1 10 12 1 10 12 1 1 10 12 1 10 12 1 10 12 1 10 12 1 10 12 1 10 12 1 10 12 1 10 12 1 10 12 1 10 12 1 10 12 1 10 12 1 10 12 1 10 12 1 10 12 1 10 12 1 10 12 1 10 12 1 10 12 1 10 12 1 10 12 1 10 12 1 10 12 1 10 12 1 10 12 1 10 12 1 10 12 1 10 12 1 10 12 1 10 12 1 10 12 1 10 12 1 10 12 1 10 12 1 10 12 1 10 12 1 10 12 1 10 12 1 10 12 1 10 12 1 10 12 1 10 12 1 10 12 1 10 12 1 10 12 1 10 12 1 10 12 1 10 12 1 10 12 1 10 12 1 10 12 1 10 12 1 10 12 1 10 12 1 10 12 1 10 12 1 10 12 1 10 12 1 10 12 1 10 12 1 10 12 1 10 12 1 10 12 1 10 12 1 10 12 1 10 12 1 10 12 1 10 12 1 10 12 1 10 12 1 10 12 1 10 12 1 10 12 1 10 12 1 10 12 1 10 12 1 10 12 1 10 12 1 10 12 1 10 12 1 10 12 1 10 12 1 10 12 1 10 12 1 10 12 1 10 12 1 10 12 1 10 12 1 10 12 1 10 12 1 10 12 1 10 12 1 10 12 1 10 12 1 10 12 1 10 12 1 10 12 1 10 12 1 10 12 1 10 12 1 10 12 1 10 12 1 10 12 1 10 12 1 10 12 1 10 12 1 10 12 1 10 12 1 10 12 1 10 12 1 10 12 1 10 12 1 10 12 1 10 12 1 10 12 1 10 12 1 10 12 1 10 12 1 10 12 1 10 12 1 10 12 1 10 12 1 10 12 1 10 12 1 10 12 1 10 12 1 10 12 1 10 12 1 10 12 1 10 12 1 10 12 1 10 12 1 10 12 1 10 12 1 10 12 1 10 12 1 10 12 1 10 12 1 10 12 1 10 12 1 10 12 1 10 12 1 10 12 1 10 12 1 10 12 1 10 12 1 10 12 1 10 12 1 10 12 1 10 12 1 10 12 1 10 12 1 10 12 1 10 12 1 10 12 1 10 12 1 10 12 1 10 12 1 10 12 1 10 12 1 10 12 1 10 12 1 10 12 1 10 12 1 10 12 1 10 12 1 10 12 1 10 12 1 10 12 1 10 12 1 10 12 1 10 12 1 10 12 1 10 12 1 10 12 1 10 12 1 10 12 1 10 12 1 10 12 1 10 12 1 10 12 1 10 12 1 10 12 1 10 12 1 10 12 1 10 12 1 10 12 1 10 12 1 10 12 1 10 12 1 10 12 1 10 12 1 10 12 1 10 12 1 10 12 1 10 12 1 10 12 1 10 12 1 10 12 1 10 12 1 10 12 1 10 12 1 10 12 1 10 12 1 10 12 1 10 12 1 10 12 1 10 12 1 10 12 1 10 12 1 10 12 1 10 12 1 10 12 1 10 12 1 10 12 1 10 12 1 10 12 1 10 12 1 10 12 1 10 12 1 10 12 1 10 12 1 10 12 1 10 12 1 10 12 1 10 12 1 10 12 1 10 12 1 10 12 1 10 12 1 10 12 1 10 12 1 10 12 1 10 12 1 10 12 1 10 12 1 10 12 1 10 12 1 10 12 1 10 12 1 10 12 1 10 12 1 10 12 1 10 12 1 10 12 1 10 12 1 10 12 1 10 12 1 10 12 1 10 12 1 10 12 1 10 12 1 10 12 1 10 12 1 10 12 1 10 12 1 10 12 1 10 12 1 10 12 1 10 12 1 10 12 1 10 12 1 10 12 1 10 12 1 10 12 1 10 12 1 10 12 1 10 12 1 10 12 1 10 12 1 10 12 1 10 12 1 10 12 1 10 12 1 10 12 1 10 12 1 10 12 1 10 12 1 10 12 1 10 12 1 10 12 1 10 12 1 10 12 1 10 12 1 10 12 1 10 12 1 10 12 1 10 12 1 10 12 1 10 12 1 10 12 1 10 12 1 10 12 1 10 12 1 10 12 1 10 12 1 10 12 1 10 12 1 10 12 1 10 12 1 10 12 1 10 12 1 10 12 1 10 12 1 10 12 1 10 12 1 10 12 1 10 12 1 10 12 1 10 12 1 10 12 1 10 12 1 10 12 1 10 12 1 10 12 1 10 12 1 10 12 1 10 12 1 10 12 1 10 12 1 10 12 1 10 12 1 10 12 1 10 12 1 10 12 1 10 12 1 10 12 1 10 12 1 10 12 1 10 12 1 10 12 1 10 12 1 10 12 1 10 12 1 10 12 1 10 12 1 10 12 1 10 12 1 10 12 1 10 12 1 10 12 1 10 12 1 10 12 1 10 12 1 10 12 1 10 12 1 10 12 1 10 12 1 10 12 1 10 12 1 10 12 1 10 12 1 10 12 1 10 12 1 10 12 1 10 12 1 10 12 1 10 12 1 10 12 1 10 12 1 10 12 1 10 12 1 10 12 1 10 12 1 10 12 1 10 12 1 10 12 1 10 12 1 10 12 1 10 12 1 10 12 1 10 12 1 10 12 1 10 12 1 10 12 1 10 12 1 10 12 1 10 12 1 10 12 1 10 12 1 10 12 1 10 12 1 10 12 1 10 12 1 10 12 1 10 12 1 10 12 1 10 12 1 10 12 1 10 12 1 10 12 1 10 12 1 10 12 1 10 12 1 10 12 1 10 12 1 10 12 1 10 12 1 10 12 1 10 12 1 10 12 1 10 12 1 10 12 1 10 12 1 10 12 1 10 12 1 10 12 1 10 12 1 10 12 1 10 12 1 10 12 1 10 12 1 10 12 1 10 12 1 10 12 1 10 12 1 10 12 1 10 12 1 10 12 1 10 12 1 10 12 1 10 12 1 10 12 1 10 12 1 10 12 1 10 12 1 10 12 1 10 12 1 10 12 1 10 12 1 10 12 1 10 12 1 10 12 1 10 12 1 10 12 1 10 12 1 10 12 1 10 12 1 10 12 1 10 12 1 10 12 1 10 12 1 10 12 1 10 12 1 10 12 1 10 12 1 10 12 1 10 12 1 10 12 1 10 12 1 10 12 1 10 12 1 10 12 1 10 12 1 10 12 1 10 12 1 10 12 1 10 12 1 10 12 1 10 12 1 10 12 1 1 10 12 1 1 10 12 1 10 12 1 10 12 1 10 12 1 10 12 1 10 12 1 9 12 1 1 9 12 1 1 9 12 1 1 9 12 1 1 9 12 1 1 9 12 1 9 12 1 1 10 12 1 1 9 12 1 9 12 1 1 10 7 12 1 1 10 7 12 1 1 1 9 12 1 1 7 1 10 9 12 1 1 7 1 10 9 12 1 1 7 1 10 12 1 9 12 1 1 7 1 10 9 12 1 1 7 1 10 7 1 10 7 1 10 9 12 1 1 9 12 1 9 12 1 9 12 1 9 12 1 8 1 8 1 10 12 1 1 9 12 1 10 12 1 1 9 12 10 12 1 10 12 1 7 1 10 7 12 1 1 1 8 1 10 7 12 1 1 1 10 12 1 10 12 1 1 10 12 1 1 100 1 10 12 1 1 9 12 1 1 7 1 10 12 10 12 1 1 10 7 12 1 1 1 9 12 1 9 12 1 10 7 12 1 1 1 10 12 1 1 10 12 1 1 9 12 1 1 10 7 12 1 1 9 12 1 9 12 1 9 12 1 9 12 1 10 12 1 1 7 1 10 12 1 10 7 12 1 1 1 9 12 1 1 9 12 1 1 10 7 12 1 1 1 10 12 1 10 7 12 1 1 1 7 1 8 1 10 12 10 12 1 1 100 1 9 100 12 1 1 1 7 1 10 8 1 10 12 1 1 10 12 1 10 10 100 12 1 1 10 7 12 1 1 1 9 12 1 10 12 1 10 7 12 1 1 8 1 9 12 1 1 10 7 1 10 7 1 10 12 1 8 1 10 7 12 1 1 1 10 12 1 1 100 1 10 11 100 12 1 1 1 8 1 10 12 1 8 1 4 10 12 1 1 4 9 12 1 1 10 10 7 1 10 9 12 1 1 9 12 1 10 9 12 1 9 12 1 9 12 1 9 12 1 10 9 12 1 9 12 1 9 12 1 10 7 1 10 9 12 1 1 9 12 1 9 12 1 9 12 1 9 12 1 9 12 1 9 12 1 7 1 10 9 12 1 1 7 1 10 9 12 1 1 9 12 1 9 12 1 7 1 10 9 12 1 1 10 7 1 10 9 12 1 1 7 1 10 9 12 1 1 7 1 10 9 12 1 1 10 7 1 10 9 12 1 1 9 12 1 9 12 1 9 12 1 9 12 1 9 12 1 9 12 1 9 12 1 9 12 1 9 12 1 9 12 1 9 12 1 9 12 1 9 12 1 9 12 1 9 12 1 9 12 1 9 12 1 9 12 1 9 12 1 9 12 1 9 12 1 9 12 1 9 12 1 9 12 1 9 12 1 9 12 1 9 12 1 9 12 1 9 12 1 9 12 1 9 12 1 9 12 1 9 12 1 9 12 1 9 12 1 9 12 1 9 12 1 9 12 1 9 12 1 9 12 1 9 12 1 9 12 1 9 12 1 9 12 1 9 12 1 9 12 1 9 12 1 9 12 1 9 12 1 9 12 1 9 12 1 9 12 1 9 12 1 9 12 1 9 12 1 9 12 1 9 12 1 9 12 1 9 12 1 9 12 1 9 12 1 9 12 1 9 12 1 9 12 1 9 12 1 9 12 1 9 12 1 9 12 1 9 12 1 9 12 1 9 12 1 9 12 1 9 12 1 9 12 1 9 12 1 9 12 1 9 12 1 9 12 1 9 12 1 9 12 1 9 12 1 9 12 1 9 12 1 9 12 1 9 12 1 9 12 1 9 12 1 9 12 1 9 12 1 9 12 1 9 12 1 9 12 1 9 12 1 9 12 1 9 12 1 9 12 1 9 12 1 9 12 1 9 12 1 9 12 1 9 12 1 9 12 1 9 12 1 9 12 1 9 12 1 9 12 1 9 12 1 9 12 1 9 12 1 9 12 1 9 12 1 9 12 1 9 12 1 9 12 1 9 12 1 9 12 1 9 12 1 9 12 1 9 12 1 9 12 1 9 12 1 9 12 1 9 12 1 9 12 1 9 12 1 9 12 1 9 12 1 9 12 1 9 12 1 9 12 1 9 12 1 9 12 1 9 12 1 9 12 1 9 12 1 9 12 1 9 12 1 9 12 1 9 12 1 9 12 1 9 12 1 9 12 1 9 12 1 9 12 1 9 12 1 9 12 1 9 12 1 9 12 1 9 12 1 9 12 1 9 12 1 9 12 1 9 12 1 9 12 1 9 12 1 9 12 1 9 12 1 9 12 1 9 12 1 9 12 1 9 12 1 9 12 1 9 12 1 9 12 1 9 12 1 9 12 1 9 12 1 9 12 1 9 12 1 9 12 1 9 12 1 9 12 1 9 12 1 9 12 1 9 12 1 9 12 1 9 12 1 9 12 1 9 12 1 9 12 1 9 12 1 9 12 1 9 12 1 9 12 1 9 12 1 9 12 1 9 12 1 9 12 1 9 12 1 9 12 1 9 12 1 9 12 1 9 12 1 9 12 1 9 12 1 9 12 1 9 12 1 9 12 1 9 12 1 9 12 1 9 12 1 9 12 1 9 12 1 9 12 1 9 12 1 9 12 1 9 12 1 9 12 1 9 12 1 9 12 1 9 12 1 9 12 1 9 12 1 9 12 1 9 12 1 9 12 1 9 12 1 9 12 1 9 12 1 9 12 1 9 12 1 9 12 1 9 12 1 9 12 1 9 12 1 9 12 1 9 12 1 9 12 1 9 12 1 9 12 1 9 12 1 9 12 1 9 12 1 9 12 1 9 12 1 9 12 1 9 12 1 9 12 1 9 12 1 9 12 1 9 12 1 9 12 1 9 12 1 9 12 1 9 12 1 9 12 1 9 12 1 9 12 1 9 12 1 9 12 1 9 12 1 9 12 1 9 12 1 9 12 1 9 12 1 9 12 1 9 12 1 9 12 1 9 12 1 9 12 1 9 12 1 9 12 1 9 12 1 9 12 1 9 12 1 9 12 1 9 12 1 9 12 1 9 12 1 9 12 1 9 12 1 9 12 1 9 12 1 9 12 1 9 12 1 9 12 1 9 12 1 9 12 1 9 12 1 9 12 1 9 12 1 9 12 1 9 12 1 9 12 1 9 12 1 9 12 1 9 12 1 9 12 1 9 12 1 9 12 1 9 12 1 9 12 1 9 12 1 9 12 1 9 12 1 9 12 1 9 12 1 9 12 1 9 12 1 9 12 1 9 12 1 9 12 1 9 12 1 9 12 1 9 12 1 9 12 1 9 12 1 9 12 1 9 12 1 9 12 1 9 12 1 9 12 1 9 12 1 9 12 1 9 12 1 9 12 1 9 12 1 9 12 1 9 12 1 9 12 1 9 12 1 9 12 1 9 12 1 9 12 1 9 12 1 9 12 1 9 12 1 9 12 1 9 12 1 9 12 1 9 12 1 9 12 1 9 12 1 9 12 1 9 12 1 9 12 1 9 12 1 9 12 1 9 12 1 9 12 1 9 12 1 9 12 1 9 12 1 9 12 1 9 12 1 9 12 1 9 12 1 9 12 1 9 12 1 9 12 1 9 12 1 9 12 1 9 12 1 9 12 1 9 12 1 9 12 1 9 12 1 9 12 1 9 12 1 9 12 1 9 12 1 9 12 1 9 12 1 9 12 1 9 12 1 9 12 1 9 12 1 9 12 1 9 12 1 9 12 1 9 12 1 9 12 1 9 12 1 9 12 1 9 12 1 9 12 1 9 12 1 9 12 1 9 12 1 9 12 1 9 12 1 9 12 1 9 12 1 9 12 1 9 12 1 9 12 1 9 12 1 9 12 1 9 12 1 9 12 1 9 12 1 9 12 1 9 12 1 9 12 1 9 12 1 9 12 1 9 12 1 9 12 1 9 12 1 9 12 1 9 12 1 9 12 1 9 12 1 9 12 1 9 12 1 9 12 1 9 12 1 9 12 1 9 12 1 9 12 1 9 12 1 9 12 1 9 12 1 9 12 1 9 12 1 9 12 1 9 12 1 9 12 1 9 12 1 9 12 1 9 12 1 9 12 1 9 12 1 9 12 1 9 12 1 9 12 1 9 12 1 9 12 1 9 12 1 9 12 1 9 12 1 9 12 1 9 12 1 9 12 1 9 12 1 9 12 1 9 12 1 9 12 1 9 12 1 9 12 1 9 12 1 9 12 1 9 12 1 9 12 1 9 12 1 9 12 1 9 12 1 9 12 1 9 12 1 9 12 1 9 12 1 9 12 1 9 12 1 9 12 1 9 12 1 9 12 1 9 12 1 9 12 1 9 12 1 9 12 1 7 1 10 9 12 1 1 9 12 1 9 12 1 9 12 1 9 12 1 9 12 1 9 12 1 9 12 1 9 12 1 9 12 1 9 12 1 9 12 1 9 12 1 9 12 1 9 12 1 9 12 1 9 12 1 9 12 1 9 12 1 9 12 1 9 12 1 9 12 1 9 12 1 9 12 1 9 12 1 9 12 1 9 12 1 7 1 10 9 12 1 9 12 1 9 12 1 9 12 1 9 12 1 9 12 1 7 1 10 9 12 1 1 10 9 12 1 7 1 10 9 12 1 1 9 12 1 7 1 10 9 12 1 1 9 12 1 9 12 1 9 12 1 9 12 1 9 12 1 9 12 1 9 12 1 9 12 1 9 12 1 9 12 1 9 12 1 9 12 1 9 12 1 9 12 1 9 12 1 9 12 1 9 12 1 9 12 1 9 12 1 9 12 1 9 12 1 9 12 1 9 12 1 9 12 1 9 12 1 9 12 1 9 12 1 9 12 1 9 12 1 9 12 1 9 12 1 9 12 1 9 12 1 9 12 1 9 12 1 9 12 1 9 12 1 9 12 1 9 12 1 9 12 1 9 12 1 9 12 1 9 12 1 9 12 1 9 12 1 9 12 1 9 12 1 9 12 1 9 12 1 9 12 1 9 12 1 9 12 1 100 1 10 12 1 8 10 12 1 10 12 1 10 12 1 7 1 10 12 1 10 12 1 1 10 12 1 1 10 12 1 8 10 10 12 1 1 7 1 10 12 10 12 1 1 10 12 1 8 10 12 1 10 12 1 10 12 1 10 12 1 7 1 8 1 10 12 1 10 12 1 1 10 100 1 10 12 1 8 1 8 10 10 12 1 1 10 12 1 1 8 1 10 12 1 1 8 1 10 12 1 8 8 1 8 1 8 8 1 8 1 8 10 10 10 10 10 12 1 10 8 1 8 10 8 1 8 1 8 10 7 12 1 1 1 10 10 100 1 10 8 1 10 12 1 10 12 1 100 1 10 12 1 10 8 10 10 7 1 10 10 10 8 1 10 12 1 10 12 1 8 10 12 1 7 1 10 10 12 1 1 7 1 10 8 1 10 10 12 1 1 8 1 10 8 1 10 10 10 12 1 7 1 10 12 10 12 1 1 8 10 10 7 1 10 10 10 8 1 8 1 8 7 1 10 8 1 8 8 1 8 8 1 8 10 8 1 8 10 10 12 1 1 7 1 8 1 10 7 12 1 1 10 12 1 10 10 8 10 12 1 1 8 1 100 1 10 12 1 1 8 10 10 10 8 10 10 7 1 10 10 10 8 10 10 10 8 1 10 8 7 1 10 8 1 10 8 7 1 8 1 8 1 8 1 8 1 8 1 8 1 8 1 8 1 8 1 8 1 8 1 8 1 8 1 8 1 8 1 8 1 8 1 8 1 8 1 8 1 10 12 1 10 12 1 1 8 10 10 7 1 10 10 12 1 1 8 10 10 7 1 10 10 8 1 10 10 10 12 1 8 1 10 10 12 1 10 10 12 1 8 10 10 10 10 12 1 8 1 10 12 1 10 12 1 7 1 10 10 8 1 10 10 100 1 10 12 1 8 10 10 10 8 10 7 1 10 10 10 12 1 10 12 1 10 8 1 10 8 1 10 12 1 8 10 10 8 1 10 8 1 10 10 8 10 10 7 1 10 10 8 1 8 1 8 7 1 10 8 1 8 1 8 7 1 10 8 1 8 1 8 7 1 10 8 1 8 1 8 7 1 10 8 1 8 1 8 7 1 10 8 1 8 1 8 7 1 10 8 1 8 1 8 7 1 10 8 1 8 1 8 7 1 10 8 1 8 1 8 7 1 10 8 1 8 1 8 7 1 10 8 1 8 1 8 7 1 10 8 1 8 1 8 7 1 10 8 1 8 1 8 7 1 10 8 1 8 1 8 7 1 10 8 1 8 1 8 7 1 10 8 1 8 1 8 7 1 10 8 1 8 7 1 10 8 1 8 1 8 7 1 10 8 1 8 1 8 7 1 10 8 1 8 1 8 7 1 10 8 1 8 1 8 7 1 10 8 1 8 1 8 7 1 10 8 1 8 1 8 7 1 10 8 1 8 1 8 7 1 10 8 1 8 1 8 7 1 10 8 1 8 1 8 7 1 10 8 1 8 1 8 7 1 10 8 1 8 1 8 7 1 10 8 1 8 1 8 7 1 10 8 1 8 1 8 7 1 10 8 1 8 1 8 7 1 10 8 1 8 1 8 7 1 10 8 1 8 7 1 10 8 1 8 1 8 7 1 10 8 1 8 7 1 10 8 1 8 7 1 10 8 1 8 1 8 7 1 10 8 1 8 1 8 7 1 10 8 1 8 1 8 7 1 10 8 1 8 1 8 7 1 10 8 1 8 1 8 7 1 10 8 1 8 1 8 7 1 10 8 1 8 1 8 7 1 10 8 1 8 1 8 7 1 10 8 1 8 1 8 7 1 10 8 1 8 1 8 7 1 10 8 1 8 7 1 10 8 1 8 1 8 7 1 10 8 1 8 1 8 7 1 10 8 1 8 1 8 7 1 10 8 1 8 1 8 7 1 10 8 1 8 7 1 10 8 1 8 7 1 10 8 1 8 1 8 7 1 10 8 1 8 7 1 10 8 1 8 1 8 7 1 10 8 1 8 7 1 10 8 1 8 1 8 7 1 10 8 1 8 1 8 7 1 10 8 1 8 1 8 7 1 10 8 1 8 1 8 7 1 10 8 1 8 1 8 7 1 10 8 1 8 7 1 10 8 1 8 7 1 10 8 1 8 7 1 10 8 1 8 1 8 7 1 10 8 1 8 1 8 7 1 10 8 1 8 1 8 7 1 10 8 1 8 7 1 10 8 1 8 1 8 7 1 10 8 1 8 1 8 7 1 10 8 1 8 1 8 7 1 10 8 1 8 7 1 10 8 1 8 7 1 10 8 1 8 7 1 10 8 1 8 1 8 7 1 10 8 1 8 1 8 7 1 10 8 1 8 1 8 7 1 10 8 1 8 7 1 10 8 1 8 1 8 7 1 10 8 1 8 1 8 7 1 10 8 1 8 7 1 10 8 1 8 7 1 10 8 1 8 1 8 7 1 10 8 1 8 7 1 10 8 1 8 7 1 10 8 1 8 1 8 7 1 10 8 1 8 7 1 10 8 1 8 1 8 7 1 10 8 1 8 1 8 7 1 10 8 1 8 1 8 7 1 10 8 1 8 1 8 7 1 10 8 1 8 1 8 7 1 10 8 1 8 1 8 7 1 10 8 1 8 1 8 7 1 10 8 1 8 1 8 7 1 10 8 1 8 7 1 10 8 1 8 1 8 7 1 10 8 1 8 1 8 7 1 10 8 1 8 1 8 7 1 10 8 1 8 7 1 10 8 1 8 7 1 10 8 1 8 1 8 7 1 10 8 1 8 1 8 7 1 10 8 1 8 1 8 7 1 10 8 1 8 7 1 10 8 1 8 7 1 10 8 1 8 1 8 7 1 10 8 1 8 7 1 10 8 1 8 7 1 10 8 1 8 7 1 10 8 1 8 7 1 10 8 1 8 1 8 7 1 10 8 1 8 7 1 10 8 1 8 7 1 10 8 1 8 1 8 7 1 10 8 1 8 7 1 10 8 1 8 7 1 10 8 1 8 7 1 10 8 1 8 7 1 10 8 1 8 7 1 10 8 1 8 7 1 10 8 1 8 7 1 10 8 1 8 1 8 7 1 10 8 1 8 7 1 10 8 1 8 7 1 10 8 1 8 7 1 10 8 1 8 7 1 10 8 1 8 7 1 10 8 1 8 7 1 10 8 1 8 7 1 10 8 1 8 7 1 10 8 1 8 7 1 10 8 1 8 1 8 7 1 10 8 1 8 1 8 7 1 10 8 1 8 7 1 10 8 1 8 7 1 10 8 1 8 1 8 7 1 10 8 1 8 7 1 10 8 1 8 1 8 7 1 10 8 1 8 7 1 10 8 1 8 7 1 10 8 1 8 7 1 10 8 1 8 7 1 10 8 1 8 7 1 10 8 1 8 7 1 10 8 1 8 7 1 10 8 1 8 7 1 10 8 1 8 7 1 10 8 1 8 7 1 10 8 1 8 7 1 10 8 1 8 7 1 10 8 1 8 7 1 10 8 1 8 7 1 10 8 1 8 1 8 7 1 10 8 1 8 7 1 10 8 1 8 7 1 10 8 1 8 7 1 10 8 1 8 7 1 10 8 1 8 7 1 10 8 1 8 1 8 7 1 10 8 1 8 7 1 10 8 1 8 7 1 10 8 1 8 7 1 10 8 1 8 7 1 10 8 1 8 7 1 10 8 1 8 7 1 10 8 1 8 7 1 10 8 1 8 7 1 10 8 1 8 7 1 10 8 1 8 1 8 7 1 10 8 1 8 1 8 7 1 10 8 1 8 7 1 10 8 1 8 7 1 10 8 1 8 7 1 10 8 1 8 7 1 10 8 1 8 1 8 7 1 10 8 1 8 7 1 10 8 1 8 7 1 10 8 1 8 7 1 10 8 1 8 7 1 10 8 1 8 7 1 10 8 1 8 7 1 10 8 1 8 7 1 10 8 1 8 7 1 10 8 1 8 1 8 7 1 10 8 1 8 7 1 10 8 1 8 1 8 7 1 10 8 1 8 1 8 7 1 10 8 1 8 7 1 10 8 1 8 7 1 10 8 1 8 1 8 7 1 10 8 1 8 1 8 7 1 10 8 1 8 7 1 10 8 1 8 7 1 10 8 1 8 7 1 10 8 1 8 1 8 7 1 10 8 1 8 7 1 10 8 1 8 7 1 10 8 1 8 7 1 10 8 1 8 7 1 10 8 1 8 7 1 10 8 1 8 7 1 10 8 1 8 7 1 10 8 1 8 7 1 10 8 1 8 1 8 7 1 10 8 1 8 7 1 10 8 1 8 1 8 7 1 10 8 1 8 7 1 10 8 1 8 1 8 7 1 10 8 1 8 1 8 7 1 10 8 1 8 7 1 10 8 1 8 1 8 7 1 10 8 1 8 7 1 10 8 1 8 7 1 10 8 1 8 7 1 10 8 1 8 7 1 10 8 1 8 7 1 10 8 1 8 7 1 10 8 1 8 1 8 7 1 10 8 1 8 7 1 10 8 1 8 7 1 10 8 1 8 7 1 10 8 1 8 7 1 10 8 1 8 7 1 10 8 1 8 7 1 10 8 1 8 7 1 10 8 1 8 7 1 10 8 1 8 7 1 10 8 1 8 7 1 10 8 1 8 7 1 10 8 1 8 7 1 10 8 1 8 7 1 10 8 1 8 1 8 7 1 10 8 1 8 7 1 10 8 1 8 7 1 10 8 1 8 7 1 10 8 1 8 7 1 10 8 1 8 7 1 10 8 1 8 7 1 10 8 1 8 7 1 10 8 1 8 7 1 10 8 1 8 1 8 7 1 10 8 1 8 1 8 7 1 10 8 1 8 7 1 10 8 1 8 7 1 10 8 1 8 7 1 10 8 1 8 1 8 7 1 10 8 1 8 7 1 10 8 1 8 7 1 10 8 1 8 7 1 10 8 1 8 7 1 10 8 1 8 7 1 10 8 1 8 7 1 10 8 1 8 7 1 10 8 1 8 7 1 10 8 1 8 7 1 10 8 1 8 7 1 10 8 1 8 7 1 10 8 1 8 7 1 10 8 1 8 7 1 10 8 1 8 1 8 7 1 10 8 1 8 7 1 10 8 1 8 7 1 10 8 1 8 7 1 10 8 1 8 7 1 10 8 1 8 7 1 10 8 1 8 7 1 10 8 1 8 7 1 10 8 1 8 1 8 7 1 10 8 1 8 1 8 7 1 10 8 1 8 7 1 10 8 1 8 1 8 7 1 10 8 1 8 1 8 7 1 10 8 1 8 7 1 10 8 1 8 7 1 10 8 1 8 7 1 10 8 1 8 7 1 10 8 1 8 7 1 10 8 1 8 7 1 10 8 1 8 1 8 7 1 10 8 1 8 1 8 7 1 10 8 1 8 1 8 7 1 10 8 1 8 7 1 10 8 1 8 7 1 10 8 1 8 7 1 10 8 1 8 7 1 10 8 1 8 7 1 10 8 1 8 7 1 10 8 1 8 7 1 10 8 1 8 7 1 10 8 1 8 7 1 10 8 1 8 7 1 10 8 1 8 7 1 10 8 1 8 7 1 10 8 1 8 7 1 10 8 1 8 7 1 10 8 1 8 7 1 10 8 1 8 7 1 10 8 1 8 7 1 10 8 1 8 7 1 10 8 1 8 7 1 10 8 1 8 7 1 10 8 1 8 1 8 7 1 10 8 1 8 7 1 10 8 1 8 7 1 10 8 1 8 7 1 10 8 1 8 7 1 10 8 1 8 7 1 10 8 1 8 1 8 7 1 10 8 1 8 7 1 10 8 1 8 1 8 7 1 10 8 1 8 1 8 7 1 10 8 1 8 7 1 10 8 1 8 1 8 7 1 10 8 1 8 7 1 10 8 1 8 1 8 7 1 10 8 1 8 7 1 10 8 1 8 1 8 7 1 10 8 1 8 1 8 7 1 10 8 1 8 7 1 10 8 1 8 7 1 10 8 1 8 7 1 10 8 1 8 7 1 10 8 1 8 7 1 10 8 1 8 7 1 10 8 1 8 7 1 10 8 1 8 7 1 10 8 1 8 7 1 10 8 1 8 7 1 10 8 1 8 7 1 10 8 1 8 7 1 10 8 1 8 7 1 10 8 1 8 7 1 10 8 1 8 1 8 7 1 10 8 1 8 1 8 7 1 10 8 1 8 1 8 7 1 10 8 1 8 1 8 7 1 10 8 1 8 1 8 7 1 10 8 1 8 1 8 7 1 10 8 1 8 7 1 10 8 1 8 7 1 10 8 1 8 7 1 10 8 1 8 7 1 10 8 1 8 7 1 10 8 1 8 7 1 10 8 1 8 7 1 10 8 1 8 1 8 7 1 10 8 1 8 7 1 10 8 1 8 7 1 10 8 1 8 1 8 7 1 10 8 1 8 1 8 7 1 10 8 1 8 1 8 7 1 10 8 1 8 7 1 10 8 1 8 7 1 10 8 1 8 7 1 10 8 1 8 7 1 10 8 1 8 7 1 10 8 1 8 7 1 10 8 1 8 1 8 7 1 10 8 1 8 1 8 7 1 10 8 1 8 1 8 7 1 10 8 1 8 1 8 7 1 10 8 1 8 1 8 7 1 10 8 1 8 1 8 7 1 10 8 1 8 1 8 7 1 10 8 1 8 1 8 7 1 10 8 1 8 1 8 7 1 10 8 1 8 1 8 7 1 10 8 1 8 1 8 7 1 10 8 1 8 1 8 7 1 10 8 1 8 7 1 10 8 1 8 7 1 10 8 1 8 7 1 10 8 1 8 7 1 10 8 1 8 7 1 10 8 1 8 7 1 10 8 1 8 7 1 10 8 1 8 7 1 10 8 1 8 7 1 10 8 1 8 7 1 10 8 1 8 7 1 10 8 1 8 7 1 10 8 1 8 7 1 10 8 1 8 7 1 10 8 1 8 7 1 10 8 1 8 7 1 10 8 1 8 7 1 10 8 1 8 7 1 10 8 1 8 7 1 10 8 1 8 7 1 10 8 1 8 7 1 10 8 1 8 7 1 10 8 1 8 7 1 10 8 1 8 1 8 7 1 10 8 1 8 1 8 7 1 10 8 1 8 1 8 7 1 10 8 1 8 1 8 7 1 10 8 1 8 7 1 10 8 1 8 7 1 10 8 1 8 7 1 10 8 1 8 1 8 7 1 10 8 1 8 1 8 7 1 10 8 1 8 7 1 10 8 1 8 7 1 10 8 1 8 1 8 7 1 10 8 1 8 7 1 10 8 1 8 7 1 10 8 1 8 1 8 7 1 10 8 1 8 1 8 7 1 10 8 1 8 1 8 7 1 10 8 1 8 7 1 10 8 1 8 7 1 10 8 1 8 7 1 10 8 1 8 1 8 7 1 10 8 1 8 1 8 7 1 10 8 1 8 7 1 10 8 1 8 7 1 10 8 1 8 1 8 7 1 10 8 1 8 7 1 10 8 1 8 1 8 7 1 10 8 1 8 7 1 10 8 1 8 7 1 10 8 1 8 7 1 10 8 1 8 7 1 10 8 1 8 7 1 10 8 1 8 7 1 10 8 1 8 7 1 10 8 1 8 7 1 10 8 1 8 7 1 10 8 1 8 7 1 10 8 1 8 7 1 10 8 1 8 7 1 10 8 1 8 7 1 10 8 1 8 7 1 10 8 1 8 7 1 10 8 1 8 7 1 10 8 1 8 7 1 10 8 1 8 7 1 10 8 1 8 7 1 10 8 1 8 7 1 10 8 1 8 7 1 10 8 1 8 7 1 10 8 1 8 7 1 10 8 1 8 7 1 10 8 1 8 1 8 7 1 10 8 1 8 1 8 7 1 10 8 1 8 1 8 7 1 10 8 1 8 1 8 7 1 10 8 1 8 1 8 7 1 10 8 1 8 7 1 10 8 1 8 7 1 10 8 1 8 7 1 10 8 1 8 7 1 10 8 1 8 1 8 7 1 10 8 1 8 7 1 10 8 1 8 1 8 7 1 10 8 1 8 1 8 7 1 10 10 8 1 10 12 1 10 10 12 1 1 7 1 10 10 12 1 1 7 1 10 10 12 1 1 7 1 10 10 12 1 1 10 12 1 8 10 10 8 1 10 8 1 8 1 10 10 10 12 1 10 10 10 8 8 1 10 10 12 1 7 1 10 10 10 10 12 1 10 8 10 10 10 8 1 8 1 10 8 8 1 7 1 10 8 8 1 8 1 8 1 8 8 1 7 1 10 8 8 1 8 1 8 1 8 8 1 10 7 1 10 8 8 1 8 1 8 1 8 8 1 7 1 10 8 8 1 8 1 8 1 10 12 1 8 8 1 7 1 10 8 8 1 8 8 1 7 1 10 8 8 1 8 1 8 8 1 7 1 10 8 8 1 8 1 8 1 8 8 1 7 1 10 8 8 1 8 1 8 8 1 7 1 10 8 8 1 8 1 8 1 8 8 1 7 1 10 8 8 1 8 1 8 1 8 7 1 10 8 10 8 8 1 10 8 10 8 1 8 1 7 1 10 10 12 1 1 10 10 8 10 12 1 1 10 7 12 1 1 8 1 8 1 10 8 8 1 8 8 1 8 1 8 8 1 8 10 10 10 10 8 10 12 1 8 1 10 12 1 100 1 10 12 1 10 10 10 12 1 7 1 10 10 12 1 1 8 1 10 12 1 10 10 12 1 8 10 10 8 10 10 12 1 10 10 12 1 10 8 10 10 12 1 10 10 10 10 10 10 12 1 8 10 10 10 10 10 8 1 10 8 1 10 10 8 1 10 10 10 8 10 10 10 10 12 1 10 12 1 8 1 8 10 10 10 8 1 10 10 8 10 10 7 1 10 10 10 12 1 8 1 8 1 10 8 7 1 10 10 10 10 8 10 10 10 8 1 8 7 1 10 8 1 8 1 10 8 8 1 8 7 1 10 8 1 8 1 8 7 1 10 8 1 8 1 8 7 1 10 8 1 8 1 8 7 1 10 8 1 8 7 1 10 8 1 8 1 8 7 1 10 8 1 8 1 8 8 1 8 1 8 7 1 10 8 1 8 7 1 10 8 1 8 7 1 10 8 1 8 7 1 10 8 10 8 1 10 8 8 7 1 10 8 7 1 10 8 7 1 10 8 1 8 7 1 10 8 7 1 10 8 7 1 10 8 1 8 8 1 8 7 1 10 8 1 8 7 1 10 8 1 8 7 1 10 8 1 8 7 1 10 8 1 8 7 1 10 8 7 1 10 8 1 8 7 1 10 8 8 1 8 7 1 10 8 1 8 7 1 10 8 1 8 7 1 10 8 1 8 1 8 8 1 8 1 8 7 1 10 8 8 1 8 1 8 7 1 10 8 1 8 7 1 10 8 1 8 7 1 10 8 1 8 7 1 10 8 1 8 7 1 10 8 1 8 8 1 8 7 1 10 8 1 8 7 1 10 8 1 8 7 1 10 8 1 8 7 1 10 8 1 8 8 1 8 7 1 10 8 1 8 7 1 10 8 1 8 7 1 10 8 1 8 7 1 10 8 8 1 8 1 8 7 1 10 8 1 8 7 1 10 8 1 8 1 8 7 1 10 10 12 1 1 7 1 10 10 12 1 1 8 1 8 7 1 10 7 1 10 10 12 1 1 10 12 1 10 12 1 10 12 1 8 1 8 1 100 1 10 12 1 1 10 10 12 1 10 12 1 10 12 1 1 8 1 10 12 1 10 12 1 10 12 1 10 12 1 10 12 1 10 12 1 10 12 1 10 12 1 10 12 1 10 12 1 8 1 10 12 1 10 8 1 10 12 1 1 8 1 10 12 1 1 10 12 1 9 12 1 9 12 1 8 1 8 1 8 1 8 1 8 1 10 12 1 1 10 12 1 8 1 8 1 10 12 1 10 12 1 10 12 1 1 10 12 1 10 12 1 10 12 1 10 12 1 10 12 1 10 12 1 10 12 1 10 12 1 10 12 1 10 12 1 10 12 1 10 12 1 10 12 1 10 12 1 10 12 1 10 12 1 8 1 8 1 8 1 10 12 1 8 1 10 12 1 1 10 9 12 1 1 10 100 12 1 1 10 12 1 10 12 1 10 12 1 10 10 10 10 12 1 1 100 1 10 10 10 10 10 10 10 12 1 1 10 7 12 1 1 10 10 12 1 10 12 10 12 1 10 10 12 1 10 10 10 10 10 10 10 10 10 12 1 100 1 10 10 10 12 1 10 10 100 1 10 10 12 1 10 10 10 10 100 1 10 10 10 10 10 10 7 1 10 10 10 10 10 10 100 1 10 10 10 10 10 10 9 12 1 1 10 100 1 10 10 10 10 100 1 10 10 10 10 10 10 100 1 10 10 10 10 10 10 10 100 1 10 10 10 10 10 10 9 12 1 1 10 100 1 10 10 10 10 100 1 10 10 8 1 10 12 1 10 12 1 10 10 10 9 12 1 1 9 100 12 1 1 1 10 100 12 1 1 10 10 10 10 100 1 10 10 10 10 10 10 10 100 1 10 10 10 10 10 10 10 9 12 1 1 10 100 12 1 1 10 10 10 10 100 1 10 10 10 10 10 10 100 1 10 10 10 10 10 10 100 1 10 10 10 10 100 1 10 10 10 10 10 100 1 10 10 10 10 10 100 1 10 10 10 10 10 10 100 1 10 10 10 10 10 10 100 1 10 10 10 10 10 10 100 1 10 10 10 10 10 10 100 1 10 10 10 10 10 100 1 10 10 10 10 10 100 1 10 10 10 10 10 10 10 100 1 10 10 10 10 10 10 10 100 1 10 10 10 10 10 10 10 100 1 10 10 10 10 10 100 1 10 10 10 10 10 100 1 10 10 10 10 10 10 100 1 10 10 10 10 10 10 10 100 1 10 10 10 10 10 100 1 10 10 10 10 10 10 8 1 10 12 1 100 1 10 10 10 10 10 10 100 1 10 10 10 10 10 100 1 10 10 10 10 10 100 1 10 10 10 10 10 100 1 10 10 10 10 10 10 100 1 10 10 10 10 100 1 10 10 10 10 10 100 1 10 10 10 10 10 100 1 10 10 10 10 100 1 10 10 10 10 100 1 10 10 10 10 10 100 1 10 10 10 10 10 100 1 10 10 10 10 10 100 1 10 10 10 10 10 10 10 100 1 10 10 10 10 10 100 1 10 10 10 10 10 10 100 1 10 10 10 10 10 10 100 1 10 10 10 10 10 10 100 1 10 10 10 10 10 100 1 10 10 10 10 10 100 1 10 10 10 10 10 100 1 10 10 10 10 10 100 1 10 10 10 10 10 100 1 10 10 10 10 10 10 100 1 10 10 10 10 10 100 1 10 10 10 10 10 10 100 1 10 10 10 10 10 100 1 10 10 10 10 10 100 1 10 10 10 10 10 10 100 1 10 10 10 10 10 10 100 1 10 10 10 10 10 10 100 1 10 10 10 10 10 10 10 100 1 10 10 10 10 10 10 10 100 1 10 10 10 10 10 100 1 10 10 10 10 10 100 1 10 10 10 10 100 1 10 10 10 10 100 1 10 10 10 10 10 10 10 100 1 10 10 10 10 10 100 1 10 10 10 10 10 10 100 1 10 10 10 10 10 100 1 10 10 10 10 10 100 1 10 10 10 10 10 10 100 1 10 10 10 10 10 100 1 10 10 10 10 100 1 10 10 10 10 10 100 1 10 10 10 10 10 100 1 10 10 10 10 10 100 1 10 10 12 1 8 1 10 12 1 8 1 8 1 8 1 8 1 8 1 10 12 1 8 1 10 12 1 8 1 10 12 1 10 12 1 8 1 10 10 10 100 1 10 10 10 10 10 100 1 10 10 10 10 10 100 1 10 10 10 10 10 100 1 10 10 10 10 100 1 10 10 10 10 10 10 100 1 10 10 10 10 10 10 100 1 10 10 10 10 10 10 100 1 10 10 10 10 10 100 1 10 10 10 10 10 10 100 1 10 10 10 10 10 10 10 12 1 100 1 10 10 10 10 100 1 10 10 10 10 100 1 10 10 10 10 100 1 10 10 10 10 100 1 10 10 10 10 100 1 10 10 10 10 100 1 10 10 10 10 100 1 10 10 10 12 1 10 10 10 100 1 10 10 10 10 10 100 1 10 10 10 10 10 7 1 10 10 10 10 100 1 10 10 10 10 100 1 10 10 10 10 100 1 10 10 10 10 10 10 100 1 10 10 10 10 100 1 10 10 10 10 10 100 1 10 10 10 10 100 1 10 10 10 10 100 1 10 10 10 10 100 1 10 10 10 10 10 10 10 100 1 10 10 10 10 100 1 10 10 10 10 100 1 10 10 10 10 10 100 1 10 10 10 10 10 10 100 1 10 10 10 10 100 1 10 10 10 10 100 1 10 10 10 10 100 1 10 10 10 10 10 10 8 1 10 12 1 100 1 10 10 10 10 100 1 10 10 10 10 100 1 10 10 10 10 100 1 10 10 10 10 100 1 10 10 10 10 100 1 10 10 10 10 10 100 1 10 10 10 10 10 9 12 1 1 10 100 1 10 10 10 100 1 10 10 10 10 10 100 1 10 10 10 10 10 100 1 10 10 10 10 10 100 1 10 10 10 10 10 100 1 10 10 10 10 10 100 1 10 10 10 10 10 100 1 10 10 10 10 10 100 1 10 10 10 10 10 100 1 10 10 10 10 100 1 10 10 100 1 10 10 10 10 10 10 100 1 10 10 10 10 10 100 1 10 10 10 10 10 100 1 10 10 10 10 10 100 1 10 10 10 10 10 100 1 10 10 10 10 10 100 1 10 10 10 10 10 100 1 10 10 10 10 10 10 100 1 10 9 12 1 1 10 10 10 10 100 1 10 10 10 10 10 100 1 10 10 10 10 10 100 1 10 10 10 10 100 1 10 10 10 10 100 1 10 10 10 10 100 1 10 10 10 10 100 1 10 10 10 10 10 100 1 10 10 10 10 100 1 10 10 10 10 10 10 100 1 10 10 10 10 10 10 100 1 10 10 10 10 10 100 1 10 10 10 10 10 100 1 10 10 10 10 10 100 1 10 10 10 10 100 1 10 10 10 10 100 1 10 10 10 10 100 1 10 10 10 10 10 100 1 10 10 10 10 10 100 1 10 10 10 10 100 1 10 10 10 10 100 1 10 10 10 10 100 1 10 10 10 10 10 100 1 10 10 10 10 10 10 100 12 1 1 1 8 1 10 12 1 1 10 12 1 8 1 8 1 100 1 10 10 10 10 10 100 1 10 10 10 10 10 100 1 10 10 10 10 100 1 10 8 1 10 10 10 10 100 1 10 10 10 10 100 1 10 10 10 10 100 1 10 10 10 10 10 100 1 10 10 10 10 100 1 10 10 10 10 100 1 10 10 10 10 10 10 100 1 10 10 10 10 10 100 1 10 10 10 10 10 100 1 10 10 10 10 10 100 1 10 10 10 10 10 100 1 10 10 10 10 10 10 7 12 1 1 1 10 10 12 1 10 12 1 100 1 10 10 10 10 100 1 10 10 10 10 10 100 1 10 10 10 10 10 100 1 10 10 10 10 10 10 100 1 10 10 12 1 10 10 10 10 100 1 10 10 10 10 10 100 1 10 10 10 10 10 100 1 10 10 10 10 10 10 100 1 10 10 10 10 10 100 1 10 10 10 10 10 10 100 1 10 10 10 10 10 100 1 10 10 10 10 100 1 10 10 10 10 10 100 1 10 10 10 10 10 100 1 10 10 10 10 10 100 1 10 10 10 10 10 100 1 10 10 10 10 100 1 10 10 10 10 10 100 1 10 10 10 10 10 100 1 10 10 10 10 10 100 1 10 10 10 10 10 100 1 10 10 10 10 10 8 1 100 1 10 10 10 10 10 100 1 10 10 10 10 10 100 1 10 10 10 10 10 10 100 1 10 10 10 10 10 10 8 1 100 1 10 10 10 10 10 8 1 100 1 10 10 10 10 100 1 10 10 10 10 100 1 10 10 10 10 8 1 8 1 10 10 10 8 1 8 1 8 1 10 10 10 10 12 1 10 8 1 8 1 8 1 8 1 100 1 10 10 10 10 10 10 100 1 10 8 1 8 1 10 12 8 1 10 10 10 10 100 1 10 10 10 10 100 1 10 10 10 10 10 100 1 10 10 10 10 10 100 1 10 10 10 10 10 100 1 10 10 10 10 10 100 1 10 10 10 10 10 100 1 10 10 10 10 10 100 1 10 10 10 10 100 1 10 10 10 10 100 1 10 10 10 10 10 100 1 10 10 10 10 10 100 1 10 10 10 10 10 10 12 1 10 10 10 100 1 10 10 10 10 100 1 10 10 10 10 100 1 10 10 10 10 100 1 10 10 10 10 100 1 10 10 10 10 100 1 10 10 10 10 100 1 10 10 10 10 10 10 100 1 10 10 10 10 100 1 10 10 10 10 100 1 10 10 10 10 100 1 10 10 10 10 10 100 1 10 10 10 10 10 10 100 1 10 10 10 10 100 1 10 10 10 10 100 1 10 10 10 10 100 1 10 10 10 10 10 100 1 10 10 10 10 100 1 10 10 10 10 100 1 10 10 10 10 100 1 10 10 10 10 100 1 10 10 10 10 100 1 10 8 1 8 1 10 10 12 1 8 1 10 8 1 10 10 10 100 1 10 10 10 10 10 100 1 10 10 10 10 10 100 1 10 10 10 10 100 1 10 10 10 10 100 1 10 10 10 10 100 1 10 10 10 10 100 1 10 10 10 10 100 1 10 10 10 10 100 1 10 10 10 10 100 1 10 10 10 10 100 1 10 10 10 10 100 1 10 10 10 10 100 1 10 10 10 10 100 1 10 10 10 10 100 1 10 10 10 10 100 1 10 10 10 10 10 10 100 1 10 10 10 10 10 10 100 1 10 10 10 10 100 1 10 10 10 10 100 1 10 10 10 10 100 1 10 10 10 10 100 1 10 10 10 10 100 1 10 10 10 10 100 1 10 10 10 10 100 1 10 10 10 10 100 1 10 10 10 10 100 1 10 10 10 10 100 1 10 10 10 10 100 1 10 10 10 10 100 1 10 10 10 10 100 1 10 10 10 10 8 1 8 1 8 1 8 1 100 1 10 10 10 10 10 100 1 10 10 10 10 100 1 10 10 10 10 10 7 1 10 10 10 10 10 7 1 10 10 10 10 100 1 10 10 10 10 10 100 1 10 10 10 10 100 1 10 10 10 10 100 1 10 10 10 10 100 1 10 10 10 10 100 1 10 10 10 10 100 1 10 10 10 10 100 1 10 10 10 10 100 1 10 10 10 10 100 1 10 10 10 10 100 1 10 10 10 10 10 100 1 10 10 10 10 10 100 1 10 10 10 10 10 100 1 10 10 10 10 10 10 10 100 1 10 10 10 10 100 1 10 9 10 10 10 10 100 1 10 10 10 10 100 1 10 10 10 10 10 100 1 10 10 10 10 10 100 1 10 10 10 10 100 1 10 10 10 10 100 1 10 10 10 10 10 100 1 10 10 10 10 10 10 100 1 10 10 10 10 8 1 100 1 10 10 10 10 10 100 1 10 10 10 10 10 10 100 1 10 10 10 10 10 100 1 10 10 10 10 100 1 10 8 1 10 10 10 10 100 1 10 8 1 10 10 10 10 100 1 10 8 1 10 10 10 10 100 1 10 8 1 10 10 10 10 100 1 10 8 1 10 10 10 10 100 1 10 8 1 10 10 10 10 100 1 10 10 10 10 10 100 1 10 10 10 10 10 100 1 10 10 10 10 100 1 10 10 10 10 10 10 100 1 10 10 10 10 10 100 1 10 10 10 10 10 10 100 1 10 10 10 10 100 1 10 10 10 10 100 1 10 10 10 10 100 1 10 10 10 10 100 1 10 10 10 10 100 1 10 10 10 10 100 1 10 10 10 10 10 100 1 10 10 10 10 100 1 10 10 10 10 100 1 10 10 10 10 10 100 1 10 10 10 10 10 100 1 10 10 10 10 10 100 1 10 10 10 10 10 100 1 10 10 10 10 10 100 1 10 10 10 10 10 100 1 10 10 10 10 10 100 1 10 10 10 10 10 100 1 10 10 10 10 10 100 1 10 10 10 10 10 100 1 10 10 10 10 10 100 1 10 10 10 10 100 1 10 10 10 10 100 1 10 10 10 10 8 1 100 1 10 10 10 10 100 1 10 10 10 10 100 1 10 10 10 10 10 10 10 100 1 10 10 10 10 100 1 10 10 10 10 100 1 10 10 10 10 100 1 10 10 10 10 100 1 10 10 10 10 100 1 10 10 10 10 100 1 10 10 10 10 100 1 10 10 10 10 100 1 10 10 10 10 10 100 1 10 10 10 10 10 100 1 10 10 10 10 10 100 1 10 10 10 10 10 100 1 10 10 10 10 10 100 1 10 10 10 10 10 100 1 10 10 10 10 10 100 1 10 10 10 10 10 100 1 10 10 10 10 10 100 1 10 10 10 10 10 100 1 10 10 10 10 10 100 1 10 10 10 10 100 1 10 10 10 10 100 1 10 10 10 10 100 1 10 10 10 10 100 1 10 10 10 10 100 1 10 10 10 10 100 1 10 10 10 10 100 1 10 10 10 10 100 1 10 10 10 10 100 1 10 10 10 10 100 1 10 10 10 10 100 1 10 10 10 10 100 1 10 10 10 10 100 1 10 10 10 10 100 1 10 10 10 10 10 100 1 10 10 10 10 10 100 1 10 10 10 10 100 1 10 10 10 10 10 100 1 10 10 10 10 10 100 1 10 10 10 10 10 100 1 10 10 10 10 10 100 1 10 10 10 10 10 100 1 10 10 10 10 10 100 1 10 10 10 10 10 100 1 10 10 10 10 100 1 10 10 10 10 100 1 10 10 10 10 100 1 10 10 10 10 100 1 10 10 10 10 100 1 10 10 10 10 100 1 10 10 10 10 100 1 10 10 10 10 100 1 10 10 10 10 10 100 1 10 10 10 10 10 10 100 1 10 10 10 10 10 100 1 10 10 10 10 100 1 10 10 10 10 100 1 10 10 10 10 100 1 10 10 10 10 100 1 10 10 10 10 100 1 10 10 10 10 100 1 10 10 10 10 10 100 1 10 10 10 10 100 1 10 10 10 10 100 1 10 10 10 10 100 1 10 10 10 10 8 1 100 1 10 10 10 10 10 100 1 10 10 10 10 100 1 10 10 10 10 100 1 10 10 10 10 100 1 10 10 10 10 10 100 1 10 10 10 12 1 10 10 10 100 1 10 10 10 10 10 100 1 10 10 10 10 10 10 100 1 10 10 10 10 10 100 1 10 10 10 10 10 100 1 10 10 10 10 10 100 1 10 10 10 10 10 100 1 10 10 10 10 10 100 1 10 10 10 10 100 1 10 10 10 10 10 100 1 10 10 10 10 100 1 10 10 10 10 10 8 1 100 1 10 10 10 10 10 10 100 1 10 10 10 10 100 1 10 10 10 10 100 1 10 10 10 10 100 1 10 10 10 10 100 1 10 10 10 10 100 1 10 10 10 10 100 1 10 10 10 10 100 1 10 10 10 10 100 1 10 10 10 10 100 1 10 10 10 10 100 1 10 10 10 10 100 1 10 10 10 10 100 1 10 10 10 10 10 100 1 10 10 10 10 10 7 1 10 10 10 10 100 1 10 10 10 10 10 10 100 1 10 10 10 10 10 10 100 1 10 10 10 10 100 1 10 10 10 10 100 1 10 10 10 10 100 1 10 10 10 10 100 1 10 10 10 10 10 10 100 1 10 10 10 10 10 12 1 10 12 1 10 12 1 100 1 10 10 10 10 10 100 1 10 10 10 10 100 1 10 10 10 10 10 8 1 8 1 8 1 8 1 8 1 8 1 100 1 10 10 10 10 10 8 1 8 1 8 1 8 1 8 1 9 12 1 10 12 1 10 12 1 10 12 1 10 12 1 10 12 1 10 12 1 10 12 1 10 12 1 10 12 1 10 12 1 10 12 1 10 12 1 10 12 1 10 12 1 9 12 1 9 12 1 9 12 1 9 12 1 9 12 1 9 12 1 9 12 1 9 12 1 10 12 1 10 12 1 10 12 1 10 12 1 10 12 1 10 12 1 10 12 1 10 12 1 10 12 1 10 12 1 10 12 1 100 1 10 10 10 10 100 1 10 10 10 10 10 10 100 1 10 10 10 10 10 10 100 1 10 10 10 10 10 10 100 1 10 10 10 10 10 10 100 1 10 10 10 10 10 10 100 1 10 10 10 10 10 10 100 1 10 10 10 10 10 10 10 100 1 10 10 10 10 10 100 1 10 10 10 10 10 10 100 1 10 10 10 10 10 10 100 1 10 10 10 10 10 10 100 1 10 10 10 10 10 10 100 1 10 8 1 10 10 10 10 100 1 10 8 1 10 10 10 10 100 1 10 8 1 10 10 10 10 100 1 10 10 10 10 10 10 100 1 10 10 10 10 10 10 100 1 10 10 10 10 10 100 1 10 10 10 10 10 100 1 10 10 10 10 10 100 1 10 10 10 10 10 100 1 10 10 10 10 10 100 1 10 10 10 10 10 100 1 10 10 10 10 100 1 10 10 10 10 10 100 1 10 10 10 10 10 100 1 10 10 10 10 10 10 100 1 10 10 10 10 100 1 10 10 10 10 100 1 10 10 10 10 100 1 10 10 10 10 100 1 10 10 10 10 100 1 10 10 10 10 100 1 10 10 10 10 100 1 10 10 10 10 100 1 10 10 10 10 100 1 10 10 10 10 100 1 10 10 10 10 100 1 10 10 10 10 100 1 10 10 10 10 100 1 10 10 10 10 100 1 10 10 10 10 100 1 10 10 10 10 100 1 10 10 10 10 100 1 10 10 10 10 10 10 100 1 10 10 10 10 10 100 1 10 10 10 10 100 1 10 10 10 10 100 1 10 10 10 10 10 100 1 10 10 10 10 10 100 1 10 10 10 10 100 1 10 10 10 10 100 1 10 10 10 10 100 1 10 10 10 10 100 1 10 10 10 10 100 1 10 10 10 10 100 1 10 10 10 10 100 1 10 10 10 10 100 1 10 10 10 10 100 1 10 10 10 10 100 1 10 10 10 10 100 1 10 10 10 10 100 1 10 10 10 10 100 1 10 10 10 10 10 100 1 10 10 10 10 10 100 1 10 10 10 10 10 100 1 10 10 10 10 10 100 1 10 10 10 10 10 100 1 10 10 10 10 10 100 1 10 10 10 10 10 100 1 10 10 10 10 10 100 1 10 10 10 10 10 100 1 10 10 10 10 10 100 1 10 10 10 10 10 100 1 10 10 10 10 10 100 1 10 10 10 10 100 1 10 10 10 10 10 100 1 10 10 10 10 10 100 1 10 10 10 10 100 1 10 10 10 10 100 1 10 10 10 10 100 1 10 10 10 10 100 1 10 10 10 10 100 1 10 10 10 10 100 1 10 10 10 10 100 1 10 10 10 10 100 1 10 10 10 10 100 1 10 10 10 10 100 1 10 10 10 10 100 1 10 10 10 10 100 1 10 10 10 10 100 1 10 10 10 10 100 1 10 10 10 10 100 1 10 10 10 10 10 10 100 1 10 10 10 10 10 10 100 1 10 10 10 10 10 10 100 1 10 10 10 10 7 1 10 10 10 10 100 1 10 10 10 10 100 1 10 10 10 10 100 1 10 10 10 10 10 10 100 1 10 10 10 10 100 1 10 10 10 10 100 1 10 10 10 10 100 1 10 10 10 10 100 1 10 10 10 10 100 1 10 10 10 10 100 1 10 10 10 10 10 100 1 10 10 10 10 10 100 1 10 10 10 10 10 100 1 10 10 10 10 10 100 1 10 10 10 10 10 100 1 10 10 10 10 10 100 1 10 10 10 10 10 100 1 10 10 10 10 10 100 1 10 10 10 10 10 100 1 10 10 10 10 10 10 100 1 10 10 10 10 10 100 1 10 10 10 10 10 100 1 10 10 10 10 10 100 1 10 10 10 10 10 100 1 10 10 10 10 10 100 1 10 10 10 10 10 10 100 1 10 10 10 10 100 1 10 10 10 10 100 1 10 10 10 10 10 100 1 10 10 10 10 10 100 1 10 10 10 10 12 1 10 10 10 100 1 10 10 10 10 10 100 1 10 10 10 10 10 100 1 10 10 10 10 100 1 10 10 10 10 100 1 10 10 10 10 10 10 100 1 10 10 10 10 10 10 100 1 10 10 10 10 10 100 1 10 10 10 10 10 10 100 1 10 10 10 10 10 100 1 10 10 10 10 10 100 1 10 10 10 10 10 10 100 1 10 10 10 10 10 100 1 10 10 10 10 10 100 1 10 10 10 10 10 100 1 10 10 10 10 10 100 1 10 10 10 10 10 100 1 10 10 10 10 100 1 10 10 10 10 10 100 1 10 10 10 10 10 10 100 1 10 10 10 10 100 1 10 10 10 10 10 100 1 10 10 10 10 10 100 1 10 10 10 10 10 100 1 10 10 10 10 10 7 1 10 10 10 10 10 100 1 10 10 10 10 10 100 1 10 10 10 10 100 1 10 10 10 10 10 100 1 10 10 10 10 10 10 100 1 10 10 10 10 10 100 1 10 10 10 10 10 10 10 100 1 10 10 10 10 10 10 10 100 1 10 10 10 10 100 1 10 10 10 10 100 1 10 10 10 10 10 10 100 1 10 10 10 10 10 10 10 100 1 10 10 10 10 10 10 100 1 10 10 10 10 10 100 1 10 10 10 10 100 1 10 10 10 10 10 100 1 10 10 10 10 10 100 1 10 10 10 10 10 100 1 10 10 10 10 10 100 1 10 10 10 10 10 100 1 10 10 10 10 100 1 10 10 10 10 10 10 100 1 10 10 10 10 10 10 100 1 10 10 10 10 10 10 100 1 10 10 10 10 10 10 100 1 10 10 10 10 10 10 100 1 10 10 10 10 10 10 100 1 10 10 10 10 10 10 100 1 10 10 10 10 10 10 100 1 10 10 10 10 10 10 100 1 10 10 10 10 10 10 100 1 10 10 10 10 10 10 100 1 10 10 10 10 10 10 100 1 10 10 10 10 10 10 100 1 10 10 10 10 10 10 10 100 1 10 10 10 10 10 10 100 1 10 10 10 10 10 100 1 10 10 10 10 10 100 1 10 10 10 10 10 10 100 1 10 10 10 10 10 100 1 10 10 10 10 10 10 100 1 10 10 10 10 10 10 100 1 10 10 10 10 10 10 100 1 10 10 10 10 100 1 10 10 10 10 100 1 10 10 10 10 100 1 10 10 10 10 10 100 1 10 10 10 10 100 1 10 10 10 10 100 1 10 10 10 10 100 1 10 10 10 10 10 100 1 10 10 10 10 10 100 1 10 10 10 10 10 100 1 10 10 10 10 10 10 100 1 10 10 10 10 10 100 1 10 10 10 10 10 100 1 10 10 10 10 100 1 10 10 10 10 100 1 10 10 10 10 100 1 10 10 10 10 100 1 10 10 10 10 10 100 1 10 10 10 10 10 10 100 1 10 10 10 10 100 1 10 10 10 10 100 1 10 10 10 10 100 1 10 10 10 10 10 100 1 10 10 10 10 10 100 1 10 10 10 10 100 1 10 10 10 10 100 1 10 10 10 10 10 100 1 10 10 10 10 10 100 1 10 10 10 10 100 1 10 10 10 10 100 1 10 10 10 10 100 1 10 10 10 10 100 1 10 10 10 10 100 1 10 10 10 10 100 1 10 10 10 10 100 1 10 10 10 10 100 1 10 10 10 10 100 1 10 10 10 10 100 1 10 10 10 10 100 1 10 10 10 10 100 1 10 10 10 10 7 1 10 10 10 10 7 1 10 10 10 10 100 1 10 10 10 10 10 10 10 100 1 10 10 10 10 100 1 10 10 10 10 7 1 10 10 10 10 100 1 10 10 10 10 100 1 10 10 10 10 100 1 10 10 10 10 100 1 10 10 10 10 100 1 10 10 10 10 100 1 10 10 10 10 100 1 10 10 10 10 100 1 10 10 10 10 100 1 10 10 10 10 100 1 10 10 10 10 100 1 10 10 10 10 100 1 10 10 10 10 100 1 10 10 10 10 100 1 10 10 10 10 100 1 10 10 10 10 100 1 10 10 10 10 100 1 10 10 10 10 100 1 10 10 10 10 100 1 10 10 10 10 100 1 10 10 10 10 100 1 10 10 10 10 100 1 10 10 10 10 100 1 10 10 10 10 10 100 1 10 10 10 10 10 100 1 10 10 10 10 100 1 10 10 10 10 10 100 1 10 10 10 10 100 1 10 10 10 10 10 10 100 1 10 10 10 10 10 100 1 10 10 10 10 10 10 100 1 10 10 10 10 10 100 1 10 10 10 10 10 100 1 10 10 10 10 100 1 10 10 10 10 10 100 1 10 10 10 10 10 100 1 10 10 10 10 100 1 10 10 10 10 10 100 1 10 10 10 10 100 1 10 10 10 10 10 100 1 10 10 10 10 100 1 10 10 10 10 100 1 10 10 10 10 10 10 100 1 10 10 10 10 10 10 100 1 10 10 10 10 10 10 100 1 10 10 10 10 10 10 100 1 10 10 10 10 100 1 10 10 10 10 100 1 10 10 10 10 100 1 10 10 10 10 100 1 10 10 10 10 10 100 1 10 10 10 10 10 10 10 100 1 10 10 10 10 10 10 10 100 1 10 10 10 10 10 10 10 100 1 10 10 10 10 10 10 10 100 1 10 10 10 10 10 10 10 100 1 10 10 10 10 10 10 10 100 1 10 10 10 10 100 1 10 10 10 10 100 1 10 10 10 10 100 1 10 10 10 10 10 10 10 100 1 10 10 10 10 10 100 1 10 10 10 10 100 1 10 10 10 10 100 1 10 10 10 10 100 1 10 10 10 10 100 1 10 10 10 10 100 1 10 10 10 10 100 1 10 10 10 10 10 100 1 10 10 10 10 100 1 10 10 10 10 100 1 10 10 10 10 100 1 10 10 10 10 100 1 10 10 10 10 10 10 10 100 1 10 10 10 10 10 10 100 1 10 10 10 10 10 10 100 1 10 10 10 10 10 100 1 10 10 10 10 100 1 10 10 10 10 10 10 100 1 10 10 10 10 100 1 10 10 10 10 100 1 10 10 10 10 10 100 1 10 10 10 10 10 100 1 10 10 10 10 10 100 1 10 10 10 10 10 10 100 1 10 10 10 10 10 10 100 1 10 10 10 10 100 1 10 10 10 10 10 10 100 1 10 10 10 10 100 1 10 10 10 10 10 10 100 1 10 10 10 10 10 10 100 1 10 10 10 10 10 100 1 10 10 10 10 100 1 10 10 10 10 100 1 10 10 10 10 10 100 1 10 10 10 10 10 10 10 100 1 10 10 10 10 100 1 10 10 10 10 100 1 10 10 10 10 10 100 1 10 10 10 10 100 1 10 10 10 10 100 1 10 10 10 10 100 1 10 10 10 10 10 10 10 100 1 10 10 10 10 100 1 10 10 10 10 100 1 10 10 10 10 10 100 1 10 10 10 10 10 100 1 10 10 10 10 10 100 1 10 10 10 10 100 1 10 10 10 10 100 1 10 10 10 10 100 1 10 10 10 10 100 1 10 10 10 10 10 100 1 10 10 10 10 10 100 1 10 10 10 10 10 100 1 10 10 10 10 10 100 1 10 10 10 10 10 100 1 10 10 10 10 10 100 1 10 10 10 10 10 100 1 10 10 10 10 10 100 1 10 10 10 10 10 100 1 10 10 10 10 10 100 1 10 10 10 10 10 100 1 10 10 10 10 10 10 10 100 1 10 10 10 10 10 100 1 10 10 10 10 10 10 10 100 1 10 10 10 10 10 10 100 1 10 10 10 10 10 100 1 10 10 10 10 10 100 1 10 10 10 10 10 100 1 10 10 10 10 10 100 1 10 10 10 10 10 100 1 10 10 10 10 10 100 1 10 10 10 10 10 100 1 10 10 10 10 10 100 1 10 10 10 10 10 100 1 10 10 10 10 10 100 1 10 10 10 10 10 100 1 10 10 10 10 10 100 1 10 10 10 10 10 10 100 1 10 10 10 10 10 10 10 100 1 10 10 10 10 10 100 1 10 10 10 10 10 100 1 10 10 10 10 10 100 1 10 10 10 10 100 1 10 10 10 10 100 1 10 10 10 10 10 10 10 100 1 10 10 10 10 10 10 10 100 1 10 10 10 10 10 10 10 100 1 10 10 10 10 10 10 10 100 1 10 10 10 10 10 10 10 100 1 10 10 10 10 10 100 1 10 10 10 10 10 100 1 10 10 10 10 10 100 1 10 10 10 10 10 100 1 10 10 10 10 10 100 1 10 10 10 10 10 100 1 10 10 10 10 10 100 1 10 10 10 10 10 100 1 10 10 10 10 10 100 1 10 10 10 10 10 10 10 100 1 10 10 10 10 10 10 100 1 10 10 10 10 10 10 100 1 10 10 10 10 10 10 10 100 1 10 10 10 10 10 100 1 10 10 10 10 10 10 10 100 1 10 10 10 10 10 10 10 100 1 10 10 10 10 10 10 10 100 1 10 10 10 10 10 100 1 10 10 10 10 10 10 100 1 10 10 10 10 10 10 100 1 10 10 10 10 10 10 100 1 10 10 10 10 10 10 100 1 10 10 10 10 10 10 10 100 1 10 10 10 10 10 10 10 100 1 10 10 10 10 10 10 100 1 10 10 10 10 10 10 10 100 1 10 10 10 10 10 10 100 1 10 10 10 10 10 10 100 1 10 10 10 10 100 1 10 10 10 10 100 1 10 10 10 10 10 100 1 10 10 10 10 10 10 100 1 10 10 10 10 10 10 100 1 10 10 10 10 10 10 100 1 10 10 10 10 10 10 100 1 10 10 10 10 100 1 10 10 10 10 100 1 10 10 10 10 10 100 1 10 10 10 10 10 100 1 10 10 10 10 10 100 1 10 10 10 10 10 100 1 10 10 10 10 10 100 1 10 10 10 10 10 100 1 10 10 10 10 10 100 1 10 10 10 10 10 100 1 10 10 10 10 10 100 1 10 10 10 10 100 1 10 10 10 10 10 100 1 10 10 10 10 10 10 100 1 10 10 10 10 10 100 1 10 10 10 10 10 10 100 1 10 10 10 10 10 100 1 10 10 10 10 10 100 1 10 10 10 10 10 100 1 10 10 10 10 10 100 1 10 10 10 10 10 100 1 10 10 10 10 10 100 1 10 10 10 10 10 100 1 10 10 10 10 10 100 1 10 10 10 10 100 1 10 10 10 10 100 1 10 10 10 10 10 10 100 1 10 10 10 10 100 1 10 10 10 10 100 1 10 10 10 10 100 1 10 10 10 10 100 1 10 10 10 10 100 1 10 10 10 10 100 1 10 10 10 10 10 10 100 1 10 10 10 10 10 10 100 1 10 10 10 10 10 10 10 100 1 10 10 10 10 10 10 100 1 10 10 10 10 10 10 10 100 1 10 10 10 10 10 10 100 1 10 10 10 10 10 10 10 100 1 10 10 10 10 10 10 100 1 10 10 10 10 100 1 10 10 10 10 10 10 100 1 10 10 10 10 10 10 100 1 10 10 10 10 10 10 100 1 10 10 10 10 10 10 100 1 10 10 10 10 10 10 100 1 10 10 10 10 10 10 10 100 1 10 10 10 10 10 10 10 100 1 10 10 10 10 10 10 100 1 10 10 10 10 10 10 100 1 10 10 10 10 10 100 1 10 10 10 10 10 100 1 10 10 10 10 10 10 10 100 1 10 10 10 10 10 100 1 10 10 10 10 10 100 1 10 10 10 10 10 100 1 10 10 10 10 10 100 1 10 10 10 10 10 100 1 10 10 10 10 10 100 1 10 10 10 10 10 10 10 100 1 10 10 10 10 10 10 10 100 1 10 10 10 10 10 100 1 10 10 10 10 10 100 1 10 10 10 10 10 18 12 1 1 10 100 12 1 1 1 8 1 11 7 12 1 1 1 9 12 1 1 11 7 12 1 1 1 9 12 1 1 11 7 12 1 1 11 12 1 1 8 1 8 1 11 12 10 12 1 8 1 10 12 1 8 1 10 12 1 8 1 10 12 1 8 1 10 12 1 8 1 10 12 1 8 1 10 12 1 8 1 11 12 1 1 11 7 12 1 1 1 11 12 1 1 10 12 1 10 12 1 11 12 1 11 10 12 1 8 1 8 1 10 10 10 10 12 10 10 10 12 1 10 12 1 10 10 10 10 12 1 10 10 12 1 10 12 1 10 10 12 1 10 12 1 9 12 1 10 12 1 10 12 1 10 12 1 9 12 1 10 12 1 10 12 1 10 12 1 10 12 1 10 12 1 10 12 1 10 12 1 9 12 1 10 12 1 9 12 1 10 12 1 9 12 1 10 12 1 10 12 1 10 12 1 10 12 1 10 12 1 10 12 1 10 12 1 10 12 1 10 12 1 10 12 1 10 12 1 10 12 1 9 12 1 10 12 1 10 12 1 10 12 1 10 12 1 10 12 1 10 12 1 10 12 1 10 12 1 10 12 1 10 12 1 9 12 1 10 12 1 9 12 1 10 12 1 9 12 1 10 12 1 9 12 1 10 12 1 9 12 1 10 12 1 9 12 1 10 12 1 9 12 1 10 12 1 9 12 1 10 12 1 9 12 1 10 12 1 9 12 1 10 12 1 9 12 1 10 12 1 9 12 1 10 12 1 9 12 1 10 12 1 9 12 1 10 12 1 9 12 1 10 12 1 9 12 1 10 12 1 9 12 1 10 12 1 9 12 1 10 12 1 9 12 1 10 12 1 9 12 1 10 12 1 9 12 1 10 12 1 9 12 1 10 12 1 9 12 1 10 12 1 9 12 1 10 12 1 9 12 1 10 12 1 9 12 1 10 12 1 9 12 1 10 12 1 9 12 1 10 12 1 9 12 1 10 12 1 9 12 1 10 12 1 9 12 1 10 12 1 9 12 1 10 12 1 9 12 1 10 12 1 10 12 1 10 12 1 10 12 1 10 12 1 10 12 1 10 12 1 10 12 1 10 12 1 10 12 1 10 12 1 10 12 1 9 12 1 10 12 1 9 12 1 10 12 1 10 12 1 10 12 1 10 12 1 10 12 1 9 12 1 10 12 1 9 12 1 10 12 1 10 12 1 10 12 1 9 12 1 10 12 1 10 12 1 9 12 1 10 12 1 10 12 1 9 12 1 10 12 1 9 12 1 10 12 1 9 12 1 10 12 1 9 12 1 10 12 1 9 12 1 10 12 1 10 12 1 9 12 1 10 12 1 9 12 1 10 12 1 10 12 1 9 12 1 10 12 1 10 12 1 9 12 1 10 12 1 10 12 1 10 12 1 10 12 1 10 12 1 10 12 1 10 12 1 10 12 1 10 12 1 10 12 1 9 12 1 10 12 1 9 12 1 10 12 1 9 12 1 10 12 1 10 12 1 10 12 1 10 12 1 10 12 1 10 12 1 10 12 1 10 12 1 10 12 1 10 12 1 10 12 1 10 12 1 10 12 1 10 12 1 9 12 1 10 12 1 9 12 1 10 12 1 9 12 1 10 12 1 9 12 1 10 12 1 9 12 1 10 12 1 9 12 1 10 12 1 9 12 1 10 12 1 9 12 1 10 12 1 9 12 1 10 12 1 9 12 1 10 12 1 9 12 1 10 12 1 10 12 1 10 12 1 10 12 1 10 12 1 10 12 1 9 12 1 10 12 1 9 12 1 10 12 1 10 12 1 9 12 1 10 12 1 10 12 1 9 12 1 10 12 1 10 12 1 9 12 1 10 12 1 9 12 1 10 12 1 10 12 1 9 12 1 10 12 1 9 12 1 10 12 1 9 12 1 10 12 1 9 12 1 10 12 1 10 12 1 10 12 1 10 12 1 10 12 1 10 12 1 10 12 1 10 12 1 10 12 1 10 12 1 9 12 1 10 12 1 9 12 1 10 12 1 9 12 1 10 12 1 9 12 1 10 12 1 9 12 1 10 12 1 9 12 1 10 12 1 9 12 1 10 12 1 9 12 1 10 12 1 9 12 1 10 12 1 9 12 1 10 12 1 9 12 1 10 12 1 9 12 1 10 12 1 9 12 1 10 12 1 10 12 1 10 12 1 10 12 1 10 12 1 10 12 1 10 12 1 10 12 1 10 12 1 9 12 1 10 12 1 9 12 1 10 12 1 9 12 1 10 12 1 9 12 1 10 12 1 9 12 1 10 12 1 9 12 1 10 12 1 9 12 1 10 12 1 9 12 1 10 12 1 9 12 1 10 12 1 9 12 1 10 12 1 10 12 1 10 12 1 9 12 1 10 12 1 10 12 1 9 12 1 10 12 1 10 12 1 9 12 1 10 12 1 9 12 1 10 12 1 10 12 1 10 12 1 10 12 1 10 12 1 10 12 1 10 12 1 10 12 1 10 12 1 10 12 1 10 12 1 10 12 1 10 12 1 10 12 1 10 12 1 9 12 1 10 12 1 9 12 1 10 12 1 10 12 1 10 12 1 10 12 1 10 12 1 10 12 1 10 12 1 10 12 1 10 12 1 9 12 1 10 12 1 9 12 1 10 12 1 10 12 1 10 12 1 10 12 1 10 12 1 10 12 1 9 12 1 10 12 1 10 12 1 10 12 1 10 12 1 10 12 1 10 12 1 10 12 1 10 12 1 10 12 1 10 12 1 10 12 1 10 12 1 10 12 1 10 12 1 9 12 1 10 12 1 9 12 1 10 12 1 10 12 1 10 12 1 10 12 1 10 12 1 10 12 1 10 12 1 10 12 1 10 12 1 10 12 1 10 12 1 10 12 1 10 12 1 10 12 1 10 12 1 10 12 1 10 12 1 9 12 1 10 12 1 9 12 1 10 12 1 10 12 1 10 12 1 10 12 1 10 12 1 10 12 1 10 12 1 10 12 1 10 12 1 10 12 1 10 12 1 10 12 1 10 12 1 10 12 1 10 12 1 10 12 1 10 12 1 10 12 1 10 12 1 10 12 1 9 12 1 9 12 1 10 12 1 9 12 1 10 12 1 9 12 1 10 12 1 9 12 1 10 12 1 9 12 1 10 12 1 10 12 1 9 12 1 10 12 1 10 12 1 10 12 1 10 12 1 10 12 1 10 12 1 10 12 1 10 12 1 10 12 1 10 12 1 10 12 1 10 12 1 10 12 1 10 12 1 10 12 1 9 12 1 10 12 1 9 12 1 10 12 1 10 12 1 9 12 1 10 12 1 9 12 1 10 12 1 9 12 1 10 12 1 9 12 1 10 12 1 9 12 1 10 12 1 9 12 1 10 12 1 10 12 1 9 12 1 10 12 1 9 12 1 10 12 1 9 12 1 10 12 1 9 12 1 10 12 1 9 12 1 10 12 1 9 12 1 10 12 1 9 12 1 10 12 1 9 12 1 10 12 1 9 12 1 10 12 1 9 12 1 10 12 1 9 12 1 10 12 1 9 12 1 10 12 1 9 12 1 10 12 1 9 12 1 10 12 1 9 12 1 10 12 1 9 12 1 10 12 1 9 12 1 10 12 1 10 12 1 10 12 1 10 12 1 10 12 1 10 12 1 10 12 1 9 12 1 10 12 1 9 12 1 10 12 1 10 12 1 10 12 1 10 12 1 10 12 1 9 12 1 10 12 1 10 12 1 9 12 1 10 12 1 9 12 1 10 12 1 10 12 1 9 12 1 10 12 1 10 12 1 9 12 1 10 12 1 10 12 1 10 12 1 9 12 1 10 12 1 10 12 1 9 12 1 10 12 1 9 12 1 10 12 1 9 12 1 10 12 1 10 12 1 9 12 1 10 12 1 9 12 1 10 12 1 9 12 1 10 12 1 9 12 1 10 12 1 9 12 1 10 12 1 9 12 1 10 12 1 9 12 1 10 12 1 9 12 1 10 12 1 10 12 1 9 12 1 10 12 1 9 12 1 10 12 1 9 12 1 10 12 1 10 12 1 9 12 1 10 12 1 9 12 1 10 12 1 10 12 1 9 12 1 10 12 1 9 12 1 10 12 1 9 12 1 10 12 1 9 12 1 10 12 1 9 12 1 10 12 1 10 12 1 9 12 1 9 12 1 10 12 1 9 12 1 10 12 1 10 12 1 10 12 1 10 12 1 10 12 1 10 12 1 10 12 1 10 12 1 10 12 1 10 12 1 10 12 1 10 12 1 10 12 1 10 12 1 10 12 1 10 12 1 9 12 1 10 12 1 10 12 1 10 12 1 10 12 1 10 12 1 10 12 1 10 12 1 10 12 1 10 12 1 10 12 1 10 12 1 10 12 1 10 12 1 10 12 1 10 12 1 10 12 1 9 12 1 10 12 1 9 12 1 10 12 1 9 12 1 10 12 1 9 12 1 10 12 1 10 12 1 10 12 1 10 12 1 10 12 1 9 12 1 10 12 1 9 12 1 10 12 1 9 12 1 10 12 1 9 12 1 10 12 1 9 12 1 10 12 1 9 12 1 10 12 1 9 12 1 10 12 1 9 12 1 10 12 1 9 12 1 10 12 1 9 12 1 10 12 1 9 12 1 10 12 1 9 12 1 10 12 1 9 12 1 10 12 1 9 12 1 10 12 1 9 12 1 10 12 1 9 12 1 10 12 1 9 12 1 10 12 1 10 12 1 10 12 1 10 12 1 10 12 1 10 12 1 10 12 1 10 12 1 10 12 1 10 12 1 10 12 1 9 12 1 10 12 1 9 12 1 10 12 1 9 12 1 10 12 1 9 12 1 10 12 1 9 12 1 10 12 1 9 12 1 10 12 1 10 12 1 10 12 1 10 12 1 9 12 1 10 12 1 10 12 1 10 12 1 10 12 1 10 12 1 10 12 1 10 12 1 10 12 1 10 12 1 10 12 1 10 12 1 10 12 1 10 12 1 9 12 1 10 12 1 10 12 1 10 12 1 10 12 1 10 12 1 10 12 1 10 12 1 10 12 1 10 12 1 10 12 1 10 12 1 10 12 1 9 12 1 10 12 1 9 12 1 10 12 1 10 12 1 10 12 1 10 12 1 10 12 1 10 12 1 10 12 1 10 12 1 10 12 1 10 12 1 10 12 1 9 12 1 10 12 1 9 12 1 10 12 1 9 12 1 10 12 1 9 12 1 10 12 1 9 12 1 10 12 1 9 12 1 10 12 1 9 12 1 10 12 1 9 12 1 10 12 1 9 12 1 10 12 1 9 12 1 10 12 1 9 12 1 10 12 1 9 12 1 10 12 1 9 12 1 10 12 1 9 12 1 10 12 1 9 12 1 10 12 1 9 12 1 10 12 1 9 12 1 10 12 1 9 12 1 10 12 1 9 12 1 10 12 1 9 12 1 10 12 1 10 12 1 10 12 1 10 12 1 10 12 1 10 12 1 10 12 1 10 12 1 10 12 1 10 12 1 10 12 1 10 12 1 10 12 1 10 12 1 10 12 1 10 12 1 10 12 1 10 12 1 10 12 1 10 12 1 9 12 1 10 12 1 9 12 1 10 12 1 9 12 1 10 12 1 9 12 1 10 12 1 9 12 1 10 12 1 9 12 1 10 12 1 9 12 1 10 12 1 10 12 1 10 12 1 10 12 1 10 12 1 10 12 1 10 12 1 10 12 1 9 12 1 10 12 1 9 12 1 10 12 1 9 12 1 10 12 1 9 12 1 10 12 1 9 12 1 10 12 1 9 12 1 10 12 1 9 12 1 10 12 1 9 12 1 10 12 1 9 12 1 9 12 1 10 12 1 9 12 1 10 12 1 9 12 1 10 12 1 9 12 1 10 12 1 9 12 1 10 12 1 9 12 1 10 12 1 9 12 1 10 12 1 9 12 1 10 12 1 9 12 1 10 12 1 9 12 1 10 12 1 9 12 1 10 12 1 9 12 1 10 12 1 9 12 1 10 12 1 9 12 1 10 12 1 9 12 1 10 12 1 9 12 1 10 12 1 9 12 1 10 12 1 9 12 1 10 12 1 9 12 1 10 12 1 9 12 1 10 12 1 9 12 1 10 12 1 9 12 1 10 12 1 9 12 1 10 12 1 9 12 1 10 12 1 9 12 1 10 12 1 9 12 1 10 12 1 9 12 1 10 12 1 9 12 1 10 12 1 9 12 1 10 12 1 9 12 1 10 12 1 9 12 1 10 12 1 9 12 1 10 12 1 9 12 1 10 12 1 9 12 1 10 12 1 9 12 1 10 12 1 9 12 1 10 12 1 9 12 1 10 12 1 9 12 1 10 12 1 9 12 1 10 12 1 9 12 1 10 12 1 9 12 1 10 12 1 9 12 1 10 12 1 9 12 1 10 12 1 9 12 1 10 12 1 9 12 1 10 12 1 9 12 1 10 12 1 9 12 1 10 12 1 9 12 1 10 12 1 9 12 1 10 12 1 9 12 1 10 12 1 9 12 1 10 12 1 9 12 1 10 12 1 9 12 1 10 12 1 9 12 1 10 12 1 9 12 1 10 12 1 9 12 1 10 12 1 9 12 1 10 12 1 9 12 1 10 12 1 9 12 1 10 12 1 9 12 1 10 12 1 9 12 1 10 12 1 9 12 1 10 12 1 9 12 1 10 12 1 9 12 1 10 12 1 9 12 1 10 12 1 9 12 1 10 12 1 9 12 1 10 12 1 9 12 1 10 12 1 9 12 1 10 12 1 9 12 1 10 12 1 9 12 1 10 12 1 9 12 1 10 12 1 9 12 1 10 12 1 9 12 1 10 12 1 9 12 1 10 12 1 9 12 1 10 12 1 9 12 1 10 12 1 9 12 1 10 12 1 9 12 1 10 12 1 9 12 1 10 12 1 9 12 1 10 12 1 9 12 1 10 12 1 9 12 1 10 12 1 9 12 1 10 12 1 9 12 1 10 12 1 9 12 1 10 12 1 9 12 1 10 12 1 9 12 1 10 12 1 9 12 1 10 12 1 9 12 1 10 12 1 9 12 1 10 12 1 9 12 1 9 12 1 9 12 1 10 12 1 9 12 1 10 12 1 10 12 1 10 12 1 10 12 1 10 12 1 10 12 1 9 12 1 10 12 1 10 12 1 10 12 1 10 12 1 10 12 1 10 12 1 10 12 1 10 12 1 10 12 1 10 12 1 10 12 1 10 12 1 10 12 1 10 12 1 10 12 1 10 12 1 10 12 1 10 12 1 10 12 1 10 12 1 10 12 1 10 12 1 10 12 1 10 12 1 10 12 1 10 12 1 10 12 1 10 12 1 10 12 1 10 12 1 10 12 1 10 12 1 10 12 1 10 12 1 10 12 1 10 12 1 10 12 1 10 12 1 10 12 1 10 12 1 10 12 1 10 12 1 10 12 1 10 12 1 10 12 1 10 12 1 10 12 1 10 12 1 10 12 1 10 12 1 10 12 1 10 12 1 10 12 1 10 12 1 9 12 1 10 12 1 9 12 1 10 12 1 10 12 1 10 12 1 10 12 1 9 12 1 10 12 1 9 12 1 10 12 1 9 12 1 10 12 1 9 12 1 10 12 1 9 12 1 10 12 1 9 12 1 10 12 1 9 12 1 10 12 1 9 12 1 10 12 1 9 12 1 10 12 1 9 12 1 10 12 1 9 12 1 10 12 1 9 12 1 10 12 1 9 12 1 10 12 1 9 12 1 10 12 1 9 12 1 10 12 1 9 12 1 10 12 1 9 12 1 10 12 1 9 12 1 10 12 1 9 12 1 10 12 1 9 12 1 10 12 1 9 12 1 10 12 1 9 12 1 10 12 1 9 12 1 10 12 1 9 12 1 10 12 1 9 12 1 10 12 1 9 12 1 10 12 1 9 12 1 10 12 1 9 12 1 10 12 1 9 12 1 10 12 1 9 12 1 10 12 1 9 12 1 10 12 1 9 12 1 10 12 1 9 12 1 10 12 1 9 12 1 10 12 1 9 12 1 10 12 1 9 12 1 10 12 1 9 12 1 10 12 1 9 12 1 10 12 1 9 12 1 10 12 1 9 12 1 10 12 1 9 12 1 10 12 1 9 12 1 10 12 1 9 12 1 10 12 1 9 12 1 10 12 1 9 12 1 10 12 1 9 12 1 10 12 1 9 12 1 10 12 1 9 12 1 10 12 1 9 12 1 10 12 1 9 12 1 10 12 1 9 12 1 10 12 1 9 12 1 10 12 1 9 12 1 10 12 1 9 12 1 10 12 1 9 12 1 10 12 1 9 12 1 10 12 1 9 12 1 10 12 1 9 12 1 10 12 1 9 12 1 10 12 1 10 12 1 10 12 1 10 12 1 10 12 1 10 12 1 10 12 1 10 12 1 10 12 1 10 12 1 10 12 1 10 12 1 9 12 1 10 12 1 9 12 1 10 12 1 9 12 1 10 12 1 9 12 1 10 12 1 10 12 1 9 12 1 10 12 1 9 12 1 10 12 1 9 12 1 10 12 1 9 12 1 10 12 1 9 12 1 10 12 1 9 12 1 10 12 1 9 12 1 10 12 1 9 12 1 10 12 1 9 12 1 10 12 1 9 12 1 10 12 1 9 12 1 10 12 1 9 12 1 10 12 1 9 12 1 10 12 1 9 12 1 10 12 1 9 12 1 10 12 1 9 12 1 10 12 1 9 12 1 10 12 1 9 12 1 10 12 1 9 12 1 10 12 1 9 12 1 10 12 1 9 12 1 10 12 1 9 12 1 10 12 1 9 12 1 10 12 1 9 12 1 10 12 1 9 12 1 10 12 1 9 12 1 10 12 1 9 12 1 10 12 1 9 12 1 10 12 1 9 12 1 10 12 1 9 12 1 9 12 1 9 12 1 9 12 1 10 12 1 9 12 1 10 12 1 9 12 1 10 12 1 9 12 1 10 12 1 9 12 1 10 12 1 9 12 1 10 12 1 9 12 1 10 12 1 9 12 1 10 12 1 9 12 1 10 12 1 9 12 1 10 12 1 9 12 1 10 12 1 9 12 1 10 12 1 9 12 1 10 12 1 9 12 1 10 12 1 9 12 1 10 12 1 9 12 1 10 12 1 9 12 1 10 12 1 9 12 1 10 12 1 9 12 1 10 12 1 9 12 1 10 12 1 9 12 1 10 12 1 9 12 1 10 12 1 9 12 1 10 12 1 9 12 1 10 12 1 9 12 1 10 12 1 9 12 1 10 12 1 9 12 1 10 12 1 9 12 1 10 12 1 9 12 1 10 12 1 9 12 1 10 12 1 9 12 1 10 12 1 9 12 1 10 12 1 9 12 1 10 12 1 9 12 1 10 12 1 9 12 1 10 12 1 9 12 1 10 12 1 9 12 1 10 12 1 9 12 1 10 12 1 9 12 1 10 12 1 9 12 1 10 12 1 9 12 1 10 12 1 10 12 1 10 12 1 10 12 1 10 12 1 10 12 1 10 12 1 10 12 1 9 12 1 10 12 1 10 12 1 10 12 1 10 12 1 10 12 1 10 12 1 10 12 1 10 12 1 10 12 1 10 12 1 10 12 1 10 12 1 10 12 1 10 12 1 10 12 1 10 12 1 10 12 1 10 12 1 9 12 1 10 12 1 9 12 1 10 12 1 1 10 12 1 8 1 8 1 8 18 12 1 1 8 1 8 1 8 18 8 1 8 1 8 18 8 1 8 1 8 18 8 1 8 1 8 18 8 1 8 1 8 18 8 1 8 1 8 18 8 1 8 1 8 18 8 1 8 1 8 18 8 1 8 1 8 18 8 1 8 1 8 18 8 1 8 1 8 18 8 18 8 1 8 1 8 18 8 1 8 18 8 1 8 1 8 18 8 1 8 1 8 18 8 1 8 18 8 1 8 1 8 18 8 1 8 1 8 18 8 1 8 1 8 18 8 1 8 1 8 18 8 1 8 1 8 18 8 1 8 18 8 1 8 1 8 18 8 1 8 18 8 1 8 1 8 18 8 1 8 18 8 1 8 18 8 1 8 18 8 1 8 18 8 1 8 18 8 1 8 18 8 1 8 18 8 1 8 18 8 1 8 18 8 1 8 18 8 1 8 18 8 1 8 18 8 1 8 18 8 1 8 18 8 1 8 18 8 1 8 18 8 1 8 18 8 1 8 1 8 18 8 1 8 18 8 1 8 1 8 18 8 1 8 1 8 18 8 1 8 1 8 18 8 1 8 1 8 18 8 1 8 18 8 1 8 18 8 1 8 18 8 1 8 1 8 18 8 1 8 18 8 1 8 18 8 1 8 18 8 1 8 18 8 1 8 18 8 1 8 18 8 1 8 18 8 1 8 1 8 18 8 1 8 18 8 1 8 18 8 1 8 1 8 18 8 1 8 1 8 18 8 1 8 1 8 18 8 1 8 1 8 18 8 1 8 1 8 18 8 1 8 1 8 18 8 1 8 1 8 18 8 1 8 1 8 18 8 1 8 1 8 18 8 1 8 1 8 18 8 1 8 18 8 1 8 18 8 1 8 1 8 18 8 1 8 18 8 1 8 18 8 1 8 18 8 1 8 18 8 1 8 18 8 1 8 1 8 18 8 1 8 18 8 1 8 18 8 1 8 18 8 1 8 1 8 18 8 1 8 18 8 1 8 18 8 1 8 1 18 8 1 8 18 8 1 8 18 8 1 8 18 8 1 8 1 8 18 8 1 8 18 8 1 8 1 8 18 8 1 8 18 8 1 8 18 8 1 8 18 8 1 8 18 8 1 8 18 8 1 8 18 8 1 8 18 8 1 8 18 8 1 8 18 8 1 8 18 8 1 8 18 8 1 8 18 8 1 8 18 8 1 8 18 8 1 8 18 8 1 8 18 8 1 8 18 8 1 8 18 8 1 8 1 8 18 8 1 8 1 8 18 8 1 8 1 8 18 8 1 8 18 8 1 8 18 8 1 8 18 8 1 8 18 8 1 8 18 8 1 8 1 8 18 8 1 8 18 8 1 8 1 8 18 8 1 8 1 8 18 8 1 8 1 8 18 8 1 8 1 8 18 8 1 8 18 8 1 8 1 8 18 8 1 8 1 8 18 8 1 8 1 8 18 8 1 8 18 8 1 8 1 8 18 8 1 8 1 8 18 8 1 8 18 8 1 8 1 8 18 8 1 8 18 8 1 8 1 8 18 8 1 8 1 8 18 8 1 8 1 8 18 8 1 8 1 8 18 8 1 8 1 8 18 8 1 8 1 8 18 8 1 8 18 8 1 8 1 8 18 8 1 8 1 8 18 8 1 8 1 8 18 8 1 8 1 8 18 8 1 8 1 8 18 8 1 8 1 8 18 8 1 8 1 8 18 8 1 8 1 8 18 8 1 8 1 8 18 8 1 8 1 8 18 8 1 8 1 8 18 8 1 8 1 8 18 8 1 8 1 8 18 8 1 8 1 8 18 8 1 8 1 8 18 8 1 8 1 8 18 8 1 8 1 8 18 8 1 8 1 8 18 8 1 8 1 8 18 8 1 8 1 8 18 8 1 8 1 8 18 8 1 8 1 8 18 8 1 8 18 8 1 8 18 8 1 8 18 8 1 8 18 8 1 8 18 8 1 8 18 8 1 8 1 8 18 8 1 8 1 8 18 8 1 8 1 8 18 8 1 8 1 8 18 8 1 8 1 8 18 8 1 8 1 8 18 8 1 8 1 8 18 8 1 8 1 8 18 8 1 8 1 8 18 8 1 8 1 8 18 8 1 8 1 8 18 8 1 8 1 8 18 8 1 8 1 8 18 8 1 8 1 8 18 8 1 8 1 8 18 8 1 8 1 8 18 8 1 8 1 8 18 8 1 8 1 8 18 8 1 8 18 8 1 8 1 8 18 8 1 8 1 8 18 8 1 8 1 8 18 8 1 8 18 8 1 8 18 8 1 8 18 8 1 8 1 8 18 8 1 8 18 8 1 8 18 8 1 8 18 8 1 8 18 8 1 8 1 8 18 8 1 8 1 8 18 8 1 8 1 8 18 8 1 8 1 8 18 8 1 8 1 8 18 8 1 8 1 8 18 8 1 8 1 8 18 8 1 8 18 8 1 8 18 8 1 8 1 8 18 8 1 8 1 8 18 8 1 8 1 8 18 8 1 8 18 8 1 8 1 8 18 8 1 8 18 8 1 8 1 8 18 8 1 8 1 8 18 8 1 8 1 8 18 8 1 8 1 8 18 8 1 8 18 8 1 8 18 8 1 8 18 8 1 8 18 8 1 8 18 8 1 8 18 8 1 8 18 8 1 8 18 8 1 8 18 8 1 8 18 8 1 8 18 8 1 8 18 8 1 8 18 8 1 8 18 8 1 8 18 8 1 8 18 8 1 8 18 8 1 8 18 8 1 8 18 8 1 8 18 8 1 8 18 8 1 8 18 8 1 8 1 8 18 8 1 8 1 8 18 8 1 8 1 8 18 8 1 8 18 8 1 8 18 8 1 8 18 8 1 8 1 8 18 8 1 8 1 8 18 8 1 8 1 8 18 8 1 8 1 8 18 8 1 8 1 8 18 8 1 8 1 8 18 8 1 8 18 8 1 8 18 8 1 8 18 8 1 8 18 8 1 8 1 8 18 8 1 8 1 8 18 8 1 8 1 8 18 8 1 8 18 8 1 8 18 8 1 8 18 8 1 8 18 8 1 8 1 8 18 8 1 8 1 8 18 8 1 8 1 8 18 8 1 8 1 8 18 8 1 8 1 8 18 8 1 8 1 8 18 8 1 8 1 8 18 8 1 8 1 8 18 8 1 8 1 8 18 8 1 8 1 8 18 8 1 8 1 8 18 8 1 8 18 8 1 8 18 8 1 8 18 8 1 8 18 8 1 8 1 8 18 8 1 8 18 8 1 8 1 8 18 8 1 8 1 8 18 8 1 8 1 8 18 8 1 8 1 8 18 8 1 8 1 8 18 8 1 8 18 8 1 8 18 8 1 8 18 8 1 8 18 8 1 8 1 8 18 8 1 8 1 8 18 8 1 8 18 8 1 8 1 8 18 8 1 8 18 8 1 8 1 8 18 8 1 8 1 8 18 8 1 8 18 8 1 8 18 8 1 8 18 8 1 8 1 8 18 8 1 8 18 8 1 8 18 8 1 8 18 8 1 8 18 8 1 8 18 8 1 8 18 8 1 8 18 8 1 8 1 8 18 8 1 8 18 8 1 8 18 8 1 8 18 8 1 8 18 8 1 8 1 8 18 8 1 8 1 8 18 8 1 8 1 8 18 8 1 8 1 8 18 8 1 8 18 8 1 8 1 8 18 8 1 8 18 8 1 8 1 8 18 8 1 8 1 8 18 8 1 8 1 8 18 8 1 8 1 8 18 8 1 8 1 8 18 8 1 8 1 8 18 8 1 8 18 8 1 8 1 8 18 8 1 8 1 8 18 8 1 8 1 8 18 8 1 8 1 8 18 8 1 8 18 8 1 8 1 8 18 8 1 8 18 8 1 8 1 8 18 8 1 8 1 8 18 8 1 8 1 8 18 8 1 8 18 8 1 8 1 8 18 8 1 8 18 8 1 8 18 8 1 8 18 8 1 8 18 8 1 8 1 8 18 8 1 8 1 8 18 8 1 8 18 8 1 8 18 8 1 8 1 8 18 8 1 8 1 8 18 8 1 8 18 8 1 8 1 8 18 8 1 8 1 8 18 8 1 8 18 8 1 8 18 8 1 8 18 8 1 8 18 8 1 8 18 8 1 8 1 8 18 8 1 8 1 8 18 8 1 8 1 8 18 8 1 8 1 8 18 8 1 8 1 8 18 8 1 8 1 8 18 8 1 8 1 8 18 8 1 8 1 8 18 8 1 8 1 8 18 8 1 8 1 8 18 8 1 8 1 8 18 8 1 8 1 8 18 8 1 8 1 8 18 8 1 8 1 8 18 8 1 8 1 8 18 8 1 8 1 8 18 8 1 8 1 8 18 8 1 8 1 8 18 8 1 8 1 8 18 8 1 8 1 8 18 8 1 8 1 8 18 8 1 8 1 8 18 8 1 8 1 8 18 8 1 8 1 8 18 8 1 8 1 8 18 8 1 8 1 8 18 8 1 8 1 8 18 8 1 8 18 8 1 8 1 8 18 8 1 8 1 8 18 8 1 8 1 8 18 8 1 8 1 8 18 8 1 8 1 8 18 8 1 8 18 8 1 8 18 8 1 8 18 8 1 8 18 8 1 8 1 8 18 8 1 8 18 8 1 8 18 8 1 8 18 8 1 8 1 8 18 8 1 8 18 8 1 8 1 8 18 8 1 8 1 8 18 8 1 8 1 8 18 8 1 8 18 8 1 8 1 8 18 8 1 8 1 8 18 8 1 8 1 8 18 8 1 8 1 8 18 8 1 8 1 8 18 8 1 8 1 8 18 8 1 8 1 8 18 8 1 8 1 8 18 8 1 8 1 8 18 8 1 8 1 8 18 8 1 8 1 8 18 8 1 8 1 8 18 8 1 8 1 8 18 8 1 8 1 8 18 8 1 8 1 8 18 8 1 8 18 8 1 8 1 8 18 8 1 8 1 8 18 8 1 8 1 8 18 8 1 8 1 8 18 8 1 8 1 8 18 8 1 8 1 8 18 8 1 8 18 8 1 8 18 8 1 8 18 8 1 8 18 8 1 8 1 8 18 8 1 8 18 8 1 8 1 8 18 8 1 8 18 8 1 8 1 8 18 8 1 8 18 8 1 8 1 8 18 8 1 8 1 8 18 8 1 8 1 8 18 8 1 8 1 8 18 8 1 8 1 8 18 8 1 8 1 8 18 8 1 8 18 8 1 8 18 8 1 8 1 8 18 8 1 8 1 8 18 8 1 8 1 8 18 8 1 8 1 8 18 8 1 8 1 8 18 8 1 8 1 8 18 8 1 8 1 8 18 8 1 8 1 8 18 8 1 8 18 8 1 8 18 8 1 8 1 8 18 8 1 8 1 8 18 8 1 8 18 8 1 8 1 8 18 8 1 8 1 8 18 8 1 8 1 8 18 8 1 8 1 8 18 8 1 8 1 8 18 8 1 8 1 8 18 8 1 8 1 8 18 8 1 8 1 8 18 8 1 8 1 8 18 8 1 8 1 8 18 8 1 8 18 8 1 8 1 8 18 8 1 8 1 8 18 8 1 8 1 8 18 8 1 8 1 8 18 8 1 8 1 8 18 8 1 8 1 8 18 8 1 8 1 8 18 8 1 8 1 8 18 8 1 8 1 8 18 8 1 8 1 8 18 8 1 8 18 8 1 8 1 8 18 8 1 8 1 8 18 8 1 8 18 8 1 8 1 8 18 8 1 8 1 8 18 8 1 8 1 8 18 8 1 8 1 8 18 8 1 8 1 8 18 8 1 8 1 8 18 8 1 8 1 8 18 8 1 8 18 8 1 8 18 100 1 8 1 10 10 1 1 1 1 1 1 1 1 1 1 1 1 1 1 1 1 1 1 1 1 1 1 1 1 1 1 1 1 1 1 1 1 1 1 1 1 1 1 1 1 1 1 1 1 1 1 1 1 1 1 1 1 1 1 1 1 1 1 1 1 1 1 1 1 1 1 1 1 1 1 1 1 1 1 1 1 1 1 1 1 1 1 1 1 1 1 1 1 1 1 1 1 1 1 1 1 1 1 1 1 1 1 1 1 1 1 1 1 1 1 1 1 1 1 1 1 1 1 1 1 1 1 1 1 1 1 1 1 1 1 1 1 1 1 1 1 1 1 1 1 1 1 1 1 1 1 1 1 1 1 1 1 1 1 1 1 1 1 1 1 1 1 1 1 1 1 1 1 1 1 1 1 1 1 1 1 1 1 1 1 1 1 1 1 1 1 1 1 1 1 1 1 1 1 1 1 1 1 1 1 1 1 1 1 1 1 1 1 1 1 1 1 1 1 1 1 1 1 1 1 1 1 1 1 1 1 1 1 1 1 1 1 1 1 1 1 1 1 1 1 1 1 1 1 1 1 1 1 1 1 1 1 1 1 1 1 1 1 1 1 1 1 1 1 1 1 1 1 1 1 1 1 1 1 100 1 1 1 1 1 1 1 1 1 1 1 1 1 1 1 1 1 1 1 1 1 1 1 100 1 100 100 1 1 1 1 1 1 1 1 1 1 1 1 1 1 1 1 1 1 1 1 1 1 1 1 1 1 1 1 1 1 1 1 1 1 1 1 1 1 1 1 1 1 1 1 1 1 1 1 1 1 1 1 1 1 1 1 1 1 1 1 1 1 1 1 1 1 1 1 1 1 1 1 1 1 1 1 1 1 1 1 1 1 1 1 1 1 1 1 1 1 1 1 1 1 1 1 1 1 1 1 1 1 1 1 1 1 1 1 1 1 1 1 1 1 1 1 1 1 1 1 1 1 1 1 1 1 1 1 1 1 1 1 1 1 1 1 1 1 1 1 1 1 1 1 1 1 1 1 1 1 1 1 1 1 1 1 1 1 1 1 1 1 1 1 1 1 1 1 1 1 1 1 1 1 1 1 1 1 1 1 1 1 1 1 1 1 1 1 1 1 1 1 1 1 1 1 1 1 1 1 1 1 1 1 1 1 1 1 1 1 1 1 1 1 1 1 1 1 1 1 1 1 1 1 1 1 1 1 1 1 1 1 1 1 1 1 1 1 1 1 1 1 1 1 1 1 1 1 1 1 1 1 1 1 1 1 1 1 1 1 1 1 1 1 1 1 1 1 1 1 1 1 1 1 1 1 1 1 1 1 1 1 1 1 1 1 1 1 1 1 1 1 1 1 1 1 1 1 1 1 1 1 1 1 1 1 1 1 1 1 1 1 1 1 1 1 1 1 1 1 1 1 1 1 1 1 1 1 1 1 1 1 1 1 1 1 1 1 1 1 1 1 1 1 1 1 1 1 1 1 1 1 1 1 1 1 1 1 1 1 1 1 1 1 1 1 1 1 1 1 1 1 1 1 1 1 1 1 1 1 1 1 1 1 1 1 1 1 1 1 1 1 1 1 1 1 1 1 1 1 1 1 1 1 1 1 1 1 1 1 1 1 1 1 1 1 1 1 1 1 1 1 1 1 1 1 1 1 1 1 1 1 1 1 1 1 1 1 1 1 1 1 1 1 1 1 1 1 1 1 1 1 1 1 1 1 1 1 1 1 1 1 1 1 1 1 1 1 1 1 1 1 1 1 1 1 1 1 1 1 1 1 1 1 1 1 1 1 1 1 1 1 1 1 1 1 1 1 1 1 1 1 1 1 1 1 1 1 1 1 1 1 1 1 1 1 1 1 1 1 1 1 1 1 1 1 1 1 1 1 1 1 1 1 1 1 1 1 1 1 1 1 1 1 1 1 1 1 1 1 1 1 1 1 1 1 1 1 1 1 1 1 1 1 1 1 1 1 1 1 1 1 1 1 1 1 1 1 1 1 1 1 1 1 1 1 1 1 1 1 1 1 1 1 1 1 1 1 1 1 1 1 1 1 1 1 1 1 1 1 1 1 1 1 1 1 1 1 1 1 1 1 1 1 1 1 1 1 1 1 1 1 1 1 1 1 1 1 1 1 1 1 1 1 1 1 1 1 1 1 1 1 1 1 1 1 1 1 1 1 1 1 1 1 1 1 1 1 1 1 1 1 1 1 1 1 1 1 1 1 1 1 1 1 1 1 1 1 1 1 1 1 1 1 1 1 1 1 1 1 1 1 1 1 1 1 1 1 1 1 1 1 1 1 1 1 1 1 1 1 1 1 1 1 1 1 1 1 1 1 1 1 1 1 1 1 1 1 1 1 1 1 1 1 1 1 1 1 1 1 1 1 1 1 1 1 1 1 1 1 1 1 1 1 1 1 1 1 1 1 1 1 1 1 1 1 1 1 1 1 1 1 1 1 1 1 1 1 1 1 1 1 1 1 1 1 1 1 1 1 1 1 1 1 1 1 1 1 1 1 1 1 1 1 1 1 1 1 1 1 1 1 1 1 1 1 1 1 1 1 1 1 1 1 1 1 1 1 1 1 1 1 1 1 1 1 1 1 1 1 1 1 1 1 1 1 1 1 1 1 1 1 1 1 1 1 1 1 1 1 1 1 1 1 1 1 1 1 1 1 1 1 1 1 1 1 1 1 1 1 1 1 1 1 1 1 1 1 1 1 1 1 1 1 1 1 1 1 1 1 1 1 1 1 1 1 1 1 1 1 1 1 1 1 1 1 1 1 1 1 1 1 1 1 1 1 1 1 1 1 1 1 1 1 1 1 1 1 1 1 1 1 1 1 1 1 1 1 1 1 1 1 1 1 1 1 1 1 1 1 1 1 1 1 1 1 1 1 1 1 1 1 1 1 1 1 1 1 1 1 1 1 1 1 1 1 1 1 1 1 1 1 1 1 1 1 1 1 1 1 1 1 1 1 1 1 1 1 1 1 1 1 1 1 1 1 1 1 1 1 1 1 1 1 1 1 1 1 1 1 1 1 1 1 1 1 1 1 1 1 1 1 1 1 1 1 1 1 1 1 1 1 1 1 1 1 1 1 1 1 1 1 1 1 1 1 1 1 1 1 1 1 1 1 1 1 1 1 1 1 1 1 1 1 1 1 1 1 1 1 1 1 1 1 1 1 1 1 1 1 1 1 1 1 1 1 1 1 1 1 1 1 1 1 1 1 1 1 1 1 1 1 1 1 1 1 1 1 1 1 1 1 1 1 1 1 1 1 1 1 1 1 1 1 1 1 1 1 1 1 1 1 1 1 1 1 1 1 1 1 1 1 1 1 1 1 1 1 1 1 1 1 1 1 1 1 1 1 1 1 1 1 1 1 1 1 1 1 1 1 1 1 1 1 1 1 1 1 1 1 1 1 1 1 1 1 1 1 1 1 1 1 1 1 1 1 1 1 1 1 1 1 1 1 1 1 1 1 1 1 1 1 1 1 1 1 1 1 1 1 1 1 1 1 1 1 1 1 1 1 1 1 1 1 1 1 1 1 1 1 1 1 1 1 1 1 1 1 1 1 1 1 1 1 1 1 1 1 1 100 1 1 1 1 1 1 1 1 1 1 1 1 1 1 1 1 1 1 1 1 1 1 1 1 1 1 1 1 1 1 1 1 1 1 1 1 1 1 1 1 1 1 1 1 1 1 1 1 1 1 1 1 1 1 1 1 1 1 1 1 1 1 1 1 1 1 1 1 1 1 1 1 1 1 1 1 1 1 1 1 1 1 1 1 1 1 1 1 1 1 1 1 1 1 1 1 1 1 1 1 1 1 1 1 1 1 1 1 1 1 1 1 1 1 1 1 1 1 1 1 1 1 1 1 1 1 1 1 1 1 1 1 1 1 1 1 1 1 1 1 1 1 1 1 1 1 1 1 1 1 1 1 1 1 1 1 1 1 1 1 1 1 1 1 1 1 1 1 1 1 1 1 1 1 1 1 1 1 1 1 1 1 1 1 1 1 1 1 1 1 1 1 1 1 1 1 1 1 1 1 1 1 1 1 1 1 1 1 1 1 1 1 1 1 1 1 1 1 1 1 1 1 1 1 1 1 1 1 1 1 1 1 1 1 1 1 1 1 1 1 1 1 1 1 1 1 1 1 1 1 1 1 1 1 1 1 1 1 1 1 1 1 1 1 1 1 1 1 1 1 1 1 1 1 1 1 1 1 1 1 1 1 1 1 1 1 1 1 1 1 1 1 1 1 1 1 1 1 1 1 1 1 1 1 1 1 1 1 1 1 1 1 1 1 1 1 1 1 1 1 1 1 1 1 1 1 1 1 1 1 1 1 1 1 1 1 1 1 1 1 1 1 1 1 1 1 1 1 1 1 1 1 1 1 1 1 1 1 1 1 1 1 1 1 1 1 1 1 1 1 1 1 1 1 1 1 1 1 1 1 1 1 1 1 1 1 1 1 1 1 1 1 1 1 1 1 1 1 1 1 1 1 1 1 1 1 1 1 1 1 1 1 1 1 1 1 1 1 1 1 1 1 1 1 1 1 1 1 1 1 1 1 1 1 1 1 1 1 1 1 1 1 1 1 1 1 1 1 1 1 1 1 1 1 1 1 1 1 1 1 1 1 1 1 1 1 1 1 1 1 1 1 1 1 1 1 1 1 1 1 1 1 1 1 1 1 1 1 1 1 1 1 1 1 1 1 1 1 1 1 1 1 1 1 1 1 1 1 1 1 1 1 1 1 1 1 1 1 1 1 1 1 1 1 1 1 1 1 1 1 1 1 1 1 1 1 1 1 1 1 1 1 1 1 1 1 1 1 1 1 1 1 1 1 1 1 1 1 1 1 1 1 1 1 1 1 15 10 7 12 1 1 1 16 15 10 12 16 15 10 12 15 10 12 15 10 12 15 10 12 15 10 12 15 10 12 15 10 12 15 10 12 15 10 12 15 10 12 15 10 12 15 10 12 15 15 10 12 15 15 10 12 15 10 12 15 15 10 12 15 10 12 15 10 12 15 10 12 15 10 12 15 10 12 15 10 12 15 10 12 15 10 12 15 10 12 15 10 12 15 10 12 15 10 12 15 10 12 15 10 12 15 10 12 15 10 12 15 10 12 15 10 12 15 10 12 15 10 12 15 10 12 15 10 12 15 10 12 15 10 12 15 10 12 15 10 12 15 10 12 15 10 12 15 10 12 15 10 12 15 10 12 15 10 12 15 10 12 15 10 12 15 10 12 15 10 12 15 10 12 15 10 12 15 10 12 15 10 12 15 10 12 15 10 12 15 10 12 15 10 12 15 10 12 15 10 12 15 10 12 15 10 12 15 10 12 15 10 12 15 10 12 15 10 12 15 10 12 15 10 12 15 10 12 15 10 12 15 10 12 15 10 12 15 10 12 15 10 12 15 10 12 15 10 12 15 10 12 15 10 12 15 10 12 15 10 12 15 10 12 15 10 12 15 10 12 15 10 12 15 10 12 15 10 12 15 10 12 15 10 12 15 10 12 15 10 12 15 10 12 15 10 12 15 10 12 15 10 12 15 10 12 15 10 12 15 10 12 15 10 12 15 10 12 15 10 12 15 10 12 15 10 12 15 10 12 15 10 12 15 10 12 15 10 12 15 10 12 15 10 12 15 10 12 15 10 12 15 10 12 15 10 12 15 10 12 15 10 12 15 10 12 15 10 12 15 10 12 15 10 12 15 10 12 15 10 12 15 10 12 15 10 12 15 10 12 15 10 12 15 10 12 15 10 12 15 10 12 15 10 12 15 10 12 15 10 12 15 10 12 15 10 12 15 10 12 15 10 12 15 10 12 15 10 12 15 10 12 15 10 12 15 10 12 15 10 12 15 10 12 15 10 12 15 10 12 15 10 12 15 10 12 15 10 12 15 10 12 15 10 12 15 10 12 15 10 12 15 10 12 15 10 12 15 10 12 15 10 12 15 10 12 15 10 12 15 10 12 15 10 12 15 10 12 15 10 12 15 10 12 15 10 12 15 10 12 15 10 12 15 10 12 15 10 12 15 10 12 15 10 12 15 10 12 15 10 12 15 10 12 15 10 12 15 10 12 15 10 12 15 10 12 15 10 12 15 10 12 15 10 12 15 10 12 15 10 12 15 10 12 15 10 12 15 10 12 15 10 12 15 10 12 15 10 12 15 10 12 15 10 12 15 10 12 15 10 12 15 10 12 15 10 12 15 10 12 15 10 12 15 10 12 15 10 12 15 10 12 15 10 12 15 10 12 15 10 12 15 10 12 15 10 12 15 10 12 15 10 12 15 10 12 15 10 12 15 10 12 15 10 12 15 10 12 15 10 12 15 10 12 15 10 12 15 10 12 15 10 12 15 10 12 15 10 12 15 10 12 15 10 12 15 10 12 15 10 12 15 10 12 15 10 12 15 10 12 15 10 12 15 10 12 15 10 12 15 10 12 15 10 12 15 10 12 15 10 12 15 10 12 15 10 12 15 10 12 15 10 12 15 10 12 15 10 12 15 10 12 15 10 12 15 10 12 15 10 12 15 10 12 15 10 12 15 10 12 15 10 12 15 10 12 15 10 12 15 10 12 15 10 12 15 10 12 15 10 12 15 10 12 15 10 12 15 10 12 15 10 12 15 10 12 15 10 12 15 10 12 15 10 12 15 10 12 15 10 12 15 10 12 15 10 12 15 10 12 15 10 12 15 10 12 15 10 12 15 10 12 15 10 12 15 10 12 15 10 12 15 10 12 15 10 12 15 10 12 15 10 12 15 10 12 15 10 12 15 10 12 15 10 12 15 10 12 15 10 12 15 10 12 15 10 12 15 10 12 15 10 12 15 10 12 15 10 12 15 10 12 15 10 12 15 10 12 15 10 12 15 10 12 15 10 12 15 10 12 15 10 12 15 10 12 15 10 12 15 10 12 15 10 12 15 10 12 15 10 12 15 10 12 15 10 12 15 10 12 15 10 12 15 10 12 15 10 12 15 10 12 15 10 12 15 10 12 15 10 12 15 10 12 15 10 12 15 10 12 15 10 12 15 10 12 15 10 12 15 10 12 15 10 12 15 10 12 15 10 12 15 10 12 15 10 12 15 10 12 15 10 12 15 10 12 15 10 12 15 10 12 15 10 12 15 10 12 15 10 12 15 10 12 15 10 12 15 10 12 15 10 12 15 10 12 15 10 12 15 10 12 15 10 12 15 10 12 15 10 12 15 10 12 15 10 12 15 10 12 15 10 12 15 10 12 15 10 12 15 10 12 15 10 12 15 10 12 15 10 12 15 10 12 15 10 12 15 10 12 15 10 12 15 10 12 15 10 12 15 10 12 15 10 12 15 10 12 15 10 12 15 10 12 15 10 12 15 10 12 15 10 12 15 10 12 15 10 12 15 10 12 15 10 12 15 10 12 15 10 12 15 10 12 15 10 12 15 10 12 15 10 12 15 10 12 15 10 12 15 10 12 15 10 12 15 10 12 15 10 12 15 10 12 15 10 12 15 10 12 15 10 12 15 10 12 15 10 12 15 10 12 15 10 12 15 10 12 15 10 12 15 10 12 15 10 12 15 10 12 15 10 12 15 10 12 15 10 12 15 10 12 15 10 12 15 10 12 15 10 12 15 10 12 15 10 12 15 10 12 15 10 12 15 10 12 15 10 12 15 10 12 15 10 12 15 10 12 15 10 12 15 10 12 15 10 12 15 10 12 15 10 12 15 10 12 15 10 12 15 10 12 15 10 12 15 10 12 15 10 12 15 10 12 15 10 12 15 10 12 15 10 12 15 10 12 15 10 12 15 10 12 15 10 12 15 10 12 15 10 12 15 10 12 15 10 12 15 10 12 15 10 12 15 10 12 15 10 12 15 10 12 15 10 12 15 10 12 15 10 12 15 10 12 15 10 12 15 10 12 15 10 12 15 10 12 15 10 12 15 10 12 15 10 12 15 10 12 15 10 12 15 10 12 15 10 12 15 10 12 15 10 12 15 10 12 15 10 12 15 10 12 15 10 12 15 10 12 15 10 12 15 10 12 15 10 12 15 10 12 15 10 12 15 10 12 15 10 12 15 10 12 15 10 12 15 10 12 15 10 12 15 10 12 15 10 12 15 10 12 15 10 12 15 10 12 15 10 12 15 10 12 15 10 12 15 10 12 15 10 12 15 10 12 15 10 12 15 10 12 15 10 12 15 10 12 15 10 12 15 10 12 15 10 12 15 10 12 1 100 1 1 100 1 100 1 1
instanceKlass widget/PasswordBox
ciInstanceKlass usu/widget/glass/PasswordBox 1 1 131 10 10 7 10 10 10 7 10 10 10 10 7 9 9 10 10 7 10 4 7 10 10 10 10 10 9 10 10 10 7 7 1 1 1 5 0 1 1 1 1 1 1 1 1 1 1 1 1 1 1 1 1 1 1 1 1 1 12 12 1 12 12 12 1 1 1 12 12 12 7 12 1 7 12 12 12 12 1 12 1 12 12 12 12 12 12 12 12 12 1 1 1 1 1 1 1 1 1 1 1 1 1 1 1 1 1 1 1 100 1 1 1 1 1 1 1 1 1 1 1 1 1 1 1 1 1 1 1 1 1
ciInstanceKlass widget/PasswordBox 1 1 63 10 7 12 1 1 1 9 7 12 1 1 1 10 12 1 1 10 7 12 1 1 1 9 12 1 10 12 1 10 12 1 1 7 1 4 10 12 1 1 10 12 1 1 9 12 1 10 12 1 100 1 10 12 1 1 1 1 1 1 1 1 1
ciInstanceKlass java/awt/event/HierarchyEvent 1 1 123 7 10 9 9 9 9 100 9 18 18 8 18 5 0 18 18 5 0 18 18 8 7 1 1 1 5 0 1 1 3 1 1 3 1 3 1 1 3 1 3 1 3 1 1 1 1 1 1 1 1 1 1 1 1 1 1 1 1 1 1 1 1 1 1 1 1 1 1 1 1 1 100 1 1 1 12 12 12 12 12 1 12 1 15 8 12 8 1 8 12 8 8 8 8 12 1 1 1 1 1 10 1 1 1 1 1 1 1 1 1 1 1 100 12 1 100 1 1 1 100 1 1
instanceKlass javax/swing/JWindow
instanceKlass java/awt/Dialog
instanceKlass java/awt/Frame
ciInstanceKlass java/awt/Window 1 1 1792 10 9 9 9 9 7 10 9 7 10 9 9 9 9 9 9 9 9 9 9 9 9 9 9 9 10 10 10 10 10 10 9 7 10 9 10 10 7 10 9 9 10 10 10 100 8 10 7 10 10 10 10 10 10 9 9 10 9 9 9 9 10 10 9 9 7 9 10 10 10 7 10 10 10 10 9 10 10 10 100 10 7 9 18 9 11 7 10 10 9 7 11 8 10 10 10 10 9 10 10 11 9 10 10 10 10 10 9 9 10 9 10 10 10 10 9 10 9 10 11 10 10 10 10 10 10 100 10 10 9 10 10 10 10 10 10 10 10 10 10 10 9 10 10 10 9 10 7 7 10 9 7 10 10 11 9 9 7 5 0 10 10 10 10 10 10 10 10 10 10 7 10 10 10 10 100 9 8 10 10 100 8 10 10 11 10 11 10 9 10 9 10 7 8 8 10 10 100 9 10 9 10 10 10 10 10 7 11 7 10 10 10 10 10 10 10 10 10 10 10 9 9 10 10 10 10 10 10 9 10 9 10 9 10 10 10 10 7 10 100 100 100 7 100 10 10 9 5 0 5 0 10 10 10 10 10 10 10 11 11 11 11 11 11 11 11 11 11 10 8 10 10 10 100 10 10 10 9 10 9 9 10 11 8 10 10 10 10 10 10 10 10 10 10 10 10 10 10 7 8 9 10 10 10 8 9 10 10 10 10 100 10 10 10 10 10 10 10 10 10 10 10 10 10 10 10 10 10 10 10 8 100 8 10 10 100 10 9 9 10 9 10 7 8 10 8 8 10 8 11 11 11 100 100 10 10 10 10 10 10 10 11 100 10 10 8 10 8 10 8 8 8 10 8 7 10 8 100 8 10 10 10 10 9 100 10 10 9 9 10 10 18 10 10 10 9 9 10 9 9 10 10 10 10 10 9 10 10 8 10 10 8 10 8 9 10 100 8 10 11 100 10 8 9 8 10 11 10 10 10 10 10 8 10 10 8 10 11 11 10 10 100 10 100 10 10 10 10 10 10 10 8 10 100 11 10 10 100 10 10 10 10 10 7 10 10 10 6 0 10 9 9 100 10 8 10 10 10 10 8 10 8 10 8 7 10 7 10 10 7 100 1 1 1 7 1 1 1 1 1 1 1 1 1 1 1 1 1 1 1 1 1 1 1 1 3 1 1 1 1 1 1 1 1 1 1 1 1 1 1 1 1 1 1 1 1 1 1 1 1 1 1 1 1 1 1 1 1 1 1 1 1 1 8 1 1 1 5 0 1 1 1 1 1 1 1 1 1 1 1 1 1 1 1 1 1 1 1 1 1 1 1 1 1 1 1 1 1 1 1 1 1 1 7 7 1 100 1 1 1 1 1 1 1 1 100 1 1 1 7 1 1 1 1 1 1 1 1 1 1 1 1 1 1 1 1 1 1 1 1 1 7 1 1 1 1 1 1 1 1 1 1 1 1 1 1 1 1 1 1 1 1 1 1 1 1 1 1 1 1 1 1 1 1 1 1 1 1 1 1 1 1 1 1 1 1 1 1 1 1 1 1 1 1 1 1 1 1 1 1 1 1 1 1 1 1 100 1 1 1 1 1 1 1 1 1 1 1 1 1 1 1 1 1 1 1 1 1 1 1 1 1 1 1 1 1 1 1 1 1 1 1 1 1 1 1 7 1 1 1 1 1 1 1 1 1 1 1 1 1 1 1 1 1 1 1 1 1 1 1 1 1 1 1 1 1 1 1 1 1 1 1 1 1 1 1 1 1 100 1 1 1 1 1 1 1 1 1 1 1 1 1 1 1 1 1 1 1 1 1 1 1 1 100 1 1 1 1 1 1 1 1 1 1 1 1 100 1 1 1 1 1 1 1 1 1 1 1 1 1 1 1 1 1 1 1 1 1 1 1 1 1 1 1 1 1 1 1 1 1 100 1 1 1 1 1 1 1 1 1 1 1 1 1 1 1 1 1 1 1 100 100 100 1 1 1 1 1 1 1 100 1 1 100 1 1 1 1 1 1 1 1 1 1 1 1 1 1 1 1 1 1 1 1 1 1 1 1 1 1 1 1 1 100 1 1 1 1 1 1 1 1 1 1 1 1 1 1 1 1 1 1 1 1 1 1 7 1 1 1 1 100 1 1 1 1 1 1 1 1 1 1 7 1 1 1 1 1 1 1 1 100 1 1 1 1 1 1 1 1 1 1 1 100 100 1 1 1 1 1 1 1 1 1 1 1 1 1 1 1 1 1 1 1 1 1 1 1 1 12 12 12 12 12 1 12 1 12 12 12 12 12 12 12 12 12 12 12 12 12 12 12 12 7 12 12 12 12 12 12 1 12 12 12 12 1 12 12 12 12 12 12 1 1 12 1 12 12 12 7 12 12 12 12 12 12 12 12 12 12 12 1 12 12 7 12 7 12 1 12 12 12 12 12 12 12 1 12 1 12 1 15 8 12 12 12 1 12 12 1 12 1 12 12 12 12 12 12 7 12 12 12 12 12 12 12 12 12 12 12 12 12 7 12 12 12 12 12 12 12 1 12 12 12 12 12 7 12 12 12 12 12 12 12 12 12 12 12 12 1 1 12 12 1 12 12 12 12 12 1 12 12 12 7 12 12 12 12 12 12 1 12 12 12 12 1 7 12 1 100 12 12 1 1 12 12 12 12 12 100 12 12 1 1 1 12 7 12 1 12 100 12 12 7 12 12 12 12 7 12 12 1 12 12 12 12 12 12 12 12 12 12 12 12 12 12 12 12 7 12 12 12 12 12 12 12 12 1 12 1 1 1 1 1 12 12 12 12 12 12 12 12 12 12 12 12 12 12 12 12 12 12 7 12 1 12 12 12 1 12 12 12 12 12 12 12 12 12 12 12 12 12 12 12 12 12 7 12 12 12 1 1 12 12 12 12 100 12 12 12 12 12 1 12 12 12 12 100 12 100 12 12 100 12 12 12 12 100 12 12 12 12 12 12 12 1 1 1 12 1 12 12 12 12 12 1 1 12 1 1 12 1 12 12 12 1 1 12 100 12 12 12 12 12 12 1 12 12 12 12 12 1 12 1 12 100 12 12 12 12 1 12 7 12 7 12 12 8 12 12 12 12 12 12 12 12 12 12 12 1 12 1 12 1 7 12 12 1 1 12 100 1 1 12 1 12 1 12 12 12 12 12 12 1 12 12 1 12 12 12 12 12 1 12 1 12 12 12 12 12 12 1 12 1 12 12 12 1 12 12 1 12 12 12 12 12 12 100 1 1 12 1 12 12 12 12 1 1 1 1 12 1 7 12 1 1 1 1 1 1 1 1 1 1 1 1 1 1 1 1 1 1 1 1 1 1 1 1 1 1 1 1 1 1 1 1 1 1 1 1 1 1 1 1 1 1 1 1 1 1 1 1 1 1 1 1 1 1 1 1 1 1 1 1 1 1 1 10 1 1 1 1 1 1 1 1 1 1 1 1 1 1 1 1 1 1 1 1 1 1 1 1 1 1 1 1 1 1 1 1 1 1 1 1 1 1 1 1 1 1 1 1 1 1 1 1 1 1 1 1 1 1 1 1 1 1 1 1 1 1 1 1 1 1 1 1 1 1 1 1 1 1 1 1 1 1 1 1 1 1 1 1 1 1 1 1 1 1 1 1 1 1 1 1 1 1 1 1 1 1 1 1 1 1 1 1 1 1 1 1 1 1 1 1 1 1 1 1 1 1 1 1 1 1 1 1 1 1 1 1 1 1 1 1 1 100 1 1 1 1 1 1 1 1 1 1 1 1 1 1 1 1 1 1 1 1 1 1 1 1 1 1 1 1 1 1 1 1 1 1 1 1 1 1 1 1 1 1 1 1 1 1 1 1 1 1 1 1 1 1 1 1 1 1 1 1 1 1 1 1 1 1 1 1 1 1 1 1 1 1 1 1 1 1 1 1 1 1 1 1 1 1 1 1 1 1 1 1 1 1 1 1 1 1 1 1 1 1 1 1 1 1 1 1 1 1 1 1 1 1 1 1 1 1 1 1 1 100 1 1 100 12 1 1 1 100 1 1 100 1 1
staticfield java/awt/Window allWindows Lsun/awt/util/IdentityArrayList; sun/awt/util/IdentityArrayList
staticfield java/awt/Window log Lsun/util/logging/PlatformLogger; sun/util/logging/PlatformLogger
staticfield java/awt/Window locationByPlatformProp Z 0
staticfield java/awt/Window beforeFirstWindowShown Ljava/util/concurrent/atomic/AtomicBoolean; java/util/concurrent/atomic/AtomicBoolean
instanceKlass javax/swing/event/MenuDragMouseEvent
instanceKlass java/awt/event/MouseWheelEvent
instanceKlass sun/awt/dnd/SunDropTargetEvent
ciInstanceKlass java/awt/event/MouseEvent 1 1 345 7 7 9 9 10 10 10 9 9 100 10 9 9 10 10 7 10 9 9 9 9 100 18 10 10 10 18 9 18 10 9 10 10 10 100 10 8 8 10 10 8 8 8 8 8 8 8 8 8 8 8 8 8 8 8 18 18 10 10 10 10 10 9 8 8 8 8 8 8 8 8 8 8 10 8 8 8 8 8 10 8 10 8 10 10 10 10 7 10 7 10 10 1 1 1 1 3 1 3 1 1 3 1 3 1 3 1 3 1 3 1 3 1 1 3 1 3 1 3 1 3 1 1 1 1 1 1 1 1 1 1 1 5 0 1 1 1 1 1 1 1 1 1 1 1 1 1 1 1 1 1 1 1 1 1 1 1 1 1 1 100 1 1 1 1 1 1 1 100 100 1 1 1 1 1 1 1 1 1 1 1 1 1 1 1 1 1 1 1 1 1 1 100 100 1 1 1 7 1 1 1 1 1 12 12 12 12 12 12 12 1 12 12 12 12 12 1 12 12 12 1 1 15 8 12 12 12 12 8 12 8 12 12 12 12 12 1 12 1 1 12 12 1 1 1 1 1 1 1 1 1 1 1 1 1 1 1 8 8 12 12 12 12 12 12 1 1 12 1 1 1 1 1 12 1 12 1 100 12 7 12 7 12 12 1 12 1 7 12 1 1 1 1 1 1 1 1 1 10 1 1 1 1 1 1 1 1 1 1 1 1 1 1 1 1 1 1 1 1 1 1 1 1 1 1 1 1 1 1 1 1 100 1 1 100 12 1 1 100 1 1 100 1 1
ciInstanceKlass java/awt/Toolkit$SelectiveAWTEventListener 1 1 137 9 9 9 100 9 10 7 9 100 5 0 100 5 0 100 5 0 100 5 0 100 5 0 5 0 5 0 100 5 0 100 5 0 100 5 0 100 5 0 100 5 0 100 5 0 100 5 0 100 5 0 100 5 0 5 0 5 0 100 5 0 7 11 7 7 7 1 1 1 1 1 1 1 1 1 1 1 1 1 1 1 1 1 1 1 1 1 1 1 1 1 1 1 1 1 1 1 1 1 1 1 1 1 1 1 1 12 12 12 1 12 12 1 12 1 1 1 1 1 1 1 1 1 1 1 1 1 1 1 1 12 1 1 1 1 1
ciInstanceKlass java/awt/Toolkit$ToolkitEventMulticaster 1 1 55 10 7 10 10 7 9 9 10 11 7 1 1 1 1 1 1 1 1 1 1 1 1 1 1 1 1 1 1 1 1 1 1 1 1 1 1 1 1 1 100 12 1 12 12 1 12 12 12 12 1 1 1 1 1
ciInstanceKlass java/awt/event/KeyEvent 1 1 1251 7 10 9 10 9 9 9 9 3 100 8 10 8 8 9 9 9 10 10 10 10 9 10 9 10 8 8 10 8 8 8 8 8 8 8 8 8 8 8 8 8 8 8 8 8 8 8 8 8 8 8 8 8 8 8 8 8 8 8 8 8 8 8 8 8 8 8 8 8 8 8 8 8 8 8 8 8 8 8 8 8 8 8 8 8 8 8 8 8 8 8 8 8 8 8 8 8 8 8 8 8 8 8 8 8 8 8 8 8 8 8 8 8 8 8 8 8 8 8 8 8 8 8 8 8 8 8 8 8 8 8 8 8 8 8 8 8 8 8 8 8 8 8 8 8 8 8 8 8 8 8 8 8 8 8 8 8 8 8 8 8 8 8 8 8 8 8 8 8 8 8 8 8 8 8 8 8 8 8 8 8 8 8 8 8 8 8 8 8 8 8 8 8 8 8 8 8 8 8 8 8 8 8 8 8 8 8 8 8 8 8 8 8 8 8 8 8 8 8 8 8 8 8 8 8 8 8 8 8 8 8 8 8 8 8 8 8 8 8 8 8 8 8 8 8 8 8 8 8 8 8 8 8 8 8 8 8 8 8 8 8 8 8 8 8 8 8 8 8 8 8 8 8 8 8 8 8 8 8 8 8 8 8 8 8 8 8 8 8 8 8 8 8 8 8 8 8 8 8 8 8 8 18 3 8 8 10 18 100 10 7 10 8 8 8 8 10 10 10 10 9 8 8 8 8 8 10 8 10 8 8 8 8 8 10 8 10 8 10 8 8 8 8 8 8 8 10 8 8 8 10 10 10 10 10 10 7 10 10 1 1 1 1 1 1 3 1 3 1 1 3 1 1 3 1 3 1 3 1 3 1 3 1 3 1 3 1 3 1 3 1 3 1 3 1 3 1 3 1 3 1 3 1 3 1 3 1 3 1 3 1 3 1 3 1 3 1 3 1 3 1 3 1 3 1 3 1 3 1 3 1 3 1 3 1 3 1 3 1 3 1 3 1 3 1 3 1 3 1 3 1 3 1 3 1 3 1 3 1 3 1 3 1 3 1 3 1 3 1 3 1 3 1 3 1 3 1 3 1 3 1 3 1 3 1 3 1 3 1 3 1 3 1 3 1 3 1 3 1 3 1 3 1 3 1 3 1 3 1 3 1 3 1 3 1 3 1 3 1 3 1 3 1 3 1 3 1 3 1 1 3 1 3 1 3 1 3 1 3 1 3 1 3 1 3 1 3 1 3 1 3 1 3 1 3 1 3 1 3 1 3 1 3 1 3 1 3 1 3 1 3 1 3 1 3 1 3 1 3 1 3 1 3 1 3 1 3 1 3 1 3 1 3 1 3 1 3 1 3 1 3 1 3 1 3 1 3 1 3 1 3 1 3 1 3 1 3 1 3 1 3 1 3 1 3 1 3 1 3 1 3 1 3 1 3 1 3 1 3 1 3 1 3 1 3 1 3 1 3 1 3 1 3 1 3 1 3 1 3 1 3 1 3 1 3 1 3 1 3 1 3 1 3 1 3 1 3 1 3 1 3 1 3 1 3 1 3 1 3 1 3 1 3 1 3 1 3 1 3 1 3 1 3 1 3 1 3 1 3 1 3 1 3 1 3 1 3 1 3 1 3 1 3 1 3 1 3 1 3 1 3 1 3 1 3 1 3 1 3 1 3 1 3 1 3 1 3 1 3 1 1 1 1 3 1 3 1 1 3 1 1 1 1 1 1 1 1 1 5 0 1 1 1 1 1 1 1 1 1 1 1 1 1 1 1 1 1 100 1 1 1 1 1 1 1 1 1 1 1 1 1 1 1 1 1 1 1 1 1 1 1 1 1 1 1 1 1 1 1 1 1 1 1 1 1 1 1 1 1 100 100 1 1 1 1 1 12 12 12 12 12 12 12 1 1 12 1 1 12 12 12 12 12 12 12 12 12 12 100 12 1 1 100 12 1 1 1 1 1 1 1 1 1 1 1 1 1 1 1 1 1 1 1 1 1 1 1 1 1 1 1 1 1 1 1 1 1 1 1 1 1 1 1 1 1 1 1 1 1 1 1 1 1 1 1 1 1 1 1 1 1 1 1 1 1 1 1 1 1 1 1 1 1 1 1 1 1 1 1 1 1 1 1 1 1 1 1 1 1 1 1 1 1 1 1 1 1 1 1 1 1 1 1 1 1 1 1 1 1 1 1 1 1 1 1 1 1 1 1 1 1 1 1 1 1 1 1 1 1 1 1 1 1 1 1 1 1 1 1 1 1 1 1 1 1 1 1 1 1 1 1 1 1 1 1 1 1 1 1 1 1 1 1 1 1 1 1 1 1 1 1 1 1 1 1 1 1 1 1 1 1 1 1 1 1 1 1 1 1 1 1 1 1 1 1 1 1 1 1 1 1 1 1 1 1 1 1 1 1 1 1 1 1 1 1 1 1 1 1 1 1 1 1 1 1 1 1 1 1 1 1 1 1 1 1 1 1 1 1 1 1 1 1 1 1 1 1 1 1 1 1 1 1 1 1 1 1 1 1 1 1 1 1 1 1 1 1 1 1 1 1 1 1 1 1 1 1 1 1 15 8 12 1 1 100 12 8 12 1 12 1 12 1 1 1 1 12 12 12 12 12 1 1 12 1 12 1 1 1 1 1 12 1 12 1 12 1 1 12 1 1 1 100 12 100 12 100 12 7 12 7 12 12 1 7 12 1 1 1 1 1 1 1 1 1 1 1 1 1 10 1 1 1 1 1 1 1 1 1 1 1 1 1 1 1 1 1 1 1 1 1 1 1 1 1 1 1 100 1 1 100 12 1 1 100 1 1 100 1 1
ciInstanceKlass javax/swing/JScrollPane$ScrollBar 1 1 113 9 10 8 9 10 9 10 10 10 7 10 10 11 10 9 10 10 11 100 10 9 9 7 7 100 1 1 1 1 1 1 1 1 1 1 1 1 1 1 1 1 1 1 1 1 1 1 1 1 1 1 1 1 1 7 1 1 1 1 1 1 7 12 12 1 7 12 12 12 12 12 12 1 12 12 12 12 12 12 12 12 1 12 7 12 12 1 1 1 1 1 1 1 1 1 1 1 1 1 1 1 1 1 1 1 1 1 1 1 1 1 1
instanceKlass sun/awt/PeerEvent
ciInstanceKlass java/awt/event/InvocationEvent 1 1 147 7 10 10 9 9 9 9 9 9 9 10 9 11 100 100 10 10 9 8 8 18 7 10 10 7 100 1 1 1 1 3 1 1 1 1 1 1 1 1 1 1 1 1 1 1 1 1 1 5 0 1 1 1 1 1 1 1 1 1 1 1 1 1 1 1 1 1 1 1 1 1 1 1 1 1 1 1 1 7 1 1 1 1 100 1 1 1 1 1 12 12 12 12 12 12 12 12 12 7 12 12 7 12 1 1 12 12 12 1 1 15 8 12 1 12 7 12 1 1 1 1 1 1 1 1 1 1 10 1 1 1 1 1 100 1 1 100 12 1 1 100 1 1 100 1 1
ciInstanceKlass java/awt/EventDispatchThread 1 1 298 10 9 7 10 9 100 8 10 10 10 7 10 10 10 10 7 10 10 7 10 10 10 10 11 10 10 9 9 10 18 10 10 7 10 10 7 10 10 10 18 10 11 9 9 10 10 10 10 10 18 10 100 100 100 10 9 18 10 10 11 9 8 10 7 1 1 1 1 1 1 1 1 1 1 1 3 1 1 1 1 1 1 1 1 1 1 1 1 1 1 1 1 1 1 1 1 1 1 1 1 1 1 1 1 1 1 1 1 1 1 1 1 1 1 1 1 1 1 1 100 1 1 1 1 7 1 1 1 1 1 1 1 1 1 1 1 1 1 1 1 7 7 1 1 1 1 1 1 1 1 1 1 12 12 1 12 1 1 12 12 12 1 12 12 12 12 1 12 12 1 12 12 12 12 7 12 12 12 12 7 12 7 12 1 15 8 12 12 12 1 12 12 1 12 12 12 8 12 12 12 12 7 12 12 12 12 12 8 12 12 1 1 1 12 12 8 12 12 12 100 12 12 1 12 1 1 1 1 1 1 1 1 1 1 1 1 1 1 1 1 1 1 1 1 1 10 1 1 1 1 1 1 1 1 1 1 1 1 1 1 1 1 1 1 1 1 1 1 1 1 1 1 1 1 1 1 1 1 1 1 1 1 1 1 1 1 1 1 100 12 1 100 1 1 100 1 1
staticfield java/awt/EventDispatchThread eventLog Lsun/util/logging/PlatformLogger; sun/util/logging/PlatformLogger
ciInstanceKlass java/awt/event/InputMethodEvent 0 0 233 100 10 100 8 10 8 9 9 11 11 8 9 9 9 10 10 9 9 8 8 8 8 100 8 10 11 10 11 8 10 100 3 10 18 8 10 18 8 18 18 10 10 8 10 10 10 11 100 1 1 1 5 0 1 1 3 1 1 3 1 1 1 1 1 1 1 1 1 1 1 1 1 1 1 1 1 1 1 1 100 100 100 1 1 1 1 1 1 1 1 1 1 1 1 1 1 1 1 1 1 1 1 1 1 1 1 1 1 1 100 1 1 1 1 1 100 100 1 1 1 1 1 1 1 1 1 1 12 1 1 12 1 12 12 12 12 1 12 12 12 12 12 12 12 1 1 1 1 12 12 12 1 12 1 12 1 15 8 12 1 8 12 1 8 8 12 100 12 100 12 1 100 12 12 100 12 100 12 1 1 1 1 1 1 1 1 1 1 1 1 1 1 1 1 1 1 1 1 10 1 1 1 1 1 1 1 1 1 1 1 1 1 1 1 1 1 1 1 1 1 1 1 1 100 12 1 100 1 1 100 1 1
ciInstanceKlass java/awt/event/ActionEvent 1 1 96 7 10 10 10 9 9 9 9 8 8 10 18 7 1 1 1 3 1 3 1 3 1 3 1 3 1 1 1 1 1 1 1 1 5 0 1 1 1 1 1 1 1 1 1 1 1 1 1 1 1 1 1 1 1 1 1 1 100 1 1 1 12 12 12 12 12 12 12 1 100 12 1 15 8 12 1 1 1 1 1 1 10 1 1 1 100 12 1 100 1 1 1 100 1 1
instanceKlass javax/swing/JEditorPane
instanceKlass javax/swing/JTextArea
instanceKlass javax/swing/JTextField
ciInstanceKlass javax/swing/text/JTextComponent 1 1 1562 10 9 9 100 5 0 10 7 10 9 10 10 10 10 10 10 9 7 10 10 10 10 9 7 10 10 10 100 10 11 9 7 10 9 100 11 9 7 10 10 9 9 9 11 11 8 10 10 10 10 11 10 10 10 10 10 9 8 9 9 11 11 11 11 8 9 11 11 8 9 8 10 10 9 10 100 10 10 9 10 100 18 10 100 10 9 100 10 100 100 100 10 10 10 11 11 7 10 11 9 10 100 10 10 10 10 10 10 11 11 11 10 10 8 7 10 7 10 10 10 10 7 10 10 10 7 10 10 10 10 7 10 9 10 10 7 10 10 7 8 10 7 10 11 100 10 7 8 11 7 8 10 9 10 9 11 9 8 9 8 9 8 9 8 10 10 10 10 11 10 11 10 100 10 10 11 10 10 10 10 10 10 8 10 10 8 10 8 10 10 10 7 10 10 10 11 10 9 100 10 10 11 18 10 9 8 10 8 10 7 8 10 10 100 10 10 10 10 10 9 10 9 10 8 10 10 10 10 10 10 100 10 10 10 10 10 9 9 18 10 7 10 9 10 9 10 10 10 10 10 10 10 10 100 10 10 100 10 100 10 100 10 11 100 8 10 10 10 10 100 100 10 100 10 100 10 100 100 100 10 10 10 10 8 10 8 100 100 10 100 10 8 8 7 8 100 9 8 9 8 100 9 8 9 8 9 8 9 8 100 9 8 9 8 9 8 8 10 10 10 18 10 7 10 10 10 10 10 10 10 10 7 10 10 10 10 10 11 11 10 11 100 10 10 11 7 10 10 10 10 11 11 10 10 11 11 100 3 10 9 100 10 10 10 10 10 11 11 10 9 10 10 10 10 10 9 10 11 10 11 10 9 10 10 7 10 10 7 9 9 10 8 10 8 100 100 100 1 100 1 1 1 1 1 1 1 1 1 1 100 1 1 1 1 1 1 1 1 1 1 1 1 1 1 1 1 1 1 1 1 1 1 1 1 1 1 1 1 1 1 1 1 1 1 1 1 1 1 1 1 1 1 1 1 1 1 1 1 1 1 1 1 1 1 1 1 1 1 1 1 1 1 1 1 1 1 1 1 1 1 1 1 1 1 1 1 1 1 1 1 1 3 1 1 1 1 1 1 1 1 1 1 1 1 1 1 1 100 1 3 1 1 1 1 1 1 1 1 1 1 1 1 1 1 1 1 1 1 1 1 1 1 1 1 1 1 1 7 1 1 1 1 1 1 7 1 1 1 1 1 1 1 1 1 1 1 1 1 1 1 1 1 1 1 1 1 1 1 1 1 100 1 100 1 1 1 1 1 1 1 1 1 1 1 1 1 1 1 1 1 1 1 1 1 1 1 1 1 7 7 1 1 1 1 1 1 1 1 1 1 1 1 1 1 1 1 1 7 1 1 1 1 1 1 1 1 1 1 1 1 1 100 100 1 1 1 1 1 1 1 1 1 1 1 1 1 1 1 1 1 1 1 1 1 1 1 1 1 1 1 1 1 1 1 1 1 1 1 1 1 1 1 1 1 1 1 1 1 1 1 1 1 1 1 1 1 1 1 1 1 1 1 1 1 1 1 1 1 1 7 1 1 1 1 100 1 1 1 1 1 1 1 1 1 1 1 1 1 1 1 1 1 1 1 1 1 1 1 1 1 1 1 1 1 1 1 1 1 1 1 1 1 1 1 1 1 1 1 1 1 1 7 1 1 1 1 1 1 1 1 1 1 1 1 1 1 1 1 1 1 1 1 1 1 1 1 1 1 1 1 1 1 1 1 1 1 1 100 100 100 100 100 100 100 100 1 1 1 1 1 1 1 1 1 100 1 1 1 1 100 1 1 1 1 1 1 1 1 1 1 1 1 1 1 1 1 1 1 1 1 1 1 1 1 1 1 1 1 1 1 1 1 1 1 100 100 1 1 1 1 1 1 1 1 1 1 1 1 1 1 1 1 1 100 1 1 1 1 1 1 1 1 1 1 1 1 1 1 1 1 100 100 100 100 100 100 100 100 12 12 12 1 12 1 12 12 12 12 12 12 12 12 12 1 12 7 12 12 12 12 1 7 12 12 12 1 12 12 12 1 12 12 1 12 12 1 12 7 12 7 12 12 12 12 12 1 12 12 12 12 12 12 12 12 12 12 12 12 12 12 12 12 12 12 12 12 12 12 100 12 1 12 12 12 1 1 15 8 12 12 1 12 12 1 12 1 1 12 12 12 12 12 1 12 12 12 12 1 12 12 12 12 12 12 12 12 12 1 12 1 12 12 12 12 1 12 12 1 12 12 12 12 1 12 12 12 1 12 1 1 12 100 1 1 12 1 1 1 12 1 1 12 12 12 12 12 12 12 12 7 12 12 12 12 12 12 12 1 12 100 12 12 12 12 12 12 12 12 7 12 12 12 12 12 12 1 7 12 12 12 12 12 12 1 12 12 8 12 100 12 12 1 12 12 1 1 12 12 1 12 12 12 12 12 12 12 12 12 12 12 12 12 1 100 12 12 12 12 12 100 12 12 8 7 12 1 12 7 12 12 12 12 12 12 12 12 12 1 12 1 12 1 12 1 12 12 1 1 12 12 12 12 1 1 12 1 12 1 12 1 1 1 12 100 12 100 12 12 1 1 12 1 12 1 1 12 12 1 12 12 12 12 1 12 12 12 1 1 12 12 8 12 12 1 12 12 12 12 12 12 12 1 12 12 12 12 12 12 12 12 1 12 12 12 1 12 12 12 12 12 12 12 1 100 12 1 12 12 12 12 100 12 12 12 12 12 12 12 12 12 12 12 12 12 12 12 12 12 100 1 7 12 1 7 12 12 12 1 1 1 1 1 1 1 1 1 1 1 1 1 1 1 1 1 1 1 1 1 1 1 1 1 1 1 1 1 1 1 1 1 1 1 1 1 1 1 1 1 1 1 1 1 1 1 1 1 1 1 1 1 1 1 1 1 1 1 1 1 1 1 1 1 1 1 1 1 1 1 1 1 1 1 1 1 1 1 1 1 1 1 1 1 1 1 1 1 1 1 1 1 1 1 1 1 1 1 1 10 1 1 1 1 1 1 1 1 1 1 1 1 1 1 1 1 1 1 1 1 1 1 1 1 1 1 1 1 1 1 1 1 1 1 1 1 1 1 1 1 1 1 1 1 1 1 1 1 1 1 1 1 1 1 1 1 1 1 1 1 1 1 1 1 1 1 1 1 1 1 1 1 1 1 1 1 1 1 1 1 1 1 1 1 1 1 1 1 1 1 1 1 1 1 1 1 1 1 1 1 1 1 1 1 1 1 1 1 1 1 1 1 1 1 1 1 1 1 1 1 1 1 1 1 1 1 1 1 1 1 1 1 1 1 1 1 1 1 1 1 1 1 1 1 1 1 1 1 1 1 1 1 1 1 1 1 1 1 1 1 1 1 1 1 1 1 1 1 1 1 1 1 1 1 1 1 1 1 1 1 1 1 1 1 1 1 1 1 1 1 1 1 1 1 100 1 1 1 1 1 1 1 1 100 12 1 1 100 1 1 100 1 1
staticfield javax/swing/text/JTextComponent KEYMAP_TABLE Ljava/lang/Object; java/lang/StringBuilder
staticfield javax/swing/text/JTextComponent FOCUSED_COMPONENT Ljava/lang/Object; java/lang/StringBuilder
instanceKlass widget/TextBox2
instanceKlass usu/widget/TextBox
instanceKlass javax/swing/JPasswordField
instanceKlass javax/swing/plaf/metal/MetalFileChooserUI$3
instanceKlass javax/swing/plaf/metal/MetalComboBoxEditor$1
instanceKlass javax/swing/plaf/basic/BasicComboBoxEditor$BorderlessTextField
ciInstanceKlass javax/swing/JTextField 1 1 507 10 10 100 9 100 8 10 7 10 9 7 10 11 9 10 10 10 7 8 8 9 11 10 10 7 8 10 10 10 7 10 9 10 10 10 10 10 10 9 9 9 10 9 7 10 10 10 10 10 100 10 10 7 10 7 10 9 10 10 10 11 9 10 10 9 11 10 10 10 10 11 8 10 10 10 10 7 8 8 8 11 100 10 100 10 10 9 10 10 11 11 9 9 11 10 10 10 10 10 9 10 8 8 8 8 8 8 10 18 9 7 10 7 10 7 1 1 1 1 1 1 1 1 1 1 1 1 8 1 1 1 1 1 1 1 1 1 1 1 1 1 1 1 1 1 1 1 1 1 1 1 1 1 7 1 1 1 1 1 3 1 1 1 3 1 1 1 1 1 1 1 1 1 1 1 1 1 1 1 1 1 1 1 1 1 1 1 1 1 1 1 1 1 1 1 1 100 1 1 1 1 1 1 1 1 1 1 1 1 1 1 1 1 1 1 1 1 100 100 1 1 1 1 1 1 1 1 1 1 1 1 1 1 1 1 1 1 1 1 1 1 1 1 1 1 1 1 1 1 1 1 1 1 1 1 1 1 7 1 1 1 1 1 1 1 1 100 1 1 1 1 1 1 1 1 1 1 1 1 1 1 1 12 12 1 12 1 1 12 1 12 1 12 7 12 12 12 12 12 1 1 1 7 12 12 7 12 1 12 12 12 1 12 12 12 100 12 12 12 12 12 12 12 12 12 1 7 12 12 12 12 12 1 12 7 12 1 12 1 12 12 12 12 12 12 100 12 12 12 12 12 12 12 12 12 12 100 12 12 12 1 1 1 1 12 1 12 1 12 12 12 7 12 12 12 12 7 12 12 100 12 12 100 12 12 12 100 12 1 1 1 1 1 1 12 1 15 8 12 12 1 1 1 1 1 1 1 1 1 1 1 1 1 1 1 1 1 1 1 1 1 1 1 1 1 1 1 1 1 1 1 1 1 1 1 1 1 1 1 1 1 1 1 1 1 1 1 1 1 1 1 1 1 1 1 1 1 1 1 1 1 1 1 1 1 1 1 1 1 1 1 1 1 1 1 1 1 1 1 1 1 1 1 1 1 1 1 1 1 1 1 10 1 1 1 1 1 100 12 1 100 1 1 100 1 1
staticfield javax/swing/JTextField defaultActions [Ljavax/swing/Action; 1 [Ljavax/swing/Action;
ciInstanceKlass java/awt/event/MouseWheelEvent 1 1 105 10 10 7 10 9 9 9 9 10 8 7 8 8 10 10 10 10 18 1 1 1 3 1 3 1 1 1 1 1 1 1 5 0 1 1 1 1 1 1 1 1 1 1 1 1 1 1 1 1 1 1 1 1 1 1 1 1 1 1 1 1 1 1 1 1 1 100 1 1 12 12 1 12 12 12 12 12 12 1 1 12 12 12 12 1 15 8 12 1 1 10 1 1 1 100 12 1 100 1 1 1 100 1 1
ciInstanceKlass java/awt/event/ItemEvent 1 1 85 7 10 9 9 9 100 9 8 8 8 8 18 7 1 1 1 3 1 1 1 3 1 3 1 1 1 1 1 5 0 1 1 1 1 1 1 1 1 1 1 1 1 1 1 1 1 1 1 1 1 1 1 100 1 1 1 12 12 12 12 1 12 1 1 15 8 12 1 1 1 10 1 1 1 100 12 1 100 1 1 1 100 1 1
instanceKlass sun/awt/event/IgnorePaintEvent
ciInstanceKlass java/awt/event/PaintEvent 1 1 79 7 10 9 9 8 8 8 10 8 18 7 1 1 1 3 1 3 1 1 1 1 1 1 5 0 1 1 1 1 1 1 1 1 1 1 1 1 1 1 1 1 1 1 1 100 1 1 1 12 12 12 1 100 12 1 1 15 8 12 1 1 1 1 1 10 1 1 1 100 12 1 100 1 1 1 100 1 1
ciInstanceKlass sun/awt/dnd/SunDropTargetEvent 0 0 108 100 10 10 9 10 10 10 10 10 10 9 8 10 10 10 18 100 1 1 1 3 1 100 1 1 1 1 1 1 1 1 1 1 1 1 1 1 1 1 1 1 1 100 1 1 1 1 1 1 1 1 1 1 100 1 1 1 100 12 12 12 12 12 12 12 12 12 12 12 12 12 1 15 8 12 1 100 1 1 1 1 1 1 1 1 1 1 1 1 1 1 1 1 10 1 1 1 1 100 12 1 100 1 1 100 1 1
ciInstanceKlass java/awt/event/FocusEvent 1 1 168 7 9 10 10 100 8 10 9 9 9 10 10 10 10 9 8 8 8 8 8 10 10 18 100 10 10 10 10 9 10 11 11 7 100 1 1 1 1 1 3 1 3 1 1 1 1 1 1 1 1 1 1 5 0 1 1 1 1 1 1 1 1 1 1 1 100 1 1 1 1 1 1 1 1 1 1 100 1 1 1 1 1 1 100 1 1 1 100 1 1 1 1 12 12 12 1 1 12 12 12 12 12 12 7 12 7 12 12 1 1 1 12 12 1 15 8 12 1 12 12 12 12 12 100 12 12 12 1 1 1 1 1 1 1 1 1 1 1 1 1 1 10 1 1 1 1 1 1 1 1 1 1 1 1 1 1 1 1 100 12 1 100 1 1 100 1 1
instanceKlass javax/swing/Popup$DefaultFrame
instanceKlass sun/awt/LightweightFrame
instanceKlass sun/awt/EmbeddedFrame
instanceKlass javax/swing/SwingUtilities$SharedOwnerFrame
instanceKlass javax/swing/JFrame
ciInstanceKlass java/awt/Frame 1 1 529 100 7 8 10 10 10 8 9 9 9 9 9 9 10 10 10 9 18 10 9 10 11 7 9 10 11 9 11 10 11 8 10 9 11 11 100 10 9 11 10 10 11 8 10 10 10 10 10 11 10 10 10 100 8 10 10 8 10 8 10 10 8 10 8 10 10 10 10 9 10 10 10 10 10 10 10 10 18 18 18 18 18 18 18 100 8 10 10 10 10 10 10 10 100 10 10 10 100 10 11 100 9 9 10 10 7 10 9 100 10 10 10 10 7 10 10 100 1 1 1 1 1 3 1 1 1 1 3 1 3 1 3 1 3 1 3 1 3 1 3 1 3 1 3 1 3 1 3 1 3 1 3 1 1 1 1 1 1 1 1 1 1 1 1 1 1 1 1 1 1 1 1 1 8 1 1 1 5 0 1 1 1 1 1 1 1 1 1 100 1 1 1 1 1 1 1 1 1 100 100 1 1 1 100 1 1 1 1 100 1 1 1 1 1 1 100 1 1 1 1 1 1 1 1 1 1 1 1 1 1 1 1 1 1 1 1 1 1 1 1 1 1 1 100 1 1 1 1 1 1 1 1 1 1 1 1 1 1 1 1 1 1 1 1 1 1 1 1 1 1 1 1 1 1 1 1 1 1 1 1 1 1 1 1 1 100 100 1 1 1 1 1 100 1 1 1 1 1 1 100 1 1 1 1 1 1 1 1 1 1 12 12 12 1 12 12 12 12 12 12 12 12 7 12 12 1 15 8 12 12 12 12 7 12 1 12 12 12 12 12 12 12 12 12 12 1 12 12 12 12 12 12 12 12 12 12 12 12 7 12 1 1 12 1 12 1 12 7 12 1 12 1 12 12 12 100 12 12 12 100 12 12 12 8 12 8 12 8 8 8 8 8 1 1 12 12 12 12 12 100 12 1 12 100 12 12 1 12 1 12 12 100 12 1 12 12 1 12 12 7 12 12 1 7 12 1 1 1 1 1 1 1 1 1 1 1 1 1 1 10 1 1 1 1 1 1 1 1 1 1 1 1 1 1 1 1 1 1 1 1 1 1 1 1 1 1 1 1 1 1 1 1 1 1 1 1 1 1 1 1 1 1 1 1 1 1 1 1 1 1 1 1 1 1 1 1 1 1 1 1 1 1 1 1 1 1 1 1 1 1 1 1 1 1 1 100 1 1 100 12 1 1 100 1 1 100 1 1
instanceKlass usu/widget/glass/PasswordBox
ciInstanceKlass javax/swing/JPasswordField 1 1 244 10 10 9 10 7 8 9 10 10 10 8 10 9 10 10 10 10 10 10 10 100 10 11 11 100 9 9 9 10 10 10 10 10 10 9 10 10 18 8 7 10 10 9 100 10 7 1 1 1 1 1 1 1 1 1 1 1 1 1 1 1 1 1 1 1 1 1 1 1 1 1 1 1 1 1 1 1 3 1 1 1 1 1 1 1 1 3 1 1 1 1 1 1 1 1 1 1 1 1 1 1 1 1 1 1 1 1 100 1 1 1 1 1 1 100 1 1 1 1 1 1 1 1 1 1 1 1 1 1 12 12 12 1 1 12 12 12 12 1 12 100 12 100 12 100 12 12 12 12 12 12 1 12 12 12 1 12 12 12 100 12 100 12 12 100 12 100 12 12 12 100 12 12 1 15 8 12 1 12 12 12 1 12 1 1 1 1 1 1 1 1 1 1 1 1 1 1 1 1 1 1 1 1 1 1 1 1 1 1 1 1 1 1 1 1 1 1 1 1 1 1 1 1 1 1 1 10 1 1 1 1 1 1 1 100 12 1 100 1 1 100 1 1
ciInstanceKlass widget/ButtonBig 1 1 41 10 7 12 1 1 1 7 1 10 12 1 10 7 12 1 1 1 7 1 8 1 10 12 1 10 12 1 1 1 1 1 5 0 1 1 1 1 1 1 1
ciInstanceKlass usu/widget/glass/PanelGlass 1 1 141 10 10 10 10 4 10 9 10 9 10 9 9 10 7 9 9 10 9 10 10 10 10 10 10 10 10 10 10 10 7 7 1 1 1 5 0 1 1 1 1 1 1 1 1 1 1 1 1 1 1 1 1 1 1 1 1 1 1 1 1 1 1 1 1 1 1 1 1 100 1 1 12 12 12 12 12 7 12 12 12 12 12 12 7 12 1 7 12 12 12 7 12 12 12 12 12 12 12 12 12 12 12 12 1 1 1 1 1 1 1 1 1 1 1 1 100 1 1 1 1 1 1 1 1 1 1 1 1 1 1 1 1 1 1 1 1 1 1 1 1
ciInstanceKlass widget/Button 1 1 61 10 7 12 1 1 1 7 1 8 1 10 12 1 10 7 12 1 1 1 7 1 10 12 1 10 12 1 1 10 12 1 7 1 10 12 1 10 12 1 1 10 12 1 1 10 12 1 1 1 1 1 5 0 1 1 1 1 1 1 1
ciInstanceKlass widget/InternalFrame 1 1 215 10 7 12 1 1 1 10 7 12 1 1 7 1 10 12 1 9 12 1 1 9 12 1 10 7 12 1 1 1 10 12 1 1 10 12 1 100 1 10 12 1 10 12 1 1 10 12 1 1 10 12 1 1 10 7 12 1 1 1 7 1 9 7 12 1 1 1 9 12 1 1 10 12 1 1 10 12 1 9 12 1 1 10 12 1 1 10 12 1 10 12 1 1 4 10 12 1 10 12 1 7 1 10 12 1 7 1 10 10 12 1 1 10 12 1 10 12 1 1 10 12 1 10 12 1 1 10 12 1 1 10 12 1 10 7 1 10 10 10 12 1 1 7 1 6 0 10 12 1 10 12 1 10 12 1 10 12 1 1 1 1 1 5 0 1 1 1 1 1 1 1 1 1 1 1 1 1 1 1 1 1 1 1 1 1 1 1 1 1 1 1 1 1 1 1 100 1 100 1 1 1 1 1 1 1 1 100 1 100 1 1 100 1 1
instanceKlass usu/widget/glass/TextBoxGlass
ciInstanceKlass usu/widget/TextBox 1 1 213 10 7 10 10 10 10 7 10 10 9 10 7 8 10 8 10 10 10 9 10 10 11 11 11 100 10 10 10 10 10 10 10 100 7 10 10 9 10 8 10 9 100 10 100 11 11 11 11 11 11 10 7 1 1 1 5 0 1 1 1 1 1 1 1 1 1 1 1 1 1 1 1 1 1 1 1 1 1 1 1 1 1 1 100 100 1 1 1 1 1 1 1 1 1 1 1 1 1 1 1 1 1 1 1 1 1 1 1 1 1 1 12 1 12 12 12 1 1 1 12 12 12 12 1 1 12 12 12 12 12 12 12 100 12 12 100 12 1 12 12 12 12 100 12 12 12 1 1 100 12 100 12 100 12 12 12 12 1 100 12 12 12 12 12 12 12 12 1 1 1 1 1 1 1 1 1 1 1 1 1 1 1 1 1 1 1 1 1 1 1 1 1 1 1 1 1 1 1 1 1 1 1 1 1 1 1 1 1 1 1 1 1
instanceKlass widget/TextBox
ciInstanceKlass usu/widget/glass/TextBoxGlass 1 1 131 10 10 7 10 10 10 7 10 10 10 10 10 7 9 9 10 7 10 4 7 10 10 10 10 10 9 10 10 10 7 7 1 1 1 5 0 1 1 1 1 1 1 1 1 1 1 1 1 1 1 1 1 1 1 1 1 1 12 12 1 12 12 12 1 1 1 12 12 12 12 7 12 1 7 12 12 12 1 12 1 12 12 12 12 12 12 12 12 12 1 1 1 1 1 1 1 1 1 1 1 1 1 1 1 1 1 1 1 100 1 1 1 1 1 1 1 1 1 1 1 1 1 1 1 1 1 1 1 1 1
ciInstanceKlass widget/TextBox 1 1 57 10 7 12 1 1 1 7 1 8 1 10 12 1 10 7 12 1 1 1 7 1 10 12 1 10 12 1 1 10 12 1 10 12 1 10 12 1 100 1 10 12 1 1 100 1 10 12 1 1 1 1 1 1 1 1 1
ciInstanceKlass widget/ScrollPane 1 1 44 10 7 12 1 1 1 7 1 10 10 7 12 1 1 1 10 12 1 1 7 1 7 1 10 12 1 10 12 1 10 12 1 1 10 12 1 1 1 1 1 1 1 1
instanceKlass sun/awt/windows/WPrintDialog
instanceKlass javax/swing/JDialog
ciInstanceKlass java/awt/Dialog 1 1 895 8 10 9 9 10 10 10 10 9 9 9 7 10 9 9 9 7 7 100 8 10 9 10 10 10 8 9 18 10 9 9 10 9 10 11 10 10 9 9 10 10 10 7 11 8 10 10 10 10 9 10 10 10 9 10 10 10 10 10 10 10 10 10 10 10 10 11 9 10 9 10 10 100 10 7 9 10 10 100 5 0 100 5 0 10 10 9 9 7 10 10 9 100 10 10 100 8 10 9 10 10 7 10 10 10 9 9 10 11 11 11 7 9 10 7 100 18 10 10 10 10 10 18 10 18 10 9 11 10 10 10 7 10 10 10 10 10 11 10 10 10 10 10 10 10 11 10 10 100 8 10 10 8 10 8 10 10 8 10 8 10 10 10 10 18 18 10 10 10 10 10 10 10 10 10 10 10 10 7 10 10 10 11 10 10 10 10 10 9 10 10 9 10 9 10 10 10 9 9 9 10 10 11 11 11 10 10 10 9 10 10 10 8 10 7 100 8 10 10 8 8 100 9 100 10 10 10 10 9 7 1 1 7 1 1 1 1 1 1 1 1 1 1 1 1 1 1 1 1 1 1 1 1 1 1 1 1 1 1 8 1 1 1 1 5 0 1 1 1 1 1 1 1 1 1 1 1 1 1 1 1 1 100 1 1 1 1 1 1 1 1 1 1 1 1 100 100 1 1 1 1 1 1 1 1 1 1 1 1 1 1 1 1 1 1 1 1 1 1 1 1 1 1 1 1 1 7 1 1 1 1 1 1 1 1 1 1 1 1 1 1 1 7 1 1 1 1 1 1 1 1 7 1 1 1 1 1 1 1 1 1 1 1 1 1 1 1 1 1 1 1 1 1 1 1 1 1 1 1 1 1 1 1 1 1 1 1 1 1 1 1 1 1 1 1 100 7 1 1 1 1 1 1 1 1 1 1 1 1 1 1 1 1 1 1 1 1 1 1 1 1 1 1 1 100 1 1 1 100 1 100 100 100 1 1 1 1 1 1 1 1 1 12 12 12 12 12 12 12 12 12 12 1 12 12 12 12 1 1 1 1 12 12 12 12 12 1 12 1 15 8 12 12 12 7 12 12 12 7 12 12 12 12 12 12 12 1 12 12 12 12 12 12 12 12 12 12 12 12 12 12 12 12 12 7 12 12 12 12 7 12 12 12 12 7 12 12 1 12 1 12 12 12 1 1 12 12 12 12 1 12 12 12 1 12 1 1 12 12 12 1 12 7 12 12 12 12 100 12 12 12 1 12 12 1 1 15 16 15 12 12 12 100 12 12 7 12 16 15 16 12 7 12 16 15 12 12 12 7 12 12 12 12 1 12 12 12 12 12 12 12 12 12 12 12 12 12 12 12 1 1 12 1 12 1 12 7 12 1 12 1 12 12 12 12 8 12 8 12 12 12 12 12 12 12 12 12 12 12 12 1 12 12 12 12 12 12 12 12 12 12 12 12 12 12 12 12 12 12 100 12 100 12 100 12 7 12 12 12 1 1 12 12 1 12 1 12 12 12 12 12 1 1 1 1 1 1 1 1 1 1 1 1 1 1 1 1 1 1 1 10 1 1 1 1 1 1 1 1 1 1 1 1 1 1 1 1 1 1 1 1 1 1 1 1 1 1 1 1 1 1 1 1 1 1 1 1 1 1 1 1 1 1 1 1 1 1 1 1 1 1 1 1 1 1 1 1 1 1 1 1 1 1 1 1 1 1 1 1 1 1 1 1 1 1 1 1 1 1 1 1 1 1 1 1 1 1 10 10 1 1 1 1 1 1 1 1 1 1 10 1 1 1 1 10 1 1 1 1 1 1 1 1 1 1 1 1 1 1 1 1 1 1 1 1 1 1 1 1 1 1 1 1 1 1 1 1 1 1 1 1 1 1 1 1 1 1 1 1 1 1 1 1 1 1 1 1 1 1 1 1 1 1 1 1 1 1 1 1 1 1 1 1 1 1 1 1 1 1 1 1 1 1 1 1 1 100 12 7 12 12 12 12 1 100 1 1 1 1 1 1 100 1 1
staticfield java/awt/Dialog DEFAULT_MODALITY_TYPE Ljava/awt/Dialog$ModalityType; java/awt/Dialog$ModalityType
instanceKlass sun/awt/TimedWindowEvent
ciInstanceKlass java/awt/event/WindowEvent 1 1 127 7 10 9 9 9 10 9 7 10 10 9 8 8 8 8 8 8 8 8 8 8 8 10 18 7 1 1 1 3 1 1 3 1 3 1 3 1 3 1 3 1 3 1 3 1 3 1 3 1 1 1 1 1 1 1 5 0 1 1 1 1 1 1 1 1 1 1 1 1 1 1 1 1 1 1 1 1 1 1 1 100 1 1 1 12 12 12 12 12 12 1 7 12 7 12 12 1 12 1 15 8 12 1 1 1 1 1 1 1 1 1 1 10 1 1 1 100 12 1 100 1 1 1 100 1 1
ciInstanceKlass java/lang/AssertionError 0 0 79 10 10 10 10 100 10 10 10 10 10 10 10 10 100 100 1 1 1 5 0 1 1 1 1 1 1 1 1 1 1 1 1 1 100 1 1 1 1 1 1 1 1 1 1 1 1 1 1 1 1 1 12 12 100 12 1 12 12 12 12 12 12 12 12 1 1 1 1 1 1 1 1 1 1 1 1 1 1
ciInstanceKlass widget/Table 1 1 76 10 7 12 1 1 1 7 1 10 12 1 10 7 12 1 1 1 10 12 1 10 12 1 7 1 8 1 10 12 1 10 12 1 1 10 12 1 1 10 12 1 10 12 1 10 12 1 1 10 7 1 10 10 7 12 1 1 1 10 12 1 1 10 1 1 1 5 0 1 1 1 1 1 1 1
ciInstanceKlass java/awt/peer/LightweightPeer 1 0 9 100 100 100 1 1 1 1 1
ciInstanceKlass sun/awt/windows/WDialogPeer 1 1 203 10 10 10 10 10 10 9 7 10 9 10 10 10 10 10 10 10 9 10 10 10 10 11 11 11 7 10 11 7 10 10 10 100 10 10 10 10 10 100 10 9 7 100 1 1 1 1 1 1 1 1 1 1 1 1 1 1 1 1 7 100 1 1 1 1 1 1 1 1 1 1 1 1 1 1 1 1 1 1 1 1 1 1 7 1 1 1 1 1 1 1 1 1 1 1 1 1 1 1 1 1 1 1 12 12 12 12 12 12 12 1 12 12 12 12 12 12 12 12 12 7 12 12 12 12 12 7 12 12 12 1 7 12 7 12 1 12 12 12 1 12 12 12 12 12 1 12 7 12 1 1 1 1 1 1 1 1 1 1 1 1 1 1 1 1 1 1 1 1 1 1 1 1 1 1 1 1 1 1 1 1 1 1 1 1 1 1 1 1 1 1 1 1 1 1 1 1 1 1 1 1 1
staticfield sun/awt/windows/WDialogPeer defaultBackground Ljava/awt/Color; java/awt/SystemColor
ciInstanceKlass sun/awt/event/IgnorePaintEvent 1 1 22 10 100 7 1 1 1 1 1 1 1 1 1 1 1 1 1 1 1 12 1 1
ciInstanceKlass sun/awt/NullComponentPeer 1 1 214 10 7 10 10 10 100 10 10 7 10 100 8 10 100 10 100 10 100 10 7 7 100 100 100 1 1 1 1 1 1 1 1 1 1 1 1 1 1 1 1 1 1 1 1 1 1 1 1 1 1 1 1 1 1 1 1 1 1 1 1 1 1 1 1 1 1 1 1 1 1 1 1 1 1 1 1 1 1 1 1 1 1 1 1 1 1 1 1 1 1 1 1 1 1 1 1 1 1 1 1 1 100 1 1 1 1 1 1 1 1 1 1 1 1 1 1 1 1 1 1 1 1 1 1 1 1 1 1 1 1 1 1 1 1 1 1 1 1 1 1 1 1 1 1 1 1 1 1 1 1 1 100 1 1 1 1 1 1 1 1 1 1 1 1 1 1 1 1 1 1 1 1 1 1 1 1 1 1 1 1 1 1 1 1 1 12 1 12 12 12 1 12 1 12 1 1 12 1 1 1 1 1 1 1 1 100 1 100 1 1 1 1 1
instanceKlass sun/awt/im/InputContext
ciInstanceKlass java/awt/im/InputContext 1 1 58 10 7 10 100 7 1 1 1 1 1 1 1 1 1 1 1 1 1 1 1 1 100 1 1 1 1 1 1 1 1 1 1 1 1 1 1 1 1 1 1 1 1 1 1 1 1 1 1 1 1 12 1 1 1 100 1 1
ciInstanceKlass java/awt/im/InputMethodRequests 1 0 25 100 100 1 1 1 1 1 1 1 100 1 1 1 1 1 1 1 1 1 1 1 100 1 1
instanceKlass sun/awt/im/InputMethodContext
ciInstanceKlass sun/awt/im/InputContext 1 1 710 10 9 9 9 9 10 7 9 10 10 10 10 100 10 9 11 9 10 10 10 10 10 11 10 100 10 11 100 10 11 7 7 10 10 7 10 10 10 7 10 10 10 7 10 10 7 11 10 8 10 10 10 10 9 9 10 10 10 9 7 10 7 10 10 10 10 10 9 10 11 9 10 9 9 10 18 10 10 11 9 10 100 10 10 10 9 10 10 10 10 7 10 9 10 10 11 9 11 9 100 10 10 10 10 10 11 11 10 10 100 10 10 100 8 10 11 10 10 11 11 11 7 11 8 10 10 10 10 10 11 8 10 10 18 10 10 11 11 100 10 100 8 10 9 8 8 10 7 10 10 100 10 10 10 11 10 100 10 11 10 10 10 10 10 10 10 10 10 100 10 10 8 10 10 8 10 8 10 100 8 7 100 100 1 1 1 1 1 1 1 1 1 1 1 1 1 1 1 1 1 1 1 1 1 1 1 1 1 1 1 1 1 1 1 1 1 1 1 1 1 1 1 1 1 1 1 1 1 1 1 1 7 100 1 1 1 1 1 7 1 1 1 1 1 1 1 1 1 1 1 1 1 1 1 1 1 1 1 1 100 1 1 1 1 1 1 1 1 1 1 1 1 1 1 1 1 1 1 1 1 1 1 1 100 1 1 1 1 1 1 1 1 100 1 1 1 1 1 1 1 1 1 7 1 1 1 1 1 1 1 1 1 1 1 1 1 1 1 1 1 1 1 7 1 1 1 1 1 1 1 1 1 1 100 1 1 1 1 1 1 1 1 1 1 1 1 1 1 1 1 1 1 1 1 1 1 1 1 1 1 1 1 1 1 1 12 12 12 12 12 12 1 12 12 12 12 12 1 12 12 12 12 12 12 12 12 12 100 1 100 12 12 1 12 1 1 12 12 1 12 7 12 12 1 12 12 12 1 12 12 1 12 12 1 12 7 12 12 12 12 12 12 12 12 12 1 12 1 12 12 12 12 12 12 12 12 12 12 12 7 12 12 1 15 8 12 12 12 12 12 12 1 12 12 12 12 12 12 12 12 1 12 12 100 12 12 12 12 12 1 12 12 12 12 12 12 12 100 12 12 1 12 12 1 1 12 12 12 12 100 12 12 12 1 12 1 12 12 100 12 7 12 1 12 8 12 12 12 12 12 1 12 1 1 12 12 1 1 100 12 1 12 12 1 12 12 12 1 12 12 12 12 12 12 12 12 100 12 100 12 1 100 12 1 100 12 12 12 12 1 1 1 1 1 1 1 1 1 1 1 1 1 1 1 1 1 1 1 1 1 1 1 1 1 1 1 1 1 1 1 1 1 1 1 1 1 1 1 1 1 1 1 1 1 1 1 1 1 1 1 1 1 1 1 1 1 1 1 1 10 1 1 1 1 1 1 1 1 1 1 1 1 1 1 1 1 1 1 1 1 1 1 1 1 1 1 1 1 1 1 1 1 1 1 1 1 1 1 1 1 1 1 1 1 1 1 1 1 1 1 1 1 1 1 1 1 1 1 1 1 1 1 1 1 1 1 1 1 1 1 1 1 1 1 1 1 1 1 1 1 1 1 1 1 1 1 1 1 1 1 100 12 1 100 1 1 100 1 1
staticfield sun/awt/im/InputContext log Lsun/util/logging/PlatformLogger; sun/util/logging/PlatformLogger
ciInstanceKlass sun/awt/im/InputMethodContext 1 1 307 10 7 10 9 9 9 10 10 7 10 10 10 10 10 10 11 11 10 9 100 10 10 11 100 3 100 10 11 10 7 10 9 7 10 10 10 10 10 10 10 10 11 11 11 11 11 11 11 10 100 10 100 10 100 10 10 100 11 100 8 10 10 10 7 8 10 10 7 10 8 10 7 7 100 1 1 1 1 1 1 1 1 1 1 1 1 1 1 1 1 1 1 1 1 1 1 1 1 1 1 1 1 1 1 1 1 1 1 1 1 1 1 1 1 1 1 1 1 1 1 1 1 1 1 7 100 1 1 1 1 1 1 1 1 1 1 1 1 1 1 1 1 1 1 1 1 1 1 100 1 1 1 1 1 1 1 1 1 1 1 1 1 1 1 1 1 1 1 1 1 1 1 1 1 1 1 1 1 1 1 1 1 1 1 1 12 1 12 12 12 12 12 1 12 12 12 12 12 12 100 12 12 100 12 12 1 12 12 12 1 1 12 12 100 12 1 12 1 12 12 12 12 12 12 12 12 12 12 12 12 12 12 12 12 1 100 12 1 1 12 7 12 1 12 1 1 12 12 12 1 1 12 7 12 1 12 1 12 1 1 1 1 1 1 1 1 1 1 1 1 1 1 1 1 1 1 1 1 1 1 1 1 1 1 1 1 1 1 1 1 1 1 1 1 1 1 1 1 1 1 1 1 1 1 1 1
ciInstanceKlass java/awt/im/spi/InputMethod 1 0 39 100 100 1 1 1 1 1 1 1 100 1 1 1 1 1 1 1 1 1 1 1 1 1 1 1 1 1 1 1 1 1 1 1 1 1 100 1 1
instanceKlass sun/awt/windows/WInputMethod
ciInstanceKlass sun/awt/im/InputMethodAdapter 1 1 51 10 9 10 100 10 7 7 100 1 1 1 1 1 1 1 1 1 1 1 1 1 1 1 1 1 1 1 1 1 1 1 1 1 1 1 1 1 1 1 12 12 7 12 1 1 1 1 1 1 1
ciInstanceKlass java/awt/event/AdjustmentEvent 1 1 101 7 10 10 9 9 9 9 9 8 8 8 8 8 8 8 18 7 1 1 1 3 1 1 1 3 1 3 1 3 1 3 1 3 1 1 1 1 1 1 1 1 5 0 1 1 1 1 1 1 1 1 1 1 1 1 1 1 1 1 1 1 1 1 1 1 1 1 100 1 1 1 12 12 12 12 12 12 12 1 1 15 8 12 1 1 1 10 1 1 1 100 12 1 100 1 1 1 100 1 1
ciInstanceKlass java/awt/event/FocusEvent$Cause 1 1 89 9 10 7 7 10 10 8 10 9 8 9 8 9 8 9 8 9 8 9 8 9 8 9 8 9 8 9 8 9 7 1 1 1 1 1 1 1 1 1 1 1 1 1 1 1 1 1 1 1 1 1 1 1 1 1 1 1 1 1 1 1 1 1 1 1 100 12 7 12 1 12 12 12 12 12 12 12 12 12 12 12 12 12 1 1 1 1 1
staticfield java/awt/event/FocusEvent$Cause UNKNOWN Ljava/awt/event/FocusEvent$Cause; java/awt/event/FocusEvent$Cause
staticfield java/awt/event/FocusEvent$Cause MOUSE_EVENT Ljava/awt/event/FocusEvent$Cause; java/awt/event/FocusEvent$Cause
staticfield java/awt/event/FocusEvent$Cause TRAVERSAL Ljava/awt/event/FocusEvent$Cause; java/awt/event/FocusEvent$Cause
staticfield java/awt/event/FocusEvent$Cause TRAVERSAL_UP Ljava/awt/event/FocusEvent$Cause; java/awt/event/FocusEvent$Cause
staticfield java/awt/event/FocusEvent$Cause TRAVERSAL_DOWN Ljava/awt/event/FocusEvent$Cause; java/awt/event/FocusEvent$Cause
staticfield java/awt/event/FocusEvent$Cause TRAVERSAL_FORWARD Ljava/awt/event/FocusEvent$Cause; java/awt/event/FocusEvent$Cause
staticfield java/awt/event/FocusEvent$Cause TRAVERSAL_BACKWARD Ljava/awt/event/FocusEvent$Cause; java/awt/event/FocusEvent$Cause
staticfield java/awt/event/FocusEvent$Cause ROLLBACK Ljava/awt/event/FocusEvent$Cause; java/awt/event/FocusEvent$Cause
staticfield java/awt/event/FocusEvent$Cause UNEXPECTED Ljava/awt/event/FocusEvent$Cause; java/awt/event/FocusEvent$Cause
staticfield java/awt/event/FocusEvent$Cause ACTIVATION Ljava/awt/event/FocusEvent$Cause; java/awt/event/FocusEvent$Cause
staticfield java/awt/event/FocusEvent$Cause CLEAR_GLOBAL_FOCUS_OWNER Ljava/awt/event/FocusEvent$Cause; java/awt/event/FocusEvent$Cause
staticfield java/awt/event/FocusEvent$Cause $VALUES [Ljava/awt/event/FocusEvent$Cause; 11 [Ljava/awt/event/FocusEvent$Cause;
ciInstanceKlass inventory/DlgCariObat2 1 1 2625 9 7 12 1 1 1 9 12 1 9 12 1 9 12 1 1 10 12 1 1 10 12 1 1 10 12 1 1 10 12 1 10 12 1 10 12 1 10 12 1 10 12 1 10 12 1 1 10 12 1 10 12 1 1 10 12 1 10 12 1 10 12 1 10 12 1 10 12 1 10 12 1 10 12 1 10 12 1 10 12 1 10 12 1 10 12 1 10 12 1 10 12 1 10 12 1 10 12 1 10 12 1 10 12 1 10 12 1 10 12 1 1 10 12 1 10 12 1 10 12 1 10 12 1 10 12 1 9 12 1 1 9 12 1 1 9 12 1 9 12 1 1 9 12 1 1 9 12 1 9 12 1 1 10 12 1 9 12 1 10 7 12 1 1 1 7 1 10 12 1 9 12 1 1 7 1 10 9 12 1 1 10 7 12 1 1 1 9 12 1 1 7 1 10 9 12 1 1 7 1 10 9 12 1 1 9 12 1 1 9 12 1 9 12 1 9 12 1 9 12 1 8 1 10 12 1 1 9 12 1 8 1 9 12 1 9 12 1 1 9 12 1 9 12 1 9 12 1 8 1 9 12 1 1 9 12 1 8 1 9 12 1 9 12 1 9 12 1 9 12 1 9 12 1 9 12 1 9 12 1 9 12 1 8 1 9 12 1 9 12 1 9 12 1 9 12 1 9 12 1 9 12 1 9 12 1 9 12 1 8 1 10 12 1 1 9 12 1 9 12 1 9 12 1 9 12 1 7 1 10 9 12 1 1 7 1 10 7 1 10 9 12 1 1 7 1 10 9 12 1 9 12 1 7 1 10 9 12 1 1 7 1 10 9 12 1 1 9 12 1 1 10 12 1 10 12 1 1 10 12 1 7 1 7 1 8 1 8 1 8 1 8 1 8 1 8 1 8 1 8 1 8 1 8 1 8 1 8 1 8 1 8 1 8 1 8 1 8 1 8 1 8 1 10 12 1 9 12 1 1 10 7 12 1 1 1 7 1 10 12 10 12 1 1 7 1 10 12 1 1 10 12 1 1 11 7 12 1 1 1 10 7 12 1 1 10 12 1 10 12 1 9 12 1 10 12 1 1 7 1 8 1 8 1 8 1 8 1 8 1 8 1 10 9 12 1 7 1 8 1 8 1 8 1 8 1 8 1 10 9 12 1 9 12 1 7 1 10 12 10 12 1 1 10 7 12 1 1 1 10 12 1 1 8 1 10 7 12 1 1 1 10 12 1 1 100 1 10 12 1 11 100 12 1 1 1 10 12 1 7 1 10 10 12 1 1 7 1 10 10 7 1 10 10 10 12 1 1 7 1 10 10 12 1 1 10 12 1 9 12 1 1 10 7 12 1 1 1 7 1 10 10 12 1 10 12 1 1 8 1 10 12 1 8 1 10 12 1 9 12 1 10 12 1 100 1 9 100 12 1 1 1 8 1 10 12 1 10 100 12 1 1 1 10 12 1 8 1 10 12 10 12 8 1 11 7 12 1 1 1 9 12 1 1 11 7 12 1 1 1 9 12 1 1 11 7 12 1 1 1 8 11 12 1 8 8 8 11 12 1 11 8 1 10 12 1 7 1 10 9 12 1 1 10 9 12 1 9 12 1 10 9 12 1 9 12 1 9 12 1 9 12 1 9 12 1 7 1 10 9 12 1 1 7 1 10 9 12 1 1 7 1 10 9 12 1 1 7 1 10 9 12 1 1 9 12 1 9 12 1 9 12 1 9 12 1 9 12 1 9 12 1 9 12 1 9 12 1 7 1 10 9 12 1 1 9 12 1 7 1 10 9 12 1 1 7 1 10 7 1 10 9 12 1 9 12 1 9 12 1 9 12 1 9 12 1 7 1 10 7 1 10 9 12 1 1 10 7 1 10 9 12 1 1 9 12 1 9 12 1 8 10 12 1 7 1 8 1 10 12 1 10 12 1 1 7 1 10 12 1 10 12 1 1 7 1 10 12 1 1 8 1 10 7 12 1 1 1 10 12 1 10 12 1 1 8 1 10 12 1 100 1 10 12 1 10 12 1 8 10 10 12 1 7 1 10 10 12 1 1 10 12 1 1 8 1 8 7 1 10 8 1 8 7 1 10 10 10 12 1 1 8 10 8 7 1 10 10 8 7 1 10 8 8 100 1 10 12 1 10 12 1 10 12 1 7 1 10 10 10 7 12 1 1 1 8 1 100 1 10 12 1 1 10 12 1 1 8 10 7 1 10 10 12 1 1 8 10 10 7 1 10 10 8 1 10 8 10 10 10 12 1 8 1 10 12 1 8 10 7 1 10 8 1 10 10 12 1 1 8 1 10 10 8 10 10 7 1 10 10 7 1 10 10 8 1 8 7 1 10 7 1 10 8 1 8 1 8 7 1 10 8 1 8 1 8 7 1 10 7 1 10 8 1 8 1 8 7 1 10 8 7 1 10 8 1 8 1 8 7 1 10 8 8 1 8 1 8 7 1 10 8 1 10 12 1 10 12 1 8 10 10 10 8 1 8 10 10 12 1 1 10 7 1 8 1 10 12 1 10 12 1 8 1 10 12 1 8 10 10 12 1 10 7 1 10 10 10 8 1 8 1 8 1 8 1 8 1 8 1 8 1 8 1 8 1 8 1 8 1 8 1 8 1 8 1 8 1 8 1 8 1 8 1 8 1 8 1 8 1 8 1 8 1 8 1 10 8 10 10 7 1 10 10 10 8 1 8 1 8 1 8 1 8 1 8 1 8 1 8 1 8 1 8 1 8 1 8 1 8 1 8 1 8 1 8 1 8 1 8 1 8 1 8 1 8 1 8 1 8 1 8 1 8 1 8 1 8 1 8 1 8 1 8 1 8 1 8 1 8 1 8 1 8 1 8 1 8 7 1 10 8 7 1 10 10 10 10 10 8 10 10 7 1 10 10 10 8 1 8 8 1 8 1 8 1 8 1 8 1 8 1 8 1 8 1 8 7 1 10 10 12 1 1 7 1 10 10 12 1 8 1 10 8 10 7 1 10 10 8 1 8 10 12 1 8 7 1 10 10 8 8 1 8 7 1 10 10 8 1 10 10 10 10 8 10 7 1 10 10 12 1 1 10 10 12 1 1 8 10 10 8 1 10 10 8 10 7 1 10 10 7 1 10 10 12 1 1 7 1 10 10 10 12 1 1 8 1 10 12 1 1 8 10 10 10 10 8 10 8 7 1 10 10 8 10 12 1 8 7 1 10 7 1 10 7 1 10 8 1 8 1 10 12 1 1 10 7 1 10 12 1 10 100 12 1 1 1 10 12 1 10 10 12 1 10 12 1 10 12 1 10 12 1 10 12 1 1 10 8 1 10 100 12 1 1 10 12 1 8 1 8 1 10 12 1 1 10 10 12 1 10 12 1 100 1 10 100 12 1 1 10 100 12 1 1 8 1 10 12 1 10 12 1 8 1 10 12 1 1 10 12 1 8 1 8 1 8 1 10 100 12 1 1 1 10 12 1 1 10 100 12 1 1 10 10 12 1 10 12 1 10 10 12 1 10 100 1 10 12 1 1 10 12 1 1 100 1 10 10 12 1 10 12 1 10 10 10 10 12 1 1 8 1 10 12 1 10 12 1 10 12 1 10 12 1 8 1 9 12 1 1 8 1 8 1 10 12 1 1 10 12 1 9 12 1 9 12 1 8 1 8 1 9 12 1 11 12 1 1 9 12 1 8 1 8 1 8 1 10 12 1 1 10 12 1 10 10 12 1 11 12 1 1 10 12 1 10 100 12 1 1 1 10 12 1 8 1 10 12 1 1 8 1 8 1 10 12 1 1 8 1 8 1 8 1 10 12 1 1 8 1 10 12 1 8 1 8 1 10 12 1 1 8 1 8 1 8 1 8 1 8 1 8 1 8 1 8 1 8 1 10 12 1 8 1 8 1 10 12 1 8 10 12 1 1 9 12 1 1 8 1 10 12 1 1 8 1 8 1 10 12 10 12 1 1 8 1 8 1 8 1 8 1 8 1 8 1 8 1 8 1 8 1 8 1 8 1 8 1 8 1 8 1 10 12 1 8 1 10 12 1 8 1 8 1 8 1 8 1 10 12 8 1 8 1 8 1 8 1 8 1 8 1 10 12 1 1 10 12 1 10 12 1 1 8 1 10 12 1 10 12 1 10 12 1 100 1 10 10 10 10 10 10 12 1 1 8 1 10 12 1 1 10 9 12 1 1 10 100 12 1 1 10 100 1 10 10 10 10 12 1 10 12 1 10 12 1 10 12 1 10 8 1 8 1 10 12 1 10 10 10 10 10 10 8 1 10 12 1 10 8 1 10 10 10 10 10 12 10 100 1 10 12 1 1 8 1 10 8 1 10 12 1 10 12 1 10 12 1 8 1 100 1 10 10 10 10 10 18 12 1 1 10 100 12 1 1 1 9 12 1 1 9 12 1 1 9 12 1 9 12 1 9 12 1 9 12 1 9 12 1 9 12 1 9 12 1 9 12 1 9 12 1 9 12 1 9 12 1 9 12 1 9 12 1 9 12 1 9 12 1 9 12 1 9 12 1 10 100 12 1 1 1 8 1 10 12 1 9 12 1 8 1 8 1 8 1 8 1 9 12 1 11 12 1 1 8 1 9 12 1 8 1 8 1 8 1 8 1 8 11 12 10 12 1 8 1 8 8 1 8 8 8 1 8 1 8 1 8 1 8 1 8 1 8 1 8 1 8 1 8 1 8 1 8 1 8 1 8 1 8 1 8 1 8 1 8 1 9 12 1 8 1 9 12 1 9 12 1 8 1 8 1 8 1 10 12 1 10 12 1 10 12 1 10 12 1 10 12 1 10 12 1 10 12 1 1 10 12 1 8 1 8 1 8 1 8 1 8 1 8 1 8 1 7 1 10 7 1 10 12 1 10 12 1 8 1 9 12 9 12 1 9 12 1 8 1 8 8 1 8 1 8 1 8 1 8 1 8 1 8 1 8 1 8 1 8 1 8 1 9 12 1 9 12 1 8 1 8 8 1 8 1 8 1 8 1 8 1 8 1 8 1 8 1 8 1 8 1 8 1 8 1 8 1 8 1 8 1 9 12 1 9 12 1 8 1 8 8 1 8 1 8 1 8 1 8 1 8 1 8 1 100 1 10 9 12 1 1 9 100 12 1 1 1 10 12 1 1 8 1 10 12 1 10 12 1 10 12 1 1 10 12 1 8 1 8 1 10 12 1 8 1 8 1 10 12 1 1 10 100 12 1 1 1 8 1 10 12 1 8 1 8 1 8 1 8 1 8 1 8 1 8 1 8 1 8 1 100 1 10 12 1 9 12 1 1 10 12 1 1 8 1 9 100 12 1 1 1 10 100 12 1 1 1 10 100 12 1 1 10 12 1 1 9 12 1 1 8 1 10 100 12 1 1 9 12 1 8 1 8 1 10 12 1 8 1 8 1 8 1 8 1 10 12 1 9 12 10 12 1 10 12 1 1 11 100 12 1 1 11 12 8 1 8 8 1 8 1 10 12 1 8 1 10 8 1 10 12 1 1 8 1 8 1 8 1 8 1 8 1 8 1 8 1 8 1 8 1 8 1 8 1 8 1 8 1 100 1 10 10 100 1 10 10 1 1 1 1 1 1 1 1 1 1 1 1 1 100 1 100 1 1 1 1 1 1 1 1 1 1 1 1 1 1 1 1 1 1 1 1 1 1 1 1 1 1 1 1 1 1 1 1 1 1 1 1 1 1 1 1 1 1 1 1 1 1 1 1 1 1 1 1 1 1 1 1 1 1 1 1 1 1 1 1 1 1 1 1 1 1 1 1 1 1 1 1 1 1 1 1 1 1 1 1 1 1 1 1 1 1 1 1 1 1 1 1 1 1 1 1 1 1 1 1 1 1 1 1 1 1 1 1 1 1 1 15 10 100 12 1 1 1 16 15 10 12 1 100 1 100 1 1
ciInstanceKlass sun/awt/UngrabEvent 0 0 48 100 10 10 18 100 1 1 1 3 1 1 1 1 1 1 1 1 1 1 1 1 1 1 12 12 1 15 8 12 1 1 1 1 10 1 1 1 100 12 1 100 1 1 1 100 1 1
ciInstanceKlass java/awt/Event 1 1 324 7 10 9 9 9 9 9 9 9 9 9 9 9 10 10 9 10 100 3 18 18 10 18 10 18 10 18 18 18 10 10 10 18 7 10 10 10 7 100 1 1 1 1 1 3 1 3 1 3 1 3 1 3 1 3 1 3 1 3 1 3 1 3 1 3 1 3 1 3 1 3 1 3 1 3 1 3 1 3 1 3 1 3 1 3 1 3 1 3 1 3 1 3 1 3 1 3 1 3 1 3 1 3 1 3 1 1 3 1 3 1 3 1 3 1 3 1 3 1 3 1 3 1 3 1 3 1 3 1 3 1 3 1 3 1 3 1 3 1 3 1 3 1 3 1 3 1 3 1 3 1 3 1 3 1 3 1 3 1 3 1 3 1 3 1 3 1 3 1 3 1 1 1 1 1 1 1 1 1 1 1 1 1 1 1 1 1 1 1 1 1 1 1 5 0 1 1 1 1 1 1 1 1 1 1 1 1 1 1 1 1 1 1 1 1 1 1 1 1 1 1 1 1 1 1 1 1 1 100 1 1 1 1 1 1 1 1 1 1 12 12 12 12 12 12 12 12 12 12 12 12 12 12 12 12 1 1 15 8 12 8 12 12 8 12 12 8 12 8 8 12 8 12 100 12 12 8 12 1 7 12 7 12 12 1 1 1 1 1 1 10 1 1 1 1 1 1 1 1 1 1 1 1 1 1 1 1 1 1 1 1 1 1 100 12 1 100 1 1 1 100 1 1
staticfield java/awt/Event actionKeyCodes [[I 26 [[I
instanceKlass java/awt/Menu
ciInstanceKlass java/awt/MenuItem 0 0 391 8 10 10 9 9 9 9 100 9 18 10 9 10 11 100 11 10 11 10 10 10 10 100 10 10 10 10 10 100 10 10 100 10 10 100 10 10 10 10 100 10 10 9 9 5 0 9 10 9 10 10 100 10 100 10 10 9 100 5 0 10 11 18 18 10 18 10 100 8 10 10 10 10 100 10 10 9 100 10 10 10 10 100 10 10 100 1 1 1 1 1 1 1 1 1 1 1 1 1 1 1 8 1 1 1 5 0 1 1 1 1 1 1 1 1 1 100 1 1 1 1 1 1 100 100 1 1 1 1 1 1 1 1 1 1 1 1 1 1 1 1 1 1 1 1 1 1 1 1 1 1 1 1 1 100 1 1 1 1 1 1 1 1 1 1 1 1 1 1 1 1 1 1 1 1 1 1 1 1 1 1 1 1 1 100 1 1 1 1 1 1 1 1 1 1 1 1 1 1 1 1 100 1 1 1 1 1 1 100 1 1 1 1 1 1 1 1 12 12 12 12 12 12 1 12 1 15 8 12 12 12 12 100 12 1 12 12 12 12 12 12 100 12 1 12 12 100 12 12 12 1 1 12 12 1 12 12 12 12 1 12 12 12 12 12 12 12 100 12 12 1 12 1 12 12 12 1 12 12 8 12 8 12 12 8 12 100 12 1 1 12 12 100 12 12 1 12 12 12 1 12 12 100 12 12 1 100 12 1 1 1 1 1 1 1 1 1 10 1 1 1 1 1 1 1 1 1 1 1 1 1 1 1 1 1 1 1 1 1 1 1 1 1 1 1 1 1 1 1 1 1 1 1 1 1 1 1 1 1 1 1 1 1 1 1 1 1 1 1 1 1 1 1 1 1 1 1 100 1 1 100 12 1 1 100 1 1 100 1 1
ciInstanceKlass java/awt/KeyboardFocusManager$HeavyweightFocusRequest 1 1 170 10 9 9 9 9 10 8 10 7 10 10 9 8 8 10 10 7 9 10 10 10 18 18 18 10 11 11 18 18 18 7 10 7 1 1 1 1 1 1 1 1 1 1 1 1 1 1 1 1 1 100 1 1 1 1 1 1 1 1 100 1 1 1 1 1 1 1 1 1 1 1 1 100 100 1 1 1 1 7 12 12 12 12 7 12 7 12 1 12 1 12 12 1 1 12 12 1 12 12 12 12 1 15 8 12 8 12 8 12 12 12 8 8 12 8 1 1 100 1 1 1 1 1 1 1 1 1 1 1 1 1 1 1 1 1 1 1 1 1 1 1 1 1 10 1 1 1 1 1 1 1 1 1 1 1 1 1 1 1 1 100 12 1 100 1 1 100 1 1
staticfield java/awt/KeyboardFocusManager$HeavyweightFocusRequest CLEAR_GLOBAL_FOCUS_OWNER Ljava/awt/KeyboardFocusManager$HeavyweightFocusRequest; java/awt/KeyboardFocusManager$HeavyweightFocusRequest
ciInstanceKlass java/awt/KeyboardFocusManager$LightweightFocusRequest 1 1 59 10 9 9 9 18 7 7 1 1 1 1 1 100 1 1 1 1 1 1 1 1 1 1 1 1 1 1 1 1 100 12 12 12 12 1 15 8 12 1 1 100 1 1 1 10 1 1 1 1 100 12 1 100 1 1 100 1 1
ciInstanceKlass sun/awt/im/CompositionAreaHandler 1 1 256 10 9 100 10 9 9 9 100 10 9 9 10 10 100 10 10 10 9 10 10 10 10 10 100 10 10 10 10 10 11 11 7 9 10 9 10 10 10 10 10 10 10 10 10 10 10 100 10 10 11 10 11 11 9 11 11 11 7 7 9 8 10 7 100 100 1 1 1 1 1 1 1 1 1 1 1 1 1 1 1 1 1 1 1 1 1 1 1 1 1 1 1 1 1 1 1 1 1 1 1 100 1 1 1 1 1 1 1 1 1 1 1 1 1 1 1 1 1 1 1 1 1 1 1 1 100 1 1 1 1 1 1 1 100 1 1 1 1 1 1 1 1 1 1 1 1 1 1 1 1 1 1 12 12 1 12 12 12 12 1 12 12 12 12 1 12 100 12 12 12 12 12 12 12 12 1 12 12 12 12 12 12 1 12 12 7 12 12 12 12 12 12 12 12 12 12 12 1 12 12 12 12 12 12 12 12 12 1 1 12 1 12 1 1 1 1 1 1 1 1 1 1 1 1 1 1 1 1 1 1 1 1 1 1 1 1 1 1 1 1 1 1 1 1 1 1 1 1 1 1 1 1 1 1 1
staticfield sun/awt/im/CompositionAreaHandler IM_ATTRIBUTES [Ljava/text/AttributedCharacterIterator$Attribute; 1 [Ljava/text/AttributedCharacterIterator$Attribute;
staticfield sun/awt/im/CompositionAreaHandler EMPTY_TEXT Ljava/text/AttributedCharacterIterator; java/text/AttributedString$AttributedStringIterator
ciInstanceKlass java/awt/TextComponent 0 0 385 10 9 9 9 9 10 8 9 100 10 10 10 100 11 10 100 10 10 9 100 5 0 9 100 11 10 10 11 11 9 11 9 10 10 11 10 10 10 10 11 9 10 10 10 10 11 100 8 10 11 11 9 10 9 10 100 10 100 10 10 9 100 5 0 10 10 10 10 11 10 18 18 18 10 9 10 100 10 100 8 10 10 10 10 100 10 10 9 100 10 100 100 1 1 1 1 1 1 1 1 1 1 1 1 1 1 1 5 0 1 1 1 1 1 1 1 1 1 1 1 100 1 1 1 1 1 100 1 1 1 1 1 1 1 1 1 1 1 100 100 1 1 1 1 1 1 1 1 1 1 1 1 1 1 1 1 1 1 1 1 1 1 1 1 1 1 1 1 1 1 1 1 1 1 1 1 1 1 1 1 100 1 1 1 1 1 1 1 1 1 1 1 1 1 1 1 1 1 1 100 1 1 1 1 100 1 1 1 1 1 1 100 100 1 1 1 1 1 12 12 12 12 12 100 12 1 12 1 12 12 12 1 12 12 1 12 12 1 12 1 12 12 12 12 12 12 12 12 12 12 12 12 12 100 12 12 12 12 12 1 1 12 12 12 12 100 12 12 12 1 12 1 12 12 1 12 12 12 12 12 12 1 15 8 12 8 12 8 12 100 12 100 12 12 1 100 12 1 1 12 12 12 12 1 12 12 12 1 12 1 1 1 1 1 1 1 1 1 1 1 1 1 1 1 1 1 1 1 1 1 1 1 1 1 1 1 1 1 1 1 1 1 1 1 1 1 1 1 1 10 1 1 1 1 1 1 1 1 1 1 1 1 1 1 1 1 1 1 1 1 1 1 1 1 1 100 12 1 100 1 1 100 1 1
ciInstanceKlass sun/awt/AWTAccessor$MouseEventAccessor 1 0 16 100 100 1 1 1 1 1 1 1 100 1 1 1 1 1
ciInstanceKlass java/awt/KeyboardFocusManager$4 1 1 30 10 10 100 7 100 1 1 1 1 1 1 1 1 1 1 1 1 7 12 1 12 12 1 1 1 1 1 1 1
ciInstanceKlass javax/swing/PopupFactory$MediumWeightPopup$MediumWeightComponent 1 1 31 7 10 10 100 7 100 1 1 1 1 1 1 100 1 1 1 1 1 1 1 100 1 12 12 1 1 1 1 1 1
ciMethod java/awt/Container eventEnabled (Ljava/awt/AWTEvent;)Z 4097 1 5632 0 -1
ciMethod java/awt/Container dispatchEventToSelf (Ljava/awt/AWTEvent;)V 1 1 321 0 -1
ciMethod java/awt/Container getFocusTraversalPolicy ()Ljava/awt/FocusTraversalPolicy; 0 0 56 0 -1
ciMethod java/awt/Container isFocusCycleRoot ()Z 1033 1 129 0 -1
ciMethod java/awt/Container transferFocusDownCycle ()V 0 0 1 0 -1
ciMethod java/awt/Container preProcessKeyEvent (Ljava/awt/event/KeyEvent;)V 2081 1 2731 0 -1
ciMethod java/awt/Container postsOldMouseEvents ()Z 25 1 3 0 0
ciMethod java/awt/Component getParent ()Ljava/awt/Container; 2809 1 113863 0 -1
ciMethod java/awt/Component getContainer ()Ljava/awt/Container; 2593 1 8084 0 -1
ciMethod java/awt/Component getTreeLock ()Ljava/lang/Object; 3641 1 447526 0 -1
ciMethod java/awt/Component isDisplayable ()Z 129 1 83570 0 -1
ciMethod java/awt/Component isVisible ()Z 4097 1 17264 0 -1
ciMethod java/awt/Component isShowing ()Z 2609 1 13183 0 -1
ciMethod java/awt/Component isEnabled ()Z 2057 1 70239 0 -1
ciMethod java/awt/Component getLocation ()Ljava/awt/Point; 1785 1 7339 0 -1
ciMethod java/awt/Component getX ()I 1033 1 129 0 -1
ciMethod java/awt/Component getY ()I 1033 1 129 0 -1
ciMethod java/awt/Component dispatchEventImpl (Ljava/awt/AWTEvent;)V 2113 1 21770 0 -1
ciMethod java/awt/Component autoProcessMouseWheel (Ljava/awt/event/MouseWheelEvent;)V 0 0 1 0 0
ciMethod java/awt/Component dispatchMouseWheelToAncestor (Ljava/awt/event/MouseWheelEvent;)Z 2049 2289 321 0 0
ciMethod java/awt/Component areInputMethodsEnabled ()Z 4097 1 5632 0 -1
ciMethod java/awt/Component eventEnabled (Ljava/awt/AWTEvent;)Z 2553 1 5565 0 -1
ciMethod java/awt/Component eventTypeEnabled (I)Z 2601 1 5446 0 688
ciMethod java/awt/Component postEvent (Ljava/awt/Event;)Z 73 1 9 0 0
ciMethod java/awt/Component getInputMethodRequests ()Ljava/awt/im/InputMethodRequests; 1025 1 128 0 -1
ciMethod java/awt/Component getInputContext ()Ljava/awt/im/InputContext; 2065 1 6481 0 80
ciMethod java/awt/Component processEvent (Ljava/awt/AWTEvent;)V 4097 1 5632 0 -1
ciMethod java/awt/Component postsOldMouseEvents ()Z 0 0 1 0 -1
ciMethod java/awt/Component handleEvent (Ljava/awt/Event;)Z 97 1 12 0 -1
ciMethod java/awt/Component isFocusable ()Z 369 1 3469 0 -1
ciMethod java/awt/Component getFocusTraversalKeys (I)Ljava/util/Set; 0 0 1 0 -1
ciMethod java/awt/Component getFocusTraversalKeysEnabled ()Z 1025 1 128 0 0
ciMethod java/awt/Component requestFocusInWindow (Ljava/awt/event/FocusEvent$Cause;)Z 993 1 124 0 -1
ciMethod java/awt/Component transferFocus ()V 0 0 1 0 -1
ciMethod java/awt/Component transferFocusBackward ()V 0 0 1 0 -1
ciMethod java/awt/Component transferFocusUpCycle ()V 0 0 1 0 -1
ciMethod java/awt/Component getNativeContainer ()Ljava/awt/Container; 561 3417 8579 0 208
ciMethod java/awt/Component getContainingWindow ()Ljava/awt/Window; 657 1 7468 0 -1
ciMethod java/awt/Toolkit loadAssistiveTechnologies ()V 9 1 1 0 -1
ciMethod java/awt/Toolkit getDefaultToolkit ()Ljava/awt/Toolkit; 1729 1 63752 0 576
ciMethod java/awt/Toolkit getSystemEventQueueImpl ()Ljava/awt/EventQueue; 0 0 1 0 -1
ciMethod java/awt/Toolkit getEventQueue ()Ljava/awt/EventQueue; 2233 1 85624 0 768
ciMethod java/awt/Toolkit notifyAWTEventListeners (Ljava/awt/AWTEvent;)V 4097 1 5632 0 752
ciMethod sun/awt/AWTAccessor getMouseEventAccessor ()Lsun/awt/AWTAccessor$MouseEventAccessor; 1929 1 5188 0 -1
ciMethod java/awt/GraphicsEnvironment isHeadless ()Z 609 1 17823 0 -1
ciMethod java/awt/Toolkit$2 <init> ()V 9 1 1 0 -1
ciMethod sun/awt/windows/WToolkit isComponentValidForTouchKeyboard (Ljava/awt/Component;)Z 17 1 776 0 -1
ciMethod sun/awt/windows/WToolkit showOrHideTouchKeyboard (Ljava/awt/Component;Ljava/awt/AWTEvent;)V 2049 1 7425 0 3568
ciMethod sun/awt/windows/WToolkit showTouchKeyboard (Z)V 249 1 31 0 -1
ciMethod sun/awt/windows/WToolkit hideTouchKeyboard ()V 553 1 69 0 -1
ciMethod sun/awt/SunToolkit getSystemEventQueueImpl ()Ljava/awt/EventQueue; 3081 1 6544 0 208
ciMethod sun/awt/SunToolkit getSystemEventQueueImplPP ()Ljava/awt/EventQueue; 3081 1 6544 0 0
ciMethod sun/awt/SunToolkit getSystemEventQueueImplPP (Lsun/awt/AppContext;)Ljava/awt/EventQueue; 3073 1 8228 0 0
ciMethod sun/awt/SunToolkit showOrHideTouchKeyboard (Ljava/awt/Component;Ljava/awt/AWTEvent;)V 0 0 1 0 -1
ciMethod sun/awt/SunToolkit isTouchKeyboardAutoShowEnabled ()Z 2121 1 20733 0 0
ciMethod sun/awt/SunToolkit getContainingWindow (Ljava/awt/Component;)Ljava/awt/Window; 801 1649 22163 0 -1
ciMethod jdk/internal/logger/AbstractLoggerWrapper platformProxy ()Lsun/util/logging/PlatformLogger$Bridge; 0 0 1 0 -1
ciMethod jdk/internal/logger/AbstractLoggerWrapper isLoggable (Ljava/lang/System$Logger$Level;)Z 0 0 95 0 -1
ciMethod jdk/internal/logger/AbstractLoggerWrapper isLoggable (Lsun/util/logging/PlatformLogger$Level;)Z 2081 1 6790 0 2480
ciMethod java/awt/event/InputEvent getWhen ()J 1025 1 128 0 -1
ciMethod java/awt/event/InputEvent getModifiers ()I 1 1 17267 0 -1
ciMethod java/awt/event/InputEvent consume ()V 2049 1 1548 0 0
ciMethod java/awt/event/InputEvent isConsumed ()Z 1025 1 128 0 0
ciMethod java/awt/event/ComponentEvent getComponent ()Ljava/awt/Component; 3641 1 11374 0 -1
ciMethod java/awt/AWTEvent setSource (Ljava/lang/Object;)V 1 1 987 0 -1
ciMethod java/awt/AWTEvent getID ()I 1105 1 138 0 0
ciMethod java/awt/AWTEvent consume ()V 0 0 1 0 -1
ciMethod java/awt/AWTEvent isConsumed ()Z 1113 1 139 0 -1
ciMethod java/awt/AWTEvent convertToOld ()Ljava/awt/Event; 0 0 6 0 0
ciMethod java/awt/AWTEvent copyPrivateDataInto (Ljava/awt/AWTEvent;)V 1993 1 2789 0 -1
ciMethod java/util/EventObject getSource ()Ljava/lang/Object; 1057 1 132 0 0
ciMethod java/awt/peer/ComponentPeer handleEvent (Ljava/awt/AWTEvent;)V 0 0 1 0 -1
ciMethod java/awt/peer/ComponentPeer handlesWheelScrolling ()Z 0 0 1 0 -1
ciMethod java/awt/event/AWTEventListener eventDispatched (Ljava/awt/AWTEvent;)V 0 0 1 0 -1
ciMethod sun/swing/SwingAccessor getKeyStrokeAccessor ()Lsun/swing/SwingAccessor$KeyStrokeAccessor; 865 1 285 0 -1
ciMethod sun/awt/AppContext getAppContext ()Lsun/awt/AppContext; 3105 1 5668 0 128
ciMethod sun/awt/AppContext get (Ljava/lang/Object;)Ljava/lang/Object; 2065 1 5691 0 3120
ciMethod sun/awt/AppContext put (Ljava/lang/Object;Ljava/lang/Object;)Ljava/lang/Object; 161 1 498 0 -1
ciMethod sun/awt/AppContext remove (Ljava/lang/Object;)Ljava/lang/Object; 873 1 313 0 -1
ciMethod sun/awt/AppContext$3 <init> ()V 17 1 2 0 -1
ciMethod java/awt/EventQueue setCurrentEventAndMostRecentTime (Ljava/awt/AWTEvent;)V 3225 1 21787 0 800
ciMethod java/awt/EventQueue setCurrentEventAndMostRecentTimeImpl (Ljava/awt/AWTEvent;)V 2049 1 6402 0 2032
ciMethod java/awt/EventQueue invokeLater (Ljava/lang/Runnable;)V 881 1 11399 0 -1
ciMethod sun/awt/MostRecentKeyValue <init> (Ljava/lang/Object;Ljava/lang/Object;)V 17 1 2 0 -1
ciMethod sun/awt/MostRecentKeyValue setPair (Ljava/lang/Object;Ljava/lang/Object;)V 489 1 3003 0 -1
ciMethod sun/awt/HeadlessToolkit getUnderlyingToolkit ()Ljava/awt/Toolkit; 0 0 1 0 -1
ciMethodData java/lang/Object equals (Ljava/lang/Object;)Z 2 64556 orig 320 168 222 108 50 249 127 0 0 40 9 1 0 8 0 0 0 192 1 0 0 0 0 0 0 0 0 0 0 0 0 0 0 0 0 0 0 0 0 0 0 0 0 0 0 0 0 0 0 0 0 0 0 0 0 0 0 0 0 0 0 0 0 0 0 0 0 0 0 0 0 0 0 0 77 68 79 32 101 120 116 114 97 32 100 97 116 97 32 108 111 99 107 0 0 0 0 0 0 0 0 0 0 0 0 0 0 0 0 0 0 0 0 0 0 0 0 0 0 0 0 0 0 0 0 0 0 0 0 0 0 0 0 0 0 0 0 0 0 0 0 0 0 0 0 0 0 0 0 0 0 0 0 0 0 0 0 0 0 0 0 0 0 0 0 0 0 0 0 0 0 0 0 0 0 0 0 0 0 0 0 0 0 0 0 0 0 0 0 0 0 0 0 0 0 0 0 0 0 0 0 0 0 0 0 0 0 0 0 0 0 0 0 0 0 0 0 0 0 0 0 0 0 0 0 1 0 0 0 0 0 0 0 0 0 0 0 0 0 0 0 3 0 0 0 0 0 0 0 0 0 0 0 0 0 0 0 135 1 0 0 41 213 7 0 1 0 0 0 0 0 0 0 0 0 0 0 0 0 0 0 248 3 0 0 248 31 0 0 2 0 0 0 0 0 6 0 2 0 0 0 0 0 0 0 56 0 0 0 254 255 255 255 7 0 2 0 0 0 0 0 data 17 0x20007 0x479e 0x38 0xb307 0x60003 0xb307 0x18 0x0 0x0 0x0 0x0 0x0 0x0 0x9 0x2 0x0 0x0 oops 0 methods 0
ciMethod java/awt/KeyboardFocusManager getCurrentKeyboardFocusManager ()Ljava/awt/KeyboardFocusManager; 2049 1 149880 0 928
ciMethod java/awt/KeyboardFocusManager getCurrentKeyboardFocusManager (Lsun/awt/AppContext;)Ljava/awt/KeyboardFocusManager; 2049 1 5794 0 864
ciMethod java/awt/KeyboardFocusManager getGlobalFocusOwner ()Ljava/awt/Component; 2057 1 6295 0 -1
ciMethod java/awt/KeyboardFocusManager setGlobalFocusOwner (Ljava/awt/Component;)V 1 1 462 0 -1
ciMethod java/awt/KeyboardFocusManager setNativeFocusOwner (Ljava/awt/Component;)V 1 1 462 0 -1
ciMethod java/awt/KeyboardFocusManager getGlobalPermanentFocusOwner ()Ljava/awt/Component; 1 1 383 0 -1
ciMethod java/awt/KeyboardFocusManager setGlobalPermanentFocusOwner (Ljava/awt/Component;)V 1 1 415 0 -1
ciMethod java/awt/KeyboardFocusManager getGlobalFocusedWindow ()Ljava/awt/Window; 1 1 420 0 -1
ciMethod java/awt/KeyboardFocusManager setGlobalFocusedWindow (Ljava/awt/Window;)V 0 0 246 0 -1
ciMethod java/awt/KeyboardFocusManager getGlobalActiveWindow ()Ljava/awt/Window; 1 1 284 0 -1
ciMethod java/awt/KeyboardFocusManager setGlobalActiveWindow (Ljava/awt/Window;)V 0 0 244 0 -1
ciMethod java/awt/KeyboardFocusManager setMostRecentFocusOwner (Ljava/awt/Window;Ljava/awt/Component;)V 0 0 605 0 -1
ciMethod java/awt/KeyboardFocusManager getMostRecentFocusOwner (Ljava/awt/Window;)Ljava/awt/Component; 785 1 13320 0 -1
ciMethod java/awt/KeyboardFocusManager dispatchEvent (Ljava/awt/AWTEvent;)Z 0 0 1 0 -1
ciMethod java/awt/KeyboardFocusManager processKeyEvent (Ljava/awt/Component;Ljava/awt/event/KeyEvent;)V 0 0 1 0 -1
ciMethod java/awt/KeyboardFocusManager isAutoFocusTransferEnabled ()Z 1 1 452 0 -1
ciMethod java/awt/KeyboardFocusManager dispatchAndCatchException (Ljava/lang/Throwable;Ljava/awt/Component;Ljava/awt/event/FocusEvent;)Ljava/lang/Throwable; 0 0 26 0 -1
ciMethod java/awt/KeyboardFocusManager processCurrentLightweightRequests ()V 2065 1 5508 0 -1
ciMethod java/awt/KeyboardFocusManager retargetUnexpectedFocusEvent (Ljava/awt/event/FocusEvent;)Ljava/awt/event/FocusEvent; 0 0 1 0 -1
ciMethod java/awt/KeyboardFocusManager retargetFocusGained (Ljava/awt/event/FocusEvent;)Ljava/awt/event/FocusEvent; 0 0 218 0 0
ciMethod java/awt/KeyboardFocusManager retargetFocusLost (Ljava/awt/event/FocusEvent;)Ljava/awt/event/FocusEvent; 0 0 218 0 0
ciMethod java/awt/KeyboardFocusManager retargetFocusEvent (Ljava/awt/AWTEvent;)Ljava/awt/AWTEvent; 2057 1 5377 0 1792
ciMethod java/awt/KeyboardFocusManager focusedWindowChanged (Ljava/awt/Component;Ljava/awt/Component;)Z 1353 1 169 0 -1
ciMethod java/awt/KeyboardFocusManager isTemporary (Ljava/awt/Component;Ljava/awt/Component;)Z 1793 1 224 0 -1
ciMethod java/awt/KeyboardFocusManager getHeavyweight (Ljava/awt/Component;)Ljava/awt/Component; 1 1 668 0 -1
ciMethod java/awt/KeyboardFocusManager getFirstHWRequest ()Ljava/awt/KeyboardFocusManager$HeavyweightFocusRequest; 2049 1 436 0 -1
ciMethod java/awt/DefaultKeyboardFocusManager <init> ()V 9 1 1 0 -1
ciMethod java/awt/DefaultKeyboardFocusManager getOwningFrameDialog (Ljava/awt/Window;)Ljava/awt/Window; 0 0 123 0 -1
ciMethod java/awt/DefaultKeyboardFocusManager restoreFocus (Ljava/awt/event/FocusEvent;Ljava/awt/Window;)V 0 0 1 0 -1
ciMethod java/awt/DefaultKeyboardFocusManager restoreFocus (Ljava/awt/event/WindowEvent;)V 0 0 1 0 -1
ciMethod java/awt/DefaultKeyboardFocusManager restoreFocus (Ljava/awt/Window;Ljava/awt/Component;Z)Z 0 0 1 0 -1
ciMethod java/awt/DefaultKeyboardFocusManager restoreFocus (Ljava/awt/Component;Z)Z 0 0 1 0 -1
ciMethod java/awt/DefaultKeyboardFocusManager sendMessage (Ljava/awt/Component;Ljava/awt/AWTEvent;)Z 1 1 319 0 -1
ciMethod java/awt/DefaultKeyboardFocusManager repostIfFollowsKeyEvents (Ljava/awt/event/WindowEvent;)Z 0 0 249 0 -1
ciMethod java/awt/DefaultKeyboardFocusManager dispatchEvent (Ljava/awt/AWTEvent;)Z 3265 1 11694 0 -1
ciMethod java/awt/DefaultKeyboardFocusManager typeAheadAssertions (Ljava/awt/Component;Ljava/awt/AWTEvent;)Z 1 1 1463 0 -1
ciMethod java/awt/DefaultKeyboardFocusManager consumeTraversalKey (Ljava/awt/event/KeyEvent;)V 0 0 1 0 0
ciMethod java/awt/DefaultKeyboardFocusManager consumeProcessedKeyEvent (Ljava/awt/event/KeyEvent;)Z 2049 1 388 0 0
ciMethod java/awt/DefaultKeyboardFocusManager processKeyEvent (Ljava/awt/Component;Ljava/awt/event/KeyEvent;)V 2049 1 388 0 0
ciMethod java/awt/DefaultKeyboardFocusManager dequeueKeyEvents (JLjava/awt/Component;)V 1 1 44 0 -1
ciMethod java/awt/DefaultKeyboardFocusManager focusPreviousComponent (Ljava/awt/Component;)V 0 0 1 0 0
ciMethod java/awt/DefaultKeyboardFocusManager focusNextComponent (Ljava/awt/Component;)V 0 0 1 0 0
ciMethod java/awt/DefaultKeyboardFocusManager upFocusCycle (Ljava/awt/Component;)V 0 0 1 0 0
ciMethod java/awt/DefaultKeyboardFocusManager downFocusCycle (Ljava/awt/Container;)V 0 0 1 0 0
ciMethod java/awt/FocusTraversalPolicy getInitialComponent (Ljava/awt/Window;)Ljava/awt/Component; 0 0 55 0 -1
ciMethod java/awt/AWTKeyStroke getCachedStroke (CIIZ)Ljava/awt/AWTKeyStroke; 2065 1 5382 0 5312
ciMethod java/awt/AWTKeyStroke getAWTKeyStroke (IIZ)Ljava/awt/AWTKeyStroke; 1881 1 1864 0 0
ciMethod java/awt/AWTKeyStroke getAWTKeyStrokeForEvent (Ljava/awt/event/KeyEvent;)Ljava/awt/AWTKeyStroke; 409 1 605 0 0
ciMethod java/awt/AWTKeyStroke getKeyCode ()I 1025 1 128 0 0
ciMethod java/awt/AWTKeyStroke getModifiers ()I 1025 1 128 0 0
ciMethod java/awt/AWTKeyStroke isOnKeyRelease ()Z 1025 1 128 0 0
ciMethod java/awt/AWTKeyStroke mapOldModifiers (I)I 2065 1 5382 0 -1
ciMethod java/awt/AWTKeyStroke mapNewModifiers (I)I 2065 1 5382 0 -1
ciMethod sun/swing/SwingAccessor$KeyStrokeAccessor create ()Ljavax/swing/KeyStroke; 0 0 1 0 -1
ciMethodData sun/awt/AppContext get (Ljava/lang/Object;)Ljava/lang/Object; 2 5691 orig 320 168 222 108 50 249 127 0 0 224 21 71 51 208 1 0 0 168 2 0 0 184 0 0 0 0 0 0 0 0 0 0 0 0 0 0 0 0 0 0 0 0 0 0 0 0 0 0 0 0 0 0 0 0 0 0 0 0 0 0 0 0 0 0 0 0 0 0 0 0 0 0 0 0 77 68 79 32 101 120 116 114 97 32 100 97 116 97 32 108 111 99 107 0 0 0 0 0 0 0 0 0 0 0 0 0 0 0 0 0 0 0 0 0 0 0 0 0 0 0 0 0 0 0 0 0 0 0 0 0 0 0 0 0 0 0 0 0 0 0 0 0 0 0 0 0 0 0 0 0 0 0 0 0 0 0 0 0 0 0 0 0 0 0 0 0 0 0 0 0 0 0 0 0 0 0 0 0 0 0 0 0 0 0 0 0 0 0 0 0 0 0 0 0 0 0 0 0 0 0 0 0 0 0 0 0 0 0 0 0 0 0 0 0 0 0 0 0 0 0 0 0 0 0 0 25 0 0 0 0 0 0 0 0 0 0 0 0 0 0 0 0 0 0 0 0 0 0 0 0 0 0 0 0 0 0 0 2 1 0 0 201 169 0 0 1 0 0 0 0 0 0 0 0 0 0 0 0 0 0 0 248 3 0 0 248 31 0 0 2 0 0 0 0 0 16 0 2 0 0 0 0 0 0 0 8 1 0 0 254 255 255 255 7 0 13 0 0 0 0 0 data 46 0xd0007 0x0 0x40 0x1539 0x150007 0xb80 0x20 0x9b9 0x240005 0x0 0x0 0x1d03b84d6b0 0xb80 0x0 0x0 0x2f0007 0xb80 0x58 0x0 0x3a0002 0x0 0x480002 0x0 0x4e0003 0x0 0x50 0x5e0005 0xb80 0x0 0x0 0x0 0x0 0x0 0x0 0x0 0x0 0x0 0x0 0x0 0x0 0x0 0x0 0x9 0x2 0xc0 0xffffffffffffffff oops 1 11 java/util/HashMap methods 0
ciMethodData sun/awt/AppContext getAppContext ()Lsun/awt/AppContext; 2 5668 orig 320 168 222 108 50 249 127 0 0 240 13 71 51 208 1 0 0 216 2 0 0 88 0 0 0 0 0 0 0 0 0 0 0 0 0 0 0 0 0 0 0 0 0 0 0 0 0 0 0 0 0 0 0 0 0 0 0 0 0 0 0 0 0 0 0 0 0 0 0 0 0 0 0 0 77 68 79 32 101 120 116 114 97 32 100 97 116 97 32 108 111 99 107 0 0 0 0 0 0 0 0 0 0 0 0 0 0 0 0 0 0 0 0 0 0 0 0 0 0 0 0 0 0 0 0 0 0 0 0 0 0 0 0 0 0 0 0 0 0 0 0 0 0 0 0 0 0 0 0 0 0 0 0 0 0 0 0 0 0 0 0 0 0 0 0 0 0 0 0 0 0 0 0 0 0 0 0 0 0 0 0 0 0 0 0 0 0 0 0 0 0 0 0 0 0 0 0 0 0 0 0 0 0 0 0 0 0 0 0 0 0 0 0 0 0 0 0 0 0 0 0 0 0 0 0 25 0 0 0 0 0 0 0 0 0 0 0 0 0 0 0 0 0 0 0 0 0 0 0 0 0 0 0 0 0 0 0 132 1 0 0 1 165 0 0 1 0 0 0 0 0 0 0 0 0 0 0 0 0 0 0 248 3 0 0 248 31 0 0 2 0 0 0 0 0 16 0 2 0 0 0 0 0 0 0 96 1 0 0 254 255 255 255 5 0 3 0 0 0 0 0 data 52 0x30005 0x14a0 0x0 0x0 0x0 0x0 0x0 0x70007 0x0 0x40 0x14a0 0xd0007 0x0 0x20 0x14a0 0x170005 0x0 0x0 0x0 0x0 0x0 0x0 0x1a0004 0x0 0x0 0x0 0x0 0x0 0x0 0x200007 0x0 0x78 0x0 0x270002 0x0 0x2a0002 0x0 0x2d0004 0x0 0x0 0x0 0x0 0x0 0x0 0x0 0x0 0x0 0x0 0x0 0x0 0x9 0x0 oops 0 methods 0
ciMethod java/awt/Window getMostRecentFocusOwner ()Ljava/awt/Component; 0 0 45 0 -1
ciMethod java/awt/Window isFocusableWindow ()Z 521 1 3378 0 -1
ciMethod java/awt/Window getTemporaryLostComponent ()Ljava/awt/Component; 1161 1 145 0 -1
ciMethod java/awt/Window setTemporaryLostComponent (Ljava/awt/Component;)Ljava/awt/Component; 0 0 215 0 -1
ciMethod java/awt/event/MouseEvent getXOnScreen ()I 1025 1 128 0 -1
ciMethod java/awt/event/MouseEvent getYOnScreen ()I 1025 1 128 0 -1
ciMethod java/awt/event/MouseEvent getX ()I 1033 1 129 0 -1
ciMethod java/awt/event/MouseEvent getY ()I 1033 1 129 0 -1
ciMethod java/awt/event/MouseEvent getClickCount ()I 1025 1 128 0 -1
ciMethod java/awt/event/MouseEvent isPopupTrigger ()Z 1025 1 128 0 -1
ciMethod java/awt/Toolkit$SelectiveAWTEventListener eventDispatched (Ljava/awt/AWTEvent;)V 4097 1 9731 0 -1
ciMethod java/awt/Toolkit$ToolkitEventMulticaster eventDispatched (Ljava/awt/AWTEvent;)V 4097 1 6656 0 624
ciMethodData sun/util/logging/PlatformLogger isLoggable (Lsun/util/logging/PlatformLogger$Level;)Z 2 172959 orig 320 168 222 108 50 249 127 0 0 72 66 8 0 8 0 0 0 240 1 0 0 32 0 0 0 0 0 0 0 0 0 0 0 0 0 0 0 0 0 0 0 0 0 0 0 0 0 0 0 0 0 0 0 0 0 0 0 0 0 0 0 0 0 0 0 0 0 0 0 0 0 0 0 0 77 68 79 32 101 120 116 114 97 32 100 97 116 97 32 108 111 99 107 0 0 0 0 0 0 0 0 0 0 0 0 0 0 0 0 0 0 0 0 0 0 0 0 0 0 0 0 0 0 0 0 0 0 0 0 0 0 0 0 0 0 0 0 0 0 0 0 0 0 0 0 0 0 0 0 0 0 0 0 0 0 0 0 0 0 0 0 0 0 0 0 0 0 0 0 0 0 0 0 0 0 0 0 0 0 0 0 0 0 0 0 0 0 0 0 0 0 0 0 0 0 0 0 0 0 0 0 0 0 0 0 0 0 0 0 0 0 0 0 0 0 0 0 0 0 0 0 0 0 0 0 25 0 0 0 0 0 0 0 0 0 0 0 0 0 0 0 1 0 0 0 0 0 0 0 0 0 0 0 0 0 0 0 4 1 0 0 217 20 21 0 1 0 0 0 0 0 0 0 0 0 0 0 0 0 0 0 248 3 0 0 248 31 0 0 2 0 0 0 0 0 5 0 2 0 0 0 0 0 0 0 104 0 0 0 254 255 255 255 7 0 1 0 0 0 0 0 data 23 0x10007 0x2a29b 0x30 0x0 0x80002 0x0 0x110005 0x0 0x0 0x1d033b5d070 0x2a29b 0x0 0x0 0x0 0x0 0x0 0x0 0x0 0x0 0x9 0x2 0x0 0xffffffffffffffff oops 1 9 jdk/internal/logger/LazyLoggers$JdkLazyLogger methods 0
ciMethod java/awt/event/KeyEvent getKeyCode ()I 1033 1 129 0 -1
ciMethod java/awt/event/KeyEvent getKeyChar ()C 1025 1 128 0 -1
ciMethod java/awt/event/KeyEvent setKeyChar (C)V 0 0 1 0 -1
ciMethod java/awt/event/KeyEvent setModifiers (I)V 0 0 1 0 -1
ciMethod java/awt/event/KeyEvent isActionKey ()Z 0 0 1 0 -1
ciMethod java/awt/event/InvocationEvent getWhen ()J 745 1 93 0 -1
ciMethod java/awt/event/InputMethodEvent getWhen ()J 0 0 1 0 -1
ciMethod java/awt/event/ActionEvent getActionCommand ()Ljava/lang/String; 1025 1 128 0 -1
ciMethod java/awt/event/ActionEvent getWhen ()J 825 1 103 0 -1
ciMethod java/awt/event/ActionEvent getModifiers ()I 1025 1 128 0 -1
ciMethod java/awt/event/ItemEvent getItem ()Ljava/lang/Object; 0 0 1 0 -1
ciMethod java/awt/event/ItemEvent getStateChange ()I 1033 1 129 0 -1
ciMethod sun/awt/dnd/SunDropTargetEvent dispatch ()V 0 0 1 0 -1
ciMethod java/awt/event/FocusEvent <init> (Ljava/awt/Component;IZLjava/awt/Component;Ljava/awt/event/FocusEvent$Cause;)V 1921 1 762 0 -1
ciMethod java/awt/event/FocusEvent isTemporary ()Z 1025 1 128 0 -1
ciMethod java/awt/event/FocusEvent getOppositeComponent ()Ljava/awt/Component; 177 1 1178 0 -1
ciMethod java/awt/event/FocusEvent getCause ()Ljava/awt/event/FocusEvent$Cause; 665 1 83 0 -1
ciMethod java/awt/event/MouseWheelEvent <init> (Ljava/awt/Component;IJIIIIIIZIIID)V 2049 1 701 0 -1
ciMethod java/awt/event/MouseWheelEvent getScrollType ()I 1033 1 129 0 -1
ciMethod java/awt/event/MouseWheelEvent getScrollAmount ()I 1025 1 128 0 -1
ciMethod java/awt/event/MouseWheelEvent getWheelRotation ()I 1025 1 128 0 -1
ciMethod java/awt/event/MouseWheelEvent getPreciseWheelRotation ()D 1025 1 128 0 -1
ciMethodData sun/awt/SunToolkit isTouchKeyboardAutoShowEnabled ()Z 2 20733 orig 320 168 222 108 50 249 127 0 0 112 188 53 51 208 1 0 0 88 1 0 0 0 0 0 0 0 0 0 0 0 0 0 0 0 0 0 0 0 0 0 0 0 0 0 0 0 0 0 0 0 0 0 0 0 0 0 0 0 0 0 0 0 0 0 0 0 0 0 0 0 0 0 0 0 77 68 79 32 101 120 116 114 97 32 100 97 116 97 32 108 111 99 107 0 0 0 0 0 0 0 0 0 0 0 0 0 0 0 0 0 0 0 0 0 0 0 0 0 0 0 0 0 0 0 0 0 0 0 0 0 0 0 0 0 0 0 0 0 0 0 0 0 0 0 0 0 0 0 0 0 0 0 0 0 0 0 0 0 0 0 0 0 0 0 0 0 0 0 0 0 0 0 0 0 0 0 0 0 0 0 0 0 0 0 0 0 0 0 0 0 0 0 0 0 0 0 0 0 0 0 0 0 0 0 0 0 0 0 0 0 0 0 0 0 0 0 0 0 0 0 0 0 0 0 0 0 0 0 0 0 0 0 0 0 0 0 0 0 0 0 0 0 0 0 0 0 0 0 0 0 0 0 0 0 0 0 0 9 1 0 0 161 127 2 0 1 0 0 0 0 0 0 0 0 0 0 0 0 0 0 0 248 3 0 0 248 31 0 0 2 0 0 0 0 0 3 0 1 0 0 0 0 0 0 0 0 0 0 0 254 255 255 255 0 0 0 0 0 0 0 0 data 4 0x0 0x0 0x9 0x0 oops 0 methods 0
ciMethodData java/awt/Component dispatchEventImpl (Ljava/awt/AWTEvent;)V 2 21770 orig 320 168 222 108 50 249 127 0 0 168 89 46 51 208 1 0 0 16 27 0 0 72 7 0 0 0 0 0 0 0 0 0 0 0 0 0 0 0 0 0 0 0 0 0 0 0 0 0 0 0 0 0 0 0 0 0 0 0 0 0 0 0 0 0 0 0 0 0 0 0 0 0 0 0 77 68 79 32 101 120 116 114 97 32 100 97 116 97 32 108 111 99 107 0 0 0 0 0 0 0 0 0 0 0 0 0 0 0 0 0 0 0 0 0 0 0 0 0 0 0 0 0 0 0 0 0 0 0 0 0 0 0 0 0 0 0 0 0 0 0 0 0 0 0 0 4 0 0 0 0 0 0 0 0 0 0 0 0 0 0 0 0 0 0 0 4 0 0 0 0 0 1 0 0 0 0 0 0 0 0 0 0 0 1 0 0 0 0 0 0 0 0 0 0 0 0 0 0 0 0 0 0 0 0 0 0 0 0 0 0 0 0 0 0 0 0 0 0 0 0 0 0 0 0 0 0 0 0 0 0 0 0 0 0 0 0 0 0 0 0 0 0 0 0 0 0 0 0 0 0 0 0 0 0 0 0 0 8 1 0 0 17 160 2 0 1 0 0 0 2 64 0 0 0 0 0 0 0 0 0 0 248 3 0 0 248 31 0 0 2 0 0 0 1 0 192 0 2 0 0 0 0 0 0 0 40 25 0 0 254 255 255 255 5 0 1 0 0 0 0 0 data 827 0x10005 0x3424 0x0 0x1d03e31a1d0 0x1fdc 0x1d03e31a280 0x2 0xb0007 0x0 0x148 0x5402 0xf0002 0x5402 0x120005 0x0 0x0 0x1d03e31a330 0x5402 0x0 0x0 0x150007 0x5402 0xe0 0x0 0x1e0005 0x0 0x0 0x0 0x0 0x0 0x0 0x210007 0x0 0x88 0x0 0x28000a 0x0 0x3 0x0 0x0 0x1d033aa9cd0 0x2d0005 0x0 0x0 0x0 0x0 0x0 0x0 0x360005 0x0 0x0 0x1d03e31a3e0 0x5402 0x0 0x0 0x390007 0x5402 0x90 0x0 0x490004 0x0 0x0 0x0 0x0 0x0 0x0 0x4a0005 0x0 0x0 0x0 0x0 0x0 0x0 0x4e0004 0xffffffffffffacd9 0x0 0x1d03e31a1d0 0x22e 0x1d03e31a490 0x2 0x510007 0xdb 0x30 0x5327 0x550002 0x5327 0x590004 0xffffffffffffabfe 0x0 0x1d03e31a1d0 0x22e 0x1d03e31a490 0x2 0x5c0007 0x5402 0x90 0x0 0x600004 0x0 0x0 0x0 0x0 0x0 0x0 0x630005 0x0 0x0 0x0 0x0 0x0 0x0 0x6b0007 0x138 0xb8 0x52ca 0x720007 0x29b2 0x30 0x2918 0x760002 0x2918 0x7f0002 0x52ca 0x830005 0x0 0x0 0x1d03e31a540 0x52ca 0x0 0x0 0x860007 0x518b 0x20 0x13f 0x8b0004 0xffffffffffffadaa 0x0 0x1d03e31a1d0 0x22e 0x1d03e31a5f0 0x6d 0x8e0007 0x5256 0xe0 0x6d 0x970005 0x0 0x0 0x1d03e31a3e0 0x6d 0x0 0x0 0x9a0007 0x6d 0x88 0x0 0xa1000a 0x0 0x3 0x0 0x0 0x1d033aa9cd0 0xa60005 0x0 0x0 0x0 0x0 0x0 0x0 0xad0007 0x52b6 0x180 0xd 0xb20005 0x1 0x0 0x1d03e31a6a0 0x5 0x1d03e31a750 0x7 0xb50007 0x7 0x128 0x6 0xbc0007 0x0 0x108 0x6 0xc30005 0x0 0x0 0x1d03e31a800 0x6 0x0 0x0 0xc80007 0x0 0xb0 0x6 0xcd0004 0x0 0x0 0x1d03e31a8b0 0x6 0x0 0x0 0x8000000400d00005 0x0 0x0 0x1d03e31a6a0 0x5 0x1d03e31a960 0x3 0xd30007 0x0 0x20 0x8 0xd70002 0x52bd 0xdf0005 0x0 0x0 0x1d03e31aa10 0x52bd 0x0 0x0 0xe30005 0x32df 0x0 0x1d03e31a1d0 0x1fdc 0x1d03e31a280 0x2 0x8000000600e60007 0x3 0x150 0x52bb 0xea0004 0xffffffffffffadb0 0x0 0x1d03e31a1d0 0x22e 0x1d03e31a490 0x2 0xed0007 0x5250 0xf8 0x6b 0xf00002 0x6b 0xf50004 0x0 0x0 0x1d03e31aac0 0x6b 0x0 0x0 0xf80005 0x0 0x0 0x1d03e31a540 0x6b 0x0 0x0 0xfc0005 0x0 0x0 0x1d03e31aac0 0x6b 0x0 0x0 0xff0007 0x6b 0x20 0x0 0x1040005 0x527c 0x0 0x1d03e31ab70 0x8 0x1d03e31ac20 0x3a 0x1070007 0x155 0x398 0x5169 0x10b0004 0xffffffffffffae97 0x0 0x1d03e31a1d0 0x22e 0x1d03e31a490 0x2 0x10e0007 0x5169 0x78 0x0 0x1120004 0x0 0x0 0x0 0x0 0x0 0x0 0x1150007 0x0 0xd0 0x0 0x1190004 0xffffffffffffdd6f 0x0 0x1d03e31a1d0 0x22e 0x1d03e31a490 0x2 0x11c0007 0x2ed8 0x78 0x2291 0x1200004 0xffffffffffffddd6 0x0 0x1d03e31a1d0 0x22e 0x1d03e31a5f0 0x67 0x1230007 0x222a 0x378 0x67 0x1270005 0x2e24 0x0 0x1d03e31b4d0 0xa6 0x1d03e31b580 0x75 0x12e0007 0x1 0x1c8 0x2f3e 0x1340005 0x0 0x0 0x1d03e31b630 0x2f3e 0x0 0x0 0x1380005 0x43 0x0 0x1d03e31a5f0 0x66 0x1d03e31b6e0 0x2e95 0x13b0007 0x2f3b 0x138 0x3 0x13f0004 0xfffffffffffffffd 0x0 0x1d03e31b6e0 0x1 0x0 0x0 0x1420007 0x3 0xe0 0x0 0x14b0005 0x0 0x0 0x0 0x0 0x0 0x0 0x14e0007 0x0 0x88 0x0 0x155000a 0x0 0x3 0x0 0x0 0x1d033aa9cd0 0x15a0005 0x0 0x0 0x0 0x0 0x0 0x0 0x15e0003 0x2f3c 0x158 0x1650007 0x152 0x140 0x3 0x401690005 0x0 0x0 0x1d03e31b790 0x2 0x1d03e31b840 0x3 0x1700007 0x0 0xe8 0x5 0x1750004 0x0 0x0 0x1d03e31b630 0x5 0x0 0x0 0x1780007 0x0 0x90 0x5 0x17d0004 0x0 0x0 0x1d03e31b630 0x5 0x0 0x0 0x1800005 0x0 0x0 0x1d03e31b630 0x5 0x0 0x0 0x1840008 0x6 0x5272 0x260 0x26 0x40 0x25 0x40 0x1a10004 0x0 0x0 0x1d03e31b4d0 0x3 0x1d03e31b790 0x20 0x1a40007 0x0 0x38 0x4b 0x1a80003 0x4b 0x18 0x1af0004 0x0 0x0 0x1d03e31b4d0 0x3 0x1d03e31b790 0x20 0x1b60007 0x0 0x178 0x4b 0x1bc0004 0x0 0x0 0x1d03e31aac0 0x4b 0x0 0x0 0x1bf0005 0x28 0x0 0x1d03e31b4d0 0x3 0x1d03e31b790 0x20 0x1c30005 0x0 0x0 0x1d03e31aac0 0x4b 0x0 0x0 0x1c60007 0x4b 0xb0 0x0 0x1cf0005 0x0 0x0 0x0 0x0 0x0 0x0 0x1d20007 0x0 0x58 0x0 0x1db0005 0x0 0x0 0x0 0x0 0x0 0x0 0x1e30007 0x4 0xc8 0x52b9 0x1e80005 0x5277 0x0 0x1d03e31ab70 0x8 0x1d03e31ac20 0x3a 0x1eb0007 0x11b2 0x4b8 0x4107 0x1f00005 0x40ca 0x0 0x1d03e31ab70 0x5 0x1d03e31ac20 0x38 0x1f30003 0x4107 0x460 0x1fa0007 0x4 0xa8 0x0 0x1ff0004 0x0 0x0 0x0 0x0 0x0 0x0 0x2020005 0x0 0x0 0x0 0x0 0x0 0x0 0x2050003 0x0 0x3b8 0x2090004 0xfffffffffffffffe 0x0 0x1d03e31b6e0 0x2 0x0 0x0 0x20c0007 0x2 0x78 0x2 0x2100005 0x0 0x0 0x1d03e31b8f0 0x2 0x0 0x0 0x2130007 0x0 0x310 0x2 0x2170005 0x0 0x0 0x1d03e31a280 0x2 0x1d03e31b6e0 0x2 0x21e0007 0x2 0x2b8 0x2 0x2320005 0x0 0x0 0x1d03e31b8f0 0x2 0x0 0x0 0x2380005 0x0 0x0 0x1d03e31b9a0 0x3 0x0 0x0 0x23b0007 0x3 0x58 0x0 0x23f0005 0x0 0x0 0x0 0x0 0x0 0x0 0x2470008 0xa 0x3 0x1d0 0x0 0x60 0x0 0x60 0x0 0x60 0x0 0x60 0x26b0007 0x0 0xc8 0x0 0x26f0004 0x0 0x0 0x0 0x0 0x0 0x0 0x2740005 0x0 0x0 0x0 0x0 0x0 0x0 0x2770005 0x0 0x0 0x0 0x0 0x0 0x0 0x2810007 0x0 0xa8 0x0 0x2850004 0x0 0x0 0x0 0x0 0x0 0x0 0x28d0005 0x0 0x0 0x0 0x0 0x0 0x0 0x2900003 0x0 0x18 0x2940004 0xffffffffffffadad 0x0 0x1d03e31a1d0 0x22e 0x1d03e31a490 0x2 0x2970007 0x6b 0x230 0x5253 0x2a10004 0xffffffffffffae1c 0x0 0x1d03e31a1d0 0x22e 0x1d03e31a5f0 0x6f 0x2a40007 0x51e4 0x180 0x6f 0x2a90007 0x6 0x78 0x69 0x2ae0004 0xfffffffffffffffa 0x0 0x1d03e31a800 0x63 0x0 0x0 0x2b10007 0x6 0x108 0x63 0x2b50005 0x0 0x0 0x1d03e31a5f0 0x69 0x0 0x0 0x2b80004 0x0 0x0 0x1d03e31b790 0x4 0x1d03e31ba50 0x1d 0x2bf0007 0x0 0x78 0x69 0x2c40005 0x69 0x0 0x0 0x0 0x0 0x0 0x2cb0007 0x1 0x20 0x68 0x2d70007 0x1833 0x58 0x3a20 0x2dd0005 0x15d 0x0 0x1d03e31bb00 0x887 0x1d03e31a800 0x303c 0x2e20002 0x52be 0x2e50007 0x0 0x198 0x52be 0x2ea0004 0x0 0x0 0x1d03e31aa10 0x52be 0x0 0x0 0x2ed0007 0x0 0x140 0x52be 0x2f10004 0xffffffffffffdce7 0x0 0x1d03e31a1d0 0x22e 0x1d03e31a490 0x2 0x2f40007 0x2fa5 0x78 0x2319 0x2f80004 0xffffffffffffdd56 0x0 0x1d03e31a1d0 0x22e 0x1d03e31a5f0 0x6f 0x2fb0007 0x22aa 0x90 0x6f 0x3000004 0x0 0x0 0x1d03e31aa10 0x3014 0x0 0x0 0x3050005 0x0 0x0 0x1d03e31aa10 0x3014 0x0 0x0 0x0 0x0 0x0 0x0 0x0 0x0 0x0 0x0 0x0 0x0 0x0 0x0 0x0 0x0 0x0 0x0 0x0 0x0 0x9 0x2 0x0 0x0 oops 83 3 java/awt/event/ComponentEvent 5 java/awt/event/PaintEvent 16 sun/awt/AppContext 40 java/lang/String 51 sun/util/logging/PlatformLogger 76 java/awt/event/ComponentEvent 78 java/awt/event/HierarchyEvent 89 java/awt/event/ComponentEvent 91 java/awt/event/HierarchyEvent 126 java/awt/DefaultKeyboardFocusManager 137 java/awt/event/ComponentEvent 139 java/awt/event/FocusEvent 148 sun/util/logging/PlatformLogger 161 java/lang/String 176 widget/ButtonBig 178 widget/ScrollPane 191 sun/awt/NullComponentPeer 202 java/awt/event/MouseWheelEvent 209 widget/ButtonBig 211 widget/Table 222 sun/awt/windows/WToolkit 229 java/awt/event/ComponentEvent 231 java/awt/event/PaintEvent 240 java/awt/event/ComponentEvent 242 java/awt/event/HierarchyEvent 253 java/awt/event/KeyEvent 260 java/awt/DefaultKeyboardFocusManager 267 java/awt/event/KeyEvent 278 inventory/DlgCariObat2 280 javax/swing/JRootPane 289 java/awt/event/ComponentEvent 291 java/awt/event/HierarchyEvent 311 java/awt/event/ComponentEvent 313 java/awt/event/HierarchyEvent 322 java/awt/event/ComponentEvent 324 java/awt/event/FocusEvent 333 simrskhanza/frmUtama 335 usu/widget/glass/PanelGlass 344 sun/awt/im/InputMethodContext 351 java/awt/event/FocusEvent 353 java/awt/event/MouseEvent 362 java/awt/event/MouseEvent 386 java/lang/String 404 widget/PasswordBox 406 widget/TextBox 415 sun/awt/im/InputMethodContext 426 sun/awt/im/InputMethodContext 433 sun/awt/im/InputMethodContext 448 simrskhanza/frmUtama 450 widget/PasswordBox 462 simrskhanza/frmUtama 464 widget/PasswordBox 473 java/awt/event/KeyEvent 480 simrskhanza/frmUtama 482 widget/PasswordBox 487 java/awt/event/KeyEvent 520 inventory/DlgCariObat2 522 javax/swing/JRootPane 531 inventory/DlgCariObat2 533 javax/swing/JRootPane 562 java/awt/event/MouseEvent 573 javax/swing/PopupFactory$MediumWeightPopup$MediumWeightComponent 584 java/awt/event/PaintEvent 586 java/awt/event/MouseEvent 595 javax/swing/PopupFactory$MediumWeightPopup$MediumWeightComponent 602 java/awt/Event 678 java/awt/event/ComponentEvent 680 java/awt/event/HierarchyEvent 689 java/awt/event/ComponentEvent 691 java/awt/event/FocusEvent 704 sun/awt/NullComponentPeer 715 java/awt/event/FocusEvent 722 widget/PasswordBox 724 widget/Button 748 sun/awt/windows/WDialogPeer 750 sun/awt/NullComponentPeer 761 sun/awt/windows/WToolkit 772 java/awt/event/ComponentEvent 774 java/awt/event/HierarchyEvent 783 java/awt/event/ComponentEvent 785 java/awt/event/FocusEvent 794 sun/awt/windows/WToolkit 801 sun/awt/windows/WToolkit methods 0
ciMethodData java/awt/KeyboardFocusManager retargetFocusEvent (Ljava/awt/AWTEvent;)Ljava/awt/AWTEvent; 2 5377 orig 320 168 222 108 50 249 127 0 0 8 174 84 51 208 1 0 0 64 8 0 0 32 6 0 0 0 0 0 0 0 0 0 0 0 0 0 0 0 0 0 0 0 0 0 0 0 0 0 0 0 0 0 0 0 0 0 0 0 0 0 0 0 0 0 0 0 0 0 0 0 0 0 0 0 77 68 79 32 101 120 116 114 97 32 100 97 116 97 32 108 111 99 107 0 0 0 0 0 0 0 0 0 0 0 0 0 0 0 0 0 0 0 0 0 0 0 0 0 0 0 0 0 0 0 0 0 0 0 0 0 0 0 0 0 0 0 0 0 0 0 0 0 0 0 0 0 0 0 0 0 0 0 0 0 0 0 0 0 0 0 0 0 0 0 0 0 0 0 0 0 0 0 0 0 0 0 0 0 0 0 0 0 0 0 0 0 0 0 0 0 0 0 0 0 0 0 0 0 0 0 0 0 0 0 0 0 0 0 0 0 0 0 0 0 0 0 0 0 0 0 0 0 0 0 0 0 0 0 0 0 0 0 0 0 0 0 0 0 0 0 0 0 0 0 0 0 0 0 0 0 0 0 0 0 0 0 0 1 1 0 0 1 160 0 0 1 0 0 0 0 0 0 0 0 0 0 0 0 0 0 0 248 3 0 0 248 31 0 0 2 0 0 0 0 0 75 0 2 0 0 0 0 0 0 0 152 6 0 0 254 255 255 255 7 0 3 0 0 0 0 0 data 225 0x30007 0x13fc 0x20 0x4 0x80002 0x13fc 0x120005 0x0 0x0 0x1d03e31a3e0 0x13fc 0x0 0x0 0x150007 0x13fc 0x338 0x0 0x190004 0x0 0x0 0x0 0x0 0x0 0x0 0x1c0007 0x0 0x78 0x0 0x200004 0x0 0x0 0x0 0x0 0x0 0x0 0x230007 0x0 0xa0 0x0 0x320002 0x0 0x350004 0x0 0x0 0x0 0x0 0x0 0x0 0x360005 0x0 0x0 0x0 0x0 0x0 0x0 0x3f0005 0x0 0x0 0x0 0x0 0x0 0x0 0x420007 0x0 0x1b0 0x0 0x460004 0x0 0x0 0x0 0x0 0x0 0x0 0x490007 0x0 0x158 0x0 0x590005 0x0 0x0 0x0 0x0 0x0 0x0 0x5c0002 0x0 0x5f0004 0x0 0x0 0x0 0x0 0x0 0x0 0x600005 0x0 0x0 0x0 0x0 0x0 0x0 0x6f0002 0x0 0x720004 0x0 0x0 0x0 0x0 0x0 0x0 0x730005 0x0 0x0 0x0 0x0 0x0 0x0 0x7f0007 0x13fc 0x198 0x0 0x830005 0x0 0x0 0x0 0x0 0x0 0x0 0x890007 0x0 0x140 0x0 0x8d0004 0x0 0x0 0x0 0x0 0x0 0x0 0x920005 0x0 0x0 0x0 0x0 0x0 0x0 0x960005 0x0 0x0 0x0 0x0 0x0 0x0 0x990007 0x0 0x78 0x0 0x9d0005 0x0 0x0 0x0 0x0 0x0 0x0 0xa30007 0x0 0x20 0x0 0xb00003 0x13fc 0x18 0xba0002 0x13fc 0xbe0005 0x6a6 0x0 0x1d03e31a1d0 0xd55 0x1d03e31a280 0x1 0xc10008 0x6 0x13be 0x100 0x1f 0x40 0x1f 0xa0 0xdd0004 0x0 0x0 0x1d03e31a5f0 0x1f 0x0 0x0 0xe00002 0x1f 0xe40003 0x1f 0x78 0xe80004 0x0 0x0 0x1d03e31a5f0 0x1f 0x0 0x0 0xeb0002 0x1f 0xef0003 0x1f 0x18 0x0 0x0 0x0 0x0 0x0 0x0 0x0 0x0 0x0 0x0 0x0 0x9 0x1 0x0 oops 5 9 sun/util/logging/PlatformLogger 175 java/awt/event/ComponentEvent 177 java/awt/event/PaintEvent 190 java/awt/event/FocusEvent 202 java/awt/event/FocusEvent methods 0
ciMethodData java/awt/KeyboardFocusManager retargetFocusGained (Ljava/awt/event/FocusEvent;)Ljava/awt/event/FocusEvent; 1 218 orig 320 168 222 108 50 249 127 0 0 184 169 84 51 208 1 0 0 192 6 0 0 248 4 0 0 0 0 0 0 0 0 0 0 0 0 0 0 0 0 0 0 0 0 0 0 0 0 0 0 0 0 0 0 0 0 0 0 0 0 0 0 0 0 0 0 0 0 0 0 0 0 0 0 0 77 68 79 32 101 120 116 114 97 32 100 97 116 97 32 108 111 99 107 0 0 0 0 0 0 0 0 0 0 0 0 0 0 0 0 0 0 0 0 0 0 0 0 0 0 0 0 0 0 0 0 0 0 0 0 0 0 0 0 0 0 0 0 0 0 0 0 0 0 0 0 0 0 0 0 0 0 0 0 0 0 0 0 0 0 0 0 0 0 0 0 0 0 0 0 0 0 0 0 0 0 0 0 0 0 0 0 0 0 0 0 0 0 0 0 0 0 0 0 0 0 0 0 0 0 0 0 0 0 0 0 0 0 0 0 0 0 0 0 0 0 0 0 0 0 0 0 0 0 0 0 0 0 0 0 0 0 0 0 0 0 0 0 0 0 0 0 0 0 0 0 0 0 0 0 0 0 0 0 0 0 0 0 0 0 0 0 209 6 0 0 1 0 0 0 0 0 0 0 0 0 0 0 0 0 0 0 248 3 0 0 248 31 0 0 2 0 0 0 0 0 0 0 0 0 0 0 0 0 0 0 24 5 0 0 254 255 255 255 7 0 3 0 0 0 0 0 data 177 0x30007 0xda 0x88 0x0 0x70005 0x0 0x0 0x0 0x0 0x0 0x0 0xd0007 0x0 0x30 0x0 0x140002 0x0 0x180002 0xda 0x1b0005 0x0 0x0 0x1d03e31a540 0xda 0x0 0x0 0x200005 0x0 0x0 0x1d03e31a5f0 0xda 0x0 0x0 0x250005 0x0 0x0 0x1d03e31a5f0 0xda 0x0 0x0 0x2a0002 0xda 0x360002 0xda 0x400007 0xda 0x30 0x0 0x440002 0x0 0x4c0007 0x0 0xb8 0xda 0x510007 0xda 0x98 0x0 0x560007 0x0 0x78 0x0 0x5c0005 0x0 0x0 0x0 0x0 0x0 0x0 0x620007 0x0 0x20 0x0 0x700007 0x0 0x1f8 0xda 0x7a0007 0x0 0x1d8 0xda 0x800005 0x0 0x0 0x1d03d4ef3c0 0xda 0x0 0x0 0x890005 0x0 0x0 0x1d03d4ef3c0 0xda 0x0 0x0 0x8c0004 0x0 0x0 0x1d03b4f3fa0 0xda 0x0 0x0 0x990007 0xda 0x20 0x0 0xa20007 0x6a 0x50 0x70 0xa80002 0x70 0xab0007 0x70 0x38 0x0 0xaf0003 0x6a 0x18 0xbe0005 0x0 0x0 0x1d03d4ef3c0 0xda 0x0 0x0 0xc10007 0xcd 0x40 0xd 0xd00002 0xd 0xd30002 0xd 0xe70002 0xda 0xef0007 0x0 0xc8 0x0 0xf30005 0x0 0x0 0x0 0x0 0x0 0x0 0xf70007 0x0 0x70 0x0 0xfc0007 0x0 0x40 0x0 0x1050007 0x0 0x30 0x0 0x1150002 0x0 0x11d0002 0x0 0x0 0x0 0x0 0x0 0x0 0x0 0x0 0x0 0x0 0x0 0x0 0x9 0x1 0x0 oops 7 22 java/awt/DefaultKeyboardFocusManager 29 java/awt/event/FocusEvent 36 java/awt/event/FocusEvent 84 java/util/LinkedList 91 java/util/LinkedList 98 java/awt/KeyboardFocusManager$LightweightFocusRequest 122 java/util/LinkedList methods 0
ciMethodData java/awt/KeyboardFocusManager retargetFocusLost (Ljava/awt/event/FocusEvent;)Ljava/awt/event/FocusEvent; 1 218 orig 320 168 222 108 50 249 127 0 0 32 172 84 51 208 1 0 0 24 6 0 0 72 4 0 0 0 0 0 0 0 0 0 0 0 0 0 0 0 0 0 0 0 0 0 0 0 0 0 0 0 0 0 0 0 0 0 0 0 0 0 0 0 0 0 0 0 0 0 0 0 0 0 0 0 77 68 79 32 101 120 116 114 97 32 100 97 116 97 32 108 111 99 107 0 0 0 0 0 0 0 0 0 0 0 0 0 0 0 0 0 0 0 0 0 0 0 0 0 0 0 0 0 0 0 0 0 0 0 0 0 0 0 0 0 0 0 0 0 0 0 0 0 0 0 0 0 0 0 0 0 0 0 0 0 0 0 0 0 0 0 0 0 0 0 0 0 0 0 0 0 0 0 0 0 0 0 0 0 0 0 0 0 0 0 0 0 0 0 0 0 0 0 0 0 0 0 0 0 0 0 0 0 0 0 0 0 0 0 0 0 0 0 0 0 0 0 0 0 0 0 0 0 0 0 0 0 0 0 0 0 0 0 0 0 0 0 0 0 0 0 0 0 0 0 0 0 0 0 0 0 0 0 0 0 0 0 0 0 0 0 0 209 6 0 0 1 0 0 0 0 0 0 0 0 0 0 0 0 0 0 0 248 3 0 0 248 31 0 0 2 0 0 0 0 0 0 0 0 0 0 0 0 0 0 0 104 4 0 0 254 255 255 255 7 0 3 0 0 0 0 0 data 156 0x30007 0xda 0x88 0x0 0x70005 0x0 0x0 0x0 0x0 0x0 0x0 0xd0007 0x0 0x30 0x0 0x140002 0x0 0x180002 0xda 0x1b0005 0x0 0x0 0x1d03e31a540 0xda 0x0 0x0 0x200005 0x0 0x0 0x1d03e31a5f0 0xda 0x0 0x0 0x250002 0xda 0x300002 0xda 0x3a0007 0xbb 0x88 0x1f 0x3e0007 0x0 0x310 0x1f 0x440005 0x0 0x0 0x1d03d4ef3c0 0x1f 0x0 0x0 0x550002 0x1f 0x5d0007 0x9e 0x50 0x1d 0x610007 0x0 0x30 0x1d 0x710002 0x1d 0x7f0007 0x2e 0x1a0 0x70 0x880007 0x70 0x98 0x0 0x8c0007 0x0 0x160 0x0 0x920005 0x0 0x0 0x0 0x0 0x0 0x0 0x980007 0x0 0x108 0x0 0x9c0007 0x70 0x20 0x0 0xa90005 0x0 0x0 0x1d03d4ef3c0 0x70 0x0 0x0 0xac0004 0x0 0x0 0x1d03b4f3fa0 0x70 0x0 0x0 0xb30002 0x70 0xb60007 0x70 0x38 0x0 0xba0003 0x0 0x18 0xd80002 0x70 0xe10002 0x2e 0xe40007 0x0 0xa8 0x2e 0xe80005 0x0 0x0 0x1d03e31a5f0 0x2e 0x0 0x0 0xeb0007 0x2e 0x50 0x0 0xef0007 0x0 0x30 0x0 0xff0002 0x0 0x1090002 0x0 0x0 0x0 0x0 0x0 0x0 0x0 0x0 0x0 0x0 0x0 0x0 0x0 0x9 0x1 0x0 oops 6 22 java/awt/DefaultKeyboardFocusManager 29 java/awt/event/FocusEvent 48 java/util/LinkedList 94 java/util/LinkedList 101 java/awt/KeyboardFocusManager$LightweightFocusRequest 125 java/awt/event/FocusEvent methods 0
ciMethodData java/awt/EventQueue setCurrentEventAndMostRecentTime (Ljava/awt/AWTEvent;)V 2 21787 orig 320 168 222 108 50 249 127 0 0 136 174 71 51 208 1 0 0 200 1 0 0 0 0 0 0 0 0 0 0 0 0 0 0 0 0 0 0 0 0 0 0 0 0 0 0 0 0 0 0 0 0 0 0 0 0 0 0 0 0 0 0 0 0 0 0 0 0 0 0 0 0 0 0 0 77 68 79 32 101 120 116 114 97 32 100 97 116 97 32 108 111 99 107 0 0 0 0 0 0 0 0 0 0 0 0 0 0 0 0 0 0 0 0 0 0 0 0 0 0 0 0 0 0 0 0 0 0 0 0 0 0 0 0 0 0 0 0 0 0 0 0 0 0 0 0 0 0 0 0 0 0 0 0 0 0 0 0 0 0 0 0 0 0 0 0 0 0 0 0 0 0 0 0 0 0 0 0 0 0 0 0 0 0 0 0 0 0 0 0 0 0 0 0 0 0 0 0 0 0 0 0 0 0 0 0 0 0 0 0 0 0 0 0 0 0 0 0 0 0 0 0 0 0 0 0 0 0 0 0 0 0 0 0 0 0 0 0 0 0 0 0 0 0 0 0 0 0 0 0 0 0 0 0 0 0 0 0 147 1 0 0 65 156 2 0 1 0 0 0 0 0 0 0 0 0 0 0 0 0 0 0 248 3 0 0 248 31 0 0 2 0 0 0 0 0 26 0 2 0 0 0 0 0 0 0 72 0 0 0 254 255 255 255 2 0 0 0 0 0 0 0 data 18 0x2 0x5388 0x40005 0x5388 0x0 0x0 0x0 0x0 0x0 0x0 0x0 0x0 0x0 0x0 0x0 0x9 0x1 0x0 oops 0 methods 0
ciMethodData java/awt/Toolkit notifyAWTEventListeners (Ljava/awt/AWTEvent;)V 2 5632 orig 320 168 222 108 50 249 127 0 0 152 1 48 51 208 1 0 0 224 2 0 0 200 0 0 0 0 0 0 0 0 0 0 0 0 0 0 0 0 0 0 0 0 0 0 0 0 0 0 0 0 0 0 0 0 0 0 0 0 0 0 0 0 0 0 0 0 0 0 0 0 0 0 0 0 77 68 79 32 101 120 116 114 97 32 100 97 116 97 32 108 111 99 107 0 0 0 0 0 0 0 0 0 0 0 0 0 0 0 0 0 0 0 0 0 0 0 0 0 0 0 0 0 0 0 0 0 0 0 0 0 0 0 0 0 0 0 0 0 0 0 0 0 0 0 0 0 0 0 0 0 0 0 0 0 0 0 0 0 0 0 0 0 0 0 0 0 0 0 0 0 0 0 0 0 0 0 0 0 0 0 0 0 0 0 0 0 0 0 0 0 0 0 0 0 0 0 0 0 0 0 0 0 0 0 0 0 0 0 0 0 0 0 0 0 0 0 0 0 0 0 0 0 0 0 0 0 0 0 0 0 0 0 0 0 0 0 0 0 0 0 0 0 0 0 0 0 0 0 0 0 0 0 0 0 0 0 0 0 2 0 0 1 160 0 0 1 0 0 0 0 0 0 0 0 0 0 0 0 0 0 0 248 3 0 0 248 31 0 0 2 0 0 0 0 0 8 0 2 0 0 0 0 0 0 0 88 1 0 0 254 255 255 255 4 0 1 0 0 0 0 0 data 53 0x10004 0xffffffffffffec00 0x0 0x1d03e31aa10 0x8d 0x0 0x0 0x40007 0x1400 0xc8 0x0 0x80004 0x0 0x0 0x0 0x0 0x0 0x0 0xb0005 0x0 0x0 0x0 0x0 0x0 0x0 0xf0005 0x0 0x0 0x0 0x0 0x0 0x0 0x190007 0x0 0x58 0x1400 0x1e0005 0x0 0x0 0x1d03d5d7470 0x352 0x1d03d5d7520 0x10ae 0x0 0x0 0x0 0x0 0x0 0x0 0x9 0x2 0x0 0x0 oops 3 3 sun/awt/windows/WToolkit 39 java/awt/Toolkit$SelectiveAWTEventListener 41 java/awt/Toolkit$ToolkitEventMulticaster methods 0
ciMethodData java/awt/Component autoProcessMouseWheel (Ljava/awt/event/MouseWheelEvent;)V 1 0 orig 320 168 222 108 50 249 127 0 0 88 90 46 51 208 1 0 0 96 1 0 0 0 0 0 0 0 0 0 0 0 0 0 0 0 0 0 0 0 0 0 0 0 0 0 0 0 0 0 0 0 0 0 0 0 0 0 0 0 0 0 0 0 0 0 0 0 0 0 0 0 0 0 0 0 77 68 79 32 101 120 116 114 97 32 100 97 116 97 32 108 111 99 107 0 0 0 0 0 0 0 0 0 0 0 0 0 0 0 0 0 0 0 0 0 0 0 0 0 0 0 0 0 0 0 0 0 0 0 0 0 0 0 0 0 0 0 0 0 0 0 0 0 0 0 0 0 0 0 0 0 0 0 0 0 0 0 0 0 0 0 0 0 0 0 0 0 0 0 0 0 0 0 0 0 0 0 0 0 0 0 0 0 0 0 0 0 0 0 0 0 0 0 0 0 0 0 0 0 0 0 0 0 0 0 0 0 0 0 0 0 0 0 0 0 0 0 0 0 0 0 0 0 0 0 0 0 0 0 0 0 0 0 0 0 0 0 0 0 0 0 0 0 0 0 0 0 0 0 0 0 0 0 0 0 0 0 0 0 0 0 0 1 0 0 0 1 0 0 0 0 0 0 0 0 0 0 0 0 0 0 0 248 3 0 0 248 31 0 0 2 0 0 0 0 0 0 0 0 0 0 0 0 0 0 0 0 0 0 0 254 255 255 255 0 0 0 0 0 0 0 0 data 5 0x0 0x9 0x2 0x0 0x0 oops 0 methods 0
ciMethodData java/awt/AWTEvent convertToOld ()Ljava/awt/Event; 1 6 orig 320 168 222 108 50 249 127 0 0 200 165 63 51 208 1 0 0 216 14 0 0 200 12 0 0 0 0 0 0 0 0 0 0 0 0 0 0 0 0 0 0 0 0 0 0 0 0 0 0 0 0 0 0 0 0 0 0 0 0 0 0 0 0 0 0 0 0 0 0 0 0 0 0 0 77 68 79 32 101 120 116 114 97 32 100 97 116 97 32 108 111 99 107 0 0 0 0 0 0 0 0 0 0 0 0 0 0 0 0 0 0 0 0 0 0 0 0 0 0 0 0 0 0 0 0 0 0 0 0 0 0 0 0 0 0 0 0 0 0 0 0 0 0 0 0 0 0 0 0 0 0 0 0 0 0 0 0 0 0 0 0 0 0 0 0 0 0 0 0 0 0 0 0 0 0 0 0 0 0 0 0 0 0 0 0 0 0 0 0 0 0 0 0 0 0 0 0 0 0 0 0 0 0 0 0 0 0 0 0 0 0 0 0 0 0 0 0 0 0 0 0 0 0 0 0 0 0 0 0 0 0 0 0 0 0 0 0 0 0 0 0 0 0 0 0 0 0 0 0 0 0 0 0 0 0 0 0 0 0 0 0 49 0 0 0 1 0 0 0 0 0 0 0 0 0 0 0 0 0 0 0 248 3 0 0 248 31 0 0 2 0 0 0 0 0 0 0 0 0 0 0 0 0 0 0 56 13 0 0 254 255 255 255 5 0 1 0 0 0 0 0 data 436 0x10005 0x3 0x0 0x1d03e31a280 0x2 0x1d03d779480 0x1 0xe0008 0x24 0x3 0xd00 0x0 0x4b0 0x0 0x4a0 0x0 0x4a0 0x0 0x4a0 0x0 0x130 0x0 0x130 0x0 0x320 0x0 0x320 0x1 0x320 0x1 0x320 0x1 0x320 0x0 0x320 0x0 0xae0 0x0 0x858 0x0 0x5e0 0x0 0x480 0x0 0x490 0xa10004 0x0 0x0 0x0 0x0 0x0 0x0 0xa60005 0x0 0x0 0x0 0x0 0x0 0x0 0xa90007 0x0 0x58 0x0 0xb30007 0x0 0x38 0x0 0xb90003 0x0 0x18 0xc10005 0x0 0x0 0x0 0x0 0x0 0x0 0xca0007 0x0 0x60 0x0 0xd10007 0x0 0x40 0x0 0xd80007 0x0 0x20 0x0 0xe30005 0x0 0x0 0x0 0x0 0x0 0x0 0xea0002 0x0 0xee0005 0x0 0x0 0x0 0x0 0x0 0x0 0xf40002 0x0 0xf90004 0x0 0x0 0x1d03e31b6e0 0x3 0x0 0x0 0x1050005 0x0 0x0 0x1d03e31b6e0 0x3 0x0 0x0 0x10b0005 0x0 0x0 0x1d03e31b6e0 0x3 0x0 0x0 0x1100005 0x0 0x0 0x1d03e31b6e0 0x3 0x0 0x0 0x1160005 0x0 0x0 0x1d03e31b6e0 0x3 0x0 0x0 0x11c0002 0x3 0x1250005 0x0 0x0 0x1d03e31b6e0 0x3 0x0 0x0 0x1370002 0x0 0x1440002 0x0 0x14f0002 0x0 0x1540004 0x0 0x0 0x0 0x0 0x0 0x0 0x1570007 0x0 0x78 0x0 0x15b0004 0x0 0x0 0x0 0x0 0x0 0x0 0x15e0007 0x0 0x7c0 0x0 0x1620004 0x0 0x0 0x0 0x0 0x0 0x0 0x1650005 0x0 0x0 0x0 0x0 0x0 0x0 0x17f0002 0x0 0x1840004 0x0 0x0 0x0 0x0 0x0 0x0 0x18a0004 0x0 0x0 0x0 0x0 0x0 0x0 0x18d0007 0x0 0xa8 0x0 0x1910004 0x0 0x0 0x0 0x0 0x0 0x0 0x1940005 0x0 0x0 0x0 0x0 0x0 0x0 0x1990003 0x0 0x130 0x19d0004 0x0 0x0 0x0 0x0 0x0 0x0 0x1a00007 0x0 0xa8 0x0 0x1a40004 0x0 0x0 0x0 0x0 0x0 0x0 0x1a70005 0x0 0x0 0x0 0x0 0x0 0x0 0x1ac0003 0x0 0x50 0x1b10005 0x0 0x0 0x0 0x0 0x0 0x0 0x1c20005 0x0 0x0 0x0 0x0 0x0 0x0 0x1c70002 0x0 0x1cc0004 0x0 0x0 0x0 0x0 0x0 0x0 0x1d20004 0x0 0x0 0x0 0x0 0x0 0x0 0x1d50007 0x0 0xe0 0x0 0x1da0005 0x0 0x0 0x0 0x0 0x0 0x0 0x1de0007 0x0 0x38 0x0 0x1e40003 0x0 0x18 0x1ed0005 0x0 0x0 0x0 0x0 0x0 0x0 0x1f20003 0x0 0x140 0x1fa0004 0x0 0x0 0x0 0x0 0x0 0x0 0x1fd0007 0x0 0x70 0x0 0x2020005 0x0 0x0 0x0 0x0 0x0 0x0 0x2070003 0x0 0x98 0x20c0005 0x0 0x0 0x0 0x0 0x0 0x0 0x2100007 0x0 0x38 0x0 0x2140003 0x0 0x18 0x2180002 0x0 0x2250002 0x0 0x22a0004 0x0 0x0 0x0 0x0 0x0 0x0 0x2310005 0x0 0x0 0x0 0x0 0x0 0x0 0x2340008 0xc 0x0 0x158 0x0 0x70 0x0 0x88 0x0 0xb8 0x0 0xa0 0x0 0xd0 0x25c0003 0x0 0xe8 0x2630003 0x0 0xd0 0x26a0003 0x0 0xb8 0x2710003 0x0 0xa0 0x2760005 0x0 0x0 0x0 0x0 0x0 0x0 0x2790007 0x0 0x38 0x0 0x2800003 0x0 0x30 0x2870003 0x0 0x18 0x2940005 0x0 0x0 0x0 0x0 0x0 0x0 0x2970002 0x0 0x29a0002 0x0 0x0 0x0 0x0 0x0 0x0 0x0 0x0 0x0 0x0 0x0 0x9 0x1 0x0 oops 8 3 java/awt/event/PaintEvent 5 sun/awt/event/IgnorePaintEvent 110 java/awt/event/MouseEvent 117 java/awt/event/MouseEvent 124 java/awt/event/MouseEvent 131 java/awt/event/MouseEvent 138 java/awt/event/MouseEvent 147 java/awt/event/MouseEvent methods 0
ciMethod java/awt/event/WindowEvent <init> (Ljava/awt/Window;ILjava/awt/Window;)V 0 0 25 0 -1
ciMethod java/awt/event/WindowEvent getWindow ()Ljava/awt/Window; 1 1 371 0 -1
ciMethod java/awt/event/WindowEvent getOppositeWindow ()Ljava/awt/Window; 0 0 247 0 -1
ciMethodData java/awt/AWTKeyStroke getCachedStroke (CIIZ)Ljava/awt/AWTKeyStroke; 2 5382 orig 320 168 222 108 50 249 127 0 0 8 181 85 51 208 1 0 0 240 4 0 0 240 1 0 0 0 0 0 0 0 0 0 0 0 0 0 0 0 0 0 0 0 0 0 0 0 0 0 0 0 0 0 0 0 0 0 0 0 0 0 0 0 0 0 0 0 0 0 0 0 0 0 0 0 77 68 79 32 101 120 116 114 97 32 100 97 116 97 32 108 111 99 107 0 0 0 0 0 0 0 0 0 0 0 0 0 0 0 0 0 0 0 0 0 0 0 0 0 0 0 0 0 0 0 0 0 0 0 0 0 0 0 0 0 0 0 0 0 0 0 0 0 0 0 0 0 0 0 0 0 0 0 0 0 0 0 0 0 0 0 0 0 0 0 0 0 0 0 0 0 0 0 0 0 0 0 0 0 0 0 0 0 0 0 0 0 0 0 0 0 0 0 0 0 0 0 0 0 0 0 0 0 0 0 0 0 0 0 0 0 0 0 0 0 0 0 0 0 0 0 0 0 0 0 0 0 0 0 0 0 0 0 0 0 0 0 0 0 0 0 0 0 0 0 0 0 0 0 0 0 0 0 0 0 0 0 0 2 1 0 0 33 160 0 0 1 0 0 0 0 0 0 0 0 0 0 0 0 0 0 0 248 3 0 0 248 31 0 0 2 0 0 0 0 0 17 0 2 0 0 0 0 0 0 0 88 3 0 0 254 255 255 255 2 0 0 0 0 0 0 0 data 119 0x2 0x1404 0x60005 0x1404 0x0 0x0 0x0 0x0 0x0 0x90004 0x0 0x0 0x1d03b84d6b0 0x1404 0x0 0x0 0xe0002 0x1404 0x140005 0x1404 0x0 0x0 0x0 0x0 0x0 0x170104 0x0 0x0 0x1d03b84d520 0x1353 0x0 0x0 0x1e0007 0x1404 0x78 0x0 0x250002 0x0 0x2a0002 0x0 0x320005 0x0 0x0 0x0 0x0 0x0 0x0 0x380007 0x1353 0xb0 0xb1 0x3b0002 0xb1 0x3e0005 0x0 0x0 0x1d03d778320 0xb1 0x0 0x0 0x450002 0xb1 0x4d0005 0xb1 0x0 0x0 0x0 0x0 0x0 0x600002 0x1404 0x630002 0x1404 0x730005 0x0 0x0 0x1d03b84d6b0 0x1404 0x0 0x0 0x780104 0x0 0x0 0x1d03b84d520 0x1354 0x0 0x0 0x7f0007 0x1354 0xa0 0xb0 0x8c0005 0x0 0x0 0x1d03b84d6b0 0xb0 0x0 0x0 0x920002 0xb0 0x980005 0xb0 0x0 0x0 0x0 0x0 0x0 0x0 0x0 0x0 0x0 0x0 0x0 0x9 0x4 0x0 0x0 0x0 0x0 oops 6 12 java/util/HashMap 28 javax/swing/KeyStroke 56 javax/swing/KeyStroke$1 76 java/util/HashMap 83 javax/swing/KeyStroke 94 java/util/HashMap methods 0
ciMethod sun/awt/NullComponentPeer handlesWheelScrolling ()Z 49 1 6 0 0
ciMethod java/awt/im/InputContext dispatchEvent (Ljava/awt/AWTEvent;)V 0 0 1 0 -1
ciMethod sun/awt/im/InputMethodContext useBelowTheSpotInput ()Z 0 0 93 0 -1
ciMethod sun/awt/im/InputMethodContext dispatchEvent (Ljava/awt/AWTEvent;)V 2049 1 5377 0 2672
ciMethod sun/awt/im/InputMethodContext getCompositionAreaHandler (Z)Lsun/awt/im/CompositionAreaHandler; 0 0 1 0 -1
ciMethod sun/awt/im/InputContext dispatchEvent (Ljava/awt/AWTEvent;)V 2049 1 5377 0 -1
ciMethod sun/awt/im/InputContext disableNativeIM ()V 0 0 6 0 0
ciMethod sun/awt/im/InputContext getInputMethod ()Ljava/awt/im/spi/InputMethod; 1 1 5383 0 -1
ciMethod sun/awt/im/InputMethodAdapter stopListening ()V 0 0 1 0 -1
ciMethodData java/awt/Toolkit getDefaultToolkit ()Ljava/awt/Toolkit; 2 63752 orig 320 168 222 108 50 249 127 0 0 32 217 47 51 208 1 0 0 248 1 0 0 0 0 0 0 0 0 0 0 0 0 0 0 0 0 0 0 0 0 0 0 0 0 0 0 0 0 0 0 0 0 0 0 0 0 0 0 0 0 0 0 0 0 0 0 0 0 0 0 0 0 0 0 0 77 68 79 32 101 120 116 114 97 32 100 97 116 97 32 108 111 99 107 0 0 0 0 0 0 0 0 0 0 0 0 0 0 0 0 0 0 0 0 0 0 0 0 0 0 0 0 0 0 0 0 0 0 0 0 0 0 0 0 0 0 0 0 0 0 0 0 0 0 0 0 0 0 0 0 0 0 0 0 0 0 0 0 0 0 0 0 0 0 0 0 0 0 0 0 0 0 0 0 0 0 0 0 0 0 0 0 0 0 0 0 0 0 0 0 0 0 0 0 0 0 0 0 0 0 0 0 0 0 0 0 0 0 0 0 0 0 0 0 0 0 0 0 0 0 0 0 0 0 0 0 25 0 0 0 0 0 0 0 0 0 0 0 0 0 0 0 0 0 0 0 0 0 0 0 0 0 0 0 0 0 0 0 216 0 0 0 129 193 7 0 1 0 0 0 0 0 0 0 0 0 0 0 0 0 0 0 248 3 0 0 248 31 0 0 2 0 0 0 0 0 23 0 2 0 0 0 0 0 0 0 128 0 0 0 254 255 255 255 7 0 3 0 0 0 0 0 data 24 0x30007 0xf830 0x80 0x0 0xa0002 0x0 0xd0002 0x0 0x110002 0x0 0x140007 0x0 0x30 0x0 0x170002 0x0 0x0 0x0 0x0 0x0 0x0 0x0 0x9 0x0 oops 0 methods 0
ciMethodData java/awt/Toolkit getEventQueue ()Ljava/awt/EventQueue; 2 85624 orig 320 168 222 108 50 249 127 0 0 32 238 47 51 208 1 0 0 192 1 0 0 0 0 0 0 0 0 0 0 0 0 0 0 0 0 0 0 0 0 0 0 0 0 0 0 0 0 0 0 0 0 0 0 0 0 0 0 0 0 0 0 0 0 0 0 0 0 0 0 0 0 0 0 0 77 68 79 32 101 120 116 114 97 32 100 97 116 97 32 108 111 99 107 0 0 0 0 0 0 0 0 0 0 0 0 0 0 0 0 0 0 0 0 0 0 0 0 0 0 0 0 0 0 0 0 0 0 0 0 0 0 0 0 0 0 0 0 0 0 0 0 0 0 0 0 0 0 0 0 0 0 0 0 0 0 0 0 0 0 0 0 0 0 0 0 0 0 0 0 0 0 0 0 0 0 0 0 0 0 0 0 0 0 0 0 0 0 0 0 0 0 0 0 0 0 0 0 0 0 0 0 0 0 0 0 0 0 0 0 0 0 0 0 0 0 0 0 0 0 0 0 0 0 0 0 17 0 0 0 0 0 0 0 0 0 0 0 0 0 0 0 0 0 0 0 0 0 0 0 0 0 0 0 0 0 0 0 23 1 0 0 9 107 10 0 1 0 0 0 0 0 0 0 0 0 0 0 0 0 0 0 248 3 0 0 248 31 0 0 2 0 0 0 0 0 25 0 2 0 0 0 0 0 0 0 72 0 0 0 254 255 255 255 2 0 0 0 0 0 0 0 data 17 0x2 0x14d61 0x30005 0x0 0x0 0x1d03e31aa10 0x14d61 0x0 0x0 0x0 0x0 0x0 0x0 0x0 0x0 0x9 0x0 oops 1 5 sun/awt/windows/WToolkit methods 0
ciMethodData java/awt/KeyboardFocusManager getCurrentKeyboardFocusManager ()Ljava/awt/KeyboardFocusManager; 2 149880 orig 320 168 222 108 50 249 127 0 0 56 83 84 51 208 1 0 0 152 1 0 0 0 0 0 0 0 0 0 0 0 0 0 0 0 0 0 0 0 0 0 0 0 0 0 0 0 0 0 0 0 0 0 0 0 0 0 0 0 0 0 0 0 0 0 0 0 0 0 0 0 0 0 0 0 77 68 79 32 101 120 116 114 97 32 100 97 116 97 32 108 111 99 107 0 0 0 0 0 0 0 0 0 0 0 0 0 0 0 0 0 0 0 0 0 0 0 0 0 0 0 0 0 0 0 0 0 0 0 0 0 0 0 0 0 0 0 0 0 0 0 0 0 0 0 0 0 0 0 0 0 0 0 0 0 0 0 0 0 0 0 0 0 0 0 0 0 0 0 0 0 0 0 0 0 0 0 0 0 0 0 0 0 0 0 0 0 0 0 0 0 0 0 0 0 0 0 0 0 0 0 0 0 0 0 0 0 0 0 0 0 0 0 0 0 0 0 0 0 0 0 0 0 0 0 0 17 0 0 0 0 0 0 0 0 0 0 0 0 0 0 0 0 0 0 0 0 0 0 0 0 0 0 0 0 0 0 0 0 1 0 0 193 67 18 0 1 0 0 0 0 0 0 0 0 0 0 0 0 0 0 0 248 3 0 0 248 31 0 0 2 0 0 0 0 0 8 0 2 0 0 0 0 0 0 0 32 0 0 0 254 255 255 255 2 0 0 0 0 0 0 0 data 12 0x2 0x24878 0x30002 0x24878 0x0 0x0 0x0 0x0 0x0 0x0 0x9 0x0 oops 0 methods 0
ciMethodData java/awt/KeyboardFocusManager getCurrentKeyboardFocusManager (Lsun/awt/AppContext;)Ljava/awt/KeyboardFocusManager; 2 5794 orig 320 168 222 108 50 249 127 0 0 16 84 84 51 208 1 0 0 88 2 0 0 0 0 0 0 0 0 0 0 0 0 0 0 0 0 0 0 0 0 0 0 0 0 0 0 0 0 0 0 0 0 0 0 0 0 0 0 0 0 0 0 0 0 0 0 0 0 0 0 0 0 0 0 0 77 68 79 32 101 120 116 114 97 32 100 97 116 97 32 108 111 99 107 0 0 0 0 0 0 0 0 0 0 0 0 0 0 0 0 0 0 0 0 0 0 0 0 0 0 0 0 0 0 0 0 0 0 0 0 0 0 0 0 0 0 0 0 0 0 0 0 0 0 0 0 0 0 0 0 0 0 0 0 0 0 0 0 0 0 0 0 0 0 0 0 0 0 0 0 0 0 0 0 0 0 0 0 0 0 0 0 0 0 0 0 0 0 0 0 0 0 0 0 0 0 0 0 0 0 0 0 0 0 0 0 0 0 0 0 0 0 0 0 0 0 0 0 0 0 0 0 0 0 0 0 0 0 0 0 0 0 0 0 0 0 0 0 0 0 0 0 0 0 0 0 0 0 0 0 0 0 0 0 0 0 0 0 0 1 0 0 17 173 0 0 1 0 0 0 0 0 0 0 0 0 0 0 0 0 0 0 248 3 0 0 248 31 0 0 2 0 0 0 0 0 6 0 2 0 0 0 0 0 0 0 216 0 0 0 254 255 255 255 5 0 3 0 0 0 0 0 data 36 0x30005 0x15a2 0x0 0x0 0x0 0x0 0x0 0x60004 0x0 0x0 0x1d03e31a540 0x15a2 0x0 0x0 0xb0007 0x15a2 0x68 0x0 0x120002 0x0 0x1a0005 0x0 0x0 0x0 0x0 0x0 0x0 0x0 0x0 0x0 0x0 0x0 0x0 0x9 0x1 0x0 oops 1 10 java/awt/DefaultKeyboardFocusManager methods 0
ciMethod java/awt/event/AdjustmentEvent getValue ()I 97 1 12 0 -1
ciMethod java/awt/event/AdjustmentEvent getAdjustmentType ()I 0 0 1 0 -1
ciMethod java/awt/event/AdjustmentEvent getValueIsAdjusting ()Z 0 0 1 0 -1
ciMethodData sun/awt/SunToolkit getSystemEventQueueImplPP (Lsun/awt/AppContext;)Ljava/awt/EventQueue; 2 8228 orig 320 168 222 108 50 249 127 0 0 80 161 53 51 208 1 0 0 240 1 0 0 0 0 0 0 0 0 0 0 0 0 0 0 0 0 0 0 0 0 0 0 0 0 0 0 0 0 0 0 0 0 0 0 0 0 0 0 0 0 0 0 0 0 0 0 0 0 0 0 0 0 0 0 0 77 68 79 32 101 120 116 114 97 32 100 97 116 97 32 108 111 99 107 0 0 0 0 0 0 0 0 0 0 0 0 0 0 0 0 0 0 0 0 0 0 0 0 0 0 0 0 0 0 0 0 0 0 0 0 0 0 0 0 0 0 0 0 0 0 0 0 0 0 0 0 0 0 0 0 0 0 0 0 0 0 0 0 0 0 0 0 0 0 0 0 0 0 0 0 0 0 0 0 0 0 0 0 0 0 0 0 0 0 0 0 0 0 0 0 0 0 0 0 0 0 0 0 0 0 0 0 0 0 0 0 0 0 0 0 0 0 0 0 0 0 0 0 0 0 0 0 0 0 0 0 17 0 0 0 0 0 0 0 0 0 0 0 0 0 0 0 0 0 0 0 0 0 0 0 0 0 0 0 0 0 0 0 128 1 0 0 33 245 0 0 1 0 0 0 0 0 0 0 0 0 0 0 0 0 0 0 248 3 0 0 248 31 0 0 2 0 0 0 0 0 3 0 2 0 0 0 0 0 0 0 112 0 0 0 254 255 255 255 5 0 4 0 0 0 0 0 data 23 0x40005 0x1ea4 0x0 0x0 0x0 0x0 0x0 0x70004 0x0 0x0 0x1d033d31da0 0x1ea4 0x0 0x0 0x0 0x0 0x0 0x0 0x0 0x0 0x9 0x1 0xc0 oops 1 10 java/awt/EventQueue methods 0
ciMethodData sun/awt/SunToolkit getSystemEventQueueImpl ()Ljava/awt/EventQueue; 2 6544 orig 320 168 222 108 50 249 127 0 0 240 159 53 51 208 1 0 0 144 1 0 0 0 0 0 0 0 0 0 0 0 0 0 0 0 0 0 0 0 0 0 0 0 0 0 0 0 0 0 0 0 0 0 0 0 0 0 0 0 0 0 0 0 0 0 0 0 0 0 0 0 0 0 0 0 77 68 79 32 101 120 116 114 97 32 100 97 116 97 32 108 111 99 107 0 0 0 0 0 0 0 0 0 0 0 0 0 0 0 0 0 0 0 0 0 0 0 0 0 0 0 0 0 0 0 0 0 0 0 0 0 0 0 0 0 0 0 0 0 0 0 0 0 0 0 0 0 0 0 0 0 0 0 0 0 0 0 0 0 0 0 0 0 0 0 0 0 0 0 0 0 0 0 0 0 0 0 0 0 0 0 0 0 0 0 0 0 0 0 0 0 0 0 0 0 0 0 0 0 0 0 0 0 0 0 0 0 0 0 0 0 0 0 0 0 0 0 0 0 0 0 0 0 0 0 0 0 0 0 0 0 0 0 0 0 0 0 0 0 0 0 0 0 0 0 0 0 0 0 0 0 0 0 0 0 0 0 0 129 1 0 0 121 192 0 0 1 0 0 0 0 0 0 0 0 0 0 0 0 0 0 0 248 3 0 0 248 31 0 0 2 0 0 0 0 0 3 0 2 0 0 0 0 0 0 0 16 0 0 0 254 255 255 255 2 0 0 0 0 0 0 0 data 11 0x2 0x180f 0x0 0x0 0x0 0x0 0x0 0x0 0x9 0x1 0x0 oops 0 methods 0
ciMethodData sun/awt/SunToolkit getSystemEventQueueImplPP ()Ljava/awt/EventQueue; 2 6544 orig 320 168 222 108 50 249 127 0 0 144 160 53 51 208 1 0 0 152 1 0 0 0 0 0 0 0 0 0 0 0 0 0 0 0 0 0 0 0 0 0 0 0 0 0 0 0 0 0 0 0 0 0 0 0 0 0 0 0 0 0 0 0 0 0 0 0 0 0 0 0 0 0 0 0 77 68 79 32 101 120 116 114 97 32 100 97 116 97 32 108 111 99 107 0 0 0 0 0 0 0 0 0 0 0 0 0 0 0 0 0 0 0 0 0 0 0 0 0 0 0 0 0 0 0 0 0 0 0 0 0 0 0 0 0 0 0 0 0 0 0 0 0 0 0 0 0 0 0 0 0 0 0 0 0 0 0 0 0 0 0 0 0 0 0 0 0 0 0 0 0 0 0 0 0 0 0 0 0 0 0 0 0 0 0 0 0 0 0 0 0 0 0 0 0 0 0 0 0 0 0 0 0 0 0 0 0 0 0 0 0 0 0 0 0 0 0 0 0 0 0 0 0 0 0 0 17 0 0 0 0 0 0 0 0 0 0 0 0 0 0 0 0 0 0 0 0 0 0 0 0 0 0 0 0 0 0 0 129 1 0 0 121 192 0 0 1 0 0 0 0 0 0 0 0 0 0 0 0 0 0 0 248 3 0 0 248 31 0 0 2 0 0 0 0 0 3 0 2 0 0 0 0 0 0 0 32 0 0 0 254 255 255 255 2 0 0 0 0 0 0 0 data 12 0x2 0x180f 0x30002 0x180f 0x0 0x0 0x0 0x0 0x0 0x0 0x9 0x0 oops 0 methods 0
ciMethodData java/awt/AWTKeyStroke getAWTKeyStroke (IIZ)Ljava/awt/AWTKeyStroke; 2 1864 orig 320 168 222 108 50 249 127 0 0 80 183 85 51 208 1 0 0 160 1 0 0 0 0 0 0 0 0 0 0 0 0 0 0 0 0 0 0 0 0 0 0 0 0 0 0 0 0 0 0 0 0 0 0 0 0 0 0 0 0 0 0 0 0 0 0 0 0 0 0 0 0 0 0 0 77 68 79 32 101 120 116 114 97 32 100 97 116 97 32 108 111 99 107 0 0 0 0 0 0 0 0 0 0 0 0 0 0 0 0 0 0 0 0 0 0 0 0 0 0 0 0 0 0 0 0 0 0 0 0 0 0 0 0 0 0 0 0 0 0 0 0 0 0 0 0 0 0 0 0 0 0 0 0 0 0 0 0 0 0 0 0 0 0 0 0 0 0 0 0 0 0 0 0 0 0 0 0 0 0 0 0 0 0 0 0 0 0 0 0 0 0 0 0 0 0 0 0 0 0 0 0 0 0 0 0 0 0 0 0 0 0 0 0 0 0 0 0 0 0 0 0 0 0 0 0 0 0 0 0 0 0 0 0 0 0 0 0 0 0 0 0 0 0 0 0 0 0 0 0 0 0 0 0 0 0 0 0 235 0 0 0 233 50 0 0 1 0 0 0 0 0 0 0 0 0 0 0 0 0 0 0 248 3 0 0 248 31 0 0 2 0 0 0 0 0 3 0 2 0 0 0 0 0 0 0 16 0 0 0 254 255 255 255 2 0 5 0 0 0 0 0 data 13 0x50002 0x65d 0x0 0x0 0x0 0x0 0x0 0x0 0x9 0x3 0x0 0x0 0x0 oops 0 methods 0
ciMethodData java/awt/Component getNativeContainer ()Ljava/awt/Container; 2 29868 orig 320 168 222 108 50 249 127 0 0 112 210 46 51 208 1 0 0 128 2 0 0 88 0 0 0 0 0 0 0 0 0 0 0 0 0 0 0 0 0 0 0 0 0 0 0 0 0 0 0 0 0 0 0 0 0 0 0 0 0 0 0 0 0 0 0 0 0 0 0 0 0 0 0 0 77 68 79 32 101 120 116 114 97 32 100 97 116 97 32 108 111 99 107 0 0 0 0 0 0 0 0 0 0 0 0 0 0 0 0 0 0 0 0 0 0 0 0 0 0 0 0 0 0 0 0 0 0 0 0 0 0 0 0 0 0 0 0 0 0 0 0 0 0 0 0 1 0 0 0 0 0 0 0 0 0 0 0 0 0 0 0 0 1 0 0 0 0 0 0 0 0 0 0 0 0 0 0 0 0 0 0 0 0 0 0 0 0 0 0 0 0 0 0 0 0 0 0 0 0 0 0 0 0 0 0 0 0 0 0 0 0 0 0 0 0 0 0 0 0 0 0 0 0 0 0 17 0 0 0 0 0 0 0 0 0 0 0 0 0 0 0 0 0 0 0 0 0 0 0 0 0 0 0 0 0 0 0 171 1 0 0 233 9 1 0 9 152 3 0 0 0 0 0 0 0 0 0 0 0 0 0 248 3 0 0 248 31 0 0 2 0 0 0 1 0 9 0 2 0 0 0 0 0 0 0 0 1 0 0 254 255 255 255 5 0 1 0 0 0 0 0 data 41 0x10005 0x1e15 0x0 0x1d03b64d4d0 0x1c9 0x1d03e31b840 0x15f 0x60007 0x3 0xc8 0x943b 0x80000001000d0104 0xffffffffffffdecb 0x0 0x1d03e31a800 0x7301 0x1d03e31bb00 0x1d 0x100007 0x213b 0x70 0x7301 0x140005 0x6a85 0x0 0x1d03e31a750 0x256 0x1d03b8cd200 0x626 0x180003 0x7301 0xffffffffffffff50 0x0 0x0 0x0 0x0 0x0 0x0 0x9 0x1 0xffffffffffffffff oops 6 3 javax/swing/JScrollPane$ScrollBar 5 widget/TextBox 14 sun/awt/NullComponentPeer 16 sun/awt/windows/WDialogPeer 25 widget/ScrollPane 27 widget/InternalFrame methods 0
ciMethodData java/awt/Component getInputContext ()Ljava/awt/im/InputContext; 2 6481 orig 320 168 222 108 50 249 127 0 0 152 128 46 51 208 1 0 0 216 1 0 0 0 0 0 0 0 0 0 0 0 0 0 0 0 0 0 0 0 0 0 0 0 0 0 0 0 0 0 0 0 0 0 0 0 0 0 0 0 0 0 0 0 0 0 0 0 0 0 0 0 0 0 0 0 77 68 79 32 101 120 116 114 97 32 100 97 116 97 32 108 111 99 107 0 0 0 0 0 0 0 0 0 0 0 0 0 0 0 0 0 0 0 0 0 0 0 0 0 0 0 0 0 0 0 0 0 0 0 0 0 0 0 0 0 0 0 0 0 0 0 0 0 0 0 0 0 0 0 0 0 0 0 0 0 0 0 0 0 0 0 0 0 0 0 0 0 0 0 0 0 0 0 0 0 0 0 0 0 0 0 0 0 0 0 0 0 0 0 0 0 0 0 0 0 0 0 0 0 0 0 0 0 0 0 0 0 0 0 0 0 0 0 0 0 0 0 0 0 0 0 0 0 0 0 0 0 0 0 0 0 0 0 0 0 0 0 0 0 0 0 0 0 0 0 0 0 0 0 0 0 0 0 0 0 0 0 0 2 1 0 0 121 194 0 0 1 0 0 0 0 0 0 0 0 0 0 0 0 0 0 0 248 3 0 0 248 31 0 0 2 0 0 0 0 0 5 0 2 0 0 0 0 0 0 0 88 0 0 0 254 255 255 255 7 0 6 0 0 0 0 0 data 20 0x60007 0x17af 0x20 0xa0 0xc0005 0x1278 0x0 0x1d03e31a750 0x1af 0x1d03b8cd200 0x388 0x0 0x0 0x0 0x0 0x0 0x0 0x9 0x1 0x0 oops 2 7 widget/ScrollPane 9 widget/InternalFrame methods 0
ciMethod java/awt/Event <init> (Ljava/lang/Object;JIIIIILjava/lang/Object;)V 25 1 3 0 -1
ciMethod java/awt/Event <init> (Ljava/lang/Object;JIIIII)V 25 1 3 0 -1
ciMethod java/awt/Event <init> (Ljava/lang/Object;ILjava/lang/Object;)V 0 0 1 0 -1
ciMethod java/awt/Event translate (II)V 73 1 9 0 -1
ciMethod java/awt/Event consume ()V 0 0 1 0 -1
ciMethod java/awt/Event isConsumed ()Z 25 1 3 0 0
ciMethod java/awt/Event getOldEventKey (Ljava/awt/event/KeyEvent;)I 0 0 1 0 -1
ciMethod java/awt/Event getKeyEventChar ()C 0 0 1 0 -1
ciMethod java/awt/MenuItem getLabel ()Ljava/lang/String; 0 0 1 0 -1
ciMethodData java/awt/Toolkit$ToolkitEventMulticaster eventDispatched (Ljava/awt/AWTEvent;)V 2 6656 orig 320 168 222 108 50 249 127 0 0 104 163 110 51 208 1 0 0 104 2 0 0 0 0 0 0 0 0 0 0 0 0 0 0 0 0 0 0 0 0 0 0 0 0 0 0 0 0 0 0 0 0 0 0 0 0 0 0 0 0 0 0 0 0 0 0 0 0 0 0 0 0 0 0 0 77 68 79 32 101 120 116 114 97 32 100 97 116 97 32 108 111 99 107 0 0 0 0 0 0 0 0 0 0 0 0 0 0 0 0 0 0 0 0 0 0 0 0 0 0 0 0 0 0 0 0 0 0 0 0 0 0 0 0 0 0 0 0 0 0 0 0 0 0 0 0 0 0 0 0 0 0 0 0 0 0 0 0 0 0 0 0 0 0 0 0 0 0 0 0 0 0 0 0 0 0 0 0 0 0 0 0 0 0 0 0 0 0 0 0 0 0 0 0 0 0 0 0 0 0 0 0 0 0 0 0 0 0 0 0 0 0 0 0 0 0 0 0 0 0 0 0 0 0 0 0 0 0 0 0 0 0 0 0 0 0 0 0 0 0 0 0 0 0 0 0 0 0 0 0 0 0 0 0 0 0 0 0 0 2 0 0 1 192 0 0 1 0 0 0 0 0 0 0 0 0 0 0 0 0 0 0 248 3 0 0 248 31 0 0 2 0 0 0 0 0 3 0 2 0 0 0 0 0 0 0 224 0 0 0 254 255 255 255 4 0 4 0 0 0 0 0 data 38 0x40004 0x0 0x0 0x1d03d5d7470 0xdd2 0x1d03d5d7520 0xa2e 0x80005 0x0 0x0 0x1d03d5d7470 0xdd2 0x1d03d5d7520 0xa2e 0x110004 0x0 0x0 0x1d03d5d7470 0x1800 0x0 0x0 0x150005 0x0 0x0 0x1d03d5d7470 0x1800 0x0 0x0 0x0 0x0 0x0 0x0 0x0 0x0 0x9 0x2 0x0 0x0 oops 6 3 java/awt/Toolkit$SelectiveAWTEventListener 5 java/awt/Toolkit$ToolkitEventMulticaster 10 java/awt/Toolkit$SelectiveAWTEventListener 12 java/awt/Toolkit$ToolkitEventMulticaster 17 java/awt/Toolkit$SelectiveAWTEventListener 24 java/awt/Toolkit$SelectiveAWTEventListener methods 0
ciMethod java/awt/KeyboardFocusManager$HeavyweightFocusRequest getFirstLightweightRequest ()Ljava/awt/KeyboardFocusManager$LightweightFocusRequest; 0 0 1 0 -1
ciMethod sun/awt/im/CompositionAreaHandler processInputMethodEvent (Ljava/awt/event/InputMethodEvent;)V 0 0 1 0 -1
ciMethodData java/awt/event/InputEvent getModifiers ()I 2 17267 orig 320 168 222 108 50 249 127 0 0 56 121 63 51 208 1 0 0 112 1 0 0 0 0 0 0 0 0 0 0 0 0 0 0 0 0 0 0 0 0 0 0 0 0 0 0 0 0 0 0 0 0 0 0 0 0 0 0 0 0 0 0 0 0 0 0 0 0 0 0 0 0 0 0 0 77 68 79 32 101 120 116 114 97 32 100 97 116 97 32 108 111 99 107 0 0 0 0 0 0 0 0 0 0 0 0 0 0 0 0 0 0 0 0 0 0 0 0 0 0 0 0 0 0 0 0 0 0 0 0 0 0 0 0 0 0 0 0 0 0 0 0 0 0 0 0 0 0 0 0 0 0 0 0 0 0 0 0 0 0 0 0 0 0 0 0 0 0 0 0 0 0 0 0 0 0 0 0 0 0 0 0 0 0 0 0 0 0 0 0 0 0 0 0 0 0 0 0 0 0 0 0 0 0 0 0 0 0 0 0 0 0 0 0 0 0 0 0 0 0 0 0 0 0 0 0 1 0 0 0 0 0 0 0 0 0 0 0 0 0 0 0 1 0 0 0 0 0 0 0 0 0 0 0 0 0 0 0 0 0 0 0 153 27 2 0 1 0 0 0 0 0 0 0 0 0 0 0 0 0 0 0 248 3 0 0 248 31 0 0 2 0 0 0 0 0 3 0 1 0 0 0 0 0 0 0 0 0 0 0 254 255 255 255 0 0 0 0 0 0 0 0 data 7 0x0 0x0 0x0 0x0 0x9 0x1 0x0 oops 0 methods 0
ciMethod sun/awt/AWTAccessor$MouseEventAccessor isCausedByTouchEvent (Ljava/awt/event/MouseEvent;)Z 0 0 1 0 -1
ciMethodData java/awt/event/InputEvent consume ()V 2 1548 orig 320 168 222 108 50 249 127 0 0 176 122 63 51 208 1 0 0 104 1 0 0 0 0 0 0 0 0 0 0 0 0 0 0 0 0 0 0 0 0 0 0 0 0 0 0 0 0 0 0 0 0 0 0 0 0 0 0 0 0 0 0 0 0 0 0 0 0 0 0 0 0 0 0 0 77 68 79 32 101 120 116 114 97 32 100 97 116 97 32 108 111 99 107 0 0 0 0 0 0 0 0 0 0 0 0 0 0 0 0 0 0 0 0 0 0 0 0 0 0 0 0 0 0 0 0 0 0 0 0 0 0 0 0 0 0 0 0 0 0 0 0 0 0 0 0 0 0 0 0 0 0 0 0 0 0 0 0 0 0 0 0 0 0 0 0 0 0 0 0 0 0 0 0 0 0 0 0 0 0 0 0 0 0 0 0 0 0 0 0 0 0 0 0 0 0 0 0 0 0 0 0 0 0 0 0 0 0 0 0 0 0 0 0 0 0 0 0 0 0 0 0 0 0 0 0 0 0 0 0 0 0 0 0 0 0 0 0 0 0 0 0 0 0 0 0 0 0 0 0 0 0 0 0 0 0 0 0 0 1 0 0 97 40 0 0 1 0 0 0 0 0 0 0 0 0 0 0 0 0 0 0 248 3 0 0 248 31 0 0 2 0 0 0 0 0 3 0 1 0 0 0 0 0 0 0 0 0 0 0 254 255 255 255 0 0 0 0 0 0 0 0 data 6 0x0 0x0 0x0 0x9 0x1 0x0 oops 0 methods 0
ciMethodData java/awt/AWTKeyStroke getAWTKeyStrokeForEvent (Ljava/awt/event/KeyEvent;)Ljava/awt/AWTKeyStroke; 1 605 orig 320 168 222 108 50 249 127 0 0 16 185 85 51 208 1 0 0 64 3 0 0 48 1 0 0 0 0 0 0 0 0 0 0 0 0 0 0 0 0 0 0 0 0 0 0 0 0 0 0 0 0 0 0 0 0 0 0 0 0 0 0 0 0 0 0 0 0 0 0 0 0 0 0 0 77 68 79 32 101 120 116 114 97 32 100 97 116 97 32 108 111 99 107 0 0 0 0 0 0 0 0 0 0 0 0 0 0 0 0 0 0 0 0 0 0 0 0 0 0 0 0 0 0 0 0 0 0 0 0 0 0 0 0 0 0 0 0 0 0 0 0 0 0 0 0 0 0 0 0 0 0 0 0 0 0 0 0 0 0 0 0 0 0 0 0 0 0 0 0 0 0 0 0 0 0 0 0 0 0 0 0 0 0 0 0 0 0 0 0 0 0 0 0 0 0 0 0 0 0 0 0 0 0 0 0 0 0 0 0 0 0 0 0 0 0 0 0 0 0 0 0 0 0 0 0 0 0 0 0 0 0 0 0 0 0 0 0 0 0 0 0 0 0 0 0 0 0 0 0 0 0 0 0 0 0 0 0 51 0 0 0 81 17 0 0 1 0 0 0 0 0 0 0 0 0 0 0 0 0 0 0 248 3 0 0 248 31 0 0 2 0 0 0 0 0 10 0 2 0 0 0 0 0 0 0 192 1 0 0 254 255 255 255 5 0 1 0 0 0 0 0 data 65 0x10005 0x0 0x0 0x1d03e31aac0 0x22a 0x0 0x0 0x60008 0x8 0x0 0x188 0x0 0x108 0x1c2 0x50 0x68 0x50 0x230005 0x0 0x0 0x1d03e31aac0 0x22a 0x0 0x0 0x270005 0x0 0x0 0x1d03e31aac0 0x22a 0x0 0x0 0x2e0007 0x1c2 0x38 0x68 0x320003 0x68 0x18 0x360002 0x22a 0x3b0005 0x0 0x0 0x0 0x0 0x0 0x0 0x400005 0x0 0x0 0x0 0x0 0x0 0x0 0x440002 0x0 0x0 0x0 0x0 0x0 0x0 0x0 0x9 0x1 0x0 oops 3 3 java/awt/event/KeyEvent 20 java/awt/event/KeyEvent 27 java/awt/event/KeyEvent methods 0
ciMethod java/awt/KeyboardFocusManager$4 <init> ()V 105 1 13 0 -1
ciMethodData java/awt/DefaultKeyboardFocusManager processKeyEvent (Ljava/awt/Component;Ljava/awt/event/KeyEvent;)V 1 388 orig 320 168 222 108 50 249 127 0 0 176 55 85 51 208 1 0 0 72 11 0 0 208 8 0 0 0 0 0 0 0 0 0 0 0 0 0 0 0 0 0 0 0 0 0 0 0 0 0 0 0 0 0 0 0 0 0 0 0 0 0 0 0 0 0 0 0 0 0 0 0 0 0 0 0 77 68 79 32 101 120 116 114 97 32 100 97 116 97 32 108 111 99 107 0 0 0 0 0 0 0 0 0 0 0 0 0 0 0 0 0 0 0 0 0 0 0 0 0 0 0 0 0 0 0 0 0 0 0 0 0 0 0 0 0 0 0 0 0 0 0 0 0 0 0 0 0 0 0 0 0 0 0 0 0 0 0 0 0 0 0 0 0 0 0 0 0 0 0 0 0 0 0 0 0 0 0 0 0 0 0 0 0 0 0 0 0 0 0 0 0 0 0 0 0 0 0 0 0 0 0 0 0 0 0 0 0 0 0 0 0 0 0 0 0 0 0 0 0 0 0 0 0 0 0 0 0 0 0 0 0 0 0 0 0 0 0 0 0 0 0 0 0 0 0 0 0 0 0 0 0 0 0 0 0 0 0 0 0 1 0 0 33 4 0 0 1 0 0 0 0 0 0 0 0 0 0 0 0 0 0 0 248 3 0 0 248 31 0 0 2 0 0 0 0 0 102 0 2 0 0 0 0 0 0 0 184 9 0 0 254 255 255 255 5 0 2 0 0 0 0 0 data 322 0x20005 0x84 0x0 0x0 0x0 0x0 0x0 0x50007 0x84 0x20 0x0 0xa0005 0x0 0x0 0x1d03e31aac0 0x84 0x0 0x0 0x100007 0x6e 0x20 0x16 0x150005 0x0 0x0 0x1d03e31a960 0x38 0x1d03e31b840 0x36 0x180007 0x0 0x8d0 0x6e 0x1c0005 0x0 0x0 0x1d03e31aac0 0x6e 0x0 0x0 0x1f0007 0x0 0x878 0x6e 0x230002 0x6e 0x280005 0x6e 0x0 0x0 0x0 0x0 0x0 0x2c0005 0x6e 0x0 0x0 0x0 0x0 0x0 0x300005 0x6e 0x0 0x0 0x0 0x0 0x0 0x330007 0x1e 0x38 0x50 0x370003 0x50 0x18 0x3b0002 0x6e 0x420005 0x0 0x0 0x1d03e31a960 0x38 0x1d03e31b840 0x36 0x4a0005 0x0 0x0 0x1d03dec7bc0 0x6e 0x0 0x0 0x550005 0x0 0x0 0x1d03dec7bc0 0x6e 0x0 0x0 0x5e0007 0x0 0x40 0x6e 0x630007 0x6e 0xb0 0x0 0x680005 0x0 0x0 0x0 0x0 0x0 0x0 0x6d0007 0x0 0x58 0x0 0x720005 0x0 0x0 0x0 0x0 0x0 0x0 0x770005 0x0 0x0 0x1d03e31aac0 0x6e 0x0 0x0 0x7d0007 0x1e 0x20 0x50 0x870005 0x0 0x0 0x1d03e31a960 0x38 0x1d03e31b840 0x36 0x8f0005 0x0 0x0 0x1d03dec7bc0 0x6e 0x0 0x0 0x9a0005 0x0 0x0 0x1d03dec7bc0 0x6e 0x0 0x0 0xa30007 0x0 0x40 0x6e 0xa80007 0x6e 0xb0 0x0 0xad0005 0x0 0x0 0x0 0x0 0x0 0x0 0xb20007 0x0 0x58 0x0 0xb70005 0x0 0x0 0x0 0x0 0x0 0x0 0xbd0005 0x0 0x0 0x1d03e31a960 0x38 0x1d03e31b840 0x36 0xc50005 0x0 0x0 0x1d03dec7c70 0x6e 0x0 0x0 0xd00005 0x0 0x0 0x1d03dec7c70 0x6e 0x0 0x0 0xd90007 0x0 0x40 0x6e 0xde0007 0x6e 0xb0 0x0 0xe30005 0x0 0x0 0x0 0x0 0x0 0x0 0xe80007 0x0 0x58 0x0 0xed0005 0x0 0x0 0x0 0x0 0x0 0x0 0xf20004 0x0 0x0 0x1d03e31a960 0x38 0x1d03e31b840 0x36 0xf50007 0x0 0xb0 0x6e 0xf90004 0x0 0x0 0x1d03e31a960 0x38 0x1d03e31b840 0x36 0xfc0005 0x0 0x0 0x1d03e31a960 0x38 0x1d03e31b840 0x36 0xff0007 0x0 0x20 0x6e 0x1050005 0x0 0x0 0x0 0x0 0x0 0x0 0x10d0005 0x0 0x0 0x0 0x0 0x0 0x0 0x1180005 0x0 0x0 0x0 0x0 0x0 0x0 0x1210007 0x0 0x40 0x0 0x1260007 0x0 0xe8 0x0 0x12b0005 0x0 0x0 0x0 0x0 0x0 0x0 0x1300007 0x0 0x90 0x0 0x1350004 0x0 0x0 0x0 0x0 0x0 0x0 0x1380005 0x0 0x0 0x0 0x0 0x0 0x0 0x0 0x0 0x0 0x0 0x0 0x0 0x9 0x3 0x0 0x0 0x0 oops 23 14 java/awt/event/KeyEvent 25 widget/Table 27 widget/TextBox 36 java/awt/event/KeyEvent 79 widget/Table 81 widget/TextBox 86 java/util/Collections$UnmodifiableSet 93 java/util/Collections$UnmodifiableSet 126 java/awt/event/KeyEvent 137 widget/Table 139 widget/TextBox 144 java/util/Collections$UnmodifiableSet 151 java/util/Collections$UnmodifiableSet 184 widget/Table 186 widget/TextBox 191 java/util/Collections$EmptySet 198 java/util/Collections$EmptySet 231 widget/Table 233 widget/TextBox 242 widget/Table 244 widget/TextBox 249 widget/Table 251 widget/TextBox methods 0
ciMethodData java/awt/DefaultKeyboardFocusManager consumeProcessedKeyEvent (Ljava/awt/event/KeyEvent;)Z 1 388 orig 320 168 222 108 50 249 127 0 0 72 53 85 51 208 1 0 0 56 2 0 0 0 0 0 0 0 0 0 0 0 0 0 0 0 0 0 0 0 0 0 0 0 0 0 0 0 0 0 0 0 0 0 0 0 0 0 0 0 0 0 0 0 0 0 0 0 0 0 0 0 0 0 0 0 77 68 79 32 101 120 116 114 97 32 100 97 116 97 32 108 111 99 107 0 0 0 0 0 0 0 0 0 0 0 0 0 0 0 0 0 0 0 0 0 0 0 0 0 0 0 0 0 0 0 0 0 0 0 0 0 0 0 0 0 0 0 0 0 0 0 0 0 0 0 0 0 0 0 0 0 0 0 0 0 0 0 0 0 0 0 0 0 0 0 0 0 0 0 0 0 0 0 0 0 0 0 0 0 0 0 0 0 0 0 0 0 0 0 0 0 0 0 0 0 0 0 0 0 0 0 0 0 0 0 0 0 0 0 0 0 0 0 0 0 0 0 0 0 0 0 0 0 0 0 0 0 0 0 0 0 0 0 0 0 0 0 0 0 0 0 0 0 0 0 0 0 0 0 0 0 0 0 0 0 0 0 0 0 1 0 0 33 4 0 0 1 0 0 0 0 0 0 0 0 0 0 0 0 0 0 0 248 3 0 0 248 31 0 0 2 0 0 0 0 0 8 0 2 0 0 0 0 0 0 0 176 0 0 0 254 255 255 255 5 0 1 0 0 0 0 0 data 32 0x10005 0x0 0x0 0x1d03e31aac0 0x84 0x0 0x0 0x70007 0x6e 0x78 0x16 0xe0007 0x16 0x58 0x0 0x120005 0x0 0x0 0x0 0x0 0x0 0x0 0x0 0x0 0x0 0x0 0x0 0x0 0x9 0x2 0x0 0x0 oops 1 3 java/awt/event/KeyEvent methods 0
compile java/awt/Component dispatchEventImpl (Ljava/awt/AWTEvent;)V -1 4 inline 57 0 -1 java/awt/Component dispatchEventImpl (Ljava/awt/AWTEvent;)V 1 1 java/awt/AWTEvent getID ()I 1 15 sun/awt/AppContext getAppContext ()Lsun/awt/AppContext; 2 3 java/util/concurrent/atomic/AtomicInteger get ()I 1 18 java/lang/Object equals (Ljava/lang/Object;)Z 1 54 sun/util/logging/PlatformLogger isLoggable (Lsun/util/logging/PlatformLogger$Level;)Z 1 85 java/awt/EventQueue setCurrentEventAndMostRecentTime (Ljava/awt/AWTEvent;)V 2 0 java/awt/Toolkit getEventQueue ()Ljava/awt/EventQueue; 3 0 java/awt/Toolkit getDefaultToolkit ()Ljava/awt/Toolkit; 3 3 sun/awt/SunToolkit getSystemEventQueueImpl ()Ljava/awt/EventQueue; 4 0 sun/awt/SunToolkit getSystemEventQueueImplPP ()Ljava/awt/EventQueue; 5 0 sun/awt/AppContext getAppContext ()Lsun/awt/AppContext; 6 3 java/util/concurrent/atomic/AtomicInteger get ()I 5 3 sun/awt/SunToolkit getSystemEventQueueImplPP (Lsun/awt/AppContext;)Ljava/awt/EventQueue; 1 118 java/awt/KeyboardFocusManager retargetFocusEvent (Ljava/awt/AWTEvent;)Ljava/awt/AWTEvent; 2 8 java/awt/KeyboardFocusManager getCurrentKeyboardFocusManager ()Ljava/awt/KeyboardFocusManager; 3 0 sun/awt/AppContext getAppContext ()Lsun/awt/AppContext; 4 3 java/util/concurrent/atomic/AtomicInteger get ()I 3 3 java/awt/KeyboardFocusManager getCurrentKeyboardFocusManager (Lsun/awt/AppContext;)Ljava/awt/KeyboardFocusManager; 2 18 sun/util/logging/PlatformLogger isLoggable (Lsun/util/logging/PlatformLogger$Level;)Z 2 190 java/awt/AWTEvent getID ()I 1 127 java/awt/KeyboardFocusManager getCurrentKeyboardFocusManager ()Ljava/awt/KeyboardFocusManager; 2 0 sun/awt/AppContext getAppContext ()Lsun/awt/AppContext; 3 3 java/util/concurrent/atomic/AtomicInteger get ()I 2 3 java/awt/KeyboardFocusManager getCurrentKeyboardFocusManager (Lsun/awt/AppContext;)Ljava/awt/KeyboardFocusManager; 1 151 sun/util/logging/PlatformLogger isLoggable (Lsun/util/logging/PlatformLogger$Level;)Z 1 195 sun/awt/NullComponentPeer handlesWheelScrolling ()Z 1 215 java/awt/Toolkit getDefaultToolkit ()Ljava/awt/Toolkit; 1 223 java/awt/Toolkit notifyAWTEventListeners (Ljava/awt/AWTEvent;)V 2 30 java/awt/Toolkit$ToolkitEventMulticaster eventDispatched (Ljava/awt/AWTEvent;)V 3 8 java/awt/Toolkit$ToolkitEventMulticaster eventDispatched (Ljava/awt/AWTEvent;)V 1 240 java/awt/KeyboardFocusManager getCurrentKeyboardFocusManager ()Ljava/awt/KeyboardFocusManager; 2 0 sun/awt/AppContext getAppContext ()Lsun/awt/AppContext; 3 3 java/util/concurrent/atomic/AtomicInteger get ()I 2 3 java/awt/KeyboardFocusManager getCurrentKeyboardFocusManager (Lsun/awt/AppContext;)Ljava/awt/KeyboardFocusManager; 1 248 java/awt/DefaultKeyboardFocusManager processKeyEvent (Ljava/awt/Component;Ljava/awt/event/KeyEvent;)V 2 2 java/awt/DefaultKeyboardFocusManager consumeProcessedKeyEvent (Ljava/awt/event/KeyEvent;)Z 3 1 java/awt/AWTEvent getID ()I 3 18 java/awt/event/InputEvent consume ()V 2 10 java/awt/AWTEvent getID ()I 2 21 java/awt/Component getFocusTraversalKeysEnabled ()Z 2 28 java/awt/event/InputEvent isConsumed ()Z 2 40 java/awt/AWTKeyStroke getKeyCode ()I 2 44 java/awt/AWTKeyStroke getModifiers ()I 2 48 java/awt/AWTKeyStroke isOnKeyRelease ()Z 2 59 java/awt/AWTKeyStroke getAWTKeyStroke (IIZ)Ljava/awt/AWTKeyStroke; 2 119 java/awt/AWTEvent getID ()I 1 252 java/awt/event/InputEvent isConsumed ()Z 1 312 java/awt/event/InputEvent isConsumed ()Z 1 361 java/awt/Component getInputContext ()Ljava/awt/im/InputContext; 1 451 java/awt/event/InputEvent isConsumed ()Z 1 514 java/awt/Component autoProcessMouseWheel (Ljava/awt/event/MouseWheelEvent;)V 1 528 java/awt/Container postsOldMouseEvents ()Z 1 568 java/awt/Event isConsumed ()Z 1 693 java/util/EventObject getSource ()Ljava/lang/Object; 1 708 java/awt/Component getNativeContainer ()Ljava/awt/Container; 1 738 sun/awt/SunToolkit isTouchKeyboardAutoShowEnabled ()Z
